data_mes,bairro_id,crime_id,crimes,registros_origem
2008-01-01,1,1,134,220
2008-01-01,1,2,286,433
2008-01-01,1,3,92,243
2008-01-01,1,4,90,67
2008-01-01,1,5,14,162
2008-01-01,1,6,50,206
2008-01-01,1,7,17,26
2008-01-01,1,8,492,845
2008-01-01,1,9,440,678
2008-01-01,2,1,367,422
2008-01-01,2,2,273,831
2008-01-01,2,3,115,439
2008-01-01,2,4,101,77
2008-01-01,2,5,18,290
2008-01-01,2,6,82,366
2008-01-01,2,7,13,34
2008-01-01,2,8,795,1585
2008-01-01,2,9,370,1260
2008-01-01,3,1,188,292
2008-01-01,3,2,287,573
2008-01-01,3,3,104,308
2008-01-01,3,4,69,44
2008-01-01,3,5,9,186
2008-01-01,3,6,21,240
2008-01-01,3,7,16,18
2008-01-01,3,8,426,1047
2008-01-01,3,9,226,863
2008-01-01,4,1,303,346
2008-01-01,4,2,204,680
2008-01-01,4,3,247,435
2008-01-01,4,4,89,86
2008-01-01,4,5,23,266
2008-01-01,4,6,170,316
2008-01-01,4,7,15,33
2008-01-01,4,8,674,1307
2008-01-01,4,9,411,1074
2008-01-01,5,1,327,394
2008-01-01,5,2,428,782
2008-01-01,5,3,75,392
2008-01-01,5,4,79,79
2008-01-01,5,5,19,262
2008-01-01,5,6,80,321
2008-01-01,5,7,17,24
2008-01-01,5,8,648,1449
2008-01-01,5,9,424,1148
2008-01-01,6,1,323,266
2008-01-01,6,2,223,531
2008-01-01,6,3,218,315
2008-01-01,6,4,62,71
2008-01-01,6,5,23,215
2008-01-01,6,6,63,248
2008-01-01,6,7,13,24
2008-01-01,6,8,1272,1030
2008-01-01,6,9,413,804
2008-01-01,7,1,0,5
2008-01-01,7,2,0,11
2008-01-01,7,3,0,7
2008-01-01,7,5,0,4
2008-01-01,7,6,0,5
2008-01-01,7,8,0,33
2008-01-01,7,9,0,25
2008-01-01,8,1,369,440
2008-01-01,8,2,364,872
2008-01-01,8,3,193,481
2008-01-01,8,4,125,87
2008-01-01,8,5,24,283
2008-01-01,8,6,152,405
2008-01-01,8,7,30,47
2008-01-01,8,8,818,1632
2008-01-01,8,9,548,1328
2008-01-01,9,1,489,392
2008-01-01,9,2,293,778
2008-01-01,9,3,257,465
2008-01-01,9,4,91,79
2008-01-01,9,5,39,292
2008-01-01,9,6,133,351
2008-01-01,9,7,29,37
2008-01-01,9,8,832,1489
2008-01-01,9,9,561,1204
2008-01-01,10,1,362,366
2008-01-01,10,2,330,720
2008-01-01,10,3,202,408
2008-01-01,10,4,74,90
2008-01-01,10,5,27,273
2008-01-01,10,6,92,329
2008-01-01,10,7,17,35
2008-01-01,10,8,710,1393
2008-01-01,10,9,307,1119
2008-01-01,11,1,257,302
2008-01-01,11,2,290,600
2008-01-01,11,3,163,345
2008-01-01,11,4,51,56
2008-01-01,11,5,29,204
2008-01-01,11,6,109,280
2008-01-01,11,7,38,27
2008-01-01,11,8,705,1151
2008-01-01,11,9,451,935
2008-01-01,12,1,183,288
2008-01-01,12,2,199,573
2008-01-01,12,3,299,359
2008-01-01,12,4,77,70
2008-01-01,12,5,31,253
2008-01-01,12,6,95,270
2008-01-01,12,7,22,39
2008-01-01,12,8,575,1115
2008-01-01,12,9,450,901
2008-01-01,13,1,260,226
2008-01-01,13,2,163,449
2008-01-01,13,3,225,295
2008-01-01,13,4,40,45
2008-01-01,13,5,21,205
2008-01-01,13,6,63,201
2008-01-01,13,7,22,36
2008-01-01,13,8,734,893
2008-01-01,13,9,367,694
2008-01-01,14,1,352,290
2008-01-01,14,2,278,578
2008-01-01,14,3,149,328
2008-01-01,14,4,96,96
2008-01-01,14,5,23,220
2008-01-01,14,6,129,273
2008-01-01,14,7,21,35
2008-01-01,14,8,865,1115
2008-01-01,14,9,424,897
2008-01-01,15,1,201,274
2008-01-01,15,2,121,537
2008-01-01,15,3,59,289
2008-01-01,15,4,39,44
2008-01-01,15,5,9,187
2008-01-01,15,6,54,222
2008-01-01,15,7,14,24
2008-01-01,15,8,390,999
2008-01-01,15,9,234,810
2008-01-01,16,1,191,300
2008-01-01,16,2,304,594
2008-01-01,16,3,79,302
2008-01-01,16,4,84,51
2008-01-01,16,5,17,195
2008-01-01,16,6,27,256
2008-01-01,16,7,10,18
2008-01-01,16,8,513,1100
2008-01-01,16,9,201,884
2008-01-01,17,1,290,322
2008-01-01,17,2,352,635
2008-01-01,17,3,121,348
2008-01-01,17,4,132,80
2008-01-01,17,5,22,214
2008-01-01,17,6,86,276
2008-01-01,17,7,24,33
2008-01-01,17,8,778,1223
2008-01-01,17,9,463,967
2008-01-01,18,1,245,284
2008-01-01,18,2,237,565
2008-01-01,18,3,136,314
2008-01-01,18,4,90,65
2008-01-01,18,5,20,218
2008-01-01,18,6,83,241
2008-01-01,18,7,28,33
2008-01-01,18,8,508,1092
2008-01-01,18,9,412,854
2008-01-01,19,1,246,246
2008-01-01,19,2,237,491
2008-01-01,19,3,167,316
2008-01-01,19,4,39,48
2008-01-01,19,5,28,213
2008-01-01,19,6,93,243
2008-01-01,19,7,21,38
2008-01-01,19,8,902,961
2008-01-01,19,9,420,770
2008-01-01,20,1,160,206
2008-01-01,20,2,127,412
2008-01-01,20,3,190,246
2008-01-01,20,4,36,57
2008-01-01,20,5,26,185
2008-01-01,20,6,34,188
2008-01-01,20,7,9,24
2008-01-01,20,8,960,808
2008-01-01,20,9,191,622
2008-01-01,21,1,102,196
2008-01-01,21,2,160,390
2008-01-01,21,3,38,205
2008-01-01,21,4,33,35
2008-01-01,21,5,14,135
2008-01-01,21,6,17,145
2008-01-01,21,7,10,17
2008-01-01,21,8,369,716
2008-01-01,21,9,177,564
2008-01-01,22,1,324,356
2008-01-01,22,2,290,709
2008-01-01,22,3,306,445
2008-01-01,22,4,70,90
2008-01-01,22,5,54,294
2008-01-01,22,6,210,351
2008-01-01,22,7,40,53
2008-01-01,22,8,880,1394
2008-01-01,22,9,566,1114
2008-01-01,23,1,270,338
2008-01-01,23,2,351,673
2008-01-01,23,3,174,405
2008-01-01,23,4,122,102
2008-01-01,23,5,39,253
2008-01-01,23,6,127,323
2008-01-01,23,7,36,44
2008-01-01,23,8,706,1300
2008-01-01,23,9,587,1054
2008-01-01,24,1,146,248
2008-01-01,24,2,153,490
2008-01-01,24,3,76,270
2008-01-01,24,4,58,53
2008-01-01,24,5,18,180
2008-01-01,24,6,33,219
2008-01-01,24,7,11,24
2008-01-01,24,8,371,937
2008-01-01,24,9,260,726
2008-01-01,25,1,303,328
2008-01-01,25,2,314,652
2008-01-01,25,3,202,385
2008-01-01,25,4,164,99
2008-01-01,25,5,24,242
2008-01-01,25,6,192,319
2008-01-01,25,7,26,36
2008-01-01,25,8,992,1274
2008-01-01,25,9,659,1030
2008-01-01,26,1,272,322
2008-01-01,26,2,207,637
2008-01-01,26,3,185,338
2008-01-01,26,4,153,79
2008-01-01,26,5,23,230
2008-01-01,26,6,84,300
2008-01-01,26,7,18,26
2008-01-01,26,8,624,1220
2008-01-01,26,9,286,975
2008-01-01,27,1,183,230
2008-01-01,27,2,121,459
2008-01-01,27,3,50,213
2008-01-01,27,4,15,26
2008-01-01,27,5,11,164
2008-01-01,27,6,35,171
2008-01-01,27,7,12,22
2008-01-01,27,8,393,863
2008-01-01,27,9,136,668
2008-01-01,28,1,337,332
2008-01-01,28,2,319,662
2008-01-01,28,3,380,418
2008-01-01,28,4,148,109
2008-01-01,28,5,42,265
2008-01-01,28,6,145,327
2008-01-01,28,7,21,37
2008-01-01,28,8,942,1290
2008-01-01,28,9,656,1035
2008-01-01,29,1,156,242
2008-01-01,29,2,194,476
2008-01-01,29,3,32,248
2008-01-01,29,4,24,28
2008-01-01,29,5,14,164
2008-01-01,29,6,25,195
2008-01-01,29,7,9,17
2008-01-01,29,8,455,896
2008-01-01,29,9,224,720
2008-01-01,30,1,219,288
2008-01-01,30,2,222,575
2008-01-01,30,3,213,346
2008-01-01,30,4,82,50
2008-01-01,30,5,34,239
2008-01-01,30,6,87,264
2008-01-01,30,7,24,39
2008-01-01,30,8,776,1123
2008-01-01,30,9,468,892
2008-01-01,31,1,291,288
2008-01-01,31,2,268,572
2008-01-01,31,3,130,323
2008-01-01,31,4,132,68
2008-01-01,31,5,26,214
2008-01-01,31,6,130,281
2008-01-01,31,7,12,28
2008-01-01,31,8,643,1098
2008-01-01,31,9,415,890
2008-01-01,32,1,309,358
2008-01-01,32,2,248,708
2008-01-01,32,3,109,388
2008-01-01,32,4,78,78
2008-01-01,32,5,29,278
2008-01-01,32,6,93,334
2008-01-01,32,7,20,39
2008-01-01,32,8,859,1355
2008-01-01,32,9,418,1079
2008-01-01,33,1,237,256
2008-01-01,33,2,218,511
2008-01-01,33,3,244,302
2008-01-01,33,4,128,81
2008-01-01,33,5,39,203
2008-01-01,33,6,93,232
2008-01-01,33,7,37,34
2008-01-01,33,8,2407,992
2008-01-01,33,9,554,784
2008-02-01,1,1,135,220
2008-02-01,1,2,274,433
2008-02-01,1,3,118,243
2008-02-01,1,4,115,67
2008-02-01,1,5,20,162
2008-02-01,1,6,50,206
2008-02-01,1,7,32,26
2008-02-01,1,8,477,845
2008-02-01,1,9,359,678
2008-02-01,2,1,255,422
2008-02-01,2,2,214,831
2008-02-01,2,3,106,439
2008-02-01,2,4,74,77
2008-02-01,2,5,21,290
2008-02-01,2,6,63,366
2008-02-01,2,7,25,34
2008-02-01,2,8,736,1585
2008-02-01,2,9,367,1260
2008-02-01,3,1,182,292
2008-02-01,3,2,273,573
2008-02-01,3,3,88,308
2008-02-01,3,4,37,44
2008-02-01,3,5,22,186
2008-02-01,3,6,28,240
2008-02-01,3,7,6,18
2008-02-01,3,8,375,1047
2008-02-01,3,9,285,863
2008-02-01,4,1,220,346
2008-02-01,4,2,200,680
2008-02-01,4,3,215,435
2008-02-01,4,4,68,86
2008-02-01,4,5,26,266
2008-02-01,4,6,140,316
2008-02-01,4,7,24,33
2008-02-01,4,8,610,1307
2008-02-01,4,9,392,1074
2008-02-01,5,1,289,394
2008-02-01,5,2,366,782
2008-02-01,5,3,101,392
2008-02-01,5,4,117,79
2008-02-01,5,5,26,262
2008-02-01,5,6,53,321
2008-02-01,5,7,14,24
2008-02-01,5,8,636,1449
2008-02-01,5,9,386,1148
2008-02-01,6,1,291,266
2008-02-01,6,2,192,531
2008-02-01,6,3,410,315
2008-02-01,6,4,61,71
2008-02-01,6,5,42,215
2008-02-01,6,6,60,248
2008-02-01,6,7,23,24
2008-02-01,6,8,1092,1030
2008-02-01,6,9,437,804
2008-02-01,7,1,0,5
2008-02-01,7,2,0,11
2008-02-01,7,3,0,7
2008-02-01,7,5,0,4
2008-02-01,7,6,0,5
2008-02-01,7,8,0,33
2008-02-01,7,9,0,25
2008-02-01,8,1,285,440
2008-02-01,8,2,338,872
2008-02-01,8,3,196,481
2008-02-01,8,4,145,87
2008-02-01,8,5,27,283
2008-02-01,8,6,109,405
2008-02-01,8,7,25,47
2008-02-01,8,8,746,1632
2008-02-01,8,9,519,1328
2008-02-01,9,1,371,392
2008-02-01,9,2,333,778
2008-02-01,9,3,367,465
2008-02-01,9,4,84,79
2008-02-01,9,5,36,292
2008-02-01,9,6,102,351
2008-02-01,9,7,23,37
2008-02-01,9,8,799,1489
2008-02-01,9,9,564,1204
2008-02-01,10,1,301,366
2008-02-01,10,2,310,720
2008-02-01,10,3,229,408
2008-02-01,10,4,58,90
2008-02-01,10,5,15,273
2008-02-01,10,6,76,329
2008-02-01,10,7,21,35
2008-02-01,10,8,696,1393
2008-02-01,10,9,250,1119
2008-02-01,11,1,309,302
2008-02-01,11,2,273,600
2008-02-01,11,3,150,345
2008-02-01,11,4,56,56
2008-02-01,11,5,16,204
2008-02-01,11,6,63,280
2008-02-01,11,7,18,27
2008-02-01,11,8,563,1151
2008-02-01,11,9,452,935
2008-02-01,12,1,172,288
2008-02-01,12,2,194,573
2008-02-01,12,3,288,359
2008-02-01,12,4,66,70
2008-02-01,12,5,26,253
2008-02-01,12,6,61,270
2008-02-01,12,7,24,39
2008-02-01,12,8,597,1115
2008-02-01,12,9,445,901
2008-02-01,13,1,258,226
2008-02-01,13,2,162,449
2008-02-01,13,3,153,295
2008-02-01,13,4,51,45
2008-02-01,13,5,26,205
2008-02-01,13,6,59,201
2008-02-01,13,7,23,36
2008-02-01,13,8,645,893
2008-02-01,13,9,402,694
2008-02-01,14,1,273,290
2008-02-01,14,2,319,578
2008-02-01,14,3,204,328
2008-02-01,14,4,111,96
2008-02-01,14,5,17,220
2008-02-01,14,6,108,273
2008-02-01,14,7,19,35
2008-02-01,14,8,787,1115
2008-02-01,14,9,390,897
2008-02-01,15,1,203,274
2008-02-01,15,2,139,537
2008-02-01,15,3,69,289
2008-02-01,15,4,53,44
2008-02-01,15,5,12,187
2008-02-01,15,6,51,222
2008-02-01,15,7,13,24
2008-02-01,15,8,369,999
2008-02-01,15,9,217,810
2008-02-01,16,1,211,300
2008-02-01,16,2,283,594
2008-02-01,16,3,106,302
2008-02-01,16,4,95,51
2008-02-01,16,5,14,195
2008-02-01,16,6,23,256
2008-02-01,16,7,9,18
2008-02-01,16,8,465,1100
2008-02-01,16,9,188,884
2008-02-01,17,1,277,322
2008-02-01,17,2,321,635
2008-02-01,17,3,148,348
2008-02-01,17,4,91,80
2008-02-01,17,5,22,214
2008-02-01,17,6,54,276
2008-02-01,17,7,20,33
2008-02-01,17,8,685,1223
2008-02-01,17,9,461,967
2008-02-01,18,1,208,284
2008-02-01,18,2,266,565
2008-02-01,18,3,170,314
2008-02-01,18,4,93,65
2008-02-01,18,5,20,218
2008-02-01,18,6,57,241
2008-02-01,18,7,12,33
2008-02-01,18,8,598,1092
2008-02-01,18,9,380,854
2008-02-01,19,1,196,246
2008-02-01,19,2,215,491
2008-02-01,19,3,445,316
2008-02-01,19,4,46,48
2008-02-01,19,5,32,213
2008-02-01,19,6,71,243
2008-02-01,19,7,19,38
2008-02-01,19,8,939,961
2008-02-01,19,9,396,770
2008-02-01,20,1,105,206
2008-02-01,20,2,113,412
2008-02-01,20,3,163,246
2008-02-01,20,4,49,57
2008-02-01,20,5,14,185
2008-02-01,20,6,66,188
2008-02-01,20,7,15,24
2008-02-01,20,8,863,808
2008-02-01,20,9,219,622
2008-02-01,21,1,94,196
2008-02-01,21,2,139,390
2008-02-01,21,3,45,205
2008-02-01,21,4,32,35
2008-02-01,21,5,16,135
2008-02-01,21,6,33,145
2008-02-01,21,7,8,17
2008-02-01,21,8,350,716
2008-02-01,21,9,191,564
2008-02-01,22,1,300,356
2008-02-01,22,2,288,709
2008-02-01,22,3,242,445
2008-02-01,22,4,67,90
2008-02-01,22,5,42,294
2008-02-01,22,6,181,351
2008-02-01,22,7,30,53
2008-02-01,22,8,975,1394
2008-02-01,22,9,595,1114
2008-02-01,23,1,238,338
2008-02-01,23,2,307,673
2008-02-01,23,3,258,405
2008-02-01,23,4,140,102
2008-02-01,23,5,28,253
2008-02-01,23,6,91,323
2008-02-01,23,7,35,44
2008-02-01,23,8,618,1300
2008-02-01,23,9,608,1054
2008-02-01,24,1,153,248
2008-02-01,24,2,153,490
2008-02-01,24,3,60,270
2008-02-01,24,4,53,53
2008-02-01,24,5,16,180
2008-02-01,24,6,45,219
2008-02-01,24,7,15,24
2008-02-01,24,8,387,937
2008-02-01,24,9,290,726
2008-02-01,25,1,321,328
2008-02-01,25,2,229,652
2008-02-01,25,3,252,385
2008-02-01,25,4,159,99
2008-02-01,25,5,28,242
2008-02-01,25,6,151,319
2008-02-01,25,7,17,36
2008-02-01,25,8,889,1274
2008-02-01,25,9,464,1030
2008-02-01,26,1,231,322
2008-02-01,26,2,205,637
2008-02-01,26,3,208,338
2008-02-01,26,4,131,79
2008-02-01,26,5,10,230
2008-02-01,26,6,84,300
2008-02-01,26,7,13,26
2008-02-01,26,8,553,1220
2008-02-01,26,9,304,975
2008-02-01,27,1,153,230
2008-02-01,27,2,157,459
2008-02-01,27,3,72,213
2008-02-01,27,4,22,26
2008-02-01,27,5,5,164
2008-02-01,27,6,13,171
2008-02-01,27,7,14,22
2008-02-01,27,8,389,863
2008-02-01,27,9,147,668
2008-02-01,28,1,307,332
2008-02-01,28,2,264,662
2008-02-01,28,3,354,418
2008-02-01,28,4,173,109
2008-02-01,28,5,47,265
2008-02-01,28,6,136,327
2008-02-01,28,7,19,37
2008-02-01,28,8,985,1290
2008-02-01,28,9,590,1035
2008-02-01,29,1,116,242
2008-02-01,29,2,181,476
2008-02-01,29,3,36,248
2008-02-01,29,4,33,28
2008-02-01,29,5,14,164
2008-02-01,29,6,22,195
2008-02-01,29,7,11,17
2008-02-01,29,8,413,896
2008-02-01,29,9,195,720
2008-02-01,30,1,170,288
2008-02-01,30,2,246,575
2008-02-01,30,3,249,346
2008-02-01,30,4,42,50
2008-02-01,30,5,32,239
2008-02-01,30,6,83,264
2008-02-01,30,7,23,39
2008-02-01,30,8,737,1123
2008-02-01,30,9,428,892
2008-02-01,31,1,212,288
2008-02-01,31,2,286,572
2008-02-01,31,3,124,323
2008-02-01,31,4,104,68
2008-02-01,31,5,18,214
2008-02-01,31,6,115,281
2008-02-01,31,7,22,28
2008-02-01,31,8,727,1098
2008-02-01,31,9,375,890
2008-02-01,32,1,248,358
2008-02-01,32,2,226,708
2008-02-01,32,3,101,388
2008-02-01,32,4,83,78
2008-02-01,32,5,26,278
2008-02-01,32,6,94,334
2008-02-01,32,7,27,39
2008-02-01,32,8,952,1355
2008-02-01,32,9,354,1079
2008-02-01,33,1,212,256
2008-02-01,33,2,211,511
2008-02-01,33,3,344,302
2008-02-01,33,4,145,81
2008-02-01,33,5,33,203
2008-02-01,33,6,113,232
2008-02-01,33,7,22,34
2008-02-01,33,8,2327,992
2008-02-01,33,9,473,784
2008-03-01,1,1,140,220
2008-03-01,1,2,235,433
2008-03-01,1,3,102,243
2008-03-01,1,4,0,67
2008-03-01,1,5,27,162
2008-03-01,1,6,56,206
2008-03-01,1,7,0,26
2008-03-01,1,8,462,845
2008-03-01,1,9,395,678
2008-03-01,2,1,348,422
2008-03-01,2,2,241,831
2008-03-01,2,3,130,439
2008-03-01,2,4,0,77
2008-03-01,2,5,22,290
2008-03-01,2,6,43,366
2008-03-01,2,7,0,34
2008-03-01,2,8,820,1585
2008-03-01,2,9,388,1260
2008-03-01,3,1,215,292
2008-03-01,3,2,256,573
2008-03-01,3,3,101,308
2008-03-01,3,4,0,44
2008-03-01,3,5,4,186
2008-03-01,3,6,40,240
2008-03-01,3,7,0,18
2008-03-01,3,8,452,1047
2008-03-01,3,9,274,863
2008-03-01,4,1,263,346
2008-03-01,4,2,211,680
2008-03-01,4,3,287,435
2008-03-01,4,4,0,86
2008-03-01,4,5,28,266
2008-03-01,4,6,144,316
2008-03-01,4,7,0,33
2008-03-01,4,8,551,1307
2008-03-01,4,9,462,1074
2008-03-01,5,1,272,394
2008-03-01,5,2,379,782
2008-03-01,5,3,75,392
2008-03-01,5,4,0,79
2008-03-01,5,5,14,262
2008-03-01,5,6,49,321
2008-03-01,5,7,0,24
2008-03-01,5,8,686,1449
2008-03-01,5,9,448,1148
2008-03-01,6,1,301,266
2008-03-01,6,2,255,531
2008-03-01,6,3,335,315
2008-03-01,6,4,0,71
2008-03-01,6,5,41,215
2008-03-01,6,6,71,248
2008-03-01,6,7,0,24
2008-03-01,6,8,1216,1030
2008-03-01,6,9,501,804
2008-03-01,7,1,0,5
2008-03-01,7,2,0,11
2008-03-01,7,3,0,7
2008-03-01,7,5,0,4
2008-03-01,7,6,0,5
2008-03-01,7,8,0,33
2008-03-01,7,9,0,25
2008-03-01,8,1,262,440
2008-03-01,8,2,385,872
2008-03-01,8,3,240,481
2008-03-01,8,4,0,87
2008-03-01,8,5,31,283
2008-03-01,8,6,164,405
2008-03-01,8,7,0,47
2008-03-01,8,8,703,1632
2008-03-01,8,9,609,1328
2008-03-01,9,1,351,392
2008-03-01,9,2,256,778
2008-03-01,9,3,228,465
2008-03-01,9,4,0,79
2008-03-01,9,5,26,292
2008-03-01,9,6,118,351
2008-03-01,9,7,0,37
2008-03-01,9,8,768,1489
2008-03-01,9,9,598,1204
2008-03-01,10,1,368,366
2008-03-01,10,2,271,720
2008-03-01,10,3,177,408
2008-03-01,10,4,0,90
2008-03-01,10,5,22,273
2008-03-01,10,6,91,329
2008-03-01,10,7,0,35
2008-03-01,10,8,680,1393
2008-03-01,10,9,311,1119
2008-03-01,11,1,265,302
2008-03-01,11,2,283,600
2008-03-01,11,3,160,345
2008-03-01,11,4,0,56
2008-03-01,11,5,20,204
2008-03-01,11,6,115,280
2008-03-01,11,7,0,27
2008-03-01,11,8,619,1151
2008-03-01,11,9,436,935
2008-03-01,12,1,201,288
2008-03-01,12,2,205,573
2008-03-01,12,3,234,359
2008-03-01,12,4,0,70
2008-03-01,12,5,32,253
2008-03-01,12,6,83,270
2008-03-01,12,7,0,39
2008-03-01,12,8,607,1115
2008-03-01,12,9,495,901
2008-03-01,13,1,225,226
2008-03-01,13,2,175,449
2008-03-01,13,3,109,295
2008-03-01,13,4,0,45
2008-03-01,13,5,15,205
2008-03-01,13,6,63,201
2008-03-01,13,7,0,36
2008-03-01,13,8,677,893
2008-03-01,13,9,363,694
2008-03-01,14,1,344,290
2008-03-01,14,2,304,578
2008-03-01,14,3,171,328
2008-03-01,14,4,0,96
2008-03-01,14,5,33,220
2008-03-01,14,6,97,273
2008-03-01,14,7,0,35
2008-03-01,14,8,871,1115
2008-03-01,14,9,398,897
2008-03-01,15,1,245,274
2008-03-01,15,2,131,537
2008-03-01,15,3,97,289
2008-03-01,15,4,0,44
2008-03-01,15,5,18,187
2008-03-01,15,6,48,222
2008-03-01,15,7,0,24
2008-03-01,15,8,357,999
2008-03-01,15,9,229,810
2008-03-01,16,1,198,300
2008-03-01,16,2,233,594
2008-03-01,16,3,97,302
2008-03-01,16,4,0,51
2008-03-01,16,5,17,195
2008-03-01,16,6,20,256
2008-03-01,16,7,0,18
2008-03-01,16,8,443,1100
2008-03-01,16,9,244,884
2008-03-01,17,1,234,322
2008-03-01,17,2,343,635
2008-03-01,17,3,255,348
2008-03-01,17,4,0,80
2008-03-01,17,5,25,214
2008-03-01,17,6,56,276
2008-03-01,17,7,0,33
2008-03-01,17,8,653,1223
2008-03-01,17,9,497,967
2008-03-01,18,1,204,284
2008-03-01,18,2,256,565
2008-03-01,18,3,132,314
2008-03-01,18,4,0,65
2008-03-01,18,5,20,218
2008-03-01,18,6,68,241
2008-03-01,18,7,0,33
2008-03-01,18,8,535,1092
2008-03-01,18,9,409,854
2008-03-01,19,1,208,246
2008-03-01,19,2,226,491
2008-03-01,19,3,227,316
2008-03-01,19,4,0,48
2008-03-01,19,5,34,213
2008-03-01,19,6,96,243
2008-03-01,19,7,0,38
2008-03-01,19,8,952,961
2008-03-01,19,9,458,770
2008-03-01,20,1,146,206
2008-03-01,20,2,135,412
2008-03-01,20,3,216,246
2008-03-01,20,4,0,57
2008-03-01,20,5,23,185
2008-03-01,20,6,49,188
2008-03-01,20,7,0,24
2008-03-01,20,8,932,808
2008-03-01,20,9,244,622
2008-03-01,21,1,103,196
2008-03-01,21,2,158,390
2008-03-01,21,3,62,205
2008-03-01,21,4,0,35
2008-03-01,21,5,14,135
2008-03-01,21,6,21,145
2008-03-01,21,7,0,17
2008-03-01,21,8,411,716
2008-03-01,21,9,216,564
2008-03-01,22,1,208,356
2008-03-01,22,2,332,709
2008-03-01,22,3,335,445
2008-03-01,22,4,0,90
2008-03-01,22,5,40,294
2008-03-01,22,6,153,351
2008-03-01,22,7,0,53
2008-03-01,22,8,936,1394
2008-03-01,22,9,582,1114
2008-03-01,23,1,201,338
2008-03-01,23,2,248,673
2008-03-01,23,3,231,405
2008-03-01,23,4,0,102
2008-03-01,23,5,22,253
2008-03-01,23,6,108,323
2008-03-01,23,7,0,44
2008-03-01,23,8,651,1300
2008-03-01,23,9,654,1054
2008-03-01,24,1,131,248
2008-03-01,24,2,175,490
2008-03-01,24,3,67,270
2008-03-01,24,4,0,53
2008-03-01,24,5,18,180
2008-03-01,24,6,50,219
2008-03-01,24,7,0,24
2008-03-01,24,8,419,937
2008-03-01,24,9,264,726
2008-03-01,25,1,286,328
2008-03-01,25,2,297,652
2008-03-01,25,3,209,385
2008-03-01,25,4,0,99
2008-03-01,25,5,41,242
2008-03-01,25,6,158,319
2008-03-01,25,7,0,36
2008-03-01,25,8,927,1274
2008-03-01,25,9,574,1030
2008-03-01,26,1,280,322
2008-03-01,26,2,192,637
2008-03-01,26,3,194,338
2008-03-01,26,4,0,79
2008-03-01,26,5,15,230
2008-03-01,26,6,68,300
2008-03-01,26,7,0,26
2008-03-01,26,8,657,1220
2008-03-01,26,9,354,975
2008-03-01,27,1,193,230
2008-03-01,27,2,126,459
2008-03-01,27,3,67,213
2008-03-01,27,4,0,26
2008-03-01,27,5,6,164
2008-03-01,27,6,18,171
2008-03-01,27,7,0,22
2008-03-01,27,8,343,863
2008-03-01,27,9,144,668
2008-03-01,28,1,300,332
2008-03-01,28,2,265,662
2008-03-01,28,3,339,418
2008-03-01,28,4,0,109
2008-03-01,28,5,45,265
2008-03-01,28,6,122,327
2008-03-01,28,7,0,37
2008-03-01,28,8,1003,1290
2008-03-01,28,9,629,1035
2008-03-01,29,1,115,242
2008-03-01,29,2,201,476
2008-03-01,29,3,53,248
2008-03-01,29,4,0,28
2008-03-01,29,5,14,164
2008-03-01,29,6,29,195
2008-03-01,29,7,0,17
2008-03-01,29,8,427,896
2008-03-01,29,9,217,720
2008-03-01,30,1,210,288
2008-03-01,30,2,273,575
2008-03-01,30,3,194,346
2008-03-01,30,4,0,50
2008-03-01,30,5,39,239
2008-03-01,30,6,90,264
2008-03-01,30,7,0,39
2008-03-01,30,8,835,1123
2008-03-01,30,9,488,892
2008-03-01,31,1,243,288
2008-03-01,31,2,270,572
2008-03-01,31,3,164,323
2008-03-01,31,4,0,68
2008-03-01,31,5,31,214
2008-03-01,31,6,124,281
2008-03-01,31,7,0,28
2008-03-01,31,8,689,1098
2008-03-01,31,9,460,890
2008-03-01,32,1,215,358
2008-03-01,32,2,269,708
2008-03-01,32,3,96,388
2008-03-01,32,4,0,78
2008-03-01,32,5,13,278
2008-03-01,32,6,75,334
2008-03-01,32,7,0,39
2008-03-01,32,8,932,1355
2008-03-01,32,9,410,1079
2008-03-01,33,1,210,256
2008-03-01,33,2,232,511
2008-03-01,33,3,385,302
2008-03-01,33,4,0,81
2008-03-01,33,5,60,203
2008-03-01,33,6,98,232
2008-03-01,33,7,0,34
2008-03-01,33,8,2418,992
2008-03-01,33,9,493,784
2008-04-01,1,1,124,220
2008-04-01,1,2,287,433
2008-04-01,1,3,132,243
2008-04-01,1,4,0,67
2008-04-01,1,5,23,162
2008-04-01,1,6,58,206
2008-04-01,1,7,0,26
2008-04-01,1,8,500,845
2008-04-01,1,9,398,678
2008-04-01,2,1,311,422
2008-04-01,2,2,255,831
2008-04-01,2,3,88,439
2008-04-01,2,4,0,77
2008-04-01,2,5,31,290
2008-04-01,2,6,86,366
2008-04-01,2,7,0,34
2008-04-01,2,8,828,1585
2008-04-01,2,9,400,1260
2008-04-01,3,1,198,292
2008-04-01,3,2,251,573
2008-04-01,3,3,72,308
2008-04-01,3,4,0,44
2008-04-01,3,5,19,186
2008-04-01,3,6,35,240
2008-04-01,3,7,0,18
2008-04-01,3,8,400,1047
2008-04-01,3,9,265,863
2008-04-01,4,1,274,346
2008-04-01,4,2,187,680
2008-04-01,4,3,154,435
2008-04-01,4,4,0,86
2008-04-01,4,5,27,266
2008-04-01,4,6,125,316
2008-04-01,4,7,0,33
2008-04-01,4,8,540,1307
2008-04-01,4,9,490,1074
2008-04-01,5,1,223,394
2008-04-01,5,2,413,782
2008-04-01,5,3,65,392
2008-04-01,5,4,0,79
2008-04-01,5,5,24,262
2008-04-01,5,6,81,321
2008-04-01,5,7,0,24
2008-04-01,5,8,678,1449
2008-04-01,5,9,385,1148
2008-04-01,6,1,268,266
2008-04-01,6,2,223,531
2008-04-01,6,3,299,315
2008-04-01,6,4,0,71
2008-04-01,6,5,32,215
2008-04-01,6,6,90,248
2008-04-01,6,7,0,24
2008-04-01,6,8,1136,1030
2008-04-01,6,9,484,804
2008-04-01,7,1,0,5
2008-04-01,7,2,0,11
2008-04-01,7,3,0,7
2008-04-01,7,5,0,4
2008-04-01,7,6,0,5
2008-04-01,7,8,0,33
2008-04-01,7,9,0,25
2008-04-01,8,1,245,440
2008-04-01,8,2,356,872
2008-04-01,8,3,204,481
2008-04-01,8,4,0,87
2008-04-01,8,5,30,283
2008-04-01,8,6,101,405
2008-04-01,8,7,0,47
2008-04-01,8,8,741,1632
2008-04-01,8,9,530,1328
2008-04-01,9,1,262,392
2008-04-01,9,2,265,778
2008-04-01,9,3,301,465
2008-04-01,9,4,0,79
2008-04-01,9,5,29,292
2008-04-01,9,6,112,351
2008-04-01,9,7,0,37
2008-04-01,9,8,731,1489
2008-04-01,9,9,566,1204
2008-04-01,10,1,308,366
2008-04-01,10,2,332,720
2008-04-01,10,3,197,408
2008-04-01,10,4,0,90
2008-04-01,10,5,28,273
2008-04-01,10,6,89,329
2008-04-01,10,7,0,35
2008-04-01,10,8,687,1393
2008-04-01,10,9,281,1119
2008-04-01,11,1,229,302
2008-04-01,11,2,300,600
2008-04-01,11,3,123,345
2008-04-01,11,4,0,56
2008-04-01,11,5,40,204
2008-04-01,11,6,78,280
2008-04-01,11,7,0,27
2008-04-01,11,8,632,1151
2008-04-01,11,9,425,935
2008-04-01,12,1,186,288
2008-04-01,12,2,260,573
2008-04-01,12,3,236,359
2008-04-01,12,4,0,70
2008-04-01,12,5,26,253
2008-04-01,12,6,65,270
2008-04-01,12,7,0,39
2008-04-01,12,8,686,1115
2008-04-01,12,9,462,901
2008-04-01,13,1,202,226
2008-04-01,13,2,167,449
2008-04-01,13,3,183,295
2008-04-01,13,4,0,45
2008-04-01,13,5,22,205
2008-04-01,13,6,50,201
2008-04-01,13,7,0,36
2008-04-01,13,8,715,893
2008-04-01,13,9,371,694
2008-04-01,14,1,301,290
2008-04-01,14,2,282,578
2008-04-01,14,3,176,328
2008-04-01,14,4,0,96
2008-04-01,14,5,24,220
2008-04-01,14,6,89,273
2008-04-01,14,7,0,35
2008-04-01,14,8,839,1115
2008-04-01,14,9,406,897
2008-04-01,15,1,225,274
2008-04-01,15,2,149,537
2008-04-01,15,3,65,289
2008-04-01,15,4,0,44
2008-04-01,15,5,21,187
2008-04-01,15,6,28,222
2008-04-01,15,7,0,24
2008-04-01,15,8,411,999
2008-04-01,15,9,225,810
2008-04-01,16,1,190,300
2008-04-01,16,2,286,594
2008-04-01,16,3,94,302
2008-04-01,16,4,0,51
2008-04-01,16,5,2,195
2008-04-01,16,6,16,256
2008-04-01,16,7,0,18
2008-04-01,16,8,547,1100
2008-04-01,16,9,219,884
2008-04-01,17,1,196,322
2008-04-01,17,2,298,635
2008-04-01,17,3,137,348
2008-04-01,17,4,0,80
2008-04-01,17,5,30,214
2008-04-01,17,6,49,276
2008-04-01,17,7,0,33
2008-04-01,17,8,686,1223
2008-04-01,17,9,420,967
2008-04-01,18,1,191,284
2008-04-01,18,2,249,565
2008-04-01,18,3,111,314
2008-04-01,18,4,0,65
2008-04-01,18,5,31,218
2008-04-01,18,6,62,241
2008-04-01,18,7,0,33
2008-04-01,18,8,579,1092
2008-04-01,18,9,390,854
2008-04-01,19,1,218,246
2008-04-01,19,2,207,491
2008-04-01,19,3,198,316
2008-04-01,19,4,0,48
2008-04-01,19,5,24,213
2008-04-01,19,6,79,243
2008-04-01,19,7,0,38
2008-04-01,19,8,908,961
2008-04-01,19,9,397,770
2008-04-01,20,1,142,206
2008-04-01,20,2,122,412
2008-04-01,20,3,198,246
2008-04-01,20,4,0,57
2008-04-01,20,5,13,185
2008-04-01,20,6,53,188
2008-04-01,20,7,0,24
2008-04-01,20,8,957,808
2008-04-01,20,9,206,622
2008-04-01,21,1,77,196
2008-04-01,21,2,173,390
2008-04-01,21,3,54,205
2008-04-01,21,4,0,35
2008-04-01,21,5,6,135
2008-04-01,21,6,29,145
2008-04-01,21,7,0,17
2008-04-01,21,8,360,716
2008-04-01,21,9,177,564
2008-04-01,22,1,261,356
2008-04-01,22,2,284,709
2008-04-01,22,3,278,445
2008-04-01,22,4,0,90
2008-04-01,22,5,45,294
2008-04-01,22,6,140,351
2008-04-01,22,7,0,53
2008-04-01,22,8,874,1394
2008-04-01,22,9,566,1114
2008-04-01,23,1,173,338
2008-04-01,23,2,300,673
2008-04-01,23,3,174,405
2008-04-01,23,4,0,102
2008-04-01,23,5,22,253
2008-04-01,23,6,111,323
2008-04-01,23,7,0,44
2008-04-01,23,8,689,1300
2008-04-01,23,9,654,1054
2008-04-01,24,1,107,248
2008-04-01,24,2,228,490
2008-04-01,24,3,75,270
2008-04-01,24,4,0,53
2008-04-01,24,5,11,180
2008-04-01,24,6,30,219
2008-04-01,24,7,0,24
2008-04-01,24,8,337,937
2008-04-01,24,9,324,726
2008-04-01,25,1,236,328
2008-04-01,25,2,295,652
2008-04-01,25,3,166,385
2008-04-01,25,4,0,99
2008-04-01,25,5,21,242
2008-04-01,25,6,141,319
2008-04-01,25,7,0,36
2008-04-01,25,8,920,1274
2008-04-01,25,9,511,1030
2008-04-01,26,1,224,322
2008-04-01,26,2,242,637
2008-04-01,26,3,169,338
2008-04-01,26,4,0,79
2008-04-01,26,5,16,230
2008-04-01,26,6,99,300
2008-04-01,26,7,0,26
2008-04-01,26,8,721,1220
2008-04-01,26,9,324,975
2008-04-01,27,1,153,230
2008-04-01,27,2,135,459
2008-04-01,27,3,52,213
2008-04-01,27,4,0,26
2008-04-01,27,5,9,164
2008-04-01,27,6,18,171
2008-04-01,27,7,0,22
2008-04-01,27,8,370,863
2008-04-01,27,9,140,668
2008-04-01,28,1,233,332
2008-04-01,28,2,321,662
2008-04-01,28,3,278,418
2008-04-01,28,4,0,109
2008-04-01,28,5,60,265
2008-04-01,28,6,147,327
2008-04-01,28,7,0,37
2008-04-01,28,8,1033,1290
2008-04-01,28,9,641,1035
2008-04-01,29,1,109,242
2008-04-01,29,2,190,476
2008-04-01,29,3,38,248
2008-04-01,29,4,0,28
2008-04-01,29,5,11,164
2008-04-01,29,6,36,195
2008-04-01,29,7,0,17
2008-04-01,29,8,455,896
2008-04-01,29,9,200,720
2008-04-01,30,1,181,288
2008-04-01,30,2,282,575
2008-04-01,30,3,241,346
2008-04-01,30,4,0,50
2008-04-01,30,5,28,239
2008-04-01,30,6,65,264
2008-04-01,30,7,0,39
2008-04-01,30,8,872,1123
2008-04-01,30,9,446,892
2008-04-01,31,1,266,288
2008-04-01,31,2,278,572
2008-04-01,31,3,208,323
2008-04-01,31,4,0,68
2008-04-01,31,5,16,214
2008-04-01,31,6,146,281
2008-04-01,31,7,0,28
2008-04-01,31,8,666,1098
2008-04-01,31,9,396,890
2008-04-01,32,1,240,358
2008-04-01,32,2,264,708
2008-04-01,32,3,108,388
2008-04-01,32,4,0,78
2008-04-01,32,5,22,278
2008-04-01,32,6,71,334
2008-04-01,32,7,0,39
2008-04-01,32,8,861,1355
2008-04-01,32,9,427,1079
2008-04-01,33,1,274,256
2008-04-01,33,2,232,511
2008-04-01,33,3,284,302
2008-04-01,33,4,0,81
2008-04-01,33,5,51,203
2008-04-01,33,6,119,232
2008-04-01,33,7,0,34
2008-04-01,33,8,2301,992
2008-04-01,33,9,464,784
2008-05-01,1,1,126,220
2008-05-01,1,2,253,433
2008-05-01,1,3,99,243
2008-05-01,1,4,0,67
2008-05-01,1,5,19,162
2008-05-01,1,6,58,206
2008-05-01,1,7,0,26
2008-05-01,1,8,491,845
2008-05-01,1,9,414,678
2008-05-01,2,1,302,422
2008-05-01,2,2,297,831
2008-05-01,2,3,110,439
2008-05-01,2,4,0,77
2008-05-01,2,5,22,290
2008-05-01,2,6,61,366
2008-05-01,2,7,0,34
2008-05-01,2,8,868,1585
2008-05-01,2,9,484,1260
2008-05-01,3,1,174,292
2008-05-01,3,2,262,573
2008-05-01,3,3,68,308
2008-05-01,3,4,0,44
2008-05-01,3,5,16,186
2008-05-01,3,6,33,240
2008-05-01,3,7,0,18
2008-05-01,3,8,437,1047
2008-05-01,3,9,290,863
2008-05-01,4,1,269,346
2008-05-01,4,2,204,680
2008-05-01,4,3,226,435
2008-05-01,4,4,0,86
2008-05-01,4,5,26,266
2008-05-01,4,6,138,316
2008-05-01,4,7,0,33
2008-05-01,4,8,641,1307
2008-05-01,4,9,522,1074
2008-05-01,5,1,254,394
2008-05-01,5,2,372,782
2008-05-01,5,3,93,392
2008-05-01,5,4,0,79
2008-05-01,5,5,13,262
2008-05-01,5,6,59,321
2008-05-01,5,7,0,24
2008-05-01,5,8,784,1449
2008-05-01,5,9,452,1148
2008-05-01,6,1,288,266
2008-05-01,6,2,253,531
2008-05-01,6,3,351,315
2008-05-01,6,4,0,71
2008-05-01,6,5,38,215
2008-05-01,6,6,73,248
2008-05-01,6,7,0,24
2008-05-01,6,8,1138,1030
2008-05-01,6,9,539,804
2008-05-01,7,1,0,5
2008-05-01,7,2,0,11
2008-05-01,7,3,0,7
2008-05-01,7,5,0,4
2008-05-01,7,6,0,5
2008-05-01,7,8,0,33
2008-05-01,7,9,0,25
2008-05-01,8,1,278,440
2008-05-01,8,2,395,872
2008-05-01,8,3,225,481
2008-05-01,8,4,0,87
2008-05-01,8,5,30,283
2008-05-01,8,6,109,405
2008-05-01,8,7,0,47
2008-05-01,8,8,793,1632
2008-05-01,8,9,671,1328
2008-05-01,9,1,263,392
2008-05-01,9,2,322,778
2008-05-01,9,3,335,465
2008-05-01,9,4,0,79
2008-05-01,9,5,31,292
2008-05-01,9,6,115,351
2008-05-01,9,7,0,37
2008-05-01,9,8,746,1489
2008-05-01,9,9,645,1204
2008-05-01,10,1,284,366
2008-05-01,10,2,315,720
2008-05-01,10,3,218,408
2008-05-01,10,4,0,90
2008-05-01,10,5,17,273
2008-05-01,10,6,85,329
2008-05-01,10,7,0,35
2008-05-01,10,8,594,1393
2008-05-01,10,9,335,1119
2008-05-01,11,1,282,302
2008-05-01,11,2,318,600
2008-05-01,11,3,165,345
2008-05-01,11,4,0,56
2008-05-01,11,5,30,204
2008-05-01,11,6,74,280
2008-05-01,11,7,0,27
2008-05-01,11,8,628,1151
2008-05-01,11,9,459,935
2008-05-01,12,1,221,288
2008-05-01,12,2,184,573
2008-05-01,12,3,225,359
2008-05-01,12,4,0,70
2008-05-01,12,5,31,253
2008-05-01,12,6,85,270
2008-05-01,12,7,0,39
2008-05-01,12,8,709,1115
2008-05-01,12,9,521,901
2008-05-01,13,1,177,226
2008-05-01,13,2,155,449
2008-05-01,13,3,187,295
2008-05-01,13,4,0,45
2008-05-01,13,5,26,205
2008-05-01,13,6,61,201
2008-05-01,13,7,0,36
2008-05-01,13,8,719,893
2008-05-01,13,9,410,694
2008-05-01,14,1,305,290
2008-05-01,14,2,305,578
2008-05-01,14,3,205,328
2008-05-01,14,4,0,96
2008-05-01,14,5,23,220
2008-05-01,14,6,107,273
2008-05-01,14,7,0,35
2008-05-01,14,8,754,1115
2008-05-01,14,9,450,897
2008-05-01,15,1,164,274
2008-05-01,15,2,166,537
2008-05-01,15,3,77,289
2008-05-01,15,4,0,44
2008-05-01,15,5,11,187
2008-05-01,15,6,47,222
2008-05-01,15,7,0,24
2008-05-01,15,8,399,999
2008-05-01,15,9,292,810
2008-05-01,16,1,154,300
2008-05-01,16,2,287,594
2008-05-01,16,3,92,302
2008-05-01,16,4,0,51
2008-05-01,16,5,12,195
2008-05-01,16,6,23,256
2008-05-01,16,7,0,18
2008-05-01,16,8,508,1100
2008-05-01,16,9,272,884
2008-05-01,17,1,146,322
2008-05-01,17,2,288,635
2008-05-01,17,3,124,348
2008-05-01,17,4,0,80
2008-05-01,17,5,30,214
2008-05-01,17,6,78,276
2008-05-01,17,7,0,33
2008-05-01,17,8,644,1223
2008-05-01,17,9,497,967
2008-05-01,18,1,179,284
2008-05-01,18,2,254,565
2008-05-01,18,3,234,314
2008-05-01,18,4,0,65
2008-05-01,18,5,23,218
2008-05-01,18,6,62,241
2008-05-01,18,7,0,33
2008-05-01,18,8,516,1092
2008-05-01,18,9,427,854
2008-05-01,19,1,228,246
2008-05-01,19,2,202,491
2008-05-01,19,3,230,316
2008-05-01,19,4,0,48
2008-05-01,19,5,29,213
2008-05-01,19,6,90,243
2008-05-01,19,7,0,38
2008-05-01,19,8,877,961
2008-05-01,19,9,430,770
2008-05-01,20,1,162,206
2008-05-01,20,2,140,412
2008-05-01,20,3,219,246
2008-05-01,20,4,0,57
2008-05-01,20,5,22,185
2008-05-01,20,6,42,188
2008-05-01,20,7,0,24
2008-05-01,20,8,954,808
2008-05-01,20,9,264,622
2008-05-01,21,1,75,196
2008-05-01,21,2,145,390
2008-05-01,21,3,43,205
2008-05-01,21,4,0,35
2008-05-01,21,5,16,135
2008-05-01,21,6,30,145
2008-05-01,21,7,0,17
2008-05-01,21,8,411,716
2008-05-01,21,9,225,564
2008-05-01,22,1,266,356
2008-05-01,22,2,360,709
2008-05-01,22,3,273,445
2008-05-01,22,4,0,90
2008-05-01,22,5,43,294
2008-05-01,22,6,150,351
2008-05-01,22,7,0,53
2008-05-01,22,8,860,1394
2008-05-01,22,9,698,1114
2008-05-01,23,1,172,338
2008-05-01,23,2,396,673
2008-05-01,23,3,268,405
2008-05-01,23,4,0,102
2008-05-01,23,5,34,253
2008-05-01,23,6,97,323
2008-05-01,23,7,0,44
2008-05-01,23,8,729,1300
2008-05-01,23,9,730,1054
2008-05-01,24,1,131,248
2008-05-01,24,2,218,490
2008-05-01,24,3,82,270
2008-05-01,24,4,0,53
2008-05-01,24,5,15,180
2008-05-01,24,6,43,219
2008-05-01,24,7,0,24
2008-05-01,24,8,363,937
2008-05-01,24,9,301,726
2008-05-01,25,1,256,328
2008-05-01,25,2,316,652
2008-05-01,25,3,157,385
2008-05-01,25,4,0,99
2008-05-01,25,5,37,242
2008-05-01,25,6,153,319
2008-05-01,25,7,0,36
2008-05-01,25,8,973,1274
2008-05-01,25,9,690,1030
2008-05-01,26,1,243,322
2008-05-01,26,2,213,637
2008-05-01,26,3,158,338
2008-05-01,26,4,0,79
2008-05-01,26,5,11,230
2008-05-01,26,6,64,300
2008-05-01,26,7,0,26
2008-05-01,26,8,678,1220
2008-05-01,26,9,351,975
2008-05-01,27,1,133,230
2008-05-01,27,2,126,459
2008-05-01,27,3,72,213
2008-05-01,27,4,0,26
2008-05-01,27,5,12,164
2008-05-01,27,6,15,171
2008-05-01,27,7,0,22
2008-05-01,27,8,357,863
2008-05-01,27,9,181,668
2008-05-01,28,1,256,332
2008-05-01,28,2,294,662
2008-05-01,28,3,341,418
2008-05-01,28,4,0,109
2008-05-01,28,5,49,265
2008-05-01,28,6,141,327
2008-05-01,28,7,0,37
2008-05-01,28,8,1067,1290
2008-05-01,28,9,719,1035
2008-05-01,29,1,115,242
2008-05-01,29,2,271,476
2008-05-01,29,3,38,248
2008-05-01,29,4,0,28
2008-05-01,29,5,7,164
2008-05-01,29,6,28,195
2008-05-01,29,7,0,17
2008-05-01,29,8,437,896
2008-05-01,29,9,255,720
2008-05-01,30,1,197,288
2008-05-01,30,2,255,575
2008-05-01,30,3,220,346
2008-05-01,30,4,0,50
2008-05-01,30,5,40,239
2008-05-01,30,6,81,264
2008-05-01,30,7,0,39
2008-05-01,30,8,788,1123
2008-05-01,30,9,562,892
2008-05-01,31,1,318,288
2008-05-01,31,2,253,572
2008-05-01,31,3,217,323
2008-05-01,31,4,0,68
2008-05-01,31,5,17,214
2008-05-01,31,6,102,281
2008-05-01,31,7,0,28
2008-05-01,31,8,728,1098
2008-05-01,31,9,500,890
2008-05-01,32,1,192,358
2008-05-01,32,2,235,708
2008-05-01,32,3,111,388
2008-05-01,32,4,0,78
2008-05-01,32,5,21,278
2008-05-01,32,6,80,334
2008-05-01,32,7,0,39
2008-05-01,32,8,826,1355
2008-05-01,32,9,473,1079
2008-05-01,33,1,279,256
2008-05-01,33,2,219,511
2008-05-01,33,3,405,302
2008-05-01,33,4,0,81
2008-05-01,33,5,44,203
2008-05-01,33,6,106,232
2008-05-01,33,7,0,34
2008-05-01,33,8,2278,992
2008-05-01,33,9,518,784
2008-06-01,1,1,138,220
2008-06-01,1,2,232,433
2008-06-01,1,3,130,243
2008-06-01,1,4,0,67
2008-06-01,1,5,29,162
2008-06-01,1,6,53,206
2008-06-01,1,7,0,26
2008-06-01,1,8,433,845
2008-06-01,1,9,474,678
2008-06-01,2,1,253,422
2008-06-01,2,2,239,831
2008-06-01,2,3,99,439
2008-06-01,2,4,0,77
2008-06-01,2,5,25,290
2008-06-01,2,6,65,366
2008-06-01,2,7,0,34
2008-06-01,2,8,843,1585
2008-06-01,2,9,451,1260
2008-06-01,3,1,159,292
2008-06-01,3,2,236,573
2008-06-01,3,3,62,308
2008-06-01,3,4,0,44
2008-06-01,3,5,11,186
2008-06-01,3,6,26,240
2008-06-01,3,7,0,18
2008-06-01,3,8,413,1047
2008-06-01,3,9,282,863
2008-06-01,4,1,234,346
2008-06-01,4,2,216,680
2008-06-01,4,3,199,435
2008-06-01,4,4,0,86
2008-06-01,4,5,23,266
2008-06-01,4,6,126,316
2008-06-01,4,7,0,33
2008-06-01,4,8,612,1307
2008-06-01,4,9,507,1074
2008-06-01,5,1,222,394
2008-06-01,5,2,362,782
2008-06-01,5,3,86,392
2008-06-01,5,4,0,79
2008-06-01,5,5,20,262
2008-06-01,5,6,68,321
2008-06-01,5,7,0,24
2008-06-01,5,8,738,1449
2008-06-01,5,9,415,1148
2008-06-01,6,1,319,266
2008-06-01,6,2,242,531
2008-06-01,6,3,343,315
2008-06-01,6,4,0,71
2008-06-01,6,5,46,215
2008-06-01,6,6,82,248
2008-06-01,6,7,0,24
2008-06-01,6,8,1174,1030
2008-06-01,6,9,589,804
2008-06-01,7,1,0,5
2008-06-01,7,2,0,11
2008-06-01,7,3,0,7
2008-06-01,7,5,0,4
2008-06-01,7,6,0,5
2008-06-01,7,8,0,33
2008-06-01,7,9,0,25
2008-06-01,8,1,265,440
2008-06-01,8,2,414,872
2008-06-01,8,3,205,481
2008-06-01,8,4,0,87
2008-06-01,8,5,44,283
2008-06-01,8,6,119,405
2008-06-01,8,7,0,47
2008-06-01,8,8,857,1632
2008-06-01,8,9,598,1328
2008-06-01,9,1,268,392
2008-06-01,9,2,286,778
2008-06-01,9,3,200,465
2008-06-01,9,4,0,79
2008-06-01,9,5,36,292
2008-06-01,9,6,82,351
2008-06-01,9,7,0,37
2008-06-01,9,8,818,1489
2008-06-01,9,9,662,1204
2008-06-01,10,1,287,366
2008-06-01,10,2,299,720
2008-06-01,10,3,177,408
2008-06-01,10,4,0,90
2008-06-01,10,5,17,273
2008-06-01,10,6,93,329
2008-06-01,10,7,0,35
2008-06-01,10,8,669,1393
2008-06-01,10,9,352,1119
2008-06-01,11,1,233,302
2008-06-01,11,2,288,600
2008-06-01,11,3,101,345
2008-06-01,11,4,0,56
2008-06-01,11,5,32,204
2008-06-01,11,6,46,280
2008-06-01,11,7,0,27
2008-06-01,11,8,576,1151
2008-06-01,11,9,487,935
2008-06-01,12,1,192,288
2008-06-01,12,2,185,573
2008-06-01,12,3,293,359
2008-06-01,12,4,0,70
2008-06-01,12,5,28,253
2008-06-01,12,6,86,270
2008-06-01,12,7,0,39
2008-06-01,12,8,702,1115
2008-06-01,12,9,537,901
2008-06-01,13,1,214,226
2008-06-01,13,2,169,449
2008-06-01,13,3,123,295
2008-06-01,13,4,0,45
2008-06-01,13,5,34,205
2008-06-01,13,6,56,201
2008-06-01,13,7,0,36
2008-06-01,13,8,765,893
2008-06-01,13,9,425,694
2008-06-01,14,1,309,290
2008-06-01,14,2,309,578
2008-06-01,14,3,184,328
2008-06-01,14,4,0,96
2008-06-01,14,5,29,220
2008-06-01,14,6,85,273
2008-06-01,14,7,0,35
2008-06-01,14,8,686,1115
2008-06-01,14,9,504,897
2008-06-01,15,1,155,274
2008-06-01,15,2,151,537
2008-06-01,15,3,91,289
2008-06-01,15,4,0,44
2008-06-01,15,5,25,187
2008-06-01,15,6,31,222
2008-06-01,15,7,0,24
2008-06-01,15,8,365,999
2008-06-01,15,9,258,810
2008-06-01,16,1,190,300
2008-06-01,16,2,238,594
2008-06-01,16,3,78,302
2008-06-01,16,4,0,51
2008-06-01,16,5,22,195
2008-06-01,16,6,21,256
2008-06-01,16,7,0,18
2008-06-01,16,8,525,1100
2008-06-01,16,9,262,884
2008-06-01,17,1,206,322
2008-06-01,17,2,270,635
2008-06-01,17,3,157,348
2008-06-01,17,4,0,80
2008-06-01,17,5,32,214
2008-06-01,17,6,82,276
2008-06-01,17,7,0,33
2008-06-01,17,8,662,1223
2008-06-01,17,9,549,967
2008-06-01,18,1,184,284
2008-06-01,18,2,283,565
2008-06-01,18,3,189,314
2008-06-01,18,4,0,65
2008-06-01,18,5,31,218
2008-06-01,18,6,54,241
2008-06-01,18,7,0,33
2008-06-01,18,8,537,1092
2008-06-01,18,9,483,854
2008-06-01,19,1,233,246
2008-06-01,19,2,206,491
2008-06-01,19,3,281,316
2008-06-01,19,4,0,48
2008-06-01,19,5,30,213
2008-06-01,19,6,102,243
2008-06-01,19,7,0,38
2008-06-01,19,8,973,961
2008-06-01,19,9,478,770
2008-06-01,20,1,163,206
2008-06-01,20,2,123,412
2008-06-01,20,3,243,246
2008-06-01,20,4,0,57
2008-06-01,20,5,25,185
2008-06-01,20,6,30,188
2008-06-01,20,7,0,24
2008-06-01,20,8,850,808
2008-06-01,20,9,255,622
2008-06-01,21,1,79,196
2008-06-01,21,2,135,390
2008-06-01,21,3,54,205
2008-06-01,21,4,0,35
2008-06-01,21,5,13,135
2008-06-01,21,6,16,145
2008-06-01,21,7,0,17
2008-06-01,21,8,368,716
2008-06-01,21,9,205,564
2008-06-01,22,1,326,356
2008-06-01,22,2,298,709
2008-06-01,22,3,280,445
2008-06-01,22,4,0,90
2008-06-01,22,5,52,294
2008-06-01,22,6,176,351
2008-06-01,22,7,0,53
2008-06-01,22,8,918,1394
2008-06-01,22,9,716,1114
2008-06-01,23,1,192,338
2008-06-01,23,2,338,673
2008-06-01,23,3,178,405
2008-06-01,23,4,0,102
2008-06-01,23,5,40,253
2008-06-01,23,6,134,323
2008-06-01,23,7,0,44
2008-06-01,23,8,745,1300
2008-06-01,23,9,724,1054
2008-06-01,24,1,151,248
2008-06-01,24,2,176,490
2008-06-01,24,3,72,270
2008-06-01,24,4,0,53
2008-06-01,24,5,23,180
2008-06-01,24,6,53,219
2008-06-01,24,7,0,24
2008-06-01,24,8,427,937
2008-06-01,24,9,320,726
2008-06-01,25,1,264,328
2008-06-01,25,2,325,652
2008-06-01,25,3,226,385
2008-06-01,25,4,0,99
2008-06-01,25,5,48,242
2008-06-01,25,6,85,319
2008-06-01,25,7,0,36
2008-06-01,25,8,941,1274
2008-06-01,25,9,618,1030
2008-06-01,26,1,246,322
2008-06-01,26,2,266,637
2008-06-01,26,3,124,338
2008-06-01,26,4,0,79
2008-06-01,26,5,20,230
2008-06-01,26,6,67,300
2008-06-01,26,7,0,26
2008-06-01,26,8,657,1220
2008-06-01,26,9,360,975
2008-06-01,27,1,146,230
2008-06-01,27,2,147,459
2008-06-01,27,3,60,213
2008-06-01,27,4,0,26
2008-06-01,27,5,14,164
2008-06-01,27,6,22,171
2008-06-01,27,7,0,22
2008-06-01,27,8,349,863
2008-06-01,27,9,154,668
2008-06-01,28,1,298,332
2008-06-01,28,2,329,662
2008-06-01,28,3,310,418
2008-06-01,28,4,0,109
2008-06-01,28,5,52,265
2008-06-01,28,6,151,327
2008-06-01,28,7,0,37
2008-06-01,28,8,1195,1290
2008-06-01,28,9,781,1035
2008-06-01,29,1,114,242
2008-06-01,29,2,204,476
2008-06-01,29,3,35,248
2008-06-01,29,4,0,28
2008-06-01,29,5,27,164
2008-06-01,29,6,21,195
2008-06-01,29,7,0,17
2008-06-01,29,8,401,896
2008-06-01,29,9,215,720
2008-06-01,30,1,176,288
2008-06-01,30,2,246,575
2008-06-01,30,3,201,346
2008-06-01,30,4,0,50
2008-06-01,30,5,34,239
2008-06-01,30,6,85,264
2008-06-01,30,7,0,39
2008-06-01,30,8,747,1123
2008-06-01,30,9,492,892
2008-06-01,31,1,307,288
2008-06-01,31,2,277,572
2008-06-01,31,3,190,323
2008-06-01,31,4,0,68
2008-06-01,31,5,24,214
2008-06-01,31,6,120,281
2008-06-01,31,7,0,28
2008-06-01,31,8,736,1098
2008-06-01,31,9,543,890
2008-06-01,32,1,220,358
2008-06-01,32,2,265,708
2008-06-01,32,3,111,388
2008-06-01,32,4,0,78
2008-06-01,32,5,21,278
2008-06-01,32,6,107,334
2008-06-01,32,7,0,39
2008-06-01,32,8,813,1355
2008-06-01,32,9,416,1079
2008-06-01,33,1,246,256
2008-06-01,33,2,227,511
2008-06-01,33,3,284,302
2008-06-01,33,4,0,81
2008-06-01,33,5,54,203
2008-06-01,33,6,104,232
2008-06-01,33,7,0,34
2008-06-01,33,8,2299,992
2008-06-01,33,9,639,784
2008-07-01,1,1,151,220
2008-07-01,1,2,245,433
2008-07-01,1,3,138,243
2008-07-01,1,4,0,67
2008-07-01,1,5,24,162
2008-07-01,1,6,56,206
2008-07-01,1,7,0,26
2008-07-01,1,8,522,845
2008-07-01,1,9,467,678
2008-07-01,2,1,247,422
2008-07-01,2,2,253,831
2008-07-01,2,3,99,439
2008-07-01,2,4,0,77
2008-07-01,2,5,32,290
2008-07-01,2,6,56,366
2008-07-01,2,7,0,34
2008-07-01,2,8,841,1585
2008-07-01,2,9,501,1260
2008-07-01,3,1,190,292
2008-07-01,3,2,249,573
2008-07-01,3,3,67,308
2008-07-01,3,4,0,44
2008-07-01,3,5,12,186
2008-07-01,3,6,20,240
2008-07-01,3,7,0,18
2008-07-01,3,8,451,1047
2008-07-01,3,9,270,863
2008-07-01,4,1,201,346
2008-07-01,4,2,209,680
2008-07-01,4,3,297,435
2008-07-01,4,4,0,86
2008-07-01,4,5,18,266
2008-07-01,4,6,109,316
2008-07-01,4,7,0,33
2008-07-01,4,8,605,1307
2008-07-01,4,9,547,1074
2008-07-01,5,1,293,394
2008-07-01,5,2,312,782
2008-07-01,5,3,129,392
2008-07-01,5,4,0,79
2008-07-01,5,5,21,262
2008-07-01,5,6,95,321
2008-07-01,5,7,0,24
2008-07-01,5,8,711,1449
2008-07-01,5,9,548,1148
2008-07-01,6,1,303,266
2008-07-01,6,2,230,531
2008-07-01,6,3,456,315
2008-07-01,6,4,0,71
2008-07-01,6,5,41,215
2008-07-01,6,6,86,248
2008-07-01,6,7,0,24
2008-07-01,6,8,1267,1030
2008-07-01,6,9,524,804
2008-07-01,7,1,0,5
2008-07-01,7,2,0,11
2008-07-01,7,3,0,7
2008-07-01,7,5,0,4
2008-07-01,7,6,0,5
2008-07-01,7,8,0,33
2008-07-01,7,9,0,25
2008-07-01,8,1,275,440
2008-07-01,8,2,409,872
2008-07-01,8,3,216,481
2008-07-01,8,4,0,87
2008-07-01,8,5,27,283
2008-07-01,8,6,125,405
2008-07-01,8,7,0,47
2008-07-01,8,8,877,1632
2008-07-01,8,9,615,1328
2008-07-01,9,1,236,392
2008-07-01,9,2,295,778
2008-07-01,9,3,249,465
2008-07-01,9,4,0,79
2008-07-01,9,5,32,292
2008-07-01,9,6,142,351
2008-07-01,9,7,0,37
2008-07-01,9,8,856,1489
2008-07-01,9,9,698,1204
2008-07-01,10,1,273,366
2008-07-01,10,2,321,720
2008-07-01,10,3,152,408
2008-07-01,10,4,0,90
2008-07-01,10,5,31,273
2008-07-01,10,6,75,329
2008-07-01,10,7,0,35
2008-07-01,10,8,678,1393
2008-07-01,10,9,329,1119
2008-07-01,11,1,231,302
2008-07-01,11,2,261,600
2008-07-01,11,3,227,345
2008-07-01,11,4,0,56
2008-07-01,11,5,23,204
2008-07-01,11,6,63,280
2008-07-01,11,7,0,27
2008-07-01,11,8,571,1151
2008-07-01,11,9,553,935
2008-07-01,12,1,185,288
2008-07-01,12,2,197,573
2008-07-01,12,3,261,359
2008-07-01,12,4,0,70
2008-07-01,12,5,31,253
2008-07-01,12,6,69,270
2008-07-01,12,7,0,39
2008-07-01,12,8,703,1115
2008-07-01,12,9,567,901
2008-07-01,13,1,206,226
2008-07-01,13,2,183,449
2008-07-01,13,3,193,295
2008-07-01,13,4,0,45
2008-07-01,13,5,19,205
2008-07-01,13,6,47,201
2008-07-01,13,7,0,36
2008-07-01,13,8,725,893
2008-07-01,13,9,389,694
2008-07-01,14,1,265,290
2008-07-01,14,2,285,578
2008-07-01,14,3,210,328
2008-07-01,14,4,0,96
2008-07-01,14,5,30,220
2008-07-01,14,6,90,273
2008-07-01,14,7,0,35
2008-07-01,14,8,852,1115
2008-07-01,14,9,507,897
2008-07-01,15,1,151,274
2008-07-01,15,2,168,537
2008-07-01,15,3,129,289
2008-07-01,15,4,0,44
2008-07-01,15,5,11,187
2008-07-01,15,6,48,222
2008-07-01,15,7,0,24
2008-07-01,15,8,371,999
2008-07-01,15,9,285,810
2008-07-01,16,1,224,300
2008-07-01,16,2,207,594
2008-07-01,16,3,68,302
2008-07-01,16,4,0,51
2008-07-01,16,5,17,195
2008-07-01,16,6,16,256
2008-07-01,16,7,0,18
2008-07-01,16,8,491,1100
2008-07-01,16,9,261,884
2008-07-01,17,1,178,322
2008-07-01,17,2,292,635
2008-07-01,17,3,137,348
2008-07-01,17,4,0,80
2008-07-01,17,5,32,214
2008-07-01,17,6,46,276
2008-07-01,17,7,0,33
2008-07-01,17,8,738,1223
2008-07-01,17,9,557,967
2008-07-01,18,1,171,284
2008-07-01,18,2,262,565
2008-07-01,18,3,142,314
2008-07-01,18,4,0,65
2008-07-01,18,5,40,218
2008-07-01,18,6,41,241
2008-07-01,18,7,0,33
2008-07-01,18,8,560,1092
2008-07-01,18,9,497,854
2008-07-01,19,1,228,246
2008-07-01,19,2,231,491
2008-07-01,19,3,241,316
2008-07-01,19,4,0,48
2008-07-01,19,5,44,213
2008-07-01,19,6,78,243
2008-07-01,19,7,0,38
2008-07-01,19,8,918,961
2008-07-01,19,9,511,770
2008-07-01,20,1,160,206
2008-07-01,20,2,97,412
2008-07-01,20,3,250,246
2008-07-01,20,4,0,57
2008-07-01,20,5,20,185
2008-07-01,20,6,53,188
2008-07-01,20,7,0,24
2008-07-01,20,8,891,808
2008-07-01,20,9,296,622
2008-07-01,21,1,67,196
2008-07-01,21,2,124,390
2008-07-01,21,3,55,205
2008-07-01,21,4,0,35
2008-07-01,21,5,14,135
2008-07-01,21,6,12,145
2008-07-01,21,7,0,17
2008-07-01,21,8,339,716
2008-07-01,21,9,198,564
2008-07-01,22,1,240,356
2008-07-01,22,2,286,709
2008-07-01,22,3,372,445
2008-07-01,22,4,0,90
2008-07-01,22,5,57,294
2008-07-01,22,6,142,351
2008-07-01,22,7,0,53
2008-07-01,22,8,952,1394
2008-07-01,22,9,707,1114
2008-07-01,23,1,245,338
2008-07-01,23,2,312,673
2008-07-01,23,3,228,405
2008-07-01,23,4,0,102
2008-07-01,23,5,33,253
2008-07-01,23,6,104,323
2008-07-01,23,7,0,44
2008-07-01,23,8,719,1300
2008-07-01,23,9,699,1054
2008-07-01,24,1,147,248
2008-07-01,24,2,209,490
2008-07-01,24,3,92,270
2008-07-01,24,4,0,53
2008-07-01,24,5,28,180
2008-07-01,24,6,46,219
2008-07-01,24,7,0,24
2008-07-01,24,8,420,937
2008-07-01,24,9,335,726
2008-07-01,25,1,233,328
2008-07-01,25,2,362,652
2008-07-01,25,3,234,385
2008-07-01,25,4,0,99
2008-07-01,25,5,29,242
2008-07-01,25,6,118,319
2008-07-01,25,7,0,36
2008-07-01,25,8,961,1274
2008-07-01,25,9,631,1030
2008-07-01,26,1,258,322
2008-07-01,26,2,216,637
2008-07-01,26,3,104,338
2008-07-01,26,4,0,79
2008-07-01,26,5,12,230
2008-07-01,26,6,92,300
2008-07-01,26,7,0,26
2008-07-01,26,8,701,1220
2008-07-01,26,9,370,975
2008-07-01,27,1,139,230
2008-07-01,27,2,118,459
2008-07-01,27,3,56,213
2008-07-01,27,4,0,26
2008-07-01,27,5,22,164
2008-07-01,27,6,13,171
2008-07-01,27,7,0,22
2008-07-01,27,8,387,863
2008-07-01,27,9,174,668
2008-07-01,28,1,322,332
2008-07-01,28,2,289,662
2008-07-01,28,3,351,418
2008-07-01,28,4,0,109
2008-07-01,28,5,53,265
2008-07-01,28,6,151,327
2008-07-01,28,7,0,37
2008-07-01,28,8,1114,1290
2008-07-01,28,9,725,1035
2008-07-01,29,1,123,242
2008-07-01,29,2,184,476
2008-07-01,29,3,41,248
2008-07-01,29,4,0,28
2008-07-01,29,5,13,164
2008-07-01,29,6,18,195
2008-07-01,29,7,0,17
2008-07-01,29,8,459,896
2008-07-01,29,9,198,720
2008-07-01,30,1,206,288
2008-07-01,30,2,255,575
2008-07-01,30,3,271,346
2008-07-01,30,4,0,50
2008-07-01,30,5,31,239
2008-07-01,30,6,76,264
2008-07-01,30,7,0,39
2008-07-01,30,8,806,1123
2008-07-01,30,9,500,892
2008-07-01,31,1,278,288
2008-07-01,31,2,285,572
2008-07-01,31,3,173,323
2008-07-01,31,4,0,68
2008-07-01,31,5,28,214
2008-07-01,31,6,130,281
2008-07-01,31,7,0,28
2008-07-01,31,8,710,1098
2008-07-01,31,9,537,890
2008-07-01,32,1,246,358
2008-07-01,32,2,291,708
2008-07-01,32,3,97,388
2008-07-01,32,4,0,78
2008-07-01,32,5,22,278
2008-07-01,32,6,80,334
2008-07-01,32,7,0,39
2008-07-01,32,8,864,1355
2008-07-01,32,9,442,1079
2008-07-01,33,1,311,256
2008-07-01,33,2,235,511
2008-07-01,33,3,327,302
2008-07-01,33,4,0,81
2008-07-01,33,5,62,203
2008-07-01,33,6,93,232
2008-07-01,33,7,0,34
2008-07-01,33,8,2754,992
2008-07-01,33,9,658,784
2008-08-01,1,1,130,220
2008-08-01,1,2,245,433
2008-08-01,1,3,201,243
2008-08-01,1,4,0,67
2008-08-01,1,5,20,162
2008-08-01,1,6,43,206
2008-08-01,1,7,0,26
2008-08-01,1,8,391,845
2008-08-01,1,9,465,678
2008-08-01,2,1,299,422
2008-08-01,2,2,204,831
2008-08-01,2,3,80,439
2008-08-01,2,4,0,77
2008-08-01,2,5,32,290
2008-08-01,2,6,49,366
2008-08-01,2,7,0,34
2008-08-01,2,8,799,1585
2008-08-01,2,9,359,1260
2008-08-01,3,1,204,292
2008-08-01,3,2,243,573
2008-08-01,3,3,72,308
2008-08-01,3,4,0,44
2008-08-01,3,5,7,186
2008-08-01,3,6,28,240
2008-08-01,3,7,0,18
2008-08-01,3,8,472,1047
2008-08-01,3,9,253,863
2008-08-01,4,1,266,346
2008-08-01,4,2,249,680
2008-08-01,4,3,212,435
2008-08-01,4,4,0,86
2008-08-01,4,5,11,266
2008-08-01,4,6,120,316
2008-08-01,4,7,0,33
2008-08-01,4,8,567,1307
2008-08-01,4,9,439,1074
2008-08-01,5,1,261,394
2008-08-01,5,2,333,782
2008-08-01,5,3,92,392
2008-08-01,5,4,0,79
2008-08-01,5,5,24,262
2008-08-01,5,6,54,321
2008-08-01,5,7,0,24
2008-08-01,5,8,731,1449
2008-08-01,5,9,441,1148
2008-08-01,6,1,298,266
2008-08-01,6,2,228,531
2008-08-01,6,3,294,315
2008-08-01,6,4,0,71
2008-08-01,6,5,38,215
2008-08-01,6,6,44,248
2008-08-01,6,7,0,24
2008-08-01,6,8,1112,1030
2008-08-01,6,9,506,804
2008-08-01,7,1,0,5
2008-08-01,7,2,0,11
2008-08-01,7,3,0,7
2008-08-01,7,5,0,4
2008-08-01,7,6,0,5
2008-08-01,7,8,0,33
2008-08-01,7,9,0,25
2008-08-01,8,1,347,440
2008-08-01,8,2,374,872
2008-08-01,8,3,233,481
2008-08-01,8,4,0,87
2008-08-01,8,5,29,283
2008-08-01,8,6,104,405
2008-08-01,8,7,0,47
2008-08-01,8,8,768,1632
2008-08-01,8,9,566,1328
2008-08-01,9,1,262,392
2008-08-01,9,2,285,778
2008-08-01,9,3,199,465
2008-08-01,9,4,0,79
2008-08-01,9,5,33,292
2008-08-01,9,6,94,351
2008-08-01,9,7,0,37
2008-08-01,9,8,779,1489
2008-08-01,9,9,601,1204
2008-08-01,10,1,247,366
2008-08-01,10,2,210,720
2008-08-01,10,3,103,408
2008-08-01,10,4,0,90
2008-08-01,10,5,16,273
2008-08-01,10,6,71,329
2008-08-01,10,7,0,35
2008-08-01,10,8,541,1393
2008-08-01,10,9,337,1119
2008-08-01,11,1,236,302
2008-08-01,11,2,268,600
2008-08-01,11,3,124,345
2008-08-01,11,4,0,56
2008-08-01,11,5,27,204
2008-08-01,11,6,78,280
2008-08-01,11,7,0,27
2008-08-01,11,8,512,1151
2008-08-01,11,9,470,935
2008-08-01,12,1,184,288
2008-08-01,12,2,204,573
2008-08-01,12,3,227,359
2008-08-01,12,4,0,70
2008-08-01,12,5,20,253
2008-08-01,12,6,78,270
2008-08-01,12,7,0,39
2008-08-01,12,8,631,1115
2008-08-01,12,9,443,901
2008-08-01,13,1,196,226
2008-08-01,13,2,170,449
2008-08-01,13,3,177,295
2008-08-01,13,4,0,45
2008-08-01,13,5,22,205
2008-08-01,13,6,62,201
2008-08-01,13,7,0,36
2008-08-01,13,8,687,893
2008-08-01,13,9,402,694
2008-08-01,14,1,280,290
2008-08-01,14,2,281,578
2008-08-01,14,3,224,328
2008-08-01,14,4,0,96
2008-08-01,14,5,19,220
2008-08-01,14,6,86,273
2008-08-01,14,7,0,35
2008-08-01,14,8,667,1115
2008-08-01,14,9,442,897
2008-08-01,15,1,165,274
2008-08-01,15,2,155,537
2008-08-01,15,3,74,289
2008-08-01,15,4,0,44
2008-08-01,15,5,18,187
2008-08-01,15,6,43,222
2008-08-01,15,7,0,24
2008-08-01,15,8,395,999
2008-08-01,15,9,214,810
2008-08-01,16,1,231,300
2008-08-01,16,2,212,594
2008-08-01,16,3,79,302
2008-08-01,16,4,0,51
2008-08-01,16,5,26,195
2008-08-01,16,6,26,256
2008-08-01,16,7,0,18
2008-08-01,16,8,481,1100
2008-08-01,16,9,220,884
2008-08-01,17,1,228,322
2008-08-01,17,2,293,635
2008-08-01,17,3,93,348
2008-08-01,17,4,0,80
2008-08-01,17,5,55,214
2008-08-01,17,6,62,276
2008-08-01,17,7,0,33
2008-08-01,17,8,749,1223
2008-08-01,17,9,548,967
2008-08-01,18,1,206,284
2008-08-01,18,2,271,565
2008-08-01,18,3,158,314
2008-08-01,18,4,0,65
2008-08-01,18,5,39,218
2008-08-01,18,6,54,241
2008-08-01,18,7,0,33
2008-08-01,18,8,532,1092
2008-08-01,18,9,418,854
2008-08-01,19,1,241,246
2008-08-01,19,2,193,491
2008-08-01,19,3,268,316
2008-08-01,19,4,0,48
2008-08-01,19,5,33,213
2008-08-01,19,6,73,243
2008-08-01,19,7,0,38
2008-08-01,19,8,786,961
2008-08-01,19,9,419,770
2008-08-01,20,1,153,206
2008-08-01,20,2,144,412
2008-08-01,20,3,563,246
2008-08-01,20,4,0,57
2008-08-01,20,5,38,185
2008-08-01,20,6,38,188
2008-08-01,20,7,0,24
2008-08-01,20,8,998,808
2008-08-01,20,9,348,622
2008-08-01,21,1,87,196
2008-08-01,21,2,127,390
2008-08-01,21,3,49,205
2008-08-01,21,4,0,35
2008-08-01,21,5,16,135
2008-08-01,21,6,22,145
2008-08-01,21,7,0,17
2008-08-01,21,8,407,716
2008-08-01,21,9,177,564
2008-08-01,22,1,248,356
2008-08-01,22,2,271,709
2008-08-01,22,3,392,445
2008-08-01,22,4,0,90
2008-08-01,22,5,46,294
2008-08-01,22,6,179,351
2008-08-01,22,7,0,53
2008-08-01,22,8,792,1394
2008-08-01,22,9,618,1114
2008-08-01,23,1,222,338
2008-08-01,23,2,318,673
2008-08-01,23,3,182,405
2008-08-01,23,4,0,102
2008-08-01,23,5,43,253
2008-08-01,23,6,90,323
2008-08-01,23,7,0,44
2008-08-01,23,8,720,1300
2008-08-01,23,9,679,1054
2008-08-01,24,1,185,248
2008-08-01,24,2,155,490
2008-08-01,24,3,74,270
2008-08-01,24,4,0,53
2008-08-01,24,5,9,180
2008-08-01,24,6,30,219
2008-08-01,24,7,0,24
2008-08-01,24,8,368,937
2008-08-01,24,9,279,726
2008-08-01,25,1,221,328
2008-08-01,25,2,314,652
2008-08-01,25,3,222,385
2008-08-01,25,4,0,99
2008-08-01,25,5,41,242
2008-08-01,25,6,118,319
2008-08-01,25,7,0,36
2008-08-01,25,8,936,1274
2008-08-01,25,9,548,1030
2008-08-01,26,1,237,322
2008-08-01,26,2,195,637
2008-08-01,26,3,95,338
2008-08-01,26,4,0,79
2008-08-01,26,5,14,230
2008-08-01,26,6,54,300
2008-08-01,26,7,0,26
2008-08-01,26,8,637,1220
2008-08-01,26,9,283,975
2008-08-01,27,1,143,230
2008-08-01,27,2,140,459
2008-08-01,27,3,55,213
2008-08-01,27,4,0,26
2008-08-01,27,5,8,164
2008-08-01,27,6,15,171
2008-08-01,27,7,0,22
2008-08-01,27,8,377,863
2008-08-01,27,9,169,668
2008-08-01,28,1,304,332
2008-08-01,28,2,304,662
2008-08-01,28,3,368,418
2008-08-01,28,4,0,109
2008-08-01,28,5,55,265
2008-08-01,28,6,142,327
2008-08-01,28,7,0,37
2008-08-01,28,8,1085,1290
2008-08-01,28,9,699,1035
2008-08-01,29,1,129,242
2008-08-01,29,2,208,476
2008-08-01,29,3,51,248
2008-08-01,29,4,0,28
2008-08-01,29,5,17,164
2008-08-01,29,6,23,195
2008-08-01,29,7,0,17
2008-08-01,29,8,371,896
2008-08-01,29,9,213,720
2008-08-01,30,1,192,288
2008-08-01,30,2,238,575
2008-08-01,30,3,219,346
2008-08-01,30,4,0,50
2008-08-01,30,5,30,239
2008-08-01,30,6,97,264
2008-08-01,30,7,0,39
2008-08-01,30,8,734,1123
2008-08-01,30,9,443,892
2008-08-01,31,1,272,288
2008-08-01,31,2,260,572
2008-08-01,31,3,196,323
2008-08-01,31,4,0,68
2008-08-01,31,5,17,214
2008-08-01,31,6,106,281
2008-08-01,31,7,0,28
2008-08-01,31,8,630,1098
2008-08-01,31,9,412,890
2008-08-01,32,1,227,358
2008-08-01,32,2,189,708
2008-08-01,32,3,101,388
2008-08-01,32,4,0,78
2008-08-01,32,5,23,278
2008-08-01,32,6,80,334
2008-08-01,32,7,0,39
2008-08-01,32,8,678,1355
2008-08-01,32,9,374,1079
2008-08-01,33,1,262,256
2008-08-01,33,2,195,511
2008-08-01,33,3,494,302
2008-08-01,33,4,0,81
2008-08-01,33,5,63,203
2008-08-01,33,6,112,232
2008-08-01,33,7,0,34
2008-08-01,33,8,2458,992
2008-08-01,33,9,609,784
2008-09-01,1,1,144,220
2008-09-01,1,2,205,433
2008-09-01,1,3,94,243
2008-09-01,1,4,0,67
2008-09-01,1,5,30,162
2008-09-01,1,6,43,206
2008-09-01,1,7,0,26
2008-09-01,1,8,353,845
2008-09-01,1,9,376,678
2008-09-01,2,1,260,422
2008-09-01,2,2,231,831
2008-09-01,2,3,86,439
2008-09-01,2,4,0,77
2008-09-01,2,5,24,290
2008-09-01,2,6,63,366
2008-09-01,2,7,0,34
2008-09-01,2,8,806,1585
2008-09-01,2,9,370,1260
2008-09-01,3,1,156,292
2008-09-01,3,2,217,573
2008-09-01,3,3,78,308
2008-09-01,3,4,0,44
2008-09-01,3,5,14,186
2008-09-01,3,6,24,240
2008-09-01,3,7,0,18
2008-09-01,3,8,423,1047
2008-09-01,3,9,270,863
2008-09-01,4,1,268,346
2008-09-01,4,2,212,680
2008-09-01,4,3,198,435
2008-09-01,4,4,0,86
2008-09-01,4,5,25,266
2008-09-01,4,6,129,316
2008-09-01,4,7,0,33
2008-09-01,4,8,571,1307
2008-09-01,4,9,480,1074
2008-09-01,5,1,249,394
2008-09-01,5,2,294,782
2008-09-01,5,3,124,392
2008-09-01,5,4,0,79
2008-09-01,5,5,15,262
2008-09-01,5,6,55,321
2008-09-01,5,7,0,24
2008-09-01,5,8,704,1449
2008-09-01,5,9,428,1148
2008-09-01,6,1,279,266
2008-09-01,6,2,188,531
2008-09-01,6,3,320,315
2008-09-01,6,4,0,71
2008-09-01,6,5,48,215
2008-09-01,6,6,81,248
2008-09-01,6,7,0,24
2008-09-01,6,8,1141,1030
2008-09-01,6,9,462,804
2008-09-01,7,1,0,5
2008-09-01,7,2,0,11
2008-09-01,7,3,0,7
2008-09-01,7,5,0,4
2008-09-01,7,6,0,5
2008-09-01,7,8,0,33
2008-09-01,7,9,0,25
2008-09-01,8,1,297,440
2008-09-01,8,2,375,872
2008-09-01,8,3,320,481
2008-09-01,8,4,0,87
2008-09-01,8,5,39,283
2008-09-01,8,6,97,405
2008-09-01,8,7,0,47
2008-09-01,8,8,845,1632
2008-09-01,8,9,513,1328
2008-09-01,9,1,280,392
2008-09-01,9,2,287,778
2008-09-01,9,3,240,465
2008-09-01,9,4,0,79
2008-09-01,9,5,37,292
2008-09-01,9,6,108,351
2008-09-01,9,7,0,37
2008-09-01,9,8,745,1489
2008-09-01,9,9,550,1204
2008-09-01,10,1,287,366
2008-09-01,10,2,241,720
2008-09-01,10,3,128,408
2008-09-01,10,4,0,90
2008-09-01,10,5,25,273
2008-09-01,10,6,70,329
2008-09-01,10,7,0,35
2008-09-01,10,8,578,1393
2008-09-01,10,9,288,1119
2008-09-01,11,1,195,302
2008-09-01,11,2,282,600
2008-09-01,11,3,104,345
2008-09-01,11,4,0,56
2008-09-01,11,5,33,204
2008-09-01,11,6,49,280
2008-09-01,11,7,0,27
2008-09-01,11,8,541,1151
2008-09-01,11,9,428,935
2008-09-01,12,1,157,288
2008-09-01,12,2,174,573
2008-09-01,12,3,284,359
2008-09-01,12,4,0,70
2008-09-01,12,5,25,253
2008-09-01,12,6,70,270
2008-09-01,12,7,0,39
2008-09-01,12,8,649,1115
2008-09-01,12,9,364,901
2008-09-01,13,1,147,226
2008-09-01,13,2,210,449
2008-09-01,13,3,193,295
2008-09-01,13,4,0,45
2008-09-01,13,5,12,205
2008-09-01,13,6,30,201
2008-09-01,13,7,0,36
2008-09-01,13,8,679,893
2008-09-01,13,9,403,694
2008-09-01,14,1,243,290
2008-09-01,14,2,270,578
2008-09-01,14,3,200,328
2008-09-01,14,4,0,96
2008-09-01,14,5,14,220
2008-09-01,14,6,110,273
2008-09-01,14,7,0,35
2008-09-01,14,8,780,1115
2008-09-01,14,9,370,897
2008-09-01,15,1,171,274
2008-09-01,15,2,132,537
2008-09-01,15,3,81,289
2008-09-01,15,4,0,44
2008-09-01,15,5,12,187
2008-09-01,15,6,52,222
2008-09-01,15,7,0,24
2008-09-01,15,8,433,999
2008-09-01,15,9,247,810
2008-09-01,16,1,190,300
2008-09-01,16,2,191,594
2008-09-01,16,3,85,302
2008-09-01,16,4,0,51
2008-09-01,16,5,12,195
2008-09-01,16,6,16,256
2008-09-01,16,7,0,18
2008-09-01,16,8,402,1100
2008-09-01,16,9,233,884
2008-09-01,17,1,226,322
2008-09-01,17,2,306,635
2008-09-01,17,3,172,348
2008-09-01,17,4,0,80
2008-09-01,17,5,59,214
2008-09-01,17,6,60,276
2008-09-01,17,7,0,33
2008-09-01,17,8,707,1223
2008-09-01,17,9,514,967
2008-09-01,18,1,192,284
2008-09-01,18,2,245,565
2008-09-01,18,3,199,314
2008-09-01,18,4,0,65
2008-09-01,18,5,35,218
2008-09-01,18,6,45,241
2008-09-01,18,7,0,33
2008-09-01,18,8,523,1092
2008-09-01,18,9,442,854
2008-09-01,19,1,223,246
2008-09-01,19,2,202,491
2008-09-01,19,3,270,316
2008-09-01,19,4,0,48
2008-09-01,19,5,41,213
2008-09-01,19,6,74,243
2008-09-01,19,7,0,38
2008-09-01,19,8,897,961
2008-09-01,19,9,404,770
2008-09-01,20,1,127,206
2008-09-01,20,2,105,412
2008-09-01,20,3,223,246
2008-09-01,20,4,0,57
2008-09-01,20,5,17,185
2008-09-01,20,6,34,188
2008-09-01,20,7,0,24
2008-09-01,20,8,816,808
2008-09-01,20,9,274,622
2008-09-01,21,1,71,196
2008-09-01,21,2,129,390
2008-09-01,21,3,47,205
2008-09-01,21,4,0,35
2008-09-01,21,5,17,135
2008-09-01,21,6,9,145
2008-09-01,21,7,0,17
2008-09-01,21,8,363,716
2008-09-01,21,9,169,564
2008-09-01,22,1,256,356
2008-09-01,22,2,283,709
2008-09-01,22,3,348,445
2008-09-01,22,4,0,90
2008-09-01,22,5,53,294
2008-09-01,22,6,171,351
2008-09-01,22,7,0,53
2008-09-01,22,8,908,1394
2008-09-01,22,9,621,1114
2008-09-01,23,1,211,338
2008-09-01,23,2,300,673
2008-09-01,23,3,200,405
2008-09-01,23,4,0,102
2008-09-01,23,5,42,253
2008-09-01,23,6,73,323
2008-09-01,23,7,0,44
2008-09-01,23,8,685,1300
2008-09-01,23,9,643,1054
2008-09-01,24,1,143,248
2008-09-01,24,2,202,490
2008-09-01,24,3,71,270
2008-09-01,24,4,0,53
2008-09-01,24,5,20,180
2008-09-01,24,6,46,219
2008-09-01,24,7,0,24
2008-09-01,24,8,343,937
2008-09-01,24,9,322,726
2008-09-01,25,1,187,328
2008-09-01,25,2,318,652
2008-09-01,25,3,160,385
2008-09-01,25,4,0,99
2008-09-01,25,5,43,242
2008-09-01,25,6,116,319
2008-09-01,25,7,0,36
2008-09-01,25,8,987,1274
2008-09-01,25,9,509,1030
2008-09-01,26,1,321,322
2008-09-01,26,2,189,637
2008-09-01,26,3,136,338
2008-09-01,26,4,0,79
2008-09-01,26,5,13,230
2008-09-01,26,6,65,300
2008-09-01,26,7,0,26
2008-09-01,26,8,617,1220
2008-09-01,26,9,298,975
2008-09-01,27,1,150,230
2008-09-01,27,2,139,459
2008-09-01,27,3,47,213
2008-09-01,27,4,0,26
2008-09-01,27,5,16,164
2008-09-01,27,6,15,171
2008-09-01,27,7,0,22
2008-09-01,27,8,436,863
2008-09-01,27,9,143,668
2008-09-01,28,1,222,332
2008-09-01,28,2,271,662
2008-09-01,28,3,371,418
2008-09-01,28,4,0,109
2008-09-01,28,5,43,265
2008-09-01,28,6,116,327
2008-09-01,28,7,0,37
2008-09-01,28,8,984,1290
2008-09-01,28,9,627,1035
2008-09-01,29,1,153,242
2008-09-01,29,2,230,476
2008-09-01,29,3,36,248
2008-09-01,29,4,0,28
2008-09-01,29,5,11,164
2008-09-01,29,6,37,195
2008-09-01,29,7,0,17
2008-09-01,29,8,467,896
2008-09-01,29,9,219,720
2008-09-01,30,1,152,288
2008-09-01,30,2,230,575
2008-09-01,30,3,294,346
2008-09-01,30,4,0,50
2008-09-01,30,5,43,239
2008-09-01,30,6,70,264
2008-09-01,30,7,0,39
2008-09-01,30,8,688,1123
2008-09-01,30,9,450,892
2008-09-01,31,1,234,288
2008-09-01,31,2,263,572
2008-09-01,31,3,290,323
2008-09-01,31,4,0,68
2008-09-01,31,5,29,214
2008-09-01,31,6,93,281
2008-09-01,31,7,0,28
2008-09-01,31,8,680,1098
2008-09-01,31,9,443,890
2008-09-01,32,1,194,358
2008-09-01,32,2,231,708
2008-09-01,32,3,136,388
2008-09-01,32,4,0,78
2008-09-01,32,5,28,278
2008-09-01,32,6,83,334
2008-09-01,32,7,0,39
2008-09-01,32,8,807,1355
2008-09-01,32,9,388,1079
2008-09-01,33,1,222,256
2008-09-01,33,2,215,511
2008-09-01,33,3,280,302
2008-09-01,33,4,0,81
2008-09-01,33,5,46,203
2008-09-01,33,6,102,232
2008-09-01,33,7,0,34
2008-09-01,33,8,2180,992
2008-09-01,33,9,512,784
2008-10-01,1,1,165,220
2008-10-01,1,2,229,433
2008-10-01,1,3,160,243
2008-10-01,1,4,0,67
2008-10-01,1,5,21,162
2008-10-01,1,6,61,206
2008-10-01,1,7,0,26
2008-10-01,1,8,430,845
2008-10-01,1,9,374,678
2008-10-01,2,1,321,422
2008-10-01,2,2,254,831
2008-10-01,2,3,113,439
2008-10-01,2,4,0,77
2008-10-01,2,5,24,290
2008-10-01,2,6,57,366
2008-10-01,2,7,0,34
2008-10-01,2,8,899,1585
2008-10-01,2,9,397,1260
2008-10-01,3,1,190,292
2008-10-01,3,2,231,573
2008-10-01,3,3,94,308
2008-10-01,3,4,0,44
2008-10-01,3,5,9,186
2008-10-01,3,6,28,240
2008-10-01,3,7,0,18
2008-10-01,3,8,460,1047
2008-10-01,3,9,280,863
2008-10-01,4,1,306,346
2008-10-01,4,2,224,680
2008-10-01,4,3,275,435
2008-10-01,4,4,0,86
2008-10-01,4,5,24,266
2008-10-01,4,6,118,316
2008-10-01,4,7,0,33
2008-10-01,4,8,630,1307
2008-10-01,4,9,538,1074
2008-10-01,5,1,317,394
2008-10-01,5,2,347,782
2008-10-01,5,3,72,392
2008-10-01,5,4,0,79
2008-10-01,5,5,17,262
2008-10-01,5,6,58,321
2008-10-01,5,7,0,24
2008-10-01,5,8,816,1449
2008-10-01,5,9,463,1148
2008-10-01,6,1,309,266
2008-10-01,6,2,195,531
2008-10-01,6,3,360,315
2008-10-01,6,4,0,71
2008-10-01,6,5,56,215
2008-10-01,6,6,93,248
2008-10-01,6,7,0,24
2008-10-01,6,8,1342,1030
2008-10-01,6,9,493,804
2008-10-01,7,1,0,5
2008-10-01,7,2,0,11
2008-10-01,7,3,0,7
2008-10-01,7,5,0,4
2008-10-01,7,6,0,5
2008-10-01,7,8,0,33
2008-10-01,7,9,0,25
2008-10-01,8,1,328,440
2008-10-01,8,2,384,872
2008-10-01,8,3,254,481
2008-10-01,8,4,0,87
2008-10-01,8,5,44,283
2008-10-01,8,6,112,405
2008-10-01,8,7,0,47
2008-10-01,8,8,824,1632
2008-10-01,8,9,572,1328
2008-10-01,9,1,336,392
2008-10-01,9,2,284,778
2008-10-01,9,3,246,465
2008-10-01,9,4,0,79
2008-10-01,9,5,35,292
2008-10-01,9,6,115,351
2008-10-01,9,7,0,37
2008-10-01,9,8,988,1489
2008-10-01,9,9,617,1204
2008-10-01,10,1,313,366
2008-10-01,10,2,260,720
2008-10-01,10,3,224,408
2008-10-01,10,4,0,90
2008-10-01,10,5,24,273
2008-10-01,10,6,98,329
2008-10-01,10,7,0,35
2008-10-01,10,8,550,1393
2008-10-01,10,9,335,1119
2008-10-01,11,1,198,302
2008-10-01,11,2,299,600
2008-10-01,11,3,104,345
2008-10-01,11,4,0,56
2008-10-01,11,5,12,204
2008-10-01,11,6,73,280
2008-10-01,11,7,0,27
2008-10-01,11,8,601,1151
2008-10-01,11,9,444,935
2008-10-01,12,1,165,288
2008-10-01,12,2,146,573
2008-10-01,12,3,299,359
2008-10-01,12,4,0,70
2008-10-01,12,5,37,253
2008-10-01,12,6,62,270
2008-10-01,12,7,0,39
2008-10-01,12,8,680,1115
2008-10-01,12,9,423,901
2008-10-01,13,1,171,226
2008-10-01,13,2,208,449
2008-10-01,13,3,219,295
2008-10-01,13,4,0,45
2008-10-01,13,5,25,205
2008-10-01,13,6,72,201
2008-10-01,13,7,0,36
2008-10-01,13,8,832,893
2008-10-01,13,9,374,694
2008-10-01,14,1,316,290
2008-10-01,14,2,271,578
2008-10-01,14,3,295,328
2008-10-01,14,4,0,96
2008-10-01,14,5,24,220
2008-10-01,14,6,86,273
2008-10-01,14,7,0,35
2008-10-01,14,8,901,1115
2008-10-01,14,9,416,897
2008-10-01,15,1,195,274
2008-10-01,15,2,160,537
2008-10-01,15,3,109,289
2008-10-01,15,4,0,44
2008-10-01,15,5,20,187
2008-10-01,15,6,53,222
2008-10-01,15,7,0,24
2008-10-01,15,8,469,999
2008-10-01,15,9,283,810
2008-10-01,16,1,170,300
2008-10-01,16,2,228,594
2008-10-01,16,3,72,302
2008-10-01,16,4,0,51
2008-10-01,16,5,11,195
2008-10-01,16,6,33,256
2008-10-01,16,7,0,18
2008-10-01,16,8,437,1100
2008-10-01,16,9,223,884
2008-10-01,17,1,272,322
2008-10-01,17,2,277,635
2008-10-01,17,3,186,348
2008-10-01,17,4,0,80
2008-10-01,17,5,50,214
2008-10-01,17,6,65,276
2008-10-01,17,7,0,33
2008-10-01,17,8,745,1223
2008-10-01,17,9,498,967
2008-10-01,18,1,225,284
2008-10-01,18,2,247,565
2008-10-01,18,3,143,314
2008-10-01,18,4,0,65
2008-10-01,18,5,41,218
2008-10-01,18,6,39,241
2008-10-01,18,7,0,33
2008-10-01,18,8,593,1092
2008-10-01,18,9,396,854
2008-10-01,19,1,237,246
2008-10-01,19,2,215,491
2008-10-01,19,3,272,316
2008-10-01,19,4,0,48
2008-10-01,19,5,27,213
2008-10-01,19,6,116,243
2008-10-01,19,7,0,38
2008-10-01,19,8,1019,961
2008-10-01,19,9,481,770
2008-10-01,20,1,133,206
2008-10-01,20,2,93,412
2008-10-01,20,3,208,246
2008-10-01,20,4,0,57
2008-10-01,20,5,17,185
2008-10-01,20,6,44,188
2008-10-01,20,7,0,24
2008-10-01,20,8,950,808
2008-10-01,20,9,234,622
2008-10-01,21,1,72,196
2008-10-01,21,2,118,390
2008-10-01,21,3,64,205
2008-10-01,21,4,0,35
2008-10-01,21,5,12,135
2008-10-01,21,6,20,145
2008-10-01,21,7,0,17
2008-10-01,21,8,422,716
2008-10-01,21,9,173,564
2008-10-01,22,1,226,356
2008-10-01,22,2,301,709
2008-10-01,22,3,365,445
2008-10-01,22,4,0,90
2008-10-01,22,5,39,294
2008-10-01,22,6,159,351
2008-10-01,22,7,0,53
2008-10-01,22,8,1033,1394
2008-10-01,22,9,650,1114
2008-10-01,23,1,234,338
2008-10-01,23,2,305,673
2008-10-01,23,3,208,405
2008-10-01,23,4,0,102
2008-10-01,23,5,45,253
2008-10-01,23,6,95,323
2008-10-01,23,7,0,44
2008-10-01,23,8,773,1300
2008-10-01,23,9,641,1054
2008-10-01,24,1,151,248
2008-10-01,24,2,165,490
2008-10-01,24,3,91,270
2008-10-01,24,4,0,53
2008-10-01,24,5,18,180
2008-10-01,24,6,44,219
2008-10-01,24,7,0,24
2008-10-01,24,8,390,937
2008-10-01,24,9,320,726
2008-10-01,25,1,246,328
2008-10-01,25,2,314,652
2008-10-01,25,3,252,385
2008-10-01,25,4,0,99
2008-10-01,25,5,45,242
2008-10-01,25,6,111,319
2008-10-01,25,7,0,36
2008-10-01,25,8,1009,1274
2008-10-01,25,9,562,1030
2008-10-01,26,1,309,322
2008-10-01,26,2,242,637
2008-10-01,26,3,205,338
2008-10-01,26,4,0,79
2008-10-01,26,5,20,230
2008-10-01,26,6,101,300
2008-10-01,26,7,0,26
2008-10-01,26,8,711,1220
2008-10-01,26,9,315,975
2008-10-01,27,1,140,230
2008-10-01,27,2,145,459
2008-10-01,27,3,60,213
2008-10-01,27,4,0,26
2008-10-01,27,5,10,164
2008-10-01,27,6,23,171
2008-10-01,27,7,0,22
2008-10-01,27,8,393,863
2008-10-01,27,9,139,668
2008-10-01,28,1,203,332
2008-10-01,28,2,237,662
2008-10-01,28,3,382,418
2008-10-01,28,4,0,109
2008-10-01,28,5,36,265
2008-10-01,28,6,157,327
2008-10-01,28,7,0,37
2008-10-01,28,8,1102,1290
2008-10-01,28,9,673,1035
2008-10-01,29,1,140,242
2008-10-01,29,2,206,476
2008-10-01,29,3,56,248
2008-10-01,29,4,0,28
2008-10-01,29,5,10,164
2008-10-01,29,6,29,195
2008-10-01,29,7,0,17
2008-10-01,29,8,536,896
2008-10-01,29,9,195,720
2008-10-01,30,1,141,288
2008-10-01,30,2,211,575
2008-10-01,30,3,300,346
2008-10-01,30,4,0,50
2008-10-01,30,5,33,239
2008-10-01,30,6,99,264
2008-10-01,30,7,0,39
2008-10-01,30,8,758,1123
2008-10-01,30,9,419,892
2008-10-01,31,1,252,288
2008-10-01,31,2,256,572
2008-10-01,31,3,164,323
2008-10-01,31,4,0,68
2008-10-01,31,5,22,214
2008-10-01,31,6,110,281
2008-10-01,31,7,0,28
2008-10-01,31,8,738,1098
2008-10-01,31,9,482,890
2008-10-01,32,1,236,358
2008-10-01,32,2,235,708
2008-10-01,32,3,121,388
2008-10-01,32,4,0,78
2008-10-01,32,5,25,278
2008-10-01,32,6,66,334
2008-10-01,32,7,0,39
2008-10-01,32,8,852,1355
2008-10-01,32,9,364,1079
2008-10-01,33,1,212,256
2008-10-01,33,2,230,511
2008-10-01,33,3,361,302
2008-10-01,33,4,0,81
2008-10-01,33,5,54,203
2008-10-01,33,6,123,232
2008-10-01,33,7,0,34
2008-10-01,33,8,2595,992
2008-10-01,33,9,615,784
2008-11-01,1,1,165,220
2008-11-01,1,2,235,433
2008-11-01,1,3,109,243
2008-11-01,1,4,0,67
2008-11-01,1,5,16,162
2008-11-01,1,6,53,206
2008-11-01,1,7,0,26
2008-11-01,1,8,423,845
2008-11-01,1,9,424,678
2008-11-01,2,1,384,422
2008-11-01,2,2,238,831
2008-11-01,2,3,117,439
2008-11-01,2,4,0,77
2008-11-01,2,5,22,290
2008-11-01,2,6,78,366
2008-11-01,2,7,0,34
2008-11-01,2,8,823,1585
2008-11-01,2,9,388,1260
2008-11-01,3,1,199,292
2008-11-01,3,2,210,573
2008-11-01,3,3,106,308
2008-11-01,3,4,0,44
2008-11-01,3,5,16,186
2008-11-01,3,6,38,240
2008-11-01,3,7,0,18
2008-11-01,3,8,512,1047
2008-11-01,3,9,292,863
2008-11-01,4,1,315,346
2008-11-01,4,2,206,680
2008-11-01,4,3,299,435
2008-11-01,4,4,0,86
2008-11-01,4,5,19,266
2008-11-01,4,6,129,316
2008-11-01,4,7,0,33
2008-11-01,4,8,643,1307
2008-11-01,4,9,496,1074
2008-11-01,5,1,338,394
2008-11-01,5,2,340,782
2008-11-01,5,3,82,392
2008-11-01,5,4,0,79
2008-11-01,5,5,15,262
2008-11-01,5,6,51,321
2008-11-01,5,7,0,24
2008-11-01,5,8,820,1449
2008-11-01,5,9,455,1148
2008-11-01,6,1,274,266
2008-11-01,6,2,207,531
2008-11-01,6,3,293,315
2008-11-01,6,4,0,71
2008-11-01,6,5,23,215
2008-11-01,6,6,96,248
2008-11-01,6,7,0,24
2008-11-01,6,8,1327,1030
2008-11-01,6,9,554,804
2008-11-01,7,1,0,5
2008-11-01,7,2,0,11
2008-11-01,7,3,0,7
2008-11-01,7,5,0,4
2008-11-01,7,6,0,5
2008-11-01,7,8,0,33
2008-11-01,7,9,0,25
2008-11-01,8,1,336,440
2008-11-01,8,2,392,872
2008-11-01,8,3,258,481
2008-11-01,8,4,0,87
2008-11-01,8,5,38,283
2008-11-01,8,6,99,405
2008-11-01,8,7,0,47
2008-11-01,8,8,857,1632
2008-11-01,8,9,498,1328
2008-11-01,9,1,380,392
2008-11-01,9,2,233,778
2008-11-01,9,3,250,465
2008-11-01,9,4,0,79
2008-11-01,9,5,43,292
2008-11-01,9,6,111,351
2008-11-01,9,7,0,37
2008-11-01,9,8,790,1489
2008-11-01,9,9,576,1204
2008-11-01,10,1,377,366
2008-11-01,10,2,219,720
2008-11-01,10,3,136,408
2008-11-01,10,4,0,90
2008-11-01,10,5,12,273
2008-11-01,10,6,101,329
2008-11-01,10,7,0,35
2008-11-01,10,8,560,1393
2008-11-01,10,9,342,1119
2008-11-01,11,1,286,302
2008-11-01,11,2,268,600
2008-11-01,11,3,102,345
2008-11-01,11,4,0,56
2008-11-01,11,5,26,204
2008-11-01,11,6,81,280
2008-11-01,11,7,0,27
2008-11-01,11,8,586,1151
2008-11-01,11,9,438,935
2008-11-01,12,1,172,288
2008-11-01,12,2,118,573
2008-11-01,12,3,299,359
2008-11-01,12,4,0,70
2008-11-01,12,5,31,253
2008-11-01,12,6,68,270
2008-11-01,12,7,0,39
2008-11-01,12,8,564,1115
2008-11-01,12,9,383,901
2008-11-01,13,1,207,226
2008-11-01,13,2,147,449
2008-11-01,13,3,147,295
2008-11-01,13,4,0,45
2008-11-01,13,5,20,205
2008-11-01,13,6,60,201
2008-11-01,13,7,0,36
2008-11-01,13,8,844,893
2008-11-01,13,9,412,694
2008-11-01,14,1,346,290
2008-11-01,14,2,262,578
2008-11-01,14,3,210,328
2008-11-01,14,4,0,96
2008-11-01,14,5,34,220
2008-11-01,14,6,101,273
2008-11-01,14,7,0,35
2008-11-01,14,8,698,1115
2008-11-01,14,9,412,897
2008-11-01,15,1,198,274
2008-11-01,15,2,173,537
2008-11-01,15,3,88,289
2008-11-01,15,4,0,44
2008-11-01,15,5,20,187
2008-11-01,15,6,52,222
2008-11-01,15,7,0,24
2008-11-01,15,8,413,999
2008-11-01,15,9,232,810
2008-11-01,16,1,221,300
2008-11-01,16,2,231,594
2008-11-01,16,3,95,302
2008-11-01,16,4,0,51
2008-11-01,16,5,12,195
2008-11-01,16,6,29,256
2008-11-01,16,7,0,18
2008-11-01,16,8,423,1100
2008-11-01,16,9,245,884
2008-11-01,17,1,277,322
2008-11-01,17,2,302,635
2008-11-01,17,3,189,348
2008-11-01,17,4,0,80
2008-11-01,17,5,64,214
2008-11-01,17,6,62,276
2008-11-01,17,7,0,33
2008-11-01,17,8,780,1223
2008-11-01,17,9,471,967
2008-11-01,18,1,197,284
2008-11-01,18,2,227,565
2008-11-01,18,3,179,314
2008-11-01,18,4,0,65
2008-11-01,18,5,40,218
2008-11-01,18,6,57,241
2008-11-01,18,7,0,33
2008-11-01,18,8,584,1092
2008-11-01,18,9,415,854
2008-11-01,19,1,238,246
2008-11-01,19,2,199,491
2008-11-01,19,3,346,316
2008-11-01,19,4,0,48
2008-11-01,19,5,34,213
2008-11-01,19,6,69,243
2008-11-01,19,7,0,38
2008-11-01,19,8,1029,961
2008-11-01,19,9,439,770
2008-11-01,20,1,165,206
2008-11-01,20,2,102,412
2008-11-01,20,3,169,246
2008-11-01,20,4,0,57
2008-11-01,20,5,25,185
2008-11-01,20,6,47,188
2008-11-01,20,7,0,24
2008-11-01,20,8,826,808
2008-11-01,20,9,247,622
2008-11-01,21,1,100,196
2008-11-01,21,2,138,390
2008-11-01,21,3,65,205
2008-11-01,21,4,0,35
2008-11-01,21,5,6,135
2008-11-01,21,6,17,145
2008-11-01,21,7,0,17
2008-11-01,21,8,396,716
2008-11-01,21,9,163,564
2008-11-01,22,1,271,356
2008-11-01,22,2,290,709
2008-11-01,22,3,318,445
2008-11-01,22,4,0,90
2008-11-01,22,5,43,294
2008-11-01,22,6,203,351
2008-11-01,22,7,0,53
2008-11-01,22,8,868,1394
2008-11-01,22,9,606,1114
2008-11-01,23,1,242,338
2008-11-01,23,2,290,673
2008-11-01,23,3,197,405
2008-11-01,23,4,0,102
2008-11-01,23,5,47,253
2008-11-01,23,6,111,323
2008-11-01,23,7,0,44
2008-11-01,23,8,657,1300
2008-11-01,23,9,714,1054
2008-11-01,24,1,196,248
2008-11-01,24,2,169,490
2008-11-01,24,3,78,270
2008-11-01,24,4,0,53
2008-11-01,24,5,24,180
2008-11-01,24,6,37,219
2008-11-01,24,7,0,24
2008-11-01,24,8,411,937
2008-11-01,24,9,280,726
2008-11-01,25,1,235,328
2008-11-01,25,2,301,652
2008-11-01,25,3,255,385
2008-11-01,25,4,0,99
2008-11-01,25,5,29,242
2008-11-01,25,6,131,319
2008-11-01,25,7,0,36
2008-11-01,25,8,916,1274
2008-11-01,25,9,567,1030
2008-11-01,26,1,282,322
2008-11-01,26,2,198,637
2008-11-01,26,3,274,338
2008-11-01,26,4,0,79
2008-11-01,26,5,18,230
2008-11-01,26,6,61,300
2008-11-01,26,7,0,26
2008-11-01,26,8,671,1220
2008-11-01,26,9,276,975
2008-11-01,27,1,161,230
2008-11-01,27,2,147,459
2008-11-01,27,3,73,213
2008-11-01,27,4,0,26
2008-11-01,27,5,10,164
2008-11-01,27,6,14,171
2008-11-01,27,7,0,22
2008-11-01,27,8,391,863
2008-11-01,27,9,182,668
2008-11-01,28,1,181,332
2008-11-01,28,2,222,662
2008-11-01,28,3,395,418
2008-11-01,28,4,0,109
2008-11-01,28,5,45,265
2008-11-01,28,6,138,327
2008-11-01,28,7,0,37
2008-11-01,28,8,1010,1290
2008-11-01,28,9,620,1035
2008-11-01,29,1,159,242
2008-11-01,29,2,174,476
2008-11-01,29,3,32,248
2008-11-01,29,4,0,28
2008-11-01,29,5,15,164
2008-11-01,29,6,27,195
2008-11-01,29,7,0,17
2008-11-01,29,8,444,896
2008-11-01,29,9,217,720
2008-11-01,30,1,137,288
2008-11-01,30,2,203,575
2008-11-01,30,3,227,346
2008-11-01,30,4,0,50
2008-11-01,30,5,42,239
2008-11-01,30,6,89,264
2008-11-01,30,7,0,39
2008-11-01,30,8,602,1123
2008-11-01,30,9,373,892
2008-11-01,31,1,236,288
2008-11-01,31,2,222,572
2008-11-01,31,3,172,323
2008-11-01,31,4,0,68
2008-11-01,31,5,30,214
2008-11-01,31,6,141,281
2008-11-01,31,7,0,28
2008-11-01,31,8,660,1098
2008-11-01,31,9,422,890
2008-11-01,32,1,241,358
2008-11-01,32,2,178,708
2008-11-01,32,3,112,388
2008-11-01,32,4,0,78
2008-11-01,32,5,23,278
2008-11-01,32,6,93,334
2008-11-01,32,7,0,39
2008-11-01,32,8,799,1355
2008-11-01,32,9,358,1079
2008-11-01,33,1,243,256
2008-11-01,33,2,207,511
2008-11-01,33,3,362,302
2008-11-01,33,4,0,81
2008-11-01,33,5,47,203
2008-11-01,33,6,144,232
2008-11-01,33,7,0,34
2008-11-01,33,8,2681,992
2008-11-01,33,9,572,784
2008-12-01,1,1,212,220
2008-12-01,1,2,208,433
2008-12-01,1,3,92,243
2008-12-01,1,4,0,67
2008-12-01,1,5,10,162
2008-12-01,1,6,54,206
2008-12-01,1,7,0,26
2008-12-01,1,8,380,845
2008-12-01,1,9,409,678
2008-12-01,2,1,403,422
2008-12-01,2,2,219,831
2008-12-01,2,3,121,439
2008-12-01,2,4,0,77
2008-12-01,2,5,24,290
2008-12-01,2,6,91,366
2008-12-01,2,7,0,34
2008-12-01,2,8,814,1585
2008-12-01,2,9,361,1260
2008-12-01,3,1,229,292
2008-12-01,3,2,178,573
2008-12-01,3,3,84,308
2008-12-01,3,4,0,44
2008-12-01,3,5,9,186
2008-12-01,3,6,28,240
2008-12-01,3,7,0,18
2008-12-01,3,8,415,1047
2008-12-01,3,9,284,863
2008-12-01,4,1,347,346
2008-12-01,4,2,182,680
2008-12-01,4,3,204,435
2008-12-01,4,4,0,86
2008-12-01,4,5,24,266
2008-12-01,4,6,107,316
2008-12-01,4,7,0,33
2008-12-01,4,8,562,1307
2008-12-01,4,9,406,1074
2008-12-01,5,1,402,394
2008-12-01,5,2,284,782
2008-12-01,5,3,95,392
2008-12-01,5,4,0,79
2008-12-01,5,5,12,262
2008-12-01,5,6,59,321
2008-12-01,5,7,0,24
2008-12-01,5,8,857,1449
2008-12-01,5,9,386,1148
2008-12-01,6,1,322,266
2008-12-01,6,2,193,531
2008-12-01,6,3,303,315
2008-12-01,6,4,0,71
2008-12-01,6,5,31,215
2008-12-01,6,6,74,248
2008-12-01,6,7,0,24
2008-12-01,6,8,1177,1030
2008-12-01,6,9,397,804
2008-12-01,7,1,0,5
2008-12-01,7,2,0,11
2008-12-01,7,3,0,7
2008-12-01,7,5,0,4
2008-12-01,7,6,0,5
2008-12-01,7,8,0,33
2008-12-01,7,9,0,25
2008-12-01,8,1,450,440
2008-12-01,8,2,325,872
2008-12-01,8,3,254,481
2008-12-01,8,4,0,87
2008-12-01,8,5,23,283
2008-12-01,8,6,103,405
2008-12-01,8,7,0,47
2008-12-01,8,8,775,1632
2008-12-01,8,9,522,1328
2008-12-01,9,1,339,392
2008-12-01,9,2,226,778
2008-12-01,9,3,211,465
2008-12-01,9,4,0,79
2008-12-01,9,5,33,292
2008-12-01,9,6,76,351
2008-12-01,9,7,0,37
2008-12-01,9,8,710,1489
2008-12-01,9,9,517,1204
2008-12-01,10,1,412,366
2008-12-01,10,2,271,720
2008-12-01,10,3,182,408
2008-12-01,10,4,0,90
2008-12-01,10,5,13,273
2008-12-01,10,6,78,329
2008-12-01,10,7,0,35
2008-12-01,10,8,511,1393
2008-12-01,10,9,300,1119
2008-12-01,11,1,287,302
2008-12-01,11,2,223,600
2008-12-01,11,3,89,345
2008-12-01,11,4,0,56
2008-12-01,11,5,29,204
2008-12-01,11,6,69,280
2008-12-01,11,7,0,27
2008-12-01,11,8,628,1151
2008-12-01,11,9,454,935
2008-12-01,12,1,143,288
2008-12-01,12,2,133,573
2008-12-01,12,3,252,359
2008-12-01,12,4,0,70
2008-12-01,12,5,19,253
2008-12-01,12,6,72,270
2008-12-01,12,7,0,39
2008-12-01,12,8,466,1115
2008-12-01,12,9,368,901
2008-12-01,13,1,175,226
2008-12-01,13,2,159,449
2008-12-01,13,3,159,295
2008-12-01,13,4,0,45
2008-12-01,13,5,14,205
2008-12-01,13,6,41,201
2008-12-01,13,7,0,36
2008-12-01,13,8,778,893
2008-12-01,13,9,366,694
2008-12-01,14,1,345,290
2008-12-01,14,2,256,578
2008-12-01,14,3,240,328
2008-12-01,14,4,0,96
2008-12-01,14,5,14,220
2008-12-01,14,6,59,273
2008-12-01,14,7,0,35
2008-12-01,14,8,673,1115
2008-12-01,14,9,385,897
2008-12-01,15,1,217,274
2008-12-01,15,2,133,537
2008-12-01,15,3,71,289
2008-12-01,15,4,0,44
2008-12-01,15,5,21,187
2008-12-01,15,6,43,222
2008-12-01,15,7,0,24
2008-12-01,15,8,492,999
2008-12-01,15,9,249,810
2008-12-01,16,1,233,300
2008-12-01,16,2,185,594
2008-12-01,16,3,71,302
2008-12-01,16,4,0,51
2008-12-01,16,5,23,195
2008-12-01,16,6,47,256
2008-12-01,16,7,0,18
2008-12-01,16,8,400,1100
2008-12-01,16,9,208,884
2008-12-01,17,1,337,322
2008-12-01,17,2,325,635
2008-12-01,17,3,111,348
2008-12-01,17,4,0,80
2008-12-01,17,5,40,214
2008-12-01,17,6,49,276
2008-12-01,17,7,0,33
2008-12-01,17,8,702,1223
2008-12-01,17,9,473,967
2008-12-01,18,1,209,284
2008-12-01,18,2,206,565
2008-12-01,18,3,144,314
2008-12-01,18,4,0,65
2008-12-01,18,5,38,218
2008-12-01,18,6,43,241
2008-12-01,18,7,0,33
2008-12-01,18,8,487,1092
2008-12-01,18,9,366,854
2008-12-01,19,1,273,246
2008-12-01,19,2,202,491
2008-12-01,19,3,195,316
2008-12-01,19,4,0,48
2008-12-01,19,5,30,213
2008-12-01,19,6,81,243
2008-12-01,19,7,0,38
2008-12-01,19,8,863,961
2008-12-01,19,9,400,770
2008-12-01,20,1,167,206
2008-12-01,20,2,112,412
2008-12-01,20,3,142,246
2008-12-01,20,4,0,57
2008-12-01,20,5,13,185
2008-12-01,20,6,40,188
2008-12-01,20,7,0,24
2008-12-01,20,8,748,808
2008-12-01,20,9,268,622
2008-12-01,21,1,127,196
2008-12-01,21,2,112,390
2008-12-01,21,3,35,205
2008-12-01,21,4,0,35
2008-12-01,21,5,8,135
2008-12-01,21,6,23,145
2008-12-01,21,7,0,17
2008-12-01,21,8,418,716
2008-12-01,21,9,169,564
2008-12-01,22,1,343,356
2008-12-01,22,2,306,709
2008-12-01,22,3,339,445
2008-12-01,22,4,0,90
2008-12-01,22,5,30,294
2008-12-01,22,6,128,351
2008-12-01,22,7,0,53
2008-12-01,22,8,873,1394
2008-12-01,22,9,474,1114
2008-12-01,23,1,259,338
2008-12-01,23,2,245,673
2008-12-01,23,3,177,405
2008-12-01,23,4,0,102
2008-12-01,23,5,30,253
2008-12-01,23,6,110,323
2008-12-01,23,7,0,44
2008-12-01,23,8,570,1300
2008-12-01,23,9,606,1054
2008-12-01,24,1,170,248
2008-12-01,24,2,146,490
2008-12-01,24,3,79,270
2008-12-01,24,4,0,53
2008-12-01,24,5,13,180
2008-12-01,24,6,41,219
2008-12-01,24,7,0,24
2008-12-01,24,8,344,937
2008-12-01,24,9,275,726
2008-12-01,25,1,245,328
2008-12-01,25,2,305,652
2008-12-01,25,3,191,385
2008-12-01,25,4,0,99
2008-12-01,25,5,30,242
2008-12-01,25,6,144,319
2008-12-01,25,7,0,36
2008-12-01,25,8,844,1274
2008-12-01,25,9,475,1030
2008-12-01,26,1,296,322
2008-12-01,26,2,168,637
2008-12-01,26,3,212,338
2008-12-01,26,4,0,79
2008-12-01,26,5,22,230
2008-12-01,26,6,87,300
2008-12-01,26,7,0,26
2008-12-01,26,8,598,1220
2008-12-01,26,9,296,975
2008-12-01,27,1,203,230
2008-12-01,27,2,139,459
2008-12-01,27,3,61,213
2008-12-01,27,4,0,26
2008-12-01,27,5,11,164
2008-12-01,27,6,17,171
2008-12-01,27,7,0,22
2008-12-01,27,8,374,863
2008-12-01,27,9,161,668
2008-12-01,28,1,222,332
2008-12-01,28,2,202,662
2008-12-01,28,3,309,418
2008-12-01,28,4,0,109
2008-12-01,28,5,36,265
2008-12-01,28,6,105,327
2008-12-01,28,7,0,37
2008-12-01,28,8,702,1290
2008-12-01,28,9,633,1035
2008-12-01,29,1,219,242
2008-12-01,29,2,172,476
2008-12-01,29,3,43,248
2008-12-01,29,4,0,28
2008-12-01,29,5,8,164
2008-12-01,29,6,22,195
2008-12-01,29,7,0,17
2008-12-01,29,8,419,896
2008-12-01,29,9,202,720
2008-12-01,30,1,111,288
2008-12-01,30,2,208,575
2008-12-01,30,3,140,346
2008-12-01,30,4,0,50
2008-12-01,30,5,30,239
2008-12-01,30,6,69,264
2008-12-01,30,7,0,39
2008-12-01,30,8,504,1123
2008-12-01,30,9,354,892
2008-12-01,31,1,265,288
2008-12-01,31,2,242,572
2008-12-01,31,3,137,323
2008-12-01,31,4,0,68
2008-12-01,31,5,19,214
2008-12-01,31,6,97,281
2008-12-01,31,7,0,28
2008-12-01,31,8,646,1098
2008-12-01,31,9,382,890
2008-12-01,32,1,253,358
2008-12-01,32,2,226,708
2008-12-01,32,3,78,388
2008-12-01,32,4,0,78
2008-12-01,32,5,27,278
2008-12-01,32,6,108,334
2008-12-01,32,7,0,39
2008-12-01,32,8,790,1355
2008-12-01,32,9,396,1079
2008-12-01,33,1,254,256
2008-12-01,33,2,178,511
2008-12-01,33,3,305,302
2008-12-01,33,4,0,81
2008-12-01,33,5,35,203
2008-12-01,33,6,120,232
2008-12-01,33,7,0,34
2008-12-01,33,8,2568,992
2008-12-01,33,9,590,784
2009-01-01,1,1,223,220
2009-01-01,1,2,243,433
2009-01-01,1,3,85,243
2009-01-01,1,4,0,67
2009-01-01,1,5,24,162
2009-01-01,1,6,99,206
2009-01-01,1,7,0,26
2009-01-01,1,8,421,845
2009-01-01,1,9,398,678
2009-01-01,2,1,358,422
2009-01-01,2,2,228,831
2009-01-01,2,3,91,439
2009-01-01,2,4,0,77
2009-01-01,2,5,25,290
2009-01-01,2,6,83,366
2009-01-01,2,7,0,34
2009-01-01,2,8,828,1585
2009-01-01,2,9,412,1260
2009-01-01,3,1,176,292
2009-01-01,3,2,236,573
2009-01-01,3,3,64,308
2009-01-01,3,4,0,44
2009-01-01,3,5,14,186
2009-01-01,3,6,27,240
2009-01-01,3,7,0,18
2009-01-01,3,8,426,1047
2009-01-01,3,9,262,863
2009-01-01,4,1,333,346
2009-01-01,4,2,191,680
2009-01-01,4,3,184,435
2009-01-01,4,4,0,86
2009-01-01,4,5,26,266
2009-01-01,4,6,130,316
2009-01-01,4,7,0,33
2009-01-01,4,8,645,1307
2009-01-01,4,9,477,1074
2009-01-01,5,1,376,394
2009-01-01,5,2,310,782
2009-01-01,5,3,86,392
2009-01-01,5,4,0,79
2009-01-01,5,5,25,262
2009-01-01,5,6,44,321
2009-01-01,5,7,0,24
2009-01-01,5,8,809,1449
2009-01-01,5,9,426,1148
2009-01-01,6,1,308,266
2009-01-01,6,2,195,531
2009-01-01,6,3,328,315
2009-01-01,6,4,0,71
2009-01-01,6,5,33,215
2009-01-01,6,6,86,248
2009-01-01,6,7,0,24
2009-01-01,6,8,1186,1030
2009-01-01,6,9,443,804
2009-01-01,7,1,0,5
2009-01-01,7,2,0,11
2009-01-01,7,3,0,7
2009-01-01,7,5,0,4
2009-01-01,7,6,0,5
2009-01-01,7,8,0,33
2009-01-01,7,9,0,25
2009-01-01,8,1,398,440
2009-01-01,8,2,337,872
2009-01-01,8,3,217,481
2009-01-01,8,4,0,87
2009-01-01,8,5,34,283
2009-01-01,8,6,118,405
2009-01-01,8,7,0,47
2009-01-01,8,8,788,1632
2009-01-01,8,9,518,1328
2009-01-01,9,1,409,392
2009-01-01,9,2,243,778
2009-01-01,9,3,158,465
2009-01-01,9,4,0,79
2009-01-01,9,5,31,292
2009-01-01,9,6,94,351
2009-01-01,9,7,0,37
2009-01-01,9,8,816,1489
2009-01-01,9,9,545,1204
2009-01-01,10,1,388,366
2009-01-01,10,2,260,720
2009-01-01,10,3,115,408
2009-01-01,10,4,0,90
2009-01-01,10,5,18,273
2009-01-01,10,6,103,329
2009-01-01,10,7,0,35
2009-01-01,10,8,553,1393
2009-01-01,10,9,326,1119
2009-01-01,11,1,312,302
2009-01-01,11,2,255,600
2009-01-01,11,3,94,345
2009-01-01,11,4,0,56
2009-01-01,11,5,26,204
2009-01-01,11,6,76,280
2009-01-01,11,7,0,27
2009-01-01,11,8,654,1151
2009-01-01,11,9,382,935
2009-01-01,12,1,216,288
2009-01-01,12,2,138,573
2009-01-01,12,3,288,359
2009-01-01,12,4,0,70
2009-01-01,12,5,24,253
2009-01-01,12,6,70,270
2009-01-01,12,7,0,39
2009-01-01,12,8,543,1115
2009-01-01,12,9,419,901
2009-01-01,13,1,214,226
2009-01-01,13,2,170,449
2009-01-01,13,3,180,295
2009-01-01,13,4,0,45
2009-01-01,13,5,16,205
2009-01-01,13,6,68,201
2009-01-01,13,7,0,36
2009-01-01,13,8,798,893
2009-01-01,13,9,378,694
2009-01-01,14,1,327,290
2009-01-01,14,2,229,578
2009-01-01,14,3,194,328
2009-01-01,14,4,0,96
2009-01-01,14,5,26,220
2009-01-01,14,6,102,273
2009-01-01,14,7,0,35
2009-01-01,14,8,635,1115
2009-01-01,14,9,360,897
2009-01-01,15,1,233,274
2009-01-01,15,2,149,537
2009-01-01,15,3,51,289
2009-01-01,15,4,0,44
2009-01-01,15,5,10,187
2009-01-01,15,6,43,222
2009-01-01,15,7,0,24
2009-01-01,15,8,380,999
2009-01-01,15,9,223,810
2009-01-01,16,1,230,300
2009-01-01,16,2,194,594
2009-01-01,16,3,75,302
2009-01-01,16,4,0,51
2009-01-01,16,5,14,195
2009-01-01,16,6,33,256
2009-01-01,16,7,0,18
2009-01-01,16,8,428,1100
2009-01-01,16,9,217,884
2009-01-01,17,1,362,322
2009-01-01,17,2,290,635
2009-01-01,17,3,194,348
2009-01-01,17,4,0,80
2009-01-01,17,5,46,214
2009-01-01,17,6,64,276
2009-01-01,17,7,0,33
2009-01-01,17,8,776,1223
2009-01-01,17,9,478,967
2009-01-01,18,1,232,284
2009-01-01,18,2,198,565
2009-01-01,18,3,165,314
2009-01-01,18,4,0,65
2009-01-01,18,5,28,218
2009-01-01,18,6,54,241
2009-01-01,18,7,0,33
2009-01-01,18,8,527,1092
2009-01-01,18,9,380,854
2009-01-01,19,1,254,246
2009-01-01,19,2,198,491
2009-01-01,19,3,257,316
2009-01-01,19,4,0,48
2009-01-01,19,5,30,213
2009-01-01,19,6,65,243
2009-01-01,19,7,0,38
2009-01-01,19,8,869,961
2009-01-01,19,9,422,770
2009-01-01,20,1,192,206
2009-01-01,20,2,104,412
2009-01-01,20,3,131,246
2009-01-01,20,4,0,57
2009-01-01,20,5,38,185
2009-01-01,20,6,40,188
2009-01-01,20,7,0,24
2009-01-01,20,8,734,808
2009-01-01,20,9,228,622
2009-01-01,21,1,121,196
2009-01-01,21,2,100,390
2009-01-01,21,3,38,205
2009-01-01,21,4,0,35
2009-01-01,21,5,9,135
2009-01-01,21,6,26,145
2009-01-01,21,7,0,17
2009-01-01,21,8,352,716
2009-01-01,21,9,128,564
2009-01-01,22,1,320,356
2009-01-01,22,2,230,709
2009-01-01,22,3,326,445
2009-01-01,22,4,0,90
2009-01-01,22,5,61,294
2009-01-01,22,6,147,351
2009-01-01,22,7,0,53
2009-01-01,22,8,793,1394
2009-01-01,22,9,531,1114
2009-01-01,23,1,271,338
2009-01-01,23,2,260,673
2009-01-01,23,3,218,405
2009-01-01,23,4,0,102
2009-01-01,23,5,26,253
2009-01-01,23,6,122,323
2009-01-01,23,7,0,44
2009-01-01,23,8,591,1300
2009-01-01,23,9,624,1054
2009-01-01,24,1,188,248
2009-01-01,24,2,156,490
2009-01-01,24,3,51,270
2009-01-01,24,4,0,53
2009-01-01,24,5,15,180
2009-01-01,24,6,48,219
2009-01-01,24,7,0,24
2009-01-01,24,8,368,937
2009-01-01,24,9,298,726
2009-01-01,25,1,241,328
2009-01-01,25,2,233,652
2009-01-01,25,3,206,385
2009-01-01,25,4,0,99
2009-01-01,25,5,30,242
2009-01-01,25,6,136,319
2009-01-01,25,7,0,36
2009-01-01,25,8,865,1274
2009-01-01,25,9,541,1030
2009-01-01,26,1,301,322
2009-01-01,26,2,197,637
2009-01-01,26,3,180,338
2009-01-01,26,4,0,79
2009-01-01,26,5,17,230
2009-01-01,26,6,92,300
2009-01-01,26,7,0,26
2009-01-01,26,8,682,1220
2009-01-01,26,9,319,975
2009-01-01,27,1,191,230
2009-01-01,27,2,116,459
2009-01-01,27,3,62,213
2009-01-01,27,4,0,26
2009-01-01,27,5,10,164
2009-01-01,27,6,20,171
2009-01-01,27,7,0,22
2009-01-01,27,8,304,863
2009-01-01,27,9,167,668
2009-01-01,28,1,253,332
2009-01-01,28,2,284,662
2009-01-01,28,3,408,418
2009-01-01,28,4,0,109
2009-01-01,28,5,57,265
2009-01-01,28,6,133,327
2009-01-01,28,7,0,37
2009-01-01,28,8,720,1290
2009-01-01,28,9,606,1035
2009-01-01,29,1,163,242
2009-01-01,29,2,200,476
2009-01-01,29,3,38,248
2009-01-01,29,4,0,28
2009-01-01,29,5,11,164
2009-01-01,29,6,23,195
2009-01-01,29,7,0,17
2009-01-01,29,8,451,896
2009-01-01,29,9,202,720
2009-01-01,30,1,134,288
2009-01-01,30,2,219,575
2009-01-01,30,3,146,346
2009-01-01,30,4,0,50
2009-01-01,30,5,27,239
2009-01-01,30,6,87,264
2009-01-01,30,7,0,39
2009-01-01,30,8,530,1123
2009-01-01,30,9,403,892
2009-01-01,31,1,339,288
2009-01-01,31,2,232,572
2009-01-01,31,3,210,323
2009-01-01,31,4,0,68
2009-01-01,31,5,25,214
2009-01-01,31,6,135,281
2009-01-01,31,7,0,28
2009-01-01,31,8,652,1098
2009-01-01,31,9,478,890
2009-01-01,32,1,252,358
2009-01-01,32,2,241,708
2009-01-01,32,3,86,388
2009-01-01,32,4,0,78
2009-01-01,32,5,28,278
2009-01-01,32,6,95,334
2009-01-01,32,7,0,39
2009-01-01,32,8,811,1355
2009-01-01,32,9,392,1079
2009-01-01,33,1,347,256
2009-01-01,33,2,230,511
2009-01-01,33,3,361,302
2009-01-01,33,4,0,81
2009-01-01,33,5,57,203
2009-01-01,33,6,129,232
2009-01-01,33,7,0,34
2009-01-01,33,8,2397,992
2009-01-01,33,9,559,784
2009-02-01,1,1,210,220
2009-02-01,1,2,246,433
2009-02-01,1,3,69,243
2009-02-01,1,4,0,67
2009-02-01,1,5,30,162
2009-02-01,1,6,62,206
2009-02-01,1,7,0,26
2009-02-01,1,8,460,845
2009-02-01,1,9,418,678
2009-02-01,2,1,262,422
2009-02-01,2,2,176,831
2009-02-01,2,3,107,439
2009-02-01,2,4,0,77
2009-02-01,2,5,19,290
2009-02-01,2,6,79,366
2009-02-01,2,7,0,34
2009-02-01,2,8,655,1585
2009-02-01,2,9,375,1260
2009-02-01,3,1,172,292
2009-02-01,3,2,228,573
2009-02-01,3,3,66,308
2009-02-01,3,4,0,44
2009-02-01,3,5,14,186
2009-02-01,3,6,29,240
2009-02-01,3,7,0,18
2009-02-01,3,8,355,1047
2009-02-01,3,9,274,863
2009-02-01,4,1,294,346
2009-02-01,4,2,186,680
2009-02-01,4,3,234,435
2009-02-01,4,4,0,86
2009-02-01,4,5,21,266
2009-02-01,4,6,117,316
2009-02-01,4,7,0,33
2009-02-01,4,8,524,1307
2009-02-01,4,9,463,1074
2009-02-01,5,1,264,394
2009-02-01,5,2,272,782
2009-02-01,5,3,86,392
2009-02-01,5,4,0,79
2009-02-01,5,5,18,262
2009-02-01,5,6,35,321
2009-02-01,5,7,0,24
2009-02-01,5,8,648,1449
2009-02-01,5,9,437,1148
2009-02-01,6,1,236,266
2009-02-01,6,2,184,531
2009-02-01,6,3,345,315
2009-02-01,6,4,0,71
2009-02-01,6,5,33,215
2009-02-01,6,6,68,248
2009-02-01,6,7,0,24
2009-02-01,6,8,1154,1030
2009-02-01,6,9,385,804
2009-02-01,7,1,0,5
2009-02-01,7,2,0,11
2009-02-01,7,3,0,7
2009-02-01,7,5,0,4
2009-02-01,7,6,0,5
2009-02-01,7,8,0,33
2009-02-01,7,9,0,25
2009-02-01,8,1,373,440
2009-02-01,8,2,307,872
2009-02-01,8,3,237,481
2009-02-01,8,4,0,87
2009-02-01,8,5,35,283
2009-02-01,8,6,146,405
2009-02-01,8,7,0,47
2009-02-01,8,8,711,1632
2009-02-01,8,9,498,1328
2009-02-01,9,1,343,392
2009-02-01,9,2,260,778
2009-02-01,9,3,171,465
2009-02-01,9,4,0,79
2009-02-01,9,5,26,292
2009-02-01,9,6,98,351
2009-02-01,9,7,0,37
2009-02-01,9,8,789,1489
2009-02-01,9,9,542,1204
2009-02-01,10,1,304,366
2009-02-01,10,2,269,720
2009-02-01,10,3,166,408
2009-02-01,10,4,0,90
2009-02-01,10,5,22,273
2009-02-01,10,6,88,329
2009-02-01,10,7,0,35
2009-02-01,10,8,539,1393
2009-02-01,10,9,280,1119
2009-02-01,11,1,273,302
2009-02-01,11,2,248,600
2009-02-01,11,3,123,345
2009-02-01,11,4,0,56
2009-02-01,11,5,24,204
2009-02-01,11,6,63,280
2009-02-01,11,7,0,27
2009-02-01,11,8,522,1151
2009-02-01,11,9,421,935
2009-02-01,12,1,165,288
2009-02-01,12,2,150,573
2009-02-01,12,3,257,359
2009-02-01,12,4,0,70
2009-02-01,12,5,20,253
2009-02-01,12,6,64,270
2009-02-01,12,7,0,39
2009-02-01,12,8,517,1115
2009-02-01,12,9,372,901
2009-02-01,13,1,130,226
2009-02-01,13,2,138,449
2009-02-01,13,3,139,295
2009-02-01,13,4,0,45
2009-02-01,13,5,18,205
2009-02-01,13,6,45,201
2009-02-01,13,7,0,36
2009-02-01,13,8,737,893
2009-02-01,13,9,341,694
2009-02-01,14,1,282,290
2009-02-01,14,2,253,578
2009-02-01,14,3,155,328
2009-02-01,14,4,0,96
2009-02-01,14,5,17,220
2009-02-01,14,6,76,273
2009-02-01,14,7,0,35
2009-02-01,14,8,616,1115
2009-02-01,14,9,424,897
2009-02-01,15,1,218,274
2009-02-01,15,2,132,537
2009-02-01,15,3,71,289
2009-02-01,15,4,0,44
2009-02-01,15,5,12,187
2009-02-01,15,6,37,222
2009-02-01,15,7,0,24
2009-02-01,15,8,348,999
2009-02-01,15,9,257,810
2009-02-01,16,1,206,300
2009-02-01,16,2,202,594
2009-02-01,16,3,82,302
2009-02-01,16,4,0,51
2009-02-01,16,5,16,195
2009-02-01,16,6,25,256
2009-02-01,16,7,0,18
2009-02-01,16,8,445,1100
2009-02-01,16,9,243,884
2009-02-01,17,1,321,322
2009-02-01,17,2,278,635
2009-02-01,17,3,123,348
2009-02-01,17,4,0,80
2009-02-01,17,5,43,214
2009-02-01,17,6,45,276
2009-02-01,17,7,0,33
2009-02-01,17,8,772,1223
2009-02-01,17,9,477,967
2009-02-01,18,1,225,284
2009-02-01,18,2,203,565
2009-02-01,18,3,148,314
2009-02-01,18,4,0,65
2009-02-01,18,5,24,218
2009-02-01,18,6,50,241
2009-02-01,18,7,0,33
2009-02-01,18,8,552,1092
2009-02-01,18,9,368,854
2009-02-01,19,1,192,246
2009-02-01,19,2,210,491
2009-02-01,19,3,322,316
2009-02-01,19,4,0,48
2009-02-01,19,5,34,213
2009-02-01,19,6,79,243
2009-02-01,19,7,0,38
2009-02-01,19,8,806,961
2009-02-01,19,9,433,770
2009-02-01,20,1,152,206
2009-02-01,20,2,84,412
2009-02-01,20,3,154,246
2009-02-01,20,4,0,57
2009-02-01,20,5,11,185
2009-02-01,20,6,38,188
2009-02-01,20,7,0,24
2009-02-01,20,8,720,808
2009-02-01,20,9,218,622
2009-02-01,21,1,109,196
2009-02-01,21,2,131,390
2009-02-01,21,3,47,205
2009-02-01,21,4,0,35
2009-02-01,21,5,12,135
2009-02-01,21,6,23,145
2009-02-01,21,7,0,17
2009-02-01,21,8,317,716
2009-02-01,21,9,145,564
2009-02-01,22,1,250,356
2009-02-01,22,2,264,709
2009-02-01,22,3,205,445
2009-02-01,22,4,0,90
2009-02-01,22,5,38,294
2009-02-01,22,6,185,351
2009-02-01,22,7,0,53
2009-02-01,22,8,735,1394
2009-02-01,22,9,537,1114
2009-02-01,23,1,272,338
2009-02-01,23,2,248,673
2009-02-01,23,3,170,405
2009-02-01,23,4,0,102
2009-02-01,23,5,54,253
2009-02-01,23,6,105,323
2009-02-01,23,7,0,44
2009-02-01,23,8,549,1300
2009-02-01,23,9,589,1054
2009-02-01,24,1,128,248
2009-02-01,24,2,139,490
2009-02-01,24,3,66,270
2009-02-01,24,4,0,53
2009-02-01,24,5,21,180
2009-02-01,24,6,32,219
2009-02-01,24,7,0,24
2009-02-01,24,8,316,937
2009-02-01,24,9,253,726
2009-02-01,25,1,227,328
2009-02-01,25,2,251,652
2009-02-01,25,3,196,385
2009-02-01,25,4,0,99
2009-02-01,25,5,26,242
2009-02-01,25,6,127,319
2009-02-01,25,7,0,36
2009-02-01,25,8,821,1274
2009-02-01,25,9,448,1030
2009-02-01,26,1,265,322
2009-02-01,26,2,185,637
2009-02-01,26,3,161,338
2009-02-01,26,4,0,79
2009-02-01,26,5,9,230
2009-02-01,26,6,84,300
2009-02-01,26,7,0,26
2009-02-01,26,8,570,1220
2009-02-01,26,9,275,975
2009-02-01,27,1,157,230
2009-02-01,27,2,150,459
2009-02-01,27,3,53,213
2009-02-01,27,4,0,26
2009-02-01,27,5,4,164
2009-02-01,27,6,13,171
2009-02-01,27,7,0,22
2009-02-01,27,8,353,863
2009-02-01,27,9,146,668
2009-02-01,28,1,214,332
2009-02-01,28,2,258,662
2009-02-01,28,3,354,418
2009-02-01,28,4,0,109
2009-02-01,28,5,52,265
2009-02-01,28,6,129,327
2009-02-01,28,7,0,37
2009-02-01,28,8,718,1290
2009-02-01,28,9,588,1035
2009-02-01,29,1,124,242
2009-02-01,29,2,153,476
2009-02-01,29,3,28,248
2009-02-01,29,4,0,28
2009-02-01,29,5,11,164
2009-02-01,29,6,22,195
2009-02-01,29,7,0,17
2009-02-01,29,8,380,896
2009-02-01,29,9,194,720
2009-02-01,30,1,122,288
2009-02-01,30,2,178,575
2009-02-01,30,3,176,346
2009-02-01,30,4,0,50
2009-02-01,30,5,27,239
2009-02-01,30,6,61,264
2009-02-01,30,7,0,39
2009-02-01,30,8,581,1123
2009-02-01,30,9,412,892
2009-02-01,31,1,219,288
2009-02-01,31,2,220,572
2009-02-01,31,3,136,323
2009-02-01,31,4,0,68
2009-02-01,31,5,26,214
2009-02-01,31,6,108,281
2009-02-01,31,7,0,28
2009-02-01,31,8,714,1098
2009-02-01,31,9,353,890
2009-02-01,32,1,194,358
2009-02-01,32,2,197,708
2009-02-01,32,3,84,388
2009-02-01,32,4,0,78
2009-02-01,32,5,19,278
2009-02-01,32,6,92,334
2009-02-01,32,7,0,39
2009-02-01,32,8,692,1355
2009-02-01,32,9,357,1079
2009-02-01,33,1,204,256
2009-02-01,33,2,185,511
2009-02-01,33,3,285,302
2009-02-01,33,4,0,81
2009-02-01,33,5,39,203
2009-02-01,33,6,124,232
2009-02-01,33,7,0,34
2009-02-01,33,8,2203,992
2009-02-01,33,9,532,784
2009-03-01,1,1,210,220
2009-03-01,1,2,305,433
2009-03-01,1,3,137,243
2009-03-01,1,4,0,67
2009-03-01,1,5,32,162
2009-03-01,1,6,69,206
2009-03-01,1,7,0,26
2009-03-01,1,8,507,845
2009-03-01,1,9,452,678
2009-03-01,2,1,296,422
2009-03-01,2,2,254,831
2009-03-01,2,3,123,439
2009-03-01,2,4,0,77
2009-03-01,2,5,24,290
2009-03-01,2,6,74,366
2009-03-01,2,7,0,34
2009-03-01,2,8,828,1585
2009-03-01,2,9,410,1260
2009-03-01,3,1,183,292
2009-03-01,3,2,294,573
2009-03-01,3,3,102,308
2009-03-01,3,4,0,44
2009-03-01,3,5,23,186
2009-03-01,3,6,40,240
2009-03-01,3,7,0,18
2009-03-01,3,8,383,1047
2009-03-01,3,9,297,863
2009-03-01,4,1,265,346
2009-03-01,4,2,251,680
2009-03-01,4,3,235,435
2009-03-01,4,4,0,86
2009-03-01,4,5,34,266
2009-03-01,4,6,155,316
2009-03-01,4,7,0,33
2009-03-01,4,8,659,1307
2009-03-01,4,9,565,1074
2009-03-01,5,1,312,394
2009-03-01,5,2,329,782
2009-03-01,5,3,96,392
2009-03-01,5,4,0,79
2009-03-01,5,5,23,262
2009-03-01,5,6,59,321
2009-03-01,5,7,0,24
2009-03-01,5,8,672,1449
2009-03-01,5,9,454,1148
2009-03-01,6,1,260,266
2009-03-01,6,2,223,531
2009-03-01,6,3,396,315
2009-03-01,6,4,0,71
2009-03-01,6,5,44,215
2009-03-01,6,6,75,248
2009-03-01,6,7,0,24
2009-03-01,6,8,1384,1030
2009-03-01,6,9,466,804
2009-03-01,7,1,0,5
2009-03-01,7,2,0,11
2009-03-01,7,3,0,7
2009-03-01,7,5,0,4
2009-03-01,7,6,0,5
2009-03-01,7,8,0,33
2009-03-01,7,9,0,25
2009-03-01,8,1,412,440
2009-03-01,8,2,385,872
2009-03-01,8,3,255,481
2009-03-01,8,4,0,87
2009-03-01,8,5,27,283
2009-03-01,8,6,117,405
2009-03-01,8,7,0,47
2009-03-01,8,8,841,1632
2009-03-01,8,9,583,1328
2009-03-01,9,1,400,392
2009-03-01,9,2,321,778
2009-03-01,9,3,258,465
2009-03-01,9,4,0,79
2009-03-01,9,5,28,292
2009-03-01,9,6,89,351
2009-03-01,9,7,0,37
2009-03-01,9,8,807,1489
2009-03-01,9,9,632,1204
2009-03-01,10,1,335,366
2009-03-01,10,2,289,720
2009-03-01,10,3,153,408
2009-03-01,10,4,0,90
2009-03-01,10,5,23,273
2009-03-01,10,6,79,329
2009-03-01,10,7,0,35
2009-03-01,10,8,635,1393
2009-03-01,10,9,367,1119
2009-03-01,11,1,241,302
2009-03-01,11,2,270,600
2009-03-01,11,3,110,345
2009-03-01,11,4,0,56
2009-03-01,11,5,17,204
2009-03-01,11,6,54,280
2009-03-01,11,7,0,27
2009-03-01,11,8,605,1151
2009-03-01,11,9,467,935
2009-03-01,12,1,258,288
2009-03-01,12,2,140,573
2009-03-01,12,3,296,359
2009-03-01,12,4,0,70
2009-03-01,12,5,40,253
2009-03-01,12,6,64,270
2009-03-01,12,7,0,39
2009-03-01,12,8,627,1115
2009-03-01,12,9,474,901
2009-03-01,13,1,193,226
2009-03-01,13,2,188,449
2009-03-01,13,3,227,295
2009-03-01,13,4,0,45
2009-03-01,13,5,25,205
2009-03-01,13,6,51,201
2009-03-01,13,7,0,36
2009-03-01,13,8,752,893
2009-03-01,13,9,424,694
2009-03-01,14,1,388,290
2009-03-01,14,2,267,578
2009-03-01,14,3,192,328
2009-03-01,14,4,0,96
2009-03-01,14,5,27,220
2009-03-01,14,6,81,273
2009-03-01,14,7,0,35
2009-03-01,14,8,707,1115
2009-03-01,14,9,458,897
2009-03-01,15,1,211,274
2009-03-01,15,2,174,537
2009-03-01,15,3,54,289
2009-03-01,15,4,0,44
2009-03-01,15,5,17,187
2009-03-01,15,6,51,222
2009-03-01,15,7,0,24
2009-03-01,15,8,446,999
2009-03-01,15,9,283,810
2009-03-01,16,1,226,300
2009-03-01,16,2,241,594
2009-03-01,16,3,56,302
2009-03-01,16,4,0,51
2009-03-01,16,5,17,195
2009-03-01,16,6,29,256
2009-03-01,16,7,0,18
2009-03-01,16,8,484,1100
2009-03-01,16,9,264,884
2009-03-01,17,1,275,322
2009-03-01,17,2,365,635
2009-03-01,17,3,111,348
2009-03-01,17,4,0,80
2009-03-01,17,5,52,214
2009-03-01,17,6,65,276
2009-03-01,17,7,0,33
2009-03-01,17,8,853,1223
2009-03-01,17,9,565,967
2009-03-01,18,1,267,284
2009-03-01,18,2,225,565
2009-03-01,18,3,110,314
2009-03-01,18,4,0,65
2009-03-01,18,5,30,218
2009-03-01,18,6,52,241
2009-03-01,18,7,0,33
2009-03-01,18,8,596,1092
2009-03-01,18,9,438,854
2009-03-01,19,1,258,246
2009-03-01,19,2,222,491
2009-03-01,19,3,193,316
2009-03-01,19,4,0,48
2009-03-01,19,5,38,213
2009-03-01,19,6,71,243
2009-03-01,19,7,0,38
2009-03-01,19,8,993,961
2009-03-01,19,9,463,770
2009-03-01,20,1,126,206
2009-03-01,20,2,100,412
2009-03-01,20,3,195,246
2009-03-01,20,4,0,57
2009-03-01,20,5,26,185
2009-03-01,20,6,41,188
2009-03-01,20,7,0,24
2009-03-01,20,8,857,808
2009-03-01,20,9,203,622
2009-03-01,21,1,130,196
2009-03-01,21,2,150,390
2009-03-01,21,3,37,205
2009-03-01,21,4,0,35
2009-03-01,21,5,11,135
2009-03-01,21,6,27,145
2009-03-01,21,7,0,17
2009-03-01,21,8,421,716
2009-03-01,21,9,164,564
2009-03-01,22,1,395,356
2009-03-01,22,2,293,709
2009-03-01,22,3,250,445
2009-03-01,22,4,0,90
2009-03-01,22,5,38,294
2009-03-01,22,6,209,351
2009-03-01,22,7,0,53
2009-03-01,22,8,865,1394
2009-03-01,22,9,610,1114
2009-03-01,23,1,260,338
2009-03-01,23,2,323,673
2009-03-01,23,3,225,405
2009-03-01,23,4,0,102
2009-03-01,23,5,47,253
2009-03-01,23,6,108,323
2009-03-01,23,7,0,44
2009-03-01,23,8,692,1300
2009-03-01,23,9,692,1054
2009-03-01,24,1,180,248
2009-03-01,24,2,166,490
2009-03-01,24,3,50,270
2009-03-01,24,4,0,53
2009-03-01,24,5,24,180
2009-03-01,24,6,56,219
2009-03-01,24,7,0,24
2009-03-01,24,8,385,937
2009-03-01,24,9,301,726
2009-03-01,25,1,273,328
2009-03-01,25,2,289,652
2009-03-01,25,3,242,385
2009-03-01,25,4,0,99
2009-03-01,25,5,57,242
2009-03-01,25,6,172,319
2009-03-01,25,7,0,36
2009-03-01,25,8,944,1274
2009-03-01,25,9,551,1030
2009-03-01,26,1,304,322
2009-03-01,26,2,216,637
2009-03-01,26,3,170,338
2009-03-01,26,4,0,79
2009-03-01,26,5,30,230
2009-03-01,26,6,81,300
2009-03-01,26,7,0,26
2009-03-01,26,8,749,1220
2009-03-01,26,9,335,975
2009-03-01,27,1,137,230
2009-03-01,27,2,182,459
2009-03-01,27,3,49,213
2009-03-01,27,4,0,26
2009-03-01,27,5,13,164
2009-03-01,27,6,21,171
2009-03-01,27,7,0,22
2009-03-01,27,8,410,863
2009-03-01,27,9,161,668
2009-03-01,28,1,285,332
2009-03-01,28,2,207,662
2009-03-01,28,3,390,418
2009-03-01,28,4,0,109
2009-03-01,28,5,52,265
2009-03-01,28,6,163,327
2009-03-01,28,7,0,37
2009-03-01,28,8,892,1290
2009-03-01,28,9,631,1035
2009-03-01,29,1,124,242
2009-03-01,29,2,200,476
2009-03-01,29,3,51,248
2009-03-01,29,4,0,28
2009-03-01,29,5,10,164
2009-03-01,29,6,39,195
2009-03-01,29,7,0,17
2009-03-01,29,8,445,896
2009-03-01,29,9,259,720
2009-03-01,30,1,163,288
2009-03-01,30,2,252,575
2009-03-01,30,3,321,346
2009-03-01,30,4,0,50
2009-03-01,30,5,39,239
2009-03-01,30,6,49,264
2009-03-01,30,7,0,39
2009-03-01,30,8,693,1123
2009-03-01,30,9,471,892
2009-03-01,31,1,300,288
2009-03-01,31,2,309,572
2009-03-01,31,3,176,323
2009-03-01,31,4,0,68
2009-03-01,31,5,25,214
2009-03-01,31,6,122,281
2009-03-01,31,7,0,28
2009-03-01,31,8,779,1098
2009-03-01,31,9,480,890
2009-03-01,32,1,251,358
2009-03-01,32,2,236,708
2009-03-01,32,3,85,388
2009-03-01,32,4,0,78
2009-03-01,32,5,31,278
2009-03-01,32,6,128,334
2009-03-01,32,7,0,39
2009-03-01,32,8,850,1355
2009-03-01,32,9,428,1079
2009-03-01,33,1,225,256
2009-03-01,33,2,201,511
2009-03-01,33,3,373,302
2009-03-01,33,4,0,81
2009-03-01,33,5,38,203
2009-03-01,33,6,121,232
2009-03-01,33,7,0,34
2009-03-01,33,8,2458,992
2009-03-01,33,9,613,784
2009-04-01,1,1,187,220
2009-04-01,1,2,270,433
2009-04-01,1,3,63,243
2009-04-01,1,4,0,67
2009-04-01,1,5,20,162
2009-04-01,1,6,51,206
2009-04-01,1,7,0,26
2009-04-01,1,8,531,845
2009-04-01,1,9,409,678
2009-04-01,2,1,291,422
2009-04-01,2,2,211,831
2009-04-01,2,3,80,439
2009-04-01,2,4,0,77
2009-04-01,2,5,23,290
2009-04-01,2,6,77,366
2009-04-01,2,7,0,34
2009-04-01,2,8,767,1585
2009-04-01,2,9,424,1260
2009-04-01,3,1,183,292
2009-04-01,3,2,253,573
2009-04-01,3,3,33,308
2009-04-01,3,4,0,44
2009-04-01,3,5,11,186
2009-04-01,3,6,37,240
2009-04-01,3,7,0,18
2009-04-01,3,8,373,1047
2009-04-01,3,9,317,863
2009-04-01,4,1,227,346
2009-04-01,4,2,230,680
2009-04-01,4,3,197,435
2009-04-01,4,4,0,86
2009-04-01,4,5,22,266
2009-04-01,4,6,122,316
2009-04-01,4,7,0,33
2009-04-01,4,8,592,1307
2009-04-01,4,9,525,1074
2009-04-01,5,1,266,394
2009-04-01,5,2,338,782
2009-04-01,5,3,65,392
2009-04-01,5,4,0,79
2009-04-01,5,5,22,262
2009-04-01,5,6,51,321
2009-04-01,5,7,0,24
2009-04-01,5,8,653,1449
2009-04-01,5,9,355,1148
2009-04-01,6,1,259,266
2009-04-01,6,2,282,531
2009-04-01,6,3,180,315
2009-04-01,6,4,0,71
2009-04-01,6,5,46,215
2009-04-01,6,6,85,248
2009-04-01,6,7,0,24
2009-04-01,6,8,1196,1030
2009-04-01,6,9,467,804
2009-04-01,7,1,0,5
2009-04-01,7,2,0,11
2009-04-01,7,3,0,7
2009-04-01,7,5,0,4
2009-04-01,7,6,0,5
2009-04-01,7,8,0,33
2009-04-01,7,9,0,25
2009-04-01,8,1,377,440
2009-04-01,8,2,360,872
2009-04-01,8,3,184,481
2009-04-01,8,4,0,87
2009-04-01,8,5,34,283
2009-04-01,8,6,141,405
2009-04-01,8,7,0,47
2009-04-01,8,8,920,1632
2009-04-01,8,9,558,1328
2009-04-01,9,1,258,392
2009-04-01,9,2,322,778
2009-04-01,9,3,198,465
2009-04-01,9,4,0,79
2009-04-01,9,5,32,292
2009-04-01,9,6,89,351
2009-04-01,9,7,0,37
2009-04-01,9,8,834,1489
2009-04-01,9,9,575,1204
2009-04-01,10,1,296,366
2009-04-01,10,2,314,720
2009-04-01,10,3,125,408
2009-04-01,10,4,0,90
2009-04-01,10,5,20,273
2009-04-01,10,6,106,329
2009-04-01,10,7,0,35
2009-04-01,10,8,585,1393
2009-04-01,10,9,338,1119
2009-04-01,11,1,253,302
2009-04-01,11,2,289,600
2009-04-01,11,3,122,345
2009-04-01,11,4,0,56
2009-04-01,11,5,71,204
2009-04-01,11,6,57,280
2009-04-01,11,7,0,27
2009-04-01,11,8,515,1151
2009-04-01,11,9,407,935
2009-04-01,12,1,220,288
2009-04-01,12,2,171,573
2009-04-01,12,3,177,359
2009-04-01,12,4,0,70
2009-04-01,12,5,26,253
2009-04-01,12,6,76,270
2009-04-01,12,7,0,39
2009-04-01,12,8,594,1115
2009-04-01,12,9,435,901
2009-04-01,13,1,159,226
2009-04-01,13,2,163,449
2009-04-01,13,3,174,295
2009-04-01,13,4,0,45
2009-04-01,13,5,27,205
2009-04-01,13,6,66,201
2009-04-01,13,7,0,36
2009-04-01,13,8,832,893
2009-04-01,13,9,398,694
2009-04-01,14,1,273,290
2009-04-01,14,2,288,578
2009-04-01,14,3,238,328
2009-04-01,14,4,0,96
2009-04-01,14,5,26,220
2009-04-01,14,6,102,273
2009-04-01,14,7,0,35
2009-04-01,14,8,796,1115
2009-04-01,14,9,438,897
2009-04-01,15,1,227,274
2009-04-01,15,2,188,537
2009-04-01,15,3,62,289
2009-04-01,15,4,0,44
2009-04-01,15,5,24,187
2009-04-01,15,6,37,222
2009-04-01,15,7,0,24
2009-04-01,15,8,410,999
2009-04-01,15,9,288,810
2009-04-01,16,1,256,300
2009-04-01,16,2,192,594
2009-04-01,16,3,59,302
2009-04-01,16,4,0,51
2009-04-01,16,5,10,195
2009-04-01,16,6,27,256
2009-04-01,16,7,0,18
2009-04-01,16,8,415,1100
2009-04-01,16,9,221,884
2009-04-01,17,1,245,322
2009-04-01,17,2,308,635
2009-04-01,17,3,77,348
2009-04-01,17,4,0,80
2009-04-01,17,5,63,214
2009-04-01,17,6,35,276
2009-04-01,17,7,0,33
2009-04-01,17,8,856,1223
2009-04-01,17,9,454,967
2009-04-01,18,1,210,284
2009-04-01,18,2,245,565
2009-04-01,18,3,86,314
2009-04-01,18,4,0,65
2009-04-01,18,5,28,218
2009-04-01,18,6,44,241
2009-04-01,18,7,0,33
2009-04-01,18,8,576,1092
2009-04-01,18,9,456,854
2009-04-01,19,1,216,246
2009-04-01,19,2,204,491
2009-04-01,19,3,118,316
2009-04-01,19,4,0,48
2009-04-01,19,5,34,213
2009-04-01,19,6,85,243
2009-04-01,19,7,0,38
2009-04-01,19,8,1026,961
2009-04-01,19,9,449,770
2009-04-01,20,1,118,206
2009-04-01,20,2,92,412
2009-04-01,20,3,131,246
2009-04-01,20,4,0,57
2009-04-01,20,5,44,185
2009-04-01,20,6,40,188
2009-04-01,20,7,0,24
2009-04-01,20,8,847,808
2009-04-01,20,9,188,622
2009-04-01,21,1,116,196
2009-04-01,21,2,134,390
2009-04-01,21,3,31,205
2009-04-01,21,4,0,35
2009-04-01,21,5,4,135
2009-04-01,21,6,35,145
2009-04-01,21,7,0,17
2009-04-01,21,8,379,716
2009-04-01,21,9,204,564
2009-04-01,22,1,306,356
2009-04-01,22,2,345,709
2009-04-01,22,3,272,445
2009-04-01,22,4,0,90
2009-04-01,22,5,45,294
2009-04-01,22,6,174,351
2009-04-01,22,7,0,53
2009-04-01,22,8,891,1394
2009-04-01,22,9,581,1114
2009-04-01,23,1,211,338
2009-04-01,23,2,354,673
2009-04-01,23,3,156,405
2009-04-01,23,4,0,102
2009-04-01,23,5,37,253
2009-04-01,23,6,86,323
2009-04-01,23,7,0,44
2009-04-01,23,8,612,1300
2009-04-01,23,9,553,1054
2009-04-01,24,1,179,248
2009-04-01,24,2,210,490
2009-04-01,24,3,48,270
2009-04-01,24,4,0,53
2009-04-01,24,5,17,180
2009-04-01,24,6,37,219
2009-04-01,24,7,0,24
2009-04-01,24,8,383,937
2009-04-01,24,9,312,726
2009-04-01,25,1,249,328
2009-04-01,25,2,289,652
2009-04-01,25,3,166,385
2009-04-01,25,4,0,99
2009-04-01,25,5,26,242
2009-04-01,25,6,167,319
2009-04-01,25,7,0,36
2009-04-01,25,8,928,1274
2009-04-01,25,9,504,1030
2009-04-01,26,1,255,322
2009-04-01,26,2,208,637
2009-04-01,26,3,100,338
2009-04-01,26,4,0,79
2009-04-01,26,5,13,230
2009-04-01,26,6,95,300
2009-04-01,26,7,0,26
2009-04-01,26,8,687,1220
2009-04-01,26,9,291,975
2009-04-01,27,1,150,230
2009-04-01,27,2,139,459
2009-04-01,27,3,34,213
2009-04-01,27,4,0,26
2009-04-01,27,5,7,164
2009-04-01,27,6,18,171
2009-04-01,27,7,0,22
2009-04-01,27,8,409,863
2009-04-01,27,9,151,668
2009-04-01,28,1,262,332
2009-04-01,28,2,267,662
2009-04-01,28,3,272,418
2009-04-01,28,4,0,109
2009-04-01,28,5,41,265
2009-04-01,28,6,180,327
2009-04-01,28,7,0,37
2009-04-01,28,8,866,1290
2009-04-01,28,9,594,1035
2009-04-01,29,1,146,242
2009-04-01,29,2,224,476
2009-04-01,29,3,32,248
2009-04-01,29,4,0,28
2009-04-01,29,5,15,164
2009-04-01,29,6,39,195
2009-04-01,29,7,0,17
2009-04-01,29,8,438,896
2009-04-01,29,9,225,720
2009-04-01,30,1,200,288
2009-04-01,30,2,276,575
2009-04-01,30,3,109,346
2009-04-01,30,4,0,50
2009-04-01,30,5,39,239
2009-04-01,30,6,70,264
2009-04-01,30,7,0,39
2009-04-01,30,8,713,1123
2009-04-01,30,9,453,892
2009-04-01,31,1,294,288
2009-04-01,31,2,258,572
2009-04-01,31,3,94,323
2009-04-01,31,4,0,68
2009-04-01,31,5,26,214
2009-04-01,31,6,133,281
2009-04-01,31,7,0,28
2009-04-01,31,8,752,1098
2009-04-01,31,9,468,890
2009-04-01,32,1,193,358
2009-04-01,32,2,253,708
2009-04-01,32,3,63,388
2009-04-01,32,4,0,78
2009-04-01,32,5,17,278
2009-04-01,32,6,127,334
2009-04-01,32,7,0,39
2009-04-01,32,8,772,1355
2009-04-01,32,9,435,1079
2009-04-01,33,1,227,256
2009-04-01,33,2,196,511
2009-04-01,33,3,287,302
2009-04-01,33,4,0,81
2009-04-01,33,5,42,203
2009-04-01,33,6,100,232
2009-04-01,33,7,0,34
2009-04-01,33,8,2255,992
2009-04-01,33,9,589,784
2009-05-01,1,1,197,220
2009-05-01,1,2,285,433
2009-05-01,1,3,55,243
2009-05-01,1,4,0,67
2009-05-01,1,5,32,162
2009-05-01,1,6,54,206
2009-05-01,1,7,0,26
2009-05-01,1,8,493,845
2009-05-01,1,9,435,678
2009-05-01,2,1,338,422
2009-05-01,2,2,246,831
2009-05-01,2,3,119,439
2009-05-01,2,4,0,77
2009-05-01,2,5,24,290
2009-05-01,2,6,74,366
2009-05-01,2,7,0,34
2009-05-01,2,8,833,1585
2009-05-01,2,9,409,1260
2009-05-01,3,1,157,292
2009-05-01,3,2,270,573
2009-05-01,3,3,61,308
2009-05-01,3,4,0,44
2009-05-01,3,5,14,186
2009-05-01,3,6,26,240
2009-05-01,3,7,0,18
2009-05-01,3,8,434,1047
2009-05-01,3,9,345,863
2009-05-01,4,1,283,346
2009-05-01,4,2,292,680
2009-05-01,4,3,149,435
2009-05-01,4,4,0,86
2009-05-01,4,5,22,266
2009-05-01,4,6,150,316
2009-05-01,4,7,0,33
2009-05-01,4,8,645,1307
2009-05-01,4,9,565,1074
2009-05-01,5,1,355,394
2009-05-01,5,2,373,782
2009-05-01,5,3,91,392
2009-05-01,5,4,0,79
2009-05-01,5,5,10,262
2009-05-01,5,6,47,321
2009-05-01,5,7,0,24
2009-05-01,5,8,824,1449
2009-05-01,5,9,447,1148
2009-05-01,6,1,313,266
2009-05-01,6,2,223,531
2009-05-01,6,3,227,315
2009-05-01,6,4,0,71
2009-05-01,6,5,31,215
2009-05-01,6,6,103,248
2009-05-01,6,7,0,24
2009-05-01,6,8,1304,1030
2009-05-01,6,9,478,804
2009-05-01,7,1,0,5
2009-05-01,7,2,0,11
2009-05-01,7,3,0,7
2009-05-01,7,5,0,4
2009-05-01,7,6,0,5
2009-05-01,7,8,0,33
2009-05-01,7,9,0,25
2009-05-01,8,1,347,440
2009-05-01,8,2,350,872
2009-05-01,8,3,185,481
2009-05-01,8,4,0,87
2009-05-01,8,5,45,283
2009-05-01,8,6,127,405
2009-05-01,8,7,0,47
2009-05-01,8,8,851,1632
2009-05-01,8,9,637,1328
2009-05-01,9,1,327,392
2009-05-01,9,2,314,778
2009-05-01,9,3,181,465
2009-05-01,9,4,0,79
2009-05-01,9,5,29,292
2009-05-01,9,6,115,351
2009-05-01,9,7,0,37
2009-05-01,9,8,892,1489
2009-05-01,9,9,615,1204
2009-05-01,10,1,305,366
2009-05-01,10,2,287,720
2009-05-01,10,3,93,408
2009-05-01,10,4,0,90
2009-05-01,10,5,20,273
2009-05-01,10,6,109,329
2009-05-01,10,7,0,35
2009-05-01,10,8,548,1393
2009-05-01,10,9,351,1119
2009-05-01,11,1,256,302
2009-05-01,11,2,265,600
2009-05-01,11,3,121,345
2009-05-01,11,4,0,56
2009-05-01,11,5,29,204
2009-05-01,11,6,73,280
2009-05-01,11,7,0,27
2009-05-01,11,8,576,1151
2009-05-01,11,9,473,935
2009-05-01,12,1,210,288
2009-05-01,12,2,198,573
2009-05-01,12,3,206,359
2009-05-01,12,4,0,70
2009-05-01,12,5,25,253
2009-05-01,12,6,92,270
2009-05-01,12,7,0,39
2009-05-01,12,8,620,1115
2009-05-01,12,9,466,901
2009-05-01,13,1,156,226
2009-05-01,13,2,179,449
2009-05-01,13,3,173,295
2009-05-01,13,4,0,45
2009-05-01,13,5,37,205
2009-05-01,13,6,47,201
2009-05-01,13,7,0,36
2009-05-01,13,8,776,893
2009-05-01,13,9,437,694
2009-05-01,14,1,276,290
2009-05-01,14,2,310,578
2009-05-01,14,3,156,328
2009-05-01,14,4,0,96
2009-05-01,14,5,20,220
2009-05-01,14,6,112,273
2009-05-01,14,7,0,35
2009-05-01,14,8,732,1115
2009-05-01,14,9,484,897
2009-05-01,15,1,199,274
2009-05-01,15,2,178,537
2009-05-01,15,3,75,289
2009-05-01,15,4,0,44
2009-05-01,15,5,18,187
2009-05-01,15,6,38,222
2009-05-01,15,7,0,24
2009-05-01,15,8,460,999
2009-05-01,15,9,252,810
2009-05-01,16,1,244,300
2009-05-01,16,2,242,594
2009-05-01,16,3,62,302
2009-05-01,16,4,0,51
2009-05-01,16,5,16,195
2009-05-01,16,6,34,256
2009-05-01,16,7,0,18
2009-05-01,16,8,429,1100
2009-05-01,16,9,292,884
2009-05-01,17,1,256,322
2009-05-01,17,2,302,635
2009-05-01,17,3,61,348
2009-05-01,17,4,0,80
2009-05-01,17,5,36,214
2009-05-01,17,6,49,276
2009-05-01,17,7,0,33
2009-05-01,17,8,820,1223
2009-05-01,17,9,584,967
2009-05-01,18,1,195,284
2009-05-01,18,2,278,565
2009-05-01,18,3,152,314
2009-05-01,18,4,0,65
2009-05-01,18,5,29,218
2009-05-01,18,6,50,241
2009-05-01,18,7,0,33
2009-05-01,18,8,570,1092
2009-05-01,18,9,471,854
2009-05-01,19,1,224,246
2009-05-01,19,2,247,491
2009-05-01,19,3,171,316
2009-05-01,19,4,0,48
2009-05-01,19,5,25,213
2009-05-01,19,6,95,243
2009-05-01,19,7,0,38
2009-05-01,19,8,977,961
2009-05-01,19,9,471,770
2009-05-01,20,1,131,206
2009-05-01,20,2,98,412
2009-05-01,20,3,148,246
2009-05-01,20,4,0,57
2009-05-01,20,5,23,185
2009-05-01,20,6,39,188
2009-05-01,20,7,0,24
2009-05-01,20,8,914,808
2009-05-01,20,9,246,622
2009-05-01,21,1,100,196
2009-05-01,21,2,135,390
2009-05-01,21,3,37,205
2009-05-01,21,4,0,35
2009-05-01,21,5,11,135
2009-05-01,21,6,35,145
2009-05-01,21,7,0,17
2009-05-01,21,8,373,716
2009-05-01,21,9,200,564
2009-05-01,22,1,322,356
2009-05-01,22,2,337,709
2009-05-01,22,3,267,445
2009-05-01,22,4,0,90
2009-05-01,22,5,48,294
2009-05-01,22,6,192,351
2009-05-01,22,7,0,53
2009-05-01,22,8,967,1394
2009-05-01,22,9,665,1114
2009-05-01,23,1,198,338
2009-05-01,23,2,329,673
2009-05-01,23,3,137,405
2009-05-01,23,4,0,102
2009-05-01,23,5,44,253
2009-05-01,23,6,77,323
2009-05-01,23,7,0,44
2009-05-01,23,8,649,1300
2009-05-01,23,9,703,1054
2009-05-01,24,1,199,248
2009-05-01,24,2,193,490
2009-05-01,24,3,68,270
2009-05-01,24,4,0,53
2009-05-01,24,5,19,180
2009-05-01,24,6,36,219
2009-05-01,24,7,0,24
2009-05-01,24,8,419,937
2009-05-01,24,9,307,726
2009-05-01,25,1,235,328
2009-05-01,25,2,298,652
2009-05-01,25,3,163,385
2009-05-01,25,4,0,99
2009-05-01,25,5,29,242
2009-05-01,25,6,181,319
2009-05-01,25,7,0,36
2009-05-01,25,8,883,1274
2009-05-01,25,9,596,1030
2009-05-01,26,1,289,322
2009-05-01,26,2,262,637
2009-05-01,26,3,119,338
2009-05-01,26,4,0,79
2009-05-01,26,5,19,230
2009-05-01,26,6,95,300
2009-05-01,26,7,0,26
2009-05-01,26,8,711,1220
2009-05-01,26,9,334,975
2009-05-01,27,1,152,230
2009-05-01,27,2,179,459
2009-05-01,27,3,46,213
2009-05-01,27,4,0,26
2009-05-01,27,5,12,164
2009-05-01,27,6,15,171
2009-05-01,27,7,0,22
2009-05-01,27,8,414,863
2009-05-01,27,9,203,668
2009-05-01,28,1,276,332
2009-05-01,28,2,268,662
2009-05-01,28,3,283,418
2009-05-01,28,4,0,109
2009-05-01,28,5,58,265
2009-05-01,28,6,154,327
2009-05-01,28,7,0,37
2009-05-01,28,8,917,1290
2009-05-01,28,9,742,1035
2009-05-01,29,1,133,242
2009-05-01,29,2,212,476
2009-05-01,29,3,33,248
2009-05-01,29,4,0,28
2009-05-01,29,5,19,164
2009-05-01,29,6,27,195
2009-05-01,29,7,0,17
2009-05-01,29,8,503,896
2009-05-01,29,9,243,720
2009-05-01,30,1,147,288
2009-05-01,30,2,247,575
2009-05-01,30,3,235,346
2009-05-01,30,4,0,50
2009-05-01,30,5,39,239
2009-05-01,30,6,68,264
2009-05-01,30,7,0,39
2009-05-01,30,8,674,1123
2009-05-01,30,9,546,892
2009-05-01,31,1,277,288
2009-05-01,31,2,268,572
2009-05-01,31,3,128,323
2009-05-01,31,4,0,68
2009-05-01,31,5,23,214
2009-05-01,31,6,144,281
2009-05-01,31,7,0,28
2009-05-01,31,8,725,1098
2009-05-01,31,9,498,890
2009-05-01,32,1,254,358
2009-05-01,32,2,331,708
2009-05-01,32,3,75,388
2009-05-01,32,4,0,78
2009-05-01,32,5,25,278
2009-05-01,32,6,120,334
2009-05-01,32,7,0,39
2009-05-01,32,8,827,1355
2009-05-01,32,9,465,1079
2009-05-01,33,1,220,256
2009-05-01,33,2,241,511
2009-05-01,33,3,385,302
2009-05-01,33,4,0,81
2009-05-01,33,5,59,203
2009-05-01,33,6,129,232
2009-05-01,33,7,0,34
2009-05-01,33,8,2679,992
2009-05-01,33,9,631,784
2009-06-01,1,1,165,220
2009-06-01,1,2,208,433
2009-06-01,1,3,110,243
2009-06-01,1,4,0,67
2009-06-01,1,5,26,162
2009-06-01,1,6,60,206
2009-06-01,1,7,0,26
2009-06-01,1,8,427,845
2009-06-01,1,9,460,678
2009-06-01,2,1,362,422
2009-06-01,2,2,248,831
2009-06-01,2,3,107,439
2009-06-01,2,4,0,77
2009-06-01,2,5,28,290
2009-06-01,2,6,69,366
2009-06-01,2,7,0,34
2009-06-01,2,8,849,1585
2009-06-01,2,9,363,1260
2009-06-01,3,1,144,292
2009-06-01,3,2,216,573
2009-06-01,3,3,78,308
2009-06-01,3,4,0,44
2009-06-01,3,5,16,186
2009-06-01,3,6,12,240
2009-06-01,3,7,0,18
2009-06-01,3,8,470,1047
2009-06-01,3,9,305,863
2009-06-01,4,1,321,346
2009-06-01,4,2,232,680
2009-06-01,4,3,210,435
2009-06-01,4,4,0,86
2009-06-01,4,5,20,266
2009-06-01,4,6,150,316
2009-06-01,4,7,0,33
2009-06-01,4,8,662,1307
2009-06-01,4,9,589,1074
2009-06-01,5,1,317,394
2009-06-01,5,2,283,782
2009-06-01,5,3,82,392
2009-06-01,5,4,0,79
2009-06-01,5,5,18,262
2009-06-01,5,6,44,321
2009-06-01,5,7,0,24
2009-06-01,5,8,656,1449
2009-06-01,5,9,488,1148
2009-06-01,6,1,299,266
2009-06-01,6,2,268,531
2009-06-01,6,3,245,315
2009-06-01,6,4,0,71
2009-06-01,6,5,38,215
2009-06-01,6,6,82,248
2009-06-01,6,7,0,24
2009-06-01,6,8,1275,1030
2009-06-01,6,9,490,804
2009-06-01,7,1,0,5
2009-06-01,7,2,0,11
2009-06-01,7,3,0,7
2009-06-01,7,5,0,4
2009-06-01,7,6,0,5
2009-06-01,7,8,0,33
2009-06-01,7,9,0,25
2009-06-01,8,1,368,440
2009-06-01,8,2,386,872
2009-06-01,8,3,205,481
2009-06-01,8,4,0,87
2009-06-01,8,5,40,283
2009-06-01,8,6,108,405
2009-06-01,8,7,0,47
2009-06-01,8,8,869,1632
2009-06-01,8,9,611,1328
2009-06-01,9,1,318,392
2009-06-01,9,2,303,778
2009-06-01,9,3,222,465
2009-06-01,9,4,0,79
2009-06-01,9,5,38,292
2009-06-01,9,6,104,351
2009-06-01,9,7,0,37
2009-06-01,9,8,833,1489
2009-06-01,9,9,625,1204
2009-06-01,10,1,362,366
2009-06-01,10,2,321,720
2009-06-01,10,3,130,408
2009-06-01,10,4,0,90
2009-06-01,10,5,28,273
2009-06-01,10,6,90,329
2009-06-01,10,7,0,35
2009-06-01,10,8,674,1393
2009-06-01,10,9,365,1119
2009-06-01,11,1,215,302
2009-06-01,11,2,272,600
2009-06-01,11,3,154,345
2009-06-01,11,4,0,56
2009-06-01,11,5,50,204
2009-06-01,11,6,54,280
2009-06-01,11,7,0,27
2009-06-01,11,8,596,1151
2009-06-01,11,9,464,935
2009-06-01,12,1,196,288
2009-06-01,12,2,189,573
2009-06-01,12,3,306,359
2009-06-01,12,4,0,70
2009-06-01,12,5,28,253
2009-06-01,12,6,64,270
2009-06-01,12,7,0,39
2009-06-01,12,8,655,1115
2009-06-01,12,9,518,901
2009-06-01,13,1,160,226
2009-06-01,13,2,166,449
2009-06-01,13,3,141,295
2009-06-01,13,4,0,45
2009-06-01,13,5,30,205
2009-06-01,13,6,48,201
2009-06-01,13,7,0,36
2009-06-01,13,8,896,893
2009-06-01,13,9,389,694
2009-06-01,14,1,258,290
2009-06-01,14,2,251,578
2009-06-01,14,3,181,328
2009-06-01,14,4,0,96
2009-06-01,14,5,33,220
2009-06-01,14,6,82,273
2009-06-01,14,7,0,35
2009-06-01,14,8,738,1115
2009-06-01,14,9,441,897
2009-06-01,15,1,175,274
2009-06-01,15,2,164,537
2009-06-01,15,3,102,289
2009-06-01,15,4,0,44
2009-06-01,15,5,16,187
2009-06-01,15,6,35,222
2009-06-01,15,7,0,24
2009-06-01,15,8,414,999
2009-06-01,15,9,297,810
2009-06-01,16,1,171,300
2009-06-01,16,2,207,594
2009-06-01,16,3,67,302
2009-06-01,16,4,0,51
2009-06-01,16,5,16,195
2009-06-01,16,6,24,256
2009-06-01,16,7,0,18
2009-06-01,16,8,465,1100
2009-06-01,16,9,251,884
2009-06-01,17,1,211,322
2009-06-01,17,2,275,635
2009-06-01,17,3,138,348
2009-06-01,17,4,0,80
2009-06-01,17,5,46,214
2009-06-01,17,6,58,276
2009-06-01,17,7,0,33
2009-06-01,17,8,777,1223
2009-06-01,17,9,519,967
2009-06-01,18,1,211,284
2009-06-01,18,2,260,565
2009-06-01,18,3,113,314
2009-06-01,18,4,0,65
2009-06-01,18,5,40,218
2009-06-01,18,6,52,241
2009-06-01,18,7,0,33
2009-06-01,18,8,607,1092
2009-06-01,18,9,485,854
2009-06-01,19,1,249,246
2009-06-01,19,2,202,491
2009-06-01,19,3,204,316
2009-06-01,19,4,0,48
2009-06-01,19,5,39,213
2009-06-01,19,6,64,243
2009-06-01,19,7,0,38
2009-06-01,19,8,1012,961
2009-06-01,19,9,505,770
2009-06-01,20,1,150,206
2009-06-01,20,2,120,412
2009-06-01,20,3,174,246
2009-06-01,20,4,0,57
2009-06-01,20,5,8,185
2009-06-01,20,6,41,188
2009-06-01,20,7,0,24
2009-06-01,20,8,887,808
2009-06-01,20,9,289,622
2009-06-01,21,1,101,196
2009-06-01,21,2,121,390
2009-06-01,21,3,55,205
2009-06-01,21,4,0,35
2009-06-01,21,5,10,135
2009-06-01,21,6,13,145
2009-06-01,21,7,0,17
2009-06-01,21,8,382,716
2009-06-01,21,9,164,564
2009-06-01,22,1,375,356
2009-06-01,22,2,311,709
2009-06-01,22,3,291,445
2009-06-01,22,4,0,90
2009-06-01,22,5,46,294
2009-06-01,22,6,190,351
2009-06-01,22,7,0,53
2009-06-01,22,8,972,1394
2009-06-01,22,9,728,1114
2009-06-01,23,1,220,338
2009-06-01,23,2,334,673
2009-06-01,23,3,263,405
2009-06-01,23,4,0,102
2009-06-01,23,5,34,253
2009-06-01,23,6,110,323
2009-06-01,23,7,0,44
2009-06-01,23,8,574,1300
2009-06-01,23,9,683,1054
2009-06-01,24,1,170,248
2009-06-01,24,2,213,490
2009-06-01,24,3,69,270
2009-06-01,24,4,0,53
2009-06-01,24,5,18,180
2009-06-01,24,6,57,219
2009-06-01,24,7,0,24
2009-06-01,24,8,454,937
2009-06-01,24,9,279,726
2009-06-01,25,1,250,328
2009-06-01,25,2,320,652
2009-06-01,25,3,214,385
2009-06-01,25,4,0,99
2009-06-01,25,5,31,242
2009-06-01,25,6,146,319
2009-06-01,25,7,0,36
2009-06-01,25,8,916,1274
2009-06-01,25,9,634,1030
2009-06-01,26,1,278,322
2009-06-01,26,2,211,637
2009-06-01,26,3,132,338
2009-06-01,26,4,0,79
2009-06-01,26,5,15,230
2009-06-01,26,6,87,300
2009-06-01,26,7,0,26
2009-06-01,26,8,725,1220
2009-06-01,26,9,332,975
2009-06-01,27,1,159,230
2009-06-01,27,2,165,459
2009-06-01,27,3,58,213
2009-06-01,27,4,0,26
2009-06-01,27,5,8,164
2009-06-01,27,6,22,171
2009-06-01,27,7,0,22
2009-06-01,27,8,409,863
2009-06-01,27,9,204,668
2009-06-01,28,1,279,332
2009-06-01,28,2,268,662
2009-06-01,28,3,274,418
2009-06-01,28,4,0,109
2009-06-01,28,5,62,265
2009-06-01,28,6,164,327
2009-06-01,28,7,0,37
2009-06-01,28,8,969,1290
2009-06-01,28,9,728,1035
2009-06-01,29,1,137,242
2009-06-01,29,2,196,476
2009-06-01,29,3,49,248
2009-06-01,29,4,0,28
2009-06-01,29,5,8,164
2009-06-01,29,6,31,195
2009-06-01,29,7,0,17
2009-06-01,29,8,531,896
2009-06-01,29,9,254,720
2009-06-01,30,1,145,288
2009-06-01,30,2,236,575
2009-06-01,30,3,213,346
2009-06-01,30,4,0,50
2009-06-01,30,5,32,239
2009-06-01,30,6,82,264
2009-06-01,30,7,0,39
2009-06-01,30,8,686,1123
2009-06-01,30,9,509,892
2009-06-01,31,1,311,288
2009-06-01,31,2,280,572
2009-06-01,31,3,179,323
2009-06-01,31,4,0,68
2009-06-01,31,5,30,214
2009-06-01,31,6,133,281
2009-06-01,31,7,0,28
2009-06-01,31,8,903,1098
2009-06-01,31,9,537,890
2009-06-01,32,1,276,358
2009-06-01,32,2,214,708
2009-06-01,32,3,136,388
2009-06-01,32,4,0,78
2009-06-01,32,5,33,278
2009-06-01,32,6,102,334
2009-06-01,32,7,0,39
2009-06-01,32,8,807,1355
2009-06-01,32,9,467,1079
2009-06-01,33,1,267,256
2009-06-01,33,2,196,511
2009-06-01,33,3,337,302
2009-06-01,33,4,0,81
2009-06-01,33,5,53,203
2009-06-01,33,6,119,232
2009-06-01,33,7,0,34
2009-06-01,33,8,2548,992
2009-06-01,33,9,575,784
2009-07-01,1,1,198,220
2009-07-01,1,2,223,433
2009-07-01,1,3,67,243
2009-07-01,1,4,0,67
2009-07-01,1,5,49,162
2009-07-01,1,6,73,206
2009-07-01,1,7,0,26
2009-07-01,1,8,410,845
2009-07-01,1,9,499,678
2009-07-01,2,1,346,422
2009-07-01,2,2,221,831
2009-07-01,2,3,110,439
2009-07-01,2,4,0,77
2009-07-01,2,5,23,290
2009-07-01,2,6,84,366
2009-07-01,2,7,0,34
2009-07-01,2,8,869,1585
2009-07-01,2,9,421,1260
2009-07-01,3,1,144,292
2009-07-01,3,2,219,573
2009-07-01,3,3,109,308
2009-07-01,3,4,0,44
2009-07-01,3,5,23,186
2009-07-01,3,6,27,240
2009-07-01,3,7,0,18
2009-07-01,3,8,432,1047
2009-07-01,3,9,335,863
2009-07-01,4,1,286,346
2009-07-01,4,2,208,680
2009-07-01,4,3,232,435
2009-07-01,4,4,0,86
2009-07-01,4,5,27,266
2009-07-01,4,6,134,316
2009-07-01,4,7,0,33
2009-07-01,4,8,735,1307
2009-07-01,4,9,590,1074
2009-07-01,5,1,377,394
2009-07-01,5,2,328,782
2009-07-01,5,3,134,392
2009-07-01,5,4,0,79
2009-07-01,5,5,29,262
2009-07-01,5,6,54,321
2009-07-01,5,7,0,24
2009-07-01,5,8,621,1449
2009-07-01,5,9,476,1148
2009-07-01,6,1,333,266
2009-07-01,6,2,250,531
2009-07-01,6,3,350,315
2009-07-01,6,4,0,71
2009-07-01,6,5,35,215
2009-07-01,6,6,70,248
2009-07-01,6,7,0,24
2009-07-01,6,8,1363,1030
2009-07-01,6,9,512,804
2009-07-01,7,1,0,5
2009-07-01,7,2,0,11
2009-07-01,7,3,0,7
2009-07-01,7,5,0,4
2009-07-01,7,6,0,5
2009-07-01,7,8,0,33
2009-07-01,7,9,0,25
2009-07-01,8,1,367,440
2009-07-01,8,2,370,872
2009-07-01,8,3,194,481
2009-07-01,8,4,0,87
2009-07-01,8,5,27,283
2009-07-01,8,6,121,405
2009-07-01,8,7,0,47
2009-07-01,8,8,883,1632
2009-07-01,8,9,579,1328
2009-07-01,9,1,263,392
2009-07-01,9,2,301,778
2009-07-01,9,3,237,465
2009-07-01,9,4,0,79
2009-07-01,9,5,34,292
2009-07-01,9,6,87,351
2009-07-01,9,7,0,37
2009-07-01,9,8,934,1489
2009-07-01,9,9,624,1204
2009-07-01,10,1,312,366
2009-07-01,10,2,275,720
2009-07-01,10,3,103,408
2009-07-01,10,4,0,90
2009-07-01,10,5,24,273
2009-07-01,10,6,83,329
2009-07-01,10,7,0,35
2009-07-01,10,8,577,1393
2009-07-01,10,9,362,1119
2009-07-01,11,1,195,302
2009-07-01,11,2,307,600
2009-07-01,11,3,95,345
2009-07-01,11,4,0,56
2009-07-01,11,5,29,204
2009-07-01,11,6,47,280
2009-07-01,11,7,0,27
2009-07-01,11,8,602,1151
2009-07-01,11,9,442,935
2009-07-01,12,1,183,288
2009-07-01,12,2,160,573
2009-07-01,12,3,228,359
2009-07-01,12,4,0,70
2009-07-01,12,5,33,253
2009-07-01,12,6,69,270
2009-07-01,12,7,0,39
2009-07-01,12,8,655,1115
2009-07-01,12,9,507,901
2009-07-01,13,1,136,226
2009-07-01,13,2,184,449
2009-07-01,13,3,179,295
2009-07-01,13,4,0,45
2009-07-01,13,5,27,205
2009-07-01,13,6,47,201
2009-07-01,13,7,0,36
2009-07-01,13,8,909,893
2009-07-01,13,9,379,694
2009-07-01,14,1,304,290
2009-07-01,14,2,261,578
2009-07-01,14,3,212,328
2009-07-01,14,4,0,96
2009-07-01,14,5,21,220
2009-07-01,14,6,92,273
2009-07-01,14,7,0,35
2009-07-01,14,8,838,1115
2009-07-01,14,9,455,897
2009-07-01,15,1,144,274
2009-07-01,15,2,139,537
2009-07-01,15,3,79,289
2009-07-01,15,4,0,44
2009-07-01,15,5,21,187
2009-07-01,15,6,32,222
2009-07-01,15,7,0,24
2009-07-01,15,8,505,999
2009-07-01,15,9,287,810
2009-07-01,16,1,189,300
2009-07-01,16,2,206,594
2009-07-01,16,3,100,302
2009-07-01,16,4,0,51
2009-07-01,16,5,9,195
2009-07-01,16,6,32,256
2009-07-01,16,7,0,18
2009-07-01,16,8,376,1100
2009-07-01,16,9,253,884
2009-07-01,17,1,246,322
2009-07-01,17,2,268,635
2009-07-01,17,3,126,348
2009-07-01,17,4,0,80
2009-07-01,17,5,44,214
2009-07-01,17,6,55,276
2009-07-01,17,7,0,33
2009-07-01,17,8,803,1223
2009-07-01,17,9,488,967
2009-07-01,18,1,196,284
2009-07-01,18,2,227,565
2009-07-01,18,3,167,314
2009-07-01,18,4,0,65
2009-07-01,18,5,29,218
2009-07-01,18,6,48,241
2009-07-01,18,7,0,33
2009-07-01,18,8,577,1092
2009-07-01,18,9,442,854
2009-07-01,19,1,280,246
2009-07-01,19,2,198,491
2009-07-01,19,3,191,316
2009-07-01,19,4,0,48
2009-07-01,19,5,32,213
2009-07-01,19,6,50,243
2009-07-01,19,7,0,38
2009-07-01,19,8,954,961
2009-07-01,19,9,509,770
2009-07-01,20,1,147,206
2009-07-01,20,2,102,412
2009-07-01,20,3,173,246
2009-07-01,20,4,0,57
2009-07-01,20,5,21,185
2009-07-01,20,6,43,188
2009-07-01,20,7,0,24
2009-07-01,20,8,923,808
2009-07-01,20,9,231,622
2009-07-01,21,1,104,196
2009-07-01,21,2,142,390
2009-07-01,21,3,46,205
2009-07-01,21,4,0,35
2009-07-01,21,5,14,135
2009-07-01,21,6,16,145
2009-07-01,21,7,0,17
2009-07-01,21,8,359,716
2009-07-01,21,9,181,564
2009-07-01,22,1,329,356
2009-07-01,22,2,335,709
2009-07-01,22,3,309,445
2009-07-01,22,4,0,90
2009-07-01,22,5,48,294
2009-07-01,22,6,176,351
2009-07-01,22,7,0,53
2009-07-01,22,8,979,1394
2009-07-01,22,9,618,1114
2009-07-01,23,1,252,338
2009-07-01,23,2,311,673
2009-07-01,23,3,230,405
2009-07-01,23,4,0,102
2009-07-01,23,5,42,253
2009-07-01,23,6,111,323
2009-07-01,23,7,0,44
2009-07-01,23,8,636,1300
2009-07-01,23,9,651,1054
2009-07-01,24,1,146,248
2009-07-01,24,2,170,490
2009-07-01,24,3,90,270
2009-07-01,24,4,0,53
2009-07-01,24,5,24,180
2009-07-01,24,6,36,219
2009-07-01,24,7,0,24
2009-07-01,24,8,416,937
2009-07-01,24,9,294,726
2009-07-01,25,1,288,328
2009-07-01,25,2,314,652
2009-07-01,25,3,215,385
2009-07-01,25,4,0,99
2009-07-01,25,5,31,242
2009-07-01,25,6,165,319
2009-07-01,25,7,0,36
2009-07-01,25,8,854,1274
2009-07-01,25,9,583,1030
2009-07-01,26,1,259,322
2009-07-01,26,2,211,637
2009-07-01,26,3,212,338
2009-07-01,26,4,0,79
2009-07-01,26,5,15,230
2009-07-01,26,6,68,300
2009-07-01,26,7,0,26
2009-07-01,26,8,641,1220
2009-07-01,26,9,367,975
2009-07-01,27,1,156,230
2009-07-01,27,2,122,459
2009-07-01,27,3,43,213
2009-07-01,27,4,0,26
2009-07-01,27,5,14,164
2009-07-01,27,6,13,171
2009-07-01,27,7,0,22
2009-07-01,27,8,437,863
2009-07-01,27,9,174,668
2009-07-01,28,1,268,332
2009-07-01,28,2,247,662
2009-07-01,28,3,281,418
2009-07-01,28,4,0,109
2009-07-01,28,5,68,265
2009-07-01,28,6,138,327
2009-07-01,28,7,0,37
2009-07-01,28,8,960,1290
2009-07-01,28,9,718,1035
2009-07-01,29,1,142,242
2009-07-01,29,2,182,476
2009-07-01,29,3,53,248
2009-07-01,29,4,0,28
2009-07-01,29,5,15,164
2009-07-01,29,6,27,195
2009-07-01,29,7,0,17
2009-07-01,29,8,422,896
2009-07-01,29,9,201,720
2009-07-01,30,1,184,288
2009-07-01,30,2,222,575
2009-07-01,30,3,452,346
2009-07-01,30,4,0,50
2009-07-01,30,5,30,239
2009-07-01,30,6,66,264
2009-07-01,30,7,0,39
2009-07-01,30,8,759,1123
2009-07-01,30,9,420,892
2009-07-01,31,1,327,288
2009-07-01,31,2,235,572
2009-07-01,31,3,238,323
2009-07-01,31,4,0,68
2009-07-01,31,5,30,214
2009-07-01,31,6,148,281
2009-07-01,31,7,0,28
2009-07-01,31,8,708,1098
2009-07-01,31,9,480,890
2009-07-01,32,1,280,358
2009-07-01,32,2,217,708
2009-07-01,32,3,151,388
2009-07-01,32,4,0,78
2009-07-01,32,5,38,278
2009-07-01,32,6,108,334
2009-07-01,32,7,0,39
2009-07-01,32,8,938,1355
2009-07-01,32,9,415,1079
2009-07-01,33,1,248,256
2009-07-01,33,2,265,511
2009-07-01,33,3,359,302
2009-07-01,33,4,0,81
2009-07-01,33,5,56,203
2009-07-01,33,6,114,232
2009-07-01,33,7,0,34
2009-07-01,33,8,2880,992
2009-07-01,33,9,623,784
2009-08-01,1,1,168,220
2009-08-01,1,2,217,433
2009-08-01,1,3,84,243
2009-08-01,1,4,0,67
2009-08-01,1,5,24,162
2009-08-01,1,6,69,206
2009-08-01,1,7,0,26
2009-08-01,1,8,417,845
2009-08-01,1,9,475,678
2009-08-01,2,1,297,422
2009-08-01,2,2,234,831
2009-08-01,2,3,103,439
2009-08-01,2,4,0,77
2009-08-01,2,5,25,290
2009-08-01,2,6,73,366
2009-08-01,2,7,0,34
2009-08-01,2,8,758,1585
2009-08-01,2,9,385,1260
2009-08-01,3,1,172,292
2009-08-01,3,2,213,573
2009-08-01,3,3,49,308
2009-08-01,3,4,0,44
2009-08-01,3,5,10,186
2009-08-01,3,6,21,240
2009-08-01,3,7,0,18
2009-08-01,3,8,382,1047
2009-08-01,3,9,296,863
2009-08-01,4,1,242,346
2009-08-01,4,2,235,680
2009-08-01,4,3,174,435
2009-08-01,4,4,0,86
2009-08-01,4,5,25,266
2009-08-01,4,6,127,316
2009-08-01,4,7,0,33
2009-08-01,4,8,621,1307
2009-08-01,4,9,552,1074
2009-08-01,5,1,287,394
2009-08-01,5,2,245,782
2009-08-01,5,3,83,392
2009-08-01,5,4,0,79
2009-08-01,5,5,20,262
2009-08-01,5,6,58,321
2009-08-01,5,7,0,24
2009-08-01,5,8,548,1449
2009-08-01,5,9,415,1148
2009-08-01,6,1,301,266
2009-08-01,6,2,213,531
2009-08-01,6,3,240,315
2009-08-01,6,4,0,71
2009-08-01,6,5,32,215
2009-08-01,6,6,81,248
2009-08-01,6,7,0,24
2009-08-01,6,8,1134,1030
2009-08-01,6,9,453,804
2009-08-01,7,1,0,5
2009-08-01,7,2,0,11
2009-08-01,7,3,0,7
2009-08-01,7,5,0,4
2009-08-01,7,6,0,5
2009-08-01,7,8,0,33
2009-08-01,7,9,0,25
2009-08-01,8,1,283,440
2009-08-01,8,2,368,872
2009-08-01,8,3,199,481
2009-08-01,8,4,0,87
2009-08-01,8,5,25,283
2009-08-01,8,6,121,405
2009-08-01,8,7,0,47
2009-08-01,8,8,802,1632
2009-08-01,8,9,626,1328
2009-08-01,9,1,290,392
2009-08-01,9,2,283,778
2009-08-01,9,3,218,465
2009-08-01,9,4,0,79
2009-08-01,9,5,36,292
2009-08-01,9,6,108,351
2009-08-01,9,7,0,37
2009-08-01,9,8,907,1489
2009-08-01,9,9,642,1204
2009-08-01,10,1,317,366
2009-08-01,10,2,277,720
2009-08-01,10,3,110,408
2009-08-01,10,4,0,90
2009-08-01,10,5,30,273
2009-08-01,10,6,92,329
2009-08-01,10,7,0,35
2009-08-01,10,8,549,1393
2009-08-01,10,9,370,1119
2009-08-01,11,1,175,302
2009-08-01,11,2,265,600
2009-08-01,11,3,88,345
2009-08-01,11,4,0,56
2009-08-01,11,5,33,204
2009-08-01,11,6,45,280
2009-08-01,11,7,0,27
2009-08-01,11,8,515,1151
2009-08-01,11,9,440,935
2009-08-01,12,1,163,288
2009-08-01,12,2,190,573
2009-08-01,12,3,202,359
2009-08-01,12,4,0,70
2009-08-01,12,5,42,253
2009-08-01,12,6,54,270
2009-08-01,12,7,0,39
2009-08-01,12,8,619,1115
2009-08-01,12,9,439,901
2009-08-01,13,1,155,226
2009-08-01,13,2,125,449
2009-08-01,13,3,142,295
2009-08-01,13,4,0,45
2009-08-01,13,5,34,205
2009-08-01,13,6,36,201
2009-08-01,13,7,0,36
2009-08-01,13,8,851,893
2009-08-01,13,9,364,694
2009-08-01,14,1,314,290
2009-08-01,14,2,287,578
2009-08-01,14,3,144,328
2009-08-01,14,4,0,96
2009-08-01,14,5,23,220
2009-08-01,14,6,71,273
2009-08-01,14,7,0,35
2009-08-01,14,8,754,1115
2009-08-01,14,9,413,897
2009-08-01,15,1,119,274
2009-08-01,15,2,148,537
2009-08-01,15,3,81,289
2009-08-01,15,4,0,44
2009-08-01,15,5,24,187
2009-08-01,15,6,26,222
2009-08-01,15,7,0,24
2009-08-01,15,8,418,999
2009-08-01,15,9,267,810
2009-08-01,16,1,189,300
2009-08-01,16,2,198,594
2009-08-01,16,3,78,302
2009-08-01,16,4,0,51
2009-08-01,16,5,10,195
2009-08-01,16,6,11,256
2009-08-01,16,7,0,18
2009-08-01,16,8,360,1100
2009-08-01,16,9,261,884
2009-08-01,17,1,244,322
2009-08-01,17,2,270,635
2009-08-01,17,3,138,348
2009-08-01,17,4,0,80
2009-08-01,17,5,47,214
2009-08-01,17,6,39,276
2009-08-01,17,7,0,33
2009-08-01,17,8,855,1223
2009-08-01,17,9,473,967
2009-08-01,18,1,180,284
2009-08-01,18,2,251,565
2009-08-01,18,3,168,314
2009-08-01,18,4,0,65
2009-08-01,18,5,32,218
2009-08-01,18,6,36,241
2009-08-01,18,7,0,33
2009-08-01,18,8,505,1092
2009-08-01,18,9,399,854
2009-08-01,19,1,233,246
2009-08-01,19,2,175,491
2009-08-01,19,3,187,316
2009-08-01,19,4,0,48
2009-08-01,19,5,34,213
2009-08-01,19,6,51,243
2009-08-01,19,7,0,38
2009-08-01,19,8,874,961
2009-08-01,19,9,453,770
2009-08-01,20,1,138,206
2009-08-01,20,2,95,412
2009-08-01,20,3,296,246
2009-08-01,20,4,0,57
2009-08-01,20,5,15,185
2009-08-01,20,6,56,188
2009-08-01,20,7,0,24
2009-08-01,20,8,832,808
2009-08-01,20,9,311,622
2009-08-01,21,1,83,196
2009-08-01,21,2,126,390
2009-08-01,21,3,41,205
2009-08-01,21,4,0,35
2009-08-01,21,5,11,135
2009-08-01,21,6,14,145
2009-08-01,21,7,0,17
2009-08-01,21,8,380,716
2009-08-01,21,9,175,564
2009-08-01,22,1,301,356
2009-08-01,22,2,293,709
2009-08-01,22,3,242,445
2009-08-01,22,4,0,90
2009-08-01,22,5,38,294
2009-08-01,22,6,175,351
2009-08-01,22,7,0,53
2009-08-01,22,8,942,1394
2009-08-01,22,9,684,1114
2009-08-01,23,1,254,338
2009-08-01,23,2,300,673
2009-08-01,23,3,224,405
2009-08-01,23,4,0,102
2009-08-01,23,5,50,253
2009-08-01,23,6,113,323
2009-08-01,23,7,0,44
2009-08-01,23,8,544,1300
2009-08-01,23,9,642,1054
2009-08-01,24,1,121,248
2009-08-01,24,2,181,490
2009-08-01,24,3,58,270
2009-08-01,24,4,0,53
2009-08-01,24,5,11,180
2009-08-01,24,6,46,219
2009-08-01,24,7,0,24
2009-08-01,24,8,393,937
2009-08-01,24,9,235,726
2009-08-01,25,1,274,328
2009-08-01,25,2,315,652
2009-08-01,25,3,136,385
2009-08-01,25,4,0,99
2009-08-01,25,5,33,242
2009-08-01,25,6,136,319
2009-08-01,25,7,0,36
2009-08-01,25,8,862,1274
2009-08-01,25,9,665,1030
2009-08-01,26,1,227,322
2009-08-01,26,2,168,637
2009-08-01,26,3,158,338
2009-08-01,26,4,0,79
2009-08-01,26,5,23,230
2009-08-01,26,6,47,300
2009-08-01,26,7,0,26
2009-08-01,26,8,630,1220
2009-08-01,26,9,298,975
2009-08-01,27,1,120,230
2009-08-01,27,2,112,459
2009-08-01,27,3,40,213
2009-08-01,27,4,0,26
2009-08-01,27,5,6,164
2009-08-01,27,6,9,171
2009-08-01,27,7,0,22
2009-08-01,27,8,289,863
2009-08-01,27,9,147,668
2009-08-01,28,1,229,332
2009-08-01,28,2,249,662
2009-08-01,28,3,344,418
2009-08-01,28,4,0,109
2009-08-01,28,5,59,265
2009-08-01,28,6,158,327
2009-08-01,28,7,0,37
2009-08-01,28,8,973,1290
2009-08-01,28,9,692,1035
2009-08-01,29,1,114,242
2009-08-01,29,2,187,476
2009-08-01,29,3,37,248
2009-08-01,29,4,0,28
2009-08-01,29,5,11,164
2009-08-01,29,6,15,195
2009-08-01,29,7,0,17
2009-08-01,29,8,367,896
2009-08-01,29,9,220,720
2009-08-01,30,1,180,288
2009-08-01,30,2,229,575
2009-08-01,30,3,259,346
2009-08-01,30,4,0,50
2009-08-01,30,5,46,239
2009-08-01,30,6,57,264
2009-08-01,30,7,0,39
2009-08-01,30,8,652,1123
2009-08-01,30,9,484,892
2009-08-01,31,1,307,288
2009-08-01,31,2,214,572
2009-08-01,31,3,192,323
2009-08-01,31,4,0,68
2009-08-01,31,5,25,214
2009-08-01,31,6,91,281
2009-08-01,31,7,0,28
2009-08-01,31,8,718,1098
2009-08-01,31,9,479,890
2009-08-01,32,1,293,358
2009-08-01,32,2,217,708
2009-08-01,32,3,118,388
2009-08-01,32,4,0,78
2009-08-01,32,5,24,278
2009-08-01,32,6,101,334
2009-08-01,32,7,0,39
2009-08-01,32,8,845,1355
2009-08-01,32,9,448,1079
2009-08-01,33,1,275,256
2009-08-01,33,2,200,511
2009-08-01,33,3,392,302
2009-08-01,33,4,0,81
2009-08-01,33,5,50,203
2009-08-01,33,6,114,232
2009-08-01,33,7,0,34
2009-08-01,33,8,2299,992
2009-08-01,33,9,588,784
2009-09-01,1,1,210,220
2009-09-01,1,2,193,433
2009-09-01,1,3,66,243
2009-09-01,1,4,0,67
2009-09-01,1,5,32,162
2009-09-01,1,6,85,206
2009-09-01,1,7,0,26
2009-09-01,1,8,445,845
2009-09-01,1,9,423,678
2009-09-01,2,1,327,422
2009-09-01,2,2,236,831
2009-09-01,2,3,112,439
2009-09-01,2,4,0,77
2009-09-01,2,5,25,290
2009-09-01,2,6,60,366
2009-09-01,2,7,0,34
2009-09-01,2,8,748,1585
2009-09-01,2,9,405,1260
2009-09-01,3,1,188,292
2009-09-01,3,2,223,573
2009-09-01,3,3,32,308
2009-09-01,3,4,0,44
2009-09-01,3,5,12,186
2009-09-01,3,6,29,240
2009-09-01,3,7,0,18
2009-09-01,3,8,390,1047
2009-09-01,3,9,296,863
2009-09-01,4,1,256,346
2009-09-01,4,2,214,680
2009-09-01,4,3,173,435
2009-09-01,4,4,0,86
2009-09-01,4,5,17,266
2009-09-01,4,6,119,316
2009-09-01,4,7,0,33
2009-09-01,4,8,623,1307
2009-09-01,4,9,521,1074
2009-09-01,5,1,247,394
2009-09-01,5,2,261,782
2009-09-01,5,3,71,392
2009-09-01,5,4,0,79
2009-09-01,5,5,27,262
2009-09-01,5,6,31,321
2009-09-01,5,7,0,24
2009-09-01,5,8,562,1449
2009-09-01,5,9,444,1148
2009-09-01,6,1,263,266
2009-09-01,6,2,218,531
2009-09-01,6,3,206,315
2009-09-01,6,4,0,71
2009-09-01,6,5,33,215
2009-09-01,6,6,71,248
2009-09-01,6,7,0,24
2009-09-01,6,8,1166,1030
2009-09-01,6,9,477,804
2009-09-01,7,1,0,5
2009-09-01,7,2,0,11
2009-09-01,7,3,0,7
2009-09-01,7,5,0,4
2009-09-01,7,6,0,5
2009-09-01,7,8,0,33
2009-09-01,7,9,0,25
2009-09-01,8,1,344,440
2009-09-01,8,2,326,872
2009-09-01,8,3,196,481
2009-09-01,8,4,0,87
2009-09-01,8,5,33,283
2009-09-01,8,6,123,405
2009-09-01,8,7,0,47
2009-09-01,8,8,800,1632
2009-09-01,8,9,555,1328
2009-09-01,9,1,241,392
2009-09-01,9,2,294,778
2009-09-01,9,3,215,465
2009-09-01,9,4,0,79
2009-09-01,9,5,32,292
2009-09-01,9,6,85,351
2009-09-01,9,7,0,37
2009-09-01,9,8,957,1489
2009-09-01,9,9,606,1204
2009-09-01,10,1,304,366
2009-09-01,10,2,223,720
2009-09-01,10,3,189,408
2009-09-01,10,4,0,90
2009-09-01,10,5,18,273
2009-09-01,10,6,87,329
2009-09-01,10,7,0,35
2009-09-01,10,8,544,1393
2009-09-01,10,9,339,1119
2009-09-01,11,1,189,302
2009-09-01,11,2,259,600
2009-09-01,11,3,89,345
2009-09-01,11,4,0,56
2009-09-01,11,5,40,204
2009-09-01,11,6,44,280
2009-09-01,11,7,0,27
2009-09-01,11,8,530,1151
2009-09-01,11,9,379,935
2009-09-01,12,1,171,288
2009-09-01,12,2,145,573
2009-09-01,12,3,178,359
2009-09-01,12,4,0,70
2009-09-01,12,5,24,253
2009-09-01,12,6,62,270
2009-09-01,12,7,0,39
2009-09-01,12,8,555,1115
2009-09-01,12,9,431,901
2009-09-01,13,1,144,226
2009-09-01,13,2,169,449
2009-09-01,13,3,121,295
2009-09-01,13,4,0,45
2009-09-01,13,5,31,205
2009-09-01,13,6,63,201
2009-09-01,13,7,0,36
2009-09-01,13,8,840,893
2009-09-01,13,9,360,694
2009-09-01,14,1,264,290
2009-09-01,14,2,237,578
2009-09-01,14,3,234,328
2009-09-01,14,4,0,96
2009-09-01,14,5,14,220
2009-09-01,14,6,77,273
2009-09-01,14,7,0,35
2009-09-01,14,8,719,1115
2009-09-01,14,9,335,897
2009-09-01,15,1,121,274
2009-09-01,15,2,164,537
2009-09-01,15,3,74,289
2009-09-01,15,4,0,44
2009-09-01,15,5,15,187
2009-09-01,15,6,26,222
2009-09-01,15,7,0,24
2009-09-01,15,8,369,999
2009-09-01,15,9,281,810
2009-09-01,16,1,217,300
2009-09-01,16,2,158,594
2009-09-01,16,3,79,302
2009-09-01,16,4,0,51
2009-09-01,16,5,24,195
2009-09-01,16,6,19,256
2009-09-01,16,7,0,18
2009-09-01,16,8,454,1100
2009-09-01,16,9,218,884
2009-09-01,17,1,286,322
2009-09-01,17,2,253,635
2009-09-01,17,3,132,348
2009-09-01,17,4,0,80
2009-09-01,17,5,67,214
2009-09-01,17,6,73,276
2009-09-01,17,7,0,33
2009-09-01,17,8,707,1223
2009-09-01,17,9,452,967
2009-09-01,18,1,222,284
2009-09-01,18,2,234,565
2009-09-01,18,3,133,314
2009-09-01,18,4,0,65
2009-09-01,18,5,36,218
2009-09-01,18,6,49,241
2009-09-01,18,7,0,33
2009-09-01,18,8,586,1092
2009-09-01,18,9,460,854
2009-09-01,19,1,249,246
2009-09-01,19,2,210,491
2009-09-01,19,3,155,316
2009-09-01,19,4,0,48
2009-09-01,19,5,20,213
2009-09-01,19,6,67,243
2009-09-01,19,7,0,38
2009-09-01,19,8,851,961
2009-09-01,19,9,408,770
2009-09-01,20,1,172,206
2009-09-01,20,2,78,412
2009-09-01,20,3,221,246
2009-09-01,20,4,0,57
2009-09-01,20,5,21,185
2009-09-01,20,6,52,188
2009-09-01,20,7,0,24
2009-09-01,20,8,895,808
2009-09-01,20,9,260,622
2009-09-01,21,1,89,196
2009-09-01,21,2,97,390
2009-09-01,21,3,46,205
2009-09-01,21,4,0,35
2009-09-01,21,5,19,135
2009-09-01,21,6,14,145
2009-09-01,21,7,0,17
2009-09-01,21,8,381,716
2009-09-01,21,9,179,564
2009-09-01,22,1,314,356
2009-09-01,22,2,290,709
2009-09-01,22,3,212,445
2009-09-01,22,4,0,90
2009-09-01,22,5,39,294
2009-09-01,22,6,171,351
2009-09-01,22,7,0,53
2009-09-01,22,8,888,1394
2009-09-01,22,9,543,1114
2009-09-01,23,1,243,338
2009-09-01,23,2,311,673
2009-09-01,23,3,196,405
2009-09-01,23,4,0,102
2009-09-01,23,5,39,253
2009-09-01,23,6,117,323
2009-09-01,23,7,0,44
2009-09-01,23,8,655,1300
2009-09-01,23,9,553,1054
2009-09-01,24,1,126,248
2009-09-01,24,2,193,490
2009-09-01,24,3,72,270
2009-09-01,24,4,0,53
2009-09-01,24,5,7,180
2009-09-01,24,6,57,219
2009-09-01,24,7,0,24
2009-09-01,24,8,411,937
2009-09-01,24,9,275,726
2009-09-01,25,1,321,328
2009-09-01,25,2,280,652
2009-09-01,25,3,212,385
2009-09-01,25,4,0,99
2009-09-01,25,5,36,242
2009-09-01,25,6,111,319
2009-09-01,25,7,0,36
2009-09-01,25,8,847,1274
2009-09-01,25,9,603,1030
2009-09-01,26,1,313,322
2009-09-01,26,2,215,637
2009-09-01,26,3,145,338
2009-09-01,26,4,0,79
2009-09-01,26,5,20,230
2009-09-01,26,6,53,300
2009-09-01,26,7,0,26
2009-09-01,26,8,691,1220
2009-09-01,26,9,324,975
2009-09-01,27,1,125,230
2009-09-01,27,2,123,459
2009-09-01,27,3,58,213
2009-09-01,27,4,0,26
2009-09-01,27,5,6,164
2009-09-01,27,6,12,171
2009-09-01,27,7,0,22
2009-09-01,27,8,417,863
2009-09-01,27,9,181,668
2009-09-01,28,1,234,332
2009-09-01,28,2,243,662
2009-09-01,28,3,353,418
2009-09-01,28,4,0,109
2009-09-01,28,5,69,265
2009-09-01,28,6,147,327
2009-09-01,28,7,0,37
2009-09-01,28,8,883,1290
2009-09-01,28,9,612,1035
2009-09-01,29,1,105,242
2009-09-01,29,2,160,476
2009-09-01,29,3,47,248
2009-09-01,29,4,0,28
2009-09-01,29,5,8,164
2009-09-01,29,6,23,195
2009-09-01,29,7,0,17
2009-09-01,29,8,318,896
2009-09-01,29,9,227,720
2009-09-01,30,1,147,288
2009-09-01,30,2,199,575
2009-09-01,30,3,141,346
2009-09-01,30,4,0,50
2009-09-01,30,5,26,239
2009-09-01,30,6,58,264
2009-09-01,30,7,0,39
2009-09-01,30,8,671,1123
2009-09-01,30,9,447,892
2009-09-01,31,1,247,288
2009-09-01,31,2,244,572
2009-09-01,31,3,175,323
2009-09-01,31,4,0,68
2009-09-01,31,5,35,214
2009-09-01,31,6,137,281
2009-09-01,31,7,0,28
2009-09-01,31,8,733,1098
2009-09-01,31,9,468,890
2009-09-01,32,1,262,358
2009-09-01,32,2,233,708
2009-09-01,32,3,132,388
2009-09-01,32,4,0,78
2009-09-01,32,5,34,278
2009-09-01,32,6,71,334
2009-09-01,32,7,0,39
2009-09-01,32,8,828,1355
2009-09-01,32,9,401,1079
2009-09-01,33,1,270,256
2009-09-01,33,2,229,511
2009-09-01,33,3,293,302
2009-09-01,33,4,0,81
2009-09-01,33,5,62,203
2009-09-01,33,6,95,232
2009-09-01,33,7,0,34
2009-09-01,33,8,2264,992
2009-09-01,33,9,566,784
2009-10-01,1,1,215,220
2009-10-01,1,2,187,433
2009-10-01,1,3,124,243
2009-10-01,1,4,0,67
2009-10-01,1,5,29,162
2009-10-01,1,6,57,206
2009-10-01,1,7,0,26
2009-10-01,1,8,433,845
2009-10-01,1,9,388,678
2009-10-01,2,1,404,422
2009-10-01,2,2,206,831
2009-10-01,2,3,165,439
2009-10-01,2,4,0,77
2009-10-01,2,5,24,290
2009-10-01,2,6,69,366
2009-10-01,2,7,0,34
2009-10-01,2,8,752,1585
2009-10-01,2,9,427,1260
2009-10-01,3,1,158,292
2009-10-01,3,2,190,573
2009-10-01,3,3,49,308
2009-10-01,3,4,0,44
2009-10-01,3,5,20,186
2009-10-01,3,6,30,240
2009-10-01,3,7,0,18
2009-10-01,3,8,429,1047
2009-10-01,3,9,326,863
2009-10-01,4,1,345,346
2009-10-01,4,2,221,680
2009-10-01,4,3,218,435
2009-10-01,4,4,0,86
2009-10-01,4,5,29,266
2009-10-01,4,6,149,316
2009-10-01,4,7,0,33
2009-10-01,4,8,727,1307
2009-10-01,4,9,531,1074
2009-10-01,5,1,267,394
2009-10-01,5,2,251,782
2009-10-01,5,3,107,392
2009-10-01,5,4,0,79
2009-10-01,5,5,23,262
2009-10-01,5,6,44,321
2009-10-01,5,7,0,24
2009-10-01,5,8,602,1449
2009-10-01,5,9,426,1148
2009-10-01,6,1,229,266
2009-10-01,6,2,178,531
2009-10-01,6,3,280,315
2009-10-01,6,4,0,71
2009-10-01,6,5,33,215
2009-10-01,6,6,104,248
2009-10-01,6,7,0,24
2009-10-01,6,8,1602,1030
2009-10-01,6,9,472,804
2009-10-01,7,1,0,5
2009-10-01,7,2,0,11
2009-10-01,7,3,0,7
2009-10-01,7,5,0,4
2009-10-01,7,6,0,5
2009-10-01,7,8,0,33
2009-10-01,7,9,0,25
2009-10-01,8,1,327,440
2009-10-01,8,2,306,872
2009-10-01,8,3,207,481
2009-10-01,8,4,0,87
2009-10-01,8,5,36,283
2009-10-01,8,6,124,405
2009-10-01,8,7,0,47
2009-10-01,8,8,855,1632
2009-10-01,8,9,568,1328
2009-10-01,9,1,325,392
2009-10-01,9,2,307,778
2009-10-01,9,3,226,465
2009-10-01,9,4,0,79
2009-10-01,9,5,39,292
2009-10-01,9,6,110,351
2009-10-01,9,7,0,37
2009-10-01,9,8,851,1489
2009-10-01,9,9,621,1204
2009-10-01,10,1,325,366
2009-10-01,10,2,253,720
2009-10-01,10,3,189,408
2009-10-01,10,4,0,90
2009-10-01,10,5,25,273
2009-10-01,10,6,126,329
2009-10-01,10,7,0,35
2009-10-01,10,8,518,1393
2009-10-01,10,9,368,1119
2009-10-01,11,1,160,302
2009-10-01,11,2,240,600
2009-10-01,11,3,96,345
2009-10-01,11,4,0,56
2009-10-01,11,5,25,204
2009-10-01,11,6,50,280
2009-10-01,11,7,0,27
2009-10-01,11,8,563,1151
2009-10-01,11,9,369,935
2009-10-01,12,1,124,288
2009-10-01,12,2,155,573
2009-10-01,12,3,236,359
2009-10-01,12,4,0,70
2009-10-01,12,5,19,253
2009-10-01,12,6,68,270
2009-10-01,12,7,0,39
2009-10-01,12,8,648,1115
2009-10-01,12,9,477,901
2009-10-01,13,1,150,226
2009-10-01,13,2,182,449
2009-10-01,13,3,186,295
2009-10-01,13,4,0,45
2009-10-01,13,5,23,205
2009-10-01,13,6,79,201
2009-10-01,13,7,0,36
2009-10-01,13,8,893,893
2009-10-01,13,9,378,694
2009-10-01,14,1,335,290
2009-10-01,14,2,207,578
2009-10-01,14,3,183,328
2009-10-01,14,4,0,96
2009-10-01,14,5,17,220
2009-10-01,14,6,71,273
2009-10-01,14,7,0,35
2009-10-01,14,8,665,1115
2009-10-01,14,9,417,897
2009-10-01,15,1,234,274
2009-10-01,15,2,163,537
2009-10-01,15,3,82,289
2009-10-01,15,4,0,44
2009-10-01,15,5,10,187
2009-10-01,15,6,42,222
2009-10-01,15,7,0,24
2009-10-01,15,8,389,999
2009-10-01,15,9,312,810
2009-10-01,16,1,267,300
2009-10-01,16,2,187,594
2009-10-01,16,3,100,302
2009-10-01,16,4,0,51
2009-10-01,16,5,12,195
2009-10-01,16,6,21,256
2009-10-01,16,7,0,18
2009-10-01,16,8,416,1100
2009-10-01,16,9,274,884
2009-10-01,17,1,314,322
2009-10-01,17,2,231,635
2009-10-01,17,3,154,348
2009-10-01,17,4,0,80
2009-10-01,17,5,57,214
2009-10-01,17,6,36,276
2009-10-01,17,7,0,33
2009-10-01,17,8,806,1223
2009-10-01,17,9,453,967
2009-10-01,18,1,237,284
2009-10-01,18,2,217,565
2009-10-01,18,3,166,314
2009-10-01,18,4,0,65
2009-10-01,18,5,30,218
2009-10-01,18,6,39,241
2009-10-01,18,7,0,33
2009-10-01,18,8,633,1092
2009-10-01,18,9,462,854
2009-10-01,19,1,223,246
2009-10-01,19,2,228,491
2009-10-01,19,3,198,316
2009-10-01,19,4,0,48
2009-10-01,19,5,41,213
2009-10-01,19,6,73,243
2009-10-01,19,7,0,38
2009-10-01,19,8,1021,961
2009-10-01,19,9,448,770
2009-10-01,20,1,160,206
2009-10-01,20,2,113,412
2009-10-01,20,3,151,246
2009-10-01,20,4,0,57
2009-10-01,20,5,19,185
2009-10-01,20,6,61,188
2009-10-01,20,7,0,24
2009-10-01,20,8,920,808
2009-10-01,20,9,232,622
2009-10-01,21,1,93,196
2009-10-01,21,2,100,390
2009-10-01,21,3,42,205
2009-10-01,21,4,0,35
2009-10-01,21,5,13,135
2009-10-01,21,6,15,145
2009-10-01,21,7,0,17
2009-10-01,21,8,354,716
2009-10-01,21,9,206,564
2009-10-01,22,1,333,356
2009-10-01,22,2,280,709
2009-10-01,22,3,287,445
2009-10-01,22,4,0,90
2009-10-01,22,5,29,294
2009-10-01,22,6,169,351
2009-10-01,22,7,0,53
2009-10-01,22,8,992,1394
2009-10-01,22,9,637,1114
2009-10-01,23,1,269,338
2009-10-01,23,2,273,673
2009-10-01,23,3,193,405
2009-10-01,23,4,0,102
2009-10-01,23,5,42,253
2009-10-01,23,6,101,323
2009-10-01,23,7,0,44
2009-10-01,23,8,672,1300
2009-10-01,23,9,565,1054
2009-10-01,24,1,129,248
2009-10-01,24,2,164,490
2009-10-01,24,3,89,270
2009-10-01,24,4,0,53
2009-10-01,24,5,12,180
2009-10-01,24,6,62,219
2009-10-01,24,7,0,24
2009-10-01,24,8,372,937
2009-10-01,24,9,300,726
2009-10-01,25,1,276,328
2009-10-01,25,2,295,652
2009-10-01,25,3,259,385
2009-10-01,25,4,0,99
2009-10-01,25,5,22,242
2009-10-01,25,6,187,319
2009-10-01,25,7,0,36
2009-10-01,25,8,897,1274
2009-10-01,25,9,602,1030
2009-10-01,26,1,292,322
2009-10-01,26,2,190,637
2009-10-01,26,3,213,338
2009-10-01,26,4,0,79
2009-10-01,26,5,27,230
2009-10-01,26,6,67,300
2009-10-01,26,7,0,26
2009-10-01,26,8,681,1220
2009-10-01,26,9,305,975
2009-10-01,27,1,125,230
2009-10-01,27,2,98,459
2009-10-01,27,3,43,213
2009-10-01,27,4,0,26
2009-10-01,27,5,11,164
2009-10-01,27,6,24,171
2009-10-01,27,7,0,22
2009-10-01,27,8,396,863
2009-10-01,27,9,150,668
2009-10-01,28,1,251,332
2009-10-01,28,2,285,662
2009-10-01,28,3,320,418
2009-10-01,28,4,0,109
2009-10-01,28,5,65,265
2009-10-01,28,6,145,327
2009-10-01,28,7,0,37
2009-10-01,28,8,932,1290
2009-10-01,28,9,713,1035
2009-10-01,29,1,91,242
2009-10-01,29,2,170,476
2009-10-01,29,3,53,248
2009-10-01,29,4,0,28
2009-10-01,29,5,13,164
2009-10-01,29,6,15,195
2009-10-01,29,7,0,17
2009-10-01,29,8,378,896
2009-10-01,29,9,206,720
2009-10-01,30,1,133,288
2009-10-01,30,2,208,575
2009-10-01,30,3,361,346
2009-10-01,30,4,0,50
2009-10-01,30,5,36,239
2009-10-01,30,6,61,264
2009-10-01,30,7,0,39
2009-10-01,30,8,720,1123
2009-10-01,30,9,446,892
2009-10-01,31,1,233,288
2009-10-01,31,2,225,572
2009-10-01,31,3,186,323
2009-10-01,31,4,0,68
2009-10-01,31,5,24,214
2009-10-01,31,6,169,281
2009-10-01,31,7,0,28
2009-10-01,31,8,731,1098
2009-10-01,31,9,494,890
2009-10-01,32,1,206,358
2009-10-01,32,2,207,708
2009-10-01,32,3,171,388
2009-10-01,32,4,0,78
2009-10-01,32,5,27,278
2009-10-01,32,6,87,334
2009-10-01,32,7,0,39
2009-10-01,32,8,757,1355
2009-10-01,32,9,410,1079
2009-10-01,33,1,263,256
2009-10-01,33,2,228,511
2009-10-01,33,3,296,302
2009-10-01,33,4,0,81
2009-10-01,33,5,53,203
2009-10-01,33,6,129,232
2009-10-01,33,7,0,34
2009-10-01,33,8,2648,992
2009-10-01,33,9,603,784
2009-11-01,1,1,232,220
2009-11-01,1,2,197,433
2009-11-01,1,3,69,243
2009-11-01,1,4,0,67
2009-11-01,1,5,21,162
2009-11-01,1,6,45,206
2009-11-01,1,7,0,26
2009-11-01,1,8,419,845
2009-11-01,1,9,367,678
2009-11-01,2,1,417,422
2009-11-01,2,2,218,831
2009-11-01,2,3,156,439
2009-11-01,2,4,0,77
2009-11-01,2,5,14,290
2009-11-01,2,6,72,366
2009-11-01,2,7,0,34
2009-11-01,2,8,821,1585
2009-11-01,2,9,378,1260
2009-11-01,3,1,196,292
2009-11-01,3,2,202,573
2009-11-01,3,3,69,308
2009-11-01,3,4,0,44
2009-11-01,3,5,10,186
2009-11-01,3,6,21,240
2009-11-01,3,7,0,18
2009-11-01,3,8,391,1047
2009-11-01,3,9,284,863
2009-11-01,4,1,371,346
2009-11-01,4,2,211,680
2009-11-01,4,3,350,435
2009-11-01,4,4,0,86
2009-11-01,4,5,25,266
2009-11-01,4,6,147,316
2009-11-01,4,7,0,33
2009-11-01,4,8,603,1307
2009-11-01,4,9,536,1074
2009-11-01,5,1,281,394
2009-11-01,5,2,241,782
2009-11-01,5,3,83,392
2009-11-01,5,4,0,79
2009-11-01,5,5,33,262
2009-11-01,5,6,46,321
2009-11-01,5,7,0,24
2009-11-01,5,8,544,1449
2009-11-01,5,9,428,1148
2009-11-01,6,1,235,266
2009-11-01,6,2,168,531
2009-11-01,6,3,266,315
2009-11-01,6,4,0,71
2009-11-01,6,5,34,215
2009-11-01,6,6,90,248
2009-11-01,6,7,0,24
2009-11-01,6,8,1516,1030
2009-11-01,6,9,475,804
2009-11-01,7,1,0,5
2009-11-01,7,2,0,11
2009-11-01,7,3,0,7
2009-11-01,7,5,0,4
2009-11-01,7,6,0,5
2009-11-01,7,8,0,33
2009-11-01,7,9,0,25
2009-11-01,8,1,340,440
2009-11-01,8,2,380,872
2009-11-01,8,3,257,481
2009-11-01,8,4,0,87
2009-11-01,8,5,54,283
2009-11-01,8,6,139,405
2009-11-01,8,7,0,47
2009-11-01,8,8,864,1632
2009-11-01,8,9,583,1328
2009-11-01,9,1,355,392
2009-11-01,9,2,257,778
2009-11-01,9,3,138,465
2009-11-01,9,4,0,79
2009-11-01,9,5,38,292
2009-11-01,9,6,87,351
2009-11-01,9,7,0,37
2009-11-01,9,8,807,1489
2009-11-01,9,9,631,1204
2009-11-01,10,1,311,366
2009-11-01,10,2,260,720
2009-11-01,10,3,147,408
2009-11-01,10,4,0,90
2009-11-01,10,5,21,273
2009-11-01,10,6,70,329
2009-11-01,10,7,0,35
2009-11-01,10,8,567,1393
2009-11-01,10,9,380,1119
2009-11-01,11,1,221,302
2009-11-01,11,2,291,600
2009-11-01,11,3,128,345
2009-11-01,11,4,0,56
2009-11-01,11,5,37,204
2009-11-01,11,6,67,280
2009-11-01,11,7,0,27
2009-11-01,11,8,458,1151
2009-11-01,11,9,403,935
2009-11-01,12,1,217,288
2009-11-01,12,2,178,573
2009-11-01,12,3,211,359
2009-11-01,12,4,0,70
2009-11-01,12,5,26,253
2009-11-01,12,6,60,270
2009-11-01,12,7,0,39
2009-11-01,12,8,627,1115
2009-11-01,12,9,450,901
2009-11-01,13,1,155,226
2009-11-01,13,2,128,449
2009-11-01,13,3,153,295
2009-11-01,13,4,0,45
2009-11-01,13,5,15,205
2009-11-01,13,6,36,201
2009-11-01,13,7,0,36
2009-11-01,13,8,892,893
2009-11-01,13,9,367,694
2009-11-01,14,1,340,290
2009-11-01,14,2,201,578
2009-11-01,14,3,152,328
2009-11-01,14,4,0,96
2009-11-01,14,5,24,220
2009-11-01,14,6,84,273
2009-11-01,14,7,0,35
2009-11-01,14,8,695,1115
2009-11-01,14,9,384,897
2009-11-01,15,1,228,274
2009-11-01,15,2,160,537
2009-11-01,15,3,81,289
2009-11-01,15,4,0,44
2009-11-01,15,5,26,187
2009-11-01,15,6,36,222
2009-11-01,15,7,0,24
2009-11-01,15,8,390,999
2009-11-01,15,9,272,810
2009-11-01,16,1,265,300
2009-11-01,16,2,183,594
2009-11-01,16,3,76,302
2009-11-01,16,4,0,51
2009-11-01,16,5,12,195
2009-11-01,16,6,23,256
2009-11-01,16,7,0,18
2009-11-01,16,8,446,1100
2009-11-01,16,9,276,884
2009-11-01,17,1,262,322
2009-11-01,17,2,271,635
2009-11-01,17,3,151,348
2009-11-01,17,4,0,80
2009-11-01,17,5,47,214
2009-11-01,17,6,59,276
2009-11-01,17,7,0,33
2009-11-01,17,8,673,1223
2009-11-01,17,9,495,967
2009-11-01,18,1,239,284
2009-11-01,18,2,230,565
2009-11-01,18,3,162,314
2009-11-01,18,4,0,65
2009-11-01,18,5,31,218
2009-11-01,18,6,54,241
2009-11-01,18,7,0,33
2009-11-01,18,8,544,1092
2009-11-01,18,9,340,854
2009-11-01,19,1,218,246
2009-11-01,19,2,182,491
2009-11-01,19,3,192,316
2009-11-01,19,4,0,48
2009-11-01,19,5,29,213
2009-11-01,19,6,75,243
2009-11-01,19,7,0,38
2009-11-01,19,8,1047,961
2009-11-01,19,9,459,770
2009-11-01,20,1,113,206
2009-11-01,20,2,103,412
2009-11-01,20,3,170,246
2009-11-01,20,4,0,57
2009-11-01,20,5,15,185
2009-11-01,20,6,36,188
2009-11-01,20,7,0,24
2009-11-01,20,8,781,808
2009-11-01,20,9,255,622
2009-11-01,21,1,90,196
2009-11-01,21,2,94,390
2009-11-01,21,3,42,205
2009-11-01,21,4,0,35
2009-11-01,21,5,17,135
2009-11-01,21,6,19,145
2009-11-01,21,7,0,17
2009-11-01,21,8,390,716
2009-11-01,21,9,176,564
2009-11-01,22,1,332,356
2009-11-01,22,2,247,709
2009-11-01,22,3,250,445
2009-11-01,22,4,0,90
2009-11-01,22,5,35,294
2009-11-01,22,6,188,351
2009-11-01,22,7,0,53
2009-11-01,22,8,991,1394
2009-11-01,22,9,608,1114
2009-11-01,23,1,260,338
2009-11-01,23,2,233,673
2009-11-01,23,3,211,405
2009-11-01,23,4,0,102
2009-11-01,23,5,48,253
2009-11-01,23,6,71,323
2009-11-01,23,7,0,44
2009-11-01,23,8,624,1300
2009-11-01,23,9,522,1054
2009-11-01,24,1,178,248
2009-11-01,24,2,150,490
2009-11-01,24,3,71,270
2009-11-01,24,4,0,53
2009-11-01,24,5,12,180
2009-11-01,24,6,25,219
2009-11-01,24,7,0,24
2009-11-01,24,8,416,937
2009-11-01,24,9,275,726
2009-11-01,25,1,267,328
2009-11-01,25,2,281,652
2009-11-01,25,3,166,385
2009-11-01,25,4,0,99
2009-11-01,25,5,32,242
2009-11-01,25,6,186,319
2009-11-01,25,7,0,36
2009-11-01,25,8,895,1274
2009-11-01,25,9,549,1030
2009-11-01,26,1,274,322
2009-11-01,26,2,176,637
2009-11-01,26,3,294,338
2009-11-01,26,4,0,79
2009-11-01,26,5,15,230
2009-11-01,26,6,59,300
2009-11-01,26,7,0,26
2009-11-01,26,8,669,1220
2009-11-01,26,9,370,975
2009-11-01,27,1,135,230
2009-11-01,27,2,120,459
2009-11-01,27,3,51,213
2009-11-01,27,4,0,26
2009-11-01,27,5,6,164
2009-11-01,27,6,14,171
2009-11-01,27,7,0,22
2009-11-01,27,8,274,863
2009-11-01,27,9,166,668
2009-11-01,28,1,257,332
2009-11-01,28,2,227,662
2009-11-01,28,3,291,418
2009-11-01,28,4,0,109
2009-11-01,28,5,40,265
2009-11-01,28,6,114,327
2009-11-01,28,7,0,37
2009-11-01,28,8,873,1290
2009-11-01,28,9,643,1035
2009-11-01,29,1,115,242
2009-11-01,29,2,131,476
2009-11-01,29,3,69,248
2009-11-01,29,4,0,28
2009-11-01,29,5,8,164
2009-11-01,29,6,29,195
2009-11-01,29,7,0,17
2009-11-01,29,8,393,896
2009-11-01,29,9,201,720
2009-11-01,30,1,144,288
2009-11-01,30,2,209,575
2009-11-01,30,3,207,346
2009-11-01,30,4,0,50
2009-11-01,30,5,33,239
2009-11-01,30,6,59,264
2009-11-01,30,7,0,39
2009-11-01,30,8,746,1123
2009-11-01,30,9,424,892
2009-11-01,31,1,264,288
2009-11-01,31,2,239,572
2009-11-01,31,3,222,323
2009-11-01,31,4,0,68
2009-11-01,31,5,32,214
2009-11-01,31,6,88,281
2009-11-01,31,7,0,28
2009-11-01,31,8,720,1098
2009-11-01,31,9,485,890
2009-11-01,32,1,254,358
2009-11-01,32,2,211,708
2009-11-01,32,3,135,388
2009-11-01,32,4,0,78
2009-11-01,32,5,27,278
2009-11-01,32,6,88,334
2009-11-01,32,7,0,39
2009-11-01,32,8,743,1355
2009-11-01,32,9,393,1079
2009-11-01,33,1,199,256
2009-11-01,33,2,202,511
2009-11-01,33,3,309,302
2009-11-01,33,4,0,81
2009-11-01,33,5,58,203
2009-11-01,33,6,127,232
2009-11-01,33,7,0,34
2009-11-01,33,8,2596,992
2009-11-01,33,9,602,784
2009-12-01,1,1,203,220
2009-12-01,1,2,147,433
2009-12-01,1,3,68,243
2009-12-01,1,4,0,67
2009-12-01,1,5,15,162
2009-12-01,1,6,61,206
2009-12-01,1,7,0,26
2009-12-01,1,8,421,845
2009-12-01,1,9,350,678
2009-12-01,2,1,392,422
2009-12-01,2,2,150,831
2009-12-01,2,3,124,439
2009-12-01,2,4,0,77
2009-12-01,2,5,19,290
2009-12-01,2,6,76,366
2009-12-01,2,7,0,34
2009-12-01,2,8,733,1585
2009-12-01,2,9,321,1260
2009-12-01,3,1,181,292
2009-12-01,3,2,172,573
2009-12-01,3,3,69,308
2009-12-01,3,4,0,44
2009-12-01,3,5,8,186
2009-12-01,3,6,13,240
2009-12-01,3,7,0,18
2009-12-01,3,8,328,1047
2009-12-01,3,9,277,863
2009-12-01,4,1,323,346
2009-12-01,4,2,176,680
2009-12-01,4,3,223,435
2009-12-01,4,4,0,86
2009-12-01,4,5,33,266
2009-12-01,4,6,130,316
2009-12-01,4,7,0,33
2009-12-01,4,8,623,1307
2009-12-01,4,9,472,1074
2009-12-01,5,1,277,394
2009-12-01,5,2,231,782
2009-12-01,5,3,117,392
2009-12-01,5,4,0,79
2009-12-01,5,5,22,262
2009-12-01,5,6,31,321
2009-12-01,5,7,0,24
2009-12-01,5,8,502,1449
2009-12-01,5,9,418,1148
2009-12-01,6,1,275,266
2009-12-01,6,2,167,531
2009-12-01,6,3,181,315
2009-12-01,6,4,0,71
2009-12-01,6,5,17,215
2009-12-01,6,6,87,248
2009-12-01,6,7,0,24
2009-12-01,6,8,1257,1030
2009-12-01,6,9,422,804
2009-12-01,7,1,0,5
2009-12-01,7,2,0,11
2009-12-01,7,3,0,7
2009-12-01,7,5,0,4
2009-12-01,7,6,0,5
2009-12-01,7,8,0,33
2009-12-01,7,9,0,25
2009-12-01,8,1,274,440
2009-12-01,8,2,349,872
2009-12-01,8,3,198,481
2009-12-01,8,4,0,87
2009-12-01,8,5,26,283
2009-12-01,8,6,116,405
2009-12-01,8,7,0,47
2009-12-01,8,8,842,1632
2009-12-01,8,9,557,1328
2009-12-01,9,1,352,392
2009-12-01,9,2,229,778
2009-12-01,9,3,133,465
2009-12-01,9,4,0,79
2009-12-01,9,5,30,292
2009-12-01,9,6,100,351
2009-12-01,9,7,0,37
2009-12-01,9,8,692,1489
2009-12-01,9,9,611,1204
2009-12-01,10,1,321,366
2009-12-01,10,2,223,720
2009-12-01,10,3,100,408
2009-12-01,10,4,0,90
2009-12-01,10,5,32,273
2009-12-01,10,6,103,329
2009-12-01,10,7,0,35
2009-12-01,10,8,518,1393
2009-12-01,10,9,326,1119
2009-12-01,11,1,211,302
2009-12-01,11,2,229,600
2009-12-01,11,3,61,345
2009-12-01,11,4,0,56
2009-12-01,11,5,25,204
2009-12-01,11,6,50,280
2009-12-01,11,7,0,27
2009-12-01,11,8,438,1151
2009-12-01,11,9,372,935
2009-12-01,12,1,149,288
2009-12-01,12,2,131,573
2009-12-01,12,3,149,359
2009-12-01,12,4,0,70
2009-12-01,12,5,21,253
2009-12-01,12,6,59,270
2009-12-01,12,7,0,39
2009-12-01,12,8,589,1115
2009-12-01,12,9,400,901
2009-12-01,13,1,166,226
2009-12-01,13,2,131,449
2009-12-01,13,3,120,295
2009-12-01,13,4,0,45
2009-12-01,13,5,26,205
2009-12-01,13,6,67,201
2009-12-01,13,7,0,36
2009-12-01,13,8,745,893
2009-12-01,13,9,337,694
2009-12-01,14,1,301,290
2009-12-01,14,2,200,578
2009-12-01,14,3,102,328
2009-12-01,14,4,0,96
2009-12-01,14,5,18,220
2009-12-01,14,6,95,273
2009-12-01,14,7,0,35
2009-12-01,14,8,706,1115
2009-12-01,14,9,387,897
2009-12-01,15,1,224,274
2009-12-01,15,2,127,537
2009-12-01,15,3,89,289
2009-12-01,15,4,0,44
2009-12-01,15,5,14,187
2009-12-01,15,6,44,222
2009-12-01,15,7,0,24
2009-12-01,15,8,364,999
2009-12-01,15,9,262,810
2009-12-01,16,1,192,300
2009-12-01,16,2,160,594
2009-12-01,16,3,94,302
2009-12-01,16,4,0,51
2009-12-01,16,5,15,195
2009-12-01,16,6,30,256
2009-12-01,16,7,0,18
2009-12-01,16,8,349,1100
2009-12-01,16,9,272,884
2009-12-01,17,1,234,322
2009-12-01,17,2,192,635
2009-12-01,17,3,83,348
2009-12-01,17,4,0,80
2009-12-01,17,5,60,214
2009-12-01,17,6,67,276
2009-12-01,17,7,0,33
2009-12-01,17,8,743,1223
2009-12-01,17,9,426,967
2009-12-01,18,1,223,284
2009-12-01,18,2,190,565
2009-12-01,18,3,98,314
2009-12-01,18,4,0,65
2009-12-01,18,5,20,218
2009-12-01,18,6,46,241
2009-12-01,18,7,0,33
2009-12-01,18,8,433,1092
2009-12-01,18,9,382,854
2009-12-01,19,1,205,246
2009-12-01,19,2,156,491
2009-12-01,19,3,157,316
2009-12-01,19,4,0,48
2009-12-01,19,5,24,213
2009-12-01,19,6,72,243
2009-12-01,19,7,0,38
2009-12-01,19,8,848,961
2009-12-01,19,9,382,770
2009-12-01,20,1,97,206
2009-12-01,20,2,83,412
2009-12-01,20,3,120,246
2009-12-01,20,4,0,57
2009-12-01,20,5,10,185
2009-12-01,20,6,35,188
2009-12-01,20,7,0,24
2009-12-01,20,8,837,808
2009-12-01,20,9,229,622
2009-12-01,21,1,93,196
2009-12-01,21,2,103,390
2009-12-01,21,3,45,205
2009-12-01,21,4,0,35
2009-12-01,21,5,15,135
2009-12-01,21,6,23,145
2009-12-01,21,7,0,17
2009-12-01,21,8,390,716
2009-12-01,21,9,188,564
2009-12-01,22,1,256,356
2009-12-01,22,2,253,709
2009-12-01,22,3,243,445
2009-12-01,22,4,0,90
2009-12-01,22,5,27,294
2009-12-01,22,6,183,351
2009-12-01,22,7,0,53
2009-12-01,22,8,797,1394
2009-12-01,22,9,555,1114
2009-12-01,23,1,215,338
2009-12-01,23,2,270,673
2009-12-01,23,3,125,405
2009-12-01,23,4,0,102
2009-12-01,23,5,43,253
2009-12-01,23,6,75,323
2009-12-01,23,7,0,44
2009-12-01,23,8,579,1300
2009-12-01,23,9,507,1054
2009-12-01,24,1,147,248
2009-12-01,24,2,135,490
2009-12-01,24,3,98,270
2009-12-01,24,4,0,53
2009-12-01,24,5,10,180
2009-12-01,24,6,28,219
2009-12-01,24,7,0,24
2009-12-01,24,8,349,937
2009-12-01,24,9,249,726
2009-12-01,25,1,223,328
2009-12-01,25,2,266,652
2009-12-01,25,3,190,385
2009-12-01,25,4,0,99
2009-12-01,25,5,25,242
2009-12-01,25,6,193,319
2009-12-01,25,7,0,36
2009-12-01,25,8,920,1274
2009-12-01,25,9,497,1030
2009-12-01,26,1,264,322
2009-12-01,26,2,166,637
2009-12-01,26,3,178,338
2009-12-01,26,4,0,79
2009-12-01,26,5,10,230
2009-12-01,26,6,69,300
2009-12-01,26,7,0,26
2009-12-01,26,8,638,1220
2009-12-01,26,9,315,975
2009-12-01,27,1,105,230
2009-12-01,27,2,81,459
2009-12-01,27,3,56,213
2009-12-01,27,4,0,26
2009-12-01,27,5,8,164
2009-12-01,27,6,25,171
2009-12-01,27,7,0,22
2009-12-01,27,8,291,863
2009-12-01,27,9,162,668
2009-12-01,28,1,219,332
2009-12-01,28,2,166,662
2009-12-01,28,3,347,418
2009-12-01,28,4,0,109
2009-12-01,28,5,42,265
2009-12-01,28,6,100,327
2009-12-01,28,7,0,37
2009-12-01,28,8,747,1290
2009-12-01,28,9,603,1035
2009-12-01,29,1,103,242
2009-12-01,29,2,122,476
2009-12-01,29,3,23,248
2009-12-01,29,4,0,28
2009-12-01,29,5,11,164
2009-12-01,29,6,25,195
2009-12-01,29,7,0,17
2009-12-01,29,8,366,896
2009-12-01,29,9,214,720
2009-12-01,30,1,137,288
2009-12-01,30,2,203,575
2009-12-01,30,3,172,346
2009-12-01,30,4,0,50
2009-12-01,30,5,26,239
2009-12-01,30,6,69,264
2009-12-01,30,7,0,39
2009-12-01,30,8,586,1123
2009-12-01,30,9,440,892
2009-12-01,31,1,281,288
2009-12-01,31,2,200,572
2009-12-01,31,3,187,323
2009-12-01,31,4,0,68
2009-12-01,31,5,35,214
2009-12-01,31,6,117,281
2009-12-01,31,7,0,28
2009-12-01,31,8,678,1098
2009-12-01,31,9,421,890
2009-12-01,32,1,209,358
2009-12-01,32,2,164,708
2009-12-01,32,3,120,388
2009-12-01,32,4,0,78
2009-12-01,32,5,24,278
2009-12-01,32,6,53,334
2009-12-01,32,7,0,39
2009-12-01,32,8,647,1355
2009-12-01,32,9,393,1079
2009-12-01,33,1,212,256
2009-12-01,33,2,191,511
2009-12-01,33,3,217,302
2009-12-01,33,4,0,81
2009-12-01,33,5,44,203
2009-12-01,33,6,109,232
2009-12-01,33,7,0,34
2009-12-01,33,8,2740,992
2009-12-01,33,9,572,784
2010-01-01,1,1,222,220
2010-01-01,1,2,189,433
2010-01-01,1,3,107,243
2010-01-01,1,4,0,67
2010-01-01,1,5,25,162
2010-01-01,1,6,79,206
2010-01-01,1,7,0,26
2010-01-01,1,8,384,845
2010-01-01,1,9,411,678
2010-01-01,2,1,340,422
2010-01-01,2,2,184,831
2010-01-01,2,3,125,439
2010-01-01,2,4,0,77
2010-01-01,2,5,20,290
2010-01-01,2,6,77,366
2010-01-01,2,7,0,34
2010-01-01,2,8,762,1585
2010-01-01,2,9,359,1260
2010-01-01,3,1,172,292
2010-01-01,3,2,188,573
2010-01-01,3,3,94,308
2010-01-01,3,4,0,44
2010-01-01,3,5,14,186
2010-01-01,3,6,22,240
2010-01-01,3,7,0,18
2010-01-01,3,8,307,1047
2010-01-01,3,9,278,863
2010-01-01,4,1,311,346
2010-01-01,4,2,165,680
2010-01-01,4,3,220,435
2010-01-01,4,4,0,86
2010-01-01,4,5,26,266
2010-01-01,4,6,131,316
2010-01-01,4,7,0,33
2010-01-01,4,8,538,1307
2010-01-01,4,9,468,1074
2010-01-01,5,1,241,394
2010-01-01,5,2,223,782
2010-01-01,5,3,132,392
2010-01-01,5,4,0,79
2010-01-01,5,5,22,262
2010-01-01,5,6,55,321
2010-01-01,5,7,0,24
2010-01-01,5,8,536,1449
2010-01-01,5,9,369,1148
2010-01-01,6,1,234,266
2010-01-01,6,2,165,531
2010-01-01,6,3,245,315
2010-01-01,6,4,0,71
2010-01-01,6,5,24,215
2010-01-01,6,6,107,248
2010-01-01,6,7,0,24
2010-01-01,6,8,1217,1030
2010-01-01,6,9,449,804
2010-01-01,7,1,0,5
2010-01-01,7,2,0,11
2010-01-01,7,3,0,7
2010-01-01,7,5,0,4
2010-01-01,7,6,0,5
2010-01-01,7,8,0,33
2010-01-01,7,9,0,25
2010-01-01,8,1,372,440
2010-01-01,8,2,350,872
2010-01-01,8,3,211,481
2010-01-01,8,4,0,87
2010-01-01,8,5,42,283
2010-01-01,8,6,109,405
2010-01-01,8,7,0,47
2010-01-01,8,8,763,1632
2010-01-01,8,9,546,1328
2010-01-01,9,1,314,392
2010-01-01,9,2,257,778
2010-01-01,9,3,157,465
2010-01-01,9,4,0,79
2010-01-01,9,5,51,292
2010-01-01,9,6,144,351
2010-01-01,9,7,0,37
2010-01-01,9,8,706,1489
2010-01-01,9,9,600,1204
2010-01-01,10,1,325,366
2010-01-01,10,2,253,720
2010-01-01,10,3,120,408
2010-01-01,10,4,0,90
2010-01-01,10,5,25,273
2010-01-01,10,6,109,329
2010-01-01,10,7,0,35
2010-01-01,10,8,500,1393
2010-01-01,10,9,362,1119
2010-01-01,11,1,217,302
2010-01-01,11,2,203,600
2010-01-01,11,3,65,345
2010-01-01,11,4,0,56
2010-01-01,11,5,26,204
2010-01-01,11,6,58,280
2010-01-01,11,7,0,27
2010-01-01,11,8,533,1151
2010-01-01,11,9,370,935
2010-01-01,12,1,153,288
2010-01-01,12,2,157,573
2010-01-01,12,3,234,359
2010-01-01,12,4,0,70
2010-01-01,12,5,22,253
2010-01-01,12,6,81,270
2010-01-01,12,7,0,39
2010-01-01,12,8,571,1115
2010-01-01,12,9,497,901
2010-01-01,13,1,164,226
2010-01-01,13,2,159,449
2010-01-01,13,3,155,295
2010-01-01,13,4,0,45
2010-01-01,13,5,24,205
2010-01-01,13,6,49,201
2010-01-01,13,7,0,36
2010-01-01,13,8,677,893
2010-01-01,13,9,328,694
2010-01-01,14,1,230,290
2010-01-01,14,2,222,578
2010-01-01,14,3,129,328
2010-01-01,14,4,0,96
2010-01-01,14,5,15,220
2010-01-01,14,6,87,273
2010-01-01,14,7,0,35
2010-01-01,14,8,698,1115
2010-01-01,14,9,357,897
2010-01-01,15,1,190,274
2010-01-01,15,2,126,537
2010-01-01,15,3,54,289
2010-01-01,15,4,0,44
2010-01-01,15,5,23,187
2010-01-01,15,6,37,222
2010-01-01,15,7,0,24
2010-01-01,15,8,364,999
2010-01-01,15,9,258,810
2010-01-01,16,1,257,300
2010-01-01,16,2,164,594
2010-01-01,16,3,55,302
2010-01-01,16,4,0,51
2010-01-01,16,5,26,195
2010-01-01,16,6,34,256
2010-01-01,16,7,0,18
2010-01-01,16,8,393,1100
2010-01-01,16,9,309,884
2010-01-01,17,1,264,322
2010-01-01,17,2,227,635
2010-01-01,17,3,126,348
2010-01-01,17,4,0,80
2010-01-01,17,5,52,214
2010-01-01,17,6,55,276
2010-01-01,17,7,0,33
2010-01-01,17,8,654,1223
2010-01-01,17,9,518,967
2010-01-01,18,1,227,284
2010-01-01,18,2,194,565
2010-01-01,18,3,144,314
2010-01-01,18,4,0,65
2010-01-01,18,5,15,218
2010-01-01,18,6,43,241
2010-01-01,18,7,0,33
2010-01-01,18,8,455,1092
2010-01-01,18,9,361,854
2010-01-01,19,1,199,246
2010-01-01,19,2,153,491
2010-01-01,19,3,172,316
2010-01-01,19,4,0,48
2010-01-01,19,5,30,213
2010-01-01,19,6,85,243
2010-01-01,19,7,0,38
2010-01-01,19,8,769,961
2010-01-01,19,9,390,770
2010-01-01,20,1,105,206
2010-01-01,20,2,94,412
2010-01-01,20,3,165,246
2010-01-01,20,4,0,57
2010-01-01,20,5,16,185
2010-01-01,20,6,44,188
2010-01-01,20,7,0,24
2010-01-01,20,8,757,808
2010-01-01,20,9,225,622
2010-01-01,21,1,85,196
2010-01-01,21,2,81,390
2010-01-01,21,3,50,205
2010-01-01,21,4,0,35
2010-01-01,21,5,9,135
2010-01-01,21,6,19,145
2010-01-01,21,7,0,17
2010-01-01,21,8,359,716
2010-01-01,21,9,181,564
2010-01-01,22,1,230,356
2010-01-01,22,2,238,709
2010-01-01,22,3,264,445
2010-01-01,22,4,0,90
2010-01-01,22,5,43,294
2010-01-01,22,6,163,351
2010-01-01,22,7,0,53
2010-01-01,22,8,935,1394
2010-01-01,22,9,621,1114
2010-01-01,23,1,207,338
2010-01-01,23,2,244,673
2010-01-01,23,3,188,405
2010-01-01,23,4,0,102
2010-01-01,23,5,37,253
2010-01-01,23,6,76,323
2010-01-01,23,7,0,44
2010-01-01,23,8,588,1300
2010-01-01,23,9,492,1054
2010-01-01,24,1,170,248
2010-01-01,24,2,102,490
2010-01-01,24,3,80,270
2010-01-01,24,4,0,53
2010-01-01,24,5,13,180
2010-01-01,24,6,41,219
2010-01-01,24,7,0,24
2010-01-01,24,8,384,937
2010-01-01,24,9,243,726
2010-01-01,25,1,260,328
2010-01-01,25,2,247,652
2010-01-01,25,3,208,385
2010-01-01,25,4,0,99
2010-01-01,25,5,31,242
2010-01-01,25,6,167,319
2010-01-01,25,7,0,36
2010-01-01,25,8,911,1274
2010-01-01,25,9,517,1030
2010-01-01,26,1,235,322
2010-01-01,26,2,189,637
2010-01-01,26,3,216,338
2010-01-01,26,4,0,79
2010-01-01,26,5,18,230
2010-01-01,26,6,50,300
2010-01-01,26,7,0,26
2010-01-01,26,8,584,1220
2010-01-01,26,9,295,975
2010-01-01,27,1,123,230
2010-01-01,27,2,94,459
2010-01-01,27,3,42,213
2010-01-01,27,4,0,26
2010-01-01,27,5,5,164
2010-01-01,27,6,15,171
2010-01-01,27,7,0,22
2010-01-01,27,8,296,863
2010-01-01,27,9,190,668
2010-01-01,28,1,218,332
2010-01-01,28,2,188,662
2010-01-01,28,3,349,418
2010-01-01,28,4,0,109
2010-01-01,28,5,58,265
2010-01-01,28,6,174,327
2010-01-01,28,7,0,37
2010-01-01,28,8,731,1290
2010-01-01,28,9,603,1035
2010-01-01,29,1,111,242
2010-01-01,29,2,153,476
2010-01-01,29,3,60,248
2010-01-01,29,4,0,28
2010-01-01,29,5,6,164
2010-01-01,29,6,20,195
2010-01-01,29,7,0,17
2010-01-01,29,8,383,896
2010-01-01,29,9,191,720
2010-01-01,30,1,122,288
2010-01-01,30,2,148,575
2010-01-01,30,3,265,346
2010-01-01,30,4,0,50
2010-01-01,30,5,18,239
2010-01-01,30,6,54,264
2010-01-01,30,7,0,39
2010-01-01,30,8,579,1123
2010-01-01,30,9,397,892
2010-01-01,31,1,237,288
2010-01-01,31,2,208,572
2010-01-01,31,3,133,323
2010-01-01,31,4,0,68
2010-01-01,31,5,22,214
2010-01-01,31,6,141,281
2010-01-01,31,7,0,28
2010-01-01,31,8,673,1098
2010-01-01,31,9,432,890
2010-01-01,32,1,195,358
2010-01-01,32,2,199,708
2010-01-01,32,3,148,388
2010-01-01,32,4,0,78
2010-01-01,32,5,21,278
2010-01-01,32,6,106,334
2010-01-01,32,7,0,39
2010-01-01,32,8,666,1355
2010-01-01,32,9,400,1079
2010-01-01,33,1,229,256
2010-01-01,33,2,167,511
2010-01-01,33,3,343,302
2010-01-01,33,4,0,81
2010-01-01,33,5,53,203
2010-01-01,33,6,130,232
2010-01-01,33,7,0,34
2010-01-01,33,8,2349,992
2010-01-01,33,9,555,784
2010-02-01,1,1,206,220
2010-02-01,1,2,186,433
2010-02-01,1,3,71,243
2010-02-01,1,4,0,67
2010-02-01,1,5,30,162
2010-02-01,1,6,72,206
2010-02-01,1,7,0,26
2010-02-01,1,8,418,845
2010-02-01,1,9,371,678
2010-02-01,2,1,354,422
2010-02-01,2,2,226,831
2010-02-01,2,3,103,439
2010-02-01,2,4,0,77
2010-02-01,2,5,25,290
2010-02-01,2,6,106,366
2010-02-01,2,7,0,34
2010-02-01,2,8,778,1585
2010-02-01,2,9,391,1260
2010-02-01,3,1,144,292
2010-02-01,3,2,175,573
2010-02-01,3,3,64,308
2010-02-01,3,4,0,44
2010-02-01,3,5,12,186
2010-02-01,3,6,15,240
2010-02-01,3,7,0,18
2010-02-01,3,8,375,1047
2010-02-01,3,9,292,863
2010-02-01,4,1,291,346
2010-02-01,4,2,166,680
2010-02-01,4,3,212,435
2010-02-01,4,4,0,86
2010-02-01,4,5,38,266
2010-02-01,4,6,157,316
2010-02-01,4,7,0,33
2010-02-01,4,8,552,1307
2010-02-01,4,9,461,1074
2010-02-01,5,1,254,394
2010-02-01,5,2,221,782
2010-02-01,5,3,104,392
2010-02-01,5,4,0,79
2010-02-01,5,5,33,262
2010-02-01,5,6,35,321
2010-02-01,5,7,0,24
2010-02-01,5,8,534,1449
2010-02-01,5,9,365,1148
2010-02-01,6,1,258,266
2010-02-01,6,2,143,531
2010-02-01,6,3,300,315
2010-02-01,6,4,0,71
2010-02-01,6,5,33,215
2010-02-01,6,6,89,248
2010-02-01,6,7,0,24
2010-02-01,6,8,1208,1030
2010-02-01,6,9,457,804
2010-02-01,7,1,0,5
2010-02-01,7,2,0,11
2010-02-01,7,3,0,7
2010-02-01,7,5,0,4
2010-02-01,7,6,0,5
2010-02-01,7,8,0,33
2010-02-01,7,9,0,25
2010-02-01,8,1,340,440
2010-02-01,8,2,333,872
2010-02-01,8,3,189,481
2010-02-01,8,4,0,87
2010-02-01,8,5,30,283
2010-02-01,8,6,131,405
2010-02-01,8,7,0,47
2010-02-01,8,8,876,1632
2010-02-01,8,9,441,1328
2010-02-01,9,1,350,392
2010-02-01,9,2,241,778
2010-02-01,9,3,227,465
2010-02-01,9,4,0,79
2010-02-01,9,5,44,292
2010-02-01,9,6,121,351
2010-02-01,9,7,0,37
2010-02-01,9,8,815,1489
2010-02-01,9,9,601,1204
2010-02-01,10,1,314,366
2010-02-01,10,2,221,720
2010-02-01,10,3,141,408
2010-02-01,10,4,0,90
2010-02-01,10,5,31,273
2010-02-01,10,6,131,329
2010-02-01,10,7,0,35
2010-02-01,10,8,528,1393
2010-02-01,10,9,377,1119
2010-02-01,11,1,228,302
2010-02-01,11,2,195,600
2010-02-01,11,3,86,345
2010-02-01,11,4,0,56
2010-02-01,11,5,16,204
2010-02-01,11,6,69,280
2010-02-01,11,7,0,27
2010-02-01,11,8,518,1151
2010-02-01,11,9,359,935
2010-02-01,12,1,173,288
2010-02-01,12,2,136,573
2010-02-01,12,3,212,359
2010-02-01,12,4,0,70
2010-02-01,12,5,26,253
2010-02-01,12,6,82,270
2010-02-01,12,7,0,39
2010-02-01,12,8,521,1115
2010-02-01,12,9,410,901
2010-02-01,13,1,129,226
2010-02-01,13,2,125,449
2010-02-01,13,3,120,295
2010-02-01,13,4,0,45
2010-02-01,13,5,34,205
2010-02-01,13,6,75,201
2010-02-01,13,7,0,36
2010-02-01,13,8,710,893
2010-02-01,13,9,340,694
2010-02-01,14,1,256,290
2010-02-01,14,2,186,578
2010-02-01,14,3,83,328
2010-02-01,14,4,0,96
2010-02-01,14,5,21,220
2010-02-01,14,6,105,273
2010-02-01,14,7,0,35
2010-02-01,14,8,634,1115
2010-02-01,14,9,381,897
2010-02-01,15,1,173,274
2010-02-01,15,2,122,537
2010-02-01,15,3,83,289
2010-02-01,15,4,0,44
2010-02-01,15,5,17,187
2010-02-01,15,6,40,222
2010-02-01,15,7,0,24
2010-02-01,15,8,398,999
2010-02-01,15,9,283,810
2010-02-01,16,1,235,300
2010-02-01,16,2,144,594
2010-02-01,16,3,63,302
2010-02-01,16,4,0,51
2010-02-01,16,5,11,195
2010-02-01,16,6,30,256
2010-02-01,16,7,0,18
2010-02-01,16,8,420,1100
2010-02-01,16,9,250,884
2010-02-01,17,1,274,322
2010-02-01,17,2,223,635
2010-02-01,17,3,140,348
2010-02-01,17,4,0,80
2010-02-01,17,5,48,214
2010-02-01,17,6,42,276
2010-02-01,17,7,0,33
2010-02-01,17,8,667,1223
2010-02-01,17,9,470,967
2010-02-01,18,1,242,284
2010-02-01,18,2,152,565
2010-02-01,18,3,151,314
2010-02-01,18,4,0,65
2010-02-01,18,5,25,218
2010-02-01,18,6,37,241
2010-02-01,18,7,0,33
2010-02-01,18,8,496,1092
2010-02-01,18,9,324,854
2010-02-01,19,1,164,246
2010-02-01,19,2,152,491
2010-02-01,19,3,195,316
2010-02-01,19,4,0,48
2010-02-01,19,5,33,213
2010-02-01,19,6,60,243
2010-02-01,19,7,0,38
2010-02-01,19,8,777,961
2010-02-01,19,9,423,770
2010-02-01,20,1,132,206
2010-02-01,20,2,64,412
2010-02-01,20,3,169,246
2010-02-01,20,4,0,57
2010-02-01,20,5,23,185
2010-02-01,20,6,42,188
2010-02-01,20,7,0,24
2010-02-01,20,8,783,808
2010-02-01,20,9,206,622
2010-02-01,21,1,95,196
2010-02-01,21,2,94,390
2010-02-01,21,3,46,205
2010-02-01,21,4,0,35
2010-02-01,21,5,15,135
2010-02-01,21,6,11,145
2010-02-01,21,7,0,17
2010-02-01,21,8,326,716
2010-02-01,21,9,153,564
2010-02-01,22,1,233,356
2010-02-01,22,2,228,709
2010-02-01,22,3,243,445
2010-02-01,22,4,0,90
2010-02-01,22,5,30,294
2010-02-01,22,6,202,351
2010-02-01,22,7,0,53
2010-02-01,22,8,903,1394
2010-02-01,22,9,522,1114
2010-02-01,23,1,226,338
2010-02-01,23,2,241,673
2010-02-01,23,3,246,405
2010-02-01,23,4,0,102
2010-02-01,23,5,40,253
2010-02-01,23,6,115,323
2010-02-01,23,7,0,44
2010-02-01,23,8,601,1300
2010-02-01,23,9,513,1054
2010-02-01,24,1,150,248
2010-02-01,24,2,151,490
2010-02-01,24,3,83,270
2010-02-01,24,4,0,53
2010-02-01,24,5,12,180
2010-02-01,24,6,37,219
2010-02-01,24,7,0,24
2010-02-01,24,8,420,937
2010-02-01,24,9,214,726
2010-02-01,25,1,319,328
2010-02-01,25,2,227,652
2010-02-01,25,3,209,385
2010-02-01,25,4,0,99
2010-02-01,25,5,35,242
2010-02-01,25,6,200,319
2010-02-01,25,7,0,36
2010-02-01,25,8,944,1274
2010-02-01,25,9,540,1030
2010-02-01,26,1,273,322
2010-02-01,26,2,150,637
2010-02-01,26,3,172,338
2010-02-01,26,4,0,79
2010-02-01,26,5,16,230
2010-02-01,26,6,57,300
2010-02-01,26,7,0,26
2010-02-01,26,8,590,1220
2010-02-01,26,9,299,975
2010-02-01,27,1,154,230
2010-02-01,27,2,141,459
2010-02-01,27,3,27,213
2010-02-01,27,4,0,26
2010-02-01,27,5,17,164
2010-02-01,27,6,16,171
2010-02-01,27,7,0,22
2010-02-01,27,8,301,863
2010-02-01,27,9,193,668
2010-02-01,28,1,259,332
2010-02-01,28,2,192,662
2010-02-01,28,3,386,418
2010-02-01,28,4,0,109
2010-02-01,28,5,62,265
2010-02-01,28,6,134,327
2010-02-01,28,7,0,37
2010-02-01,28,8,747,1290
2010-02-01,28,9,612,1035
2010-02-01,29,1,142,242
2010-02-01,29,2,144,476
2010-02-01,29,3,61,248
2010-02-01,29,4,0,28
2010-02-01,29,5,7,164
2010-02-01,29,6,25,195
2010-02-01,29,7,0,17
2010-02-01,29,8,391,896
2010-02-01,29,9,189,720
2010-02-01,30,1,160,288
2010-02-01,30,2,174,575
2010-02-01,30,3,244,346
2010-02-01,30,4,0,50
2010-02-01,30,5,24,239
2010-02-01,30,6,70,264
2010-02-01,30,7,0,39
2010-02-01,30,8,575,1123
2010-02-01,30,9,415,892
2010-02-01,31,1,216,288
2010-02-01,31,2,171,572
2010-02-01,31,3,160,323
2010-02-01,31,4,0,68
2010-02-01,31,5,23,214
2010-02-01,31,6,123,281
2010-02-01,31,7,0,28
2010-02-01,31,8,662,1098
2010-02-01,31,9,394,890
2010-02-01,32,1,187,358
2010-02-01,32,2,176,708
2010-02-01,32,3,169,388
2010-02-01,32,4,0,78
2010-02-01,32,5,26,278
2010-02-01,32,6,108,334
2010-02-01,32,7,0,39
2010-02-01,32,8,713,1355
2010-02-01,32,9,377,1079
2010-02-01,33,1,222,256
2010-02-01,33,2,219,511
2010-02-01,33,3,246,302
2010-02-01,33,4,0,81
2010-02-01,33,5,56,203
2010-02-01,33,6,92,232
2010-02-01,33,7,0,34
2010-02-01,33,8,2342,992
2010-02-01,33,9,524,784
2010-03-01,1,1,161,220
2010-03-01,1,2,222,433
2010-03-01,1,3,173,243
2010-03-01,1,4,0,67
2010-03-01,1,5,26,162
2010-03-01,1,6,74,206
2010-03-01,1,7,0,26
2010-03-01,1,8,526,845
2010-03-01,1,9,374,678
2010-03-01,2,1,343,422
2010-03-01,2,2,265,831
2010-03-01,2,3,132,439
2010-03-01,2,4,0,77
2010-03-01,2,5,27,290
2010-03-01,2,6,93,366
2010-03-01,2,7,0,34
2010-03-01,2,8,822,1585
2010-03-01,2,9,364,1260
2010-03-01,3,1,158,292
2010-03-01,3,2,203,573
2010-03-01,3,3,90,308
2010-03-01,3,4,0,44
2010-03-01,3,5,20,186
2010-03-01,3,6,24,240
2010-03-01,3,7,0,18
2010-03-01,3,8,445,1047
2010-03-01,3,9,292,863
2010-03-01,4,1,326,346
2010-03-01,4,2,218,680
2010-03-01,4,3,235,435
2010-03-01,4,4,0,86
2010-03-01,4,5,54,266
2010-03-01,4,6,149,316
2010-03-01,4,7,0,33
2010-03-01,4,8,764,1307
2010-03-01,4,9,580,1074
2010-03-01,5,1,298,394
2010-03-01,5,2,234,782
2010-03-01,5,3,92,392
2010-03-01,5,4,0,79
2010-03-01,5,5,39,262
2010-03-01,5,6,43,321
2010-03-01,5,7,0,24
2010-03-01,5,8,678,1449
2010-03-01,5,9,406,1148
2010-03-01,6,1,283,266
2010-03-01,6,2,191,531
2010-03-01,6,3,252,315
2010-03-01,6,4,0,71
2010-03-01,6,5,41,215
2010-03-01,6,6,90,248
2010-03-01,6,7,0,24
2010-03-01,6,8,1427,1030
2010-03-01,6,9,512,804
2010-03-01,7,1,0,5
2010-03-01,7,2,0,11
2010-03-01,7,3,0,7
2010-03-01,7,5,0,4
2010-03-01,7,6,0,5
2010-03-01,7,8,0,33
2010-03-01,7,9,0,25
2010-03-01,8,1,327,440
2010-03-01,8,2,388,872
2010-03-01,8,3,184,481
2010-03-01,8,4,0,87
2010-03-01,8,5,41,283
2010-03-01,8,6,158,405
2010-03-01,8,7,0,47
2010-03-01,8,8,949,1632
2010-03-01,8,9,573,1328
2010-03-01,9,1,339,392
2010-03-01,9,2,295,778
2010-03-01,9,3,201,465
2010-03-01,9,4,0,79
2010-03-01,9,5,42,292
2010-03-01,9,6,150,351
2010-03-01,9,7,0,37
2010-03-01,9,8,906,1489
2010-03-01,9,9,813,1204
2010-03-01,10,1,318,366
2010-03-01,10,2,297,720
2010-03-01,10,3,172,408
2010-03-01,10,4,0,90
2010-03-01,10,5,41,273
2010-03-01,10,6,127,329
2010-03-01,10,7,0,35
2010-03-01,10,8,637,1393
2010-03-01,10,9,375,1119
2010-03-01,11,1,234,302
2010-03-01,11,2,252,600
2010-03-01,11,3,100,345
2010-03-01,11,4,0,56
2010-03-01,11,5,28,204
2010-03-01,11,6,73,280
2010-03-01,11,7,0,27
2010-03-01,11,8,620,1151
2010-03-01,11,9,446,935
2010-03-01,12,1,140,288
2010-03-01,12,2,162,573
2010-03-01,12,3,170,359
2010-03-01,12,4,0,70
2010-03-01,12,5,29,253
2010-03-01,12,6,118,270
2010-03-01,12,7,0,39
2010-03-01,12,8,606,1115
2010-03-01,12,9,484,901
2010-03-01,13,1,169,226
2010-03-01,13,2,179,449
2010-03-01,13,3,143,295
2010-03-01,13,4,0,45
2010-03-01,13,5,32,205
2010-03-01,13,6,91,201
2010-03-01,13,7,0,36
2010-03-01,13,8,839,893
2010-03-01,13,9,380,694
2010-03-01,14,1,294,290
2010-03-01,14,2,227,578
2010-03-01,14,3,117,328
2010-03-01,14,4,0,96
2010-03-01,14,5,19,220
2010-03-01,14,6,70,273
2010-03-01,14,7,0,35
2010-03-01,14,8,759,1115
2010-03-01,14,9,391,897
2010-03-01,15,1,203,274
2010-03-01,15,2,173,537
2010-03-01,15,3,93,289
2010-03-01,15,4,0,44
2010-03-01,15,5,17,187
2010-03-01,15,6,47,222
2010-03-01,15,7,0,24
2010-03-01,15,8,465,999
2010-03-01,15,9,297,810
2010-03-01,16,1,264,300
2010-03-01,16,2,174,594
2010-03-01,16,3,60,302
2010-03-01,16,4,0,51
2010-03-01,16,5,31,195
2010-03-01,16,6,26,256
2010-03-01,16,7,0,18
2010-03-01,16,8,544,1100
2010-03-01,16,9,279,884
2010-03-01,17,1,241,322
2010-03-01,17,2,278,635
2010-03-01,17,3,142,348
2010-03-01,17,4,0,80
2010-03-01,17,5,53,214
2010-03-01,17,6,76,276
2010-03-01,17,7,0,33
2010-03-01,17,8,803,1223
2010-03-01,17,9,528,967
2010-03-01,18,1,215,284
2010-03-01,18,2,221,565
2010-03-01,18,3,135,314
2010-03-01,18,4,0,65
2010-03-01,18,5,31,218
2010-03-01,18,6,68,241
2010-03-01,18,7,0,33
2010-03-01,18,8,540,1092
2010-03-01,18,9,471,854
2010-03-01,19,1,212,246
2010-03-01,19,2,239,491
2010-03-01,19,3,188,316
2010-03-01,19,4,0,48
2010-03-01,19,5,42,213
2010-03-01,19,6,93,243
2010-03-01,19,7,0,38
2010-03-01,19,8,1073,961
2010-03-01,19,9,454,770
2010-03-01,20,1,116,206
2010-03-01,20,2,108,412
2010-03-01,20,3,150,246
2010-03-01,20,4,0,57
2010-03-01,20,5,17,185
2010-03-01,20,6,35,188
2010-03-01,20,7,0,24
2010-03-01,20,8,967,808
2010-03-01,20,9,241,622
2010-03-01,21,1,109,196
2010-03-01,21,2,108,390
2010-03-01,21,3,38,205
2010-03-01,21,4,0,35
2010-03-01,21,5,10,135
2010-03-01,21,6,37,145
2010-03-01,21,7,0,17
2010-03-01,21,8,405,716
2010-03-01,21,9,164,564
2010-03-01,22,1,291,356
2010-03-01,22,2,318,709
2010-03-01,22,3,231,445
2010-03-01,22,4,0,90
2010-03-01,22,5,47,294
2010-03-01,22,6,224,351
2010-03-01,22,7,0,53
2010-03-01,22,8,1056,1394
2010-03-01,22,9,637,1114
2010-03-01,23,1,283,338
2010-03-01,23,2,339,673
2010-03-01,23,3,195,405
2010-03-01,23,4,0,102
2010-03-01,23,5,53,253
2010-03-01,23,6,147,323
2010-03-01,23,7,0,44
2010-03-01,23,8,737,1300
2010-03-01,23,9,568,1054
2010-03-01,24,1,189,248
2010-03-01,24,2,154,490
2010-03-01,24,3,81,270
2010-03-01,24,4,0,53
2010-03-01,24,5,9,180
2010-03-01,24,6,62,219
2010-03-01,24,7,0,24
2010-03-01,24,8,444,937
2010-03-01,24,9,276,726
2010-03-01,25,1,274,328
2010-03-01,25,2,274,652
2010-03-01,25,3,279,385
2010-03-01,25,4,0,99
2010-03-01,25,5,44,242
2010-03-01,25,6,239,319
2010-03-01,25,7,0,36
2010-03-01,25,8,1066,1274
2010-03-01,25,9,666,1030
2010-03-01,26,1,330,322
2010-03-01,26,2,188,637
2010-03-01,26,3,161,338
2010-03-01,26,4,0,79
2010-03-01,26,5,13,230
2010-03-01,26,6,105,300
2010-03-01,26,7,0,26
2010-03-01,26,8,768,1220
2010-03-01,26,9,382,975
2010-03-01,27,1,145,230
2010-03-01,27,2,117,459
2010-03-01,27,3,45,213
2010-03-01,27,4,0,26
2010-03-01,27,5,14,164
2010-03-01,27,6,19,171
2010-03-01,27,7,0,22
2010-03-01,27,8,358,863
2010-03-01,27,9,202,668
2010-03-01,28,1,268,332
2010-03-01,28,2,269,662
2010-03-01,28,3,440,418
2010-03-01,28,4,0,109
2010-03-01,28,5,52,265
2010-03-01,28,6,175,327
2010-03-01,28,7,0,37
2010-03-01,28,8,1007,1290
2010-03-01,28,9,683,1035
2010-03-01,29,1,156,242
2010-03-01,29,2,175,476
2010-03-01,29,3,47,248
2010-03-01,29,4,0,28
2010-03-01,29,5,11,164
2010-03-01,29,6,41,195
2010-03-01,29,7,0,17
2010-03-01,29,8,485,896
2010-03-01,29,9,238,720
2010-03-01,30,1,142,288
2010-03-01,30,2,193,575
2010-03-01,30,3,221,346
2010-03-01,30,4,0,50
2010-03-01,30,5,30,239
2010-03-01,30,6,97,264
2010-03-01,30,7,0,39
2010-03-01,30,8,716,1123
2010-03-01,30,9,458,892
2010-03-01,31,1,333,288
2010-03-01,31,2,228,572
2010-03-01,31,3,150,323
2010-03-01,31,4,0,68
2010-03-01,31,5,26,214
2010-03-01,31,6,160,281
2010-03-01,31,7,0,28
2010-03-01,31,8,769,1098
2010-03-01,31,9,466,890
2010-03-01,32,1,199,358
2010-03-01,32,2,242,708
2010-03-01,32,3,108,388
2010-03-01,32,4,0,78
2010-03-01,32,5,20,278
2010-03-01,32,6,121,334
2010-03-01,32,7,0,39
2010-03-01,32,8,819,1355
2010-03-01,32,9,356,1079
2010-03-01,33,1,226,256
2010-03-01,33,2,238,511
2010-03-01,33,3,309,302
2010-03-01,33,4,0,81
2010-03-01,33,5,46,203
2010-03-01,33,6,144,232
2010-03-01,33,7,0,34
2010-03-01,33,8,2578,992
2010-03-01,33,9,625,784
2010-04-01,1,1,161,220
2010-04-01,1,2,215,433
2010-04-01,1,3,77,243
2010-04-01,1,4,0,67
2010-04-01,1,5,33,162
2010-04-01,1,6,57,206
2010-04-01,1,7,0,26
2010-04-01,1,8,500,845
2010-04-01,1,9,409,678
2010-04-01,2,1,343,422
2010-04-01,2,2,227,831
2010-04-01,2,3,109,439
2010-04-01,2,4,0,77
2010-04-01,2,5,18,290
2010-04-01,2,6,61,366
2010-04-01,2,7,0,34
2010-04-01,2,8,786,1585
2010-04-01,2,9,350,1260
2010-04-01,3,1,111,292
2010-04-01,3,2,209,573
2010-04-01,3,3,61,308
2010-04-01,3,4,0,44
2010-04-01,3,5,13,186
2010-04-01,3,6,9,240
2010-04-01,3,7,0,18
2010-04-01,3,8,417,1047
2010-04-01,3,9,298,863
2010-04-01,4,1,276,346
2010-04-01,4,2,225,680
2010-04-01,4,3,229,435
2010-04-01,4,4,0,86
2010-04-01,4,5,34,266
2010-04-01,4,6,145,316
2010-04-01,4,7,0,33
2010-04-01,4,8,712,1307
2010-04-01,4,9,555,1074
2010-04-01,5,1,239,394
2010-04-01,5,2,241,782
2010-04-01,5,3,71,392
2010-04-01,5,4,0,79
2010-04-01,5,5,19,262
2010-04-01,5,6,71,321
2010-04-01,5,7,0,24
2010-04-01,5,8,661,1449
2010-04-01,5,9,397,1148
2010-04-01,6,1,312,266
2010-04-01,6,2,212,531
2010-04-01,6,3,146,315
2010-04-01,6,4,0,71
2010-04-01,6,5,34,215
2010-04-01,6,6,101,248
2010-04-01,6,7,0,24
2010-04-01,6,8,1437,1030
2010-04-01,6,9,460,804
2010-04-01,7,1,0,5
2010-04-01,7,2,0,11
2010-04-01,7,3,0,7
2010-04-01,7,5,0,4
2010-04-01,7,6,0,5
2010-04-01,7,8,0,33
2010-04-01,7,9,0,25
2010-04-01,8,1,257,440
2010-04-01,8,2,365,872
2010-04-01,8,3,200,481
2010-04-01,8,4,0,87
2010-04-01,8,5,32,283
2010-04-01,8,6,149,405
2010-04-01,8,7,0,47
2010-04-01,8,8,917,1632
2010-04-01,8,9,532,1328
2010-04-01,9,1,321,392
2010-04-01,9,2,303,778
2010-04-01,9,3,183,465
2010-04-01,9,4,0,79
2010-04-01,9,5,46,292
2010-04-01,9,6,178,351
2010-04-01,9,7,0,37
2010-04-01,9,8,893,1489
2010-04-01,9,9,706,1204
2010-04-01,10,1,239,366
2010-04-01,10,2,280,720
2010-04-01,10,3,101,408
2010-04-01,10,4,0,90
2010-04-01,10,5,37,273
2010-04-01,10,6,115,329
2010-04-01,10,7,0,35
2010-04-01,10,8,570,1393
2010-04-01,10,9,350,1119
2010-04-01,11,1,217,302
2010-04-01,11,2,260,600
2010-04-01,11,3,75,345
2010-04-01,11,4,0,56
2010-04-01,11,5,38,204
2010-04-01,11,6,58,280
2010-04-01,11,7,0,27
2010-04-01,11,8,623,1151
2010-04-01,11,9,390,935
2010-04-01,12,1,169,288
2010-04-01,12,2,192,573
2010-04-01,12,3,167,359
2010-04-01,12,4,0,70
2010-04-01,12,5,21,253
2010-04-01,12,6,91,270
2010-04-01,12,7,0,39
2010-04-01,12,8,596,1115
2010-04-01,12,9,453,901
2010-04-01,13,1,211,226
2010-04-01,13,2,202,449
2010-04-01,13,3,159,295
2010-04-01,13,4,0,45
2010-04-01,13,5,24,205
2010-04-01,13,6,67,201
2010-04-01,13,7,0,36
2010-04-01,13,8,852,893
2010-04-01,13,9,385,694
2010-04-01,14,1,229,290
2010-04-01,14,2,261,578
2010-04-01,14,3,249,328
2010-04-01,14,4,0,96
2010-04-01,14,5,15,220
2010-04-01,14,6,66,273
2010-04-01,14,7,0,35
2010-04-01,14,8,695,1115
2010-04-01,14,9,394,897
2010-04-01,15,1,159,274
2010-04-01,15,2,180,537
2010-04-01,15,3,61,289
2010-04-01,15,4,0,44
2010-04-01,15,5,20,187
2010-04-01,15,6,40,222
2010-04-01,15,7,0,24
2010-04-01,15,8,482,999
2010-04-01,15,9,312,810
2010-04-01,16,1,128,300
2010-04-01,16,2,199,594
2010-04-01,16,3,78,302
2010-04-01,16,4,0,51
2010-04-01,16,5,17,195
2010-04-01,16,6,28,256
2010-04-01,16,7,0,18
2010-04-01,16,8,440,1100
2010-04-01,16,9,281,884
2010-04-01,17,1,270,322
2010-04-01,17,2,292,635
2010-04-01,17,3,84,348
2010-04-01,17,4,0,80
2010-04-01,17,5,42,214
2010-04-01,17,6,60,276
2010-04-01,17,7,0,33
2010-04-01,17,8,768,1223
2010-04-01,17,9,477,967
2010-04-01,18,1,176,284
2010-04-01,18,2,218,565
2010-04-01,18,3,144,314
2010-04-01,18,4,0,65
2010-04-01,18,5,34,218
2010-04-01,18,6,57,241
2010-04-01,18,7,0,33
2010-04-01,18,8,629,1092
2010-04-01,18,9,467,854
2010-04-01,19,1,210,246
2010-04-01,19,2,203,491
2010-04-01,19,3,116,316
2010-04-01,19,4,0,48
2010-04-01,19,5,23,213
2010-04-01,19,6,63,243
2010-04-01,19,7,0,38
2010-04-01,19,8,1031,961
2010-04-01,19,9,417,770
2010-04-01,20,1,107,206
2010-04-01,20,2,93,412
2010-04-01,20,3,159,246
2010-04-01,20,4,0,57
2010-04-01,20,5,16,185
2010-04-01,20,6,29,188
2010-04-01,20,7,0,24
2010-04-01,20,8,888,808
2010-04-01,20,9,229,622
2010-04-01,21,1,101,196
2010-04-01,21,2,99,390
2010-04-01,21,3,32,205
2010-04-01,21,4,0,35
2010-04-01,21,5,18,135
2010-04-01,21,6,14,145
2010-04-01,21,7,0,17
2010-04-01,21,8,400,716
2010-04-01,21,9,170,564
2010-04-01,22,1,241,356
2010-04-01,22,2,291,709
2010-04-01,22,3,226,445
2010-04-01,22,4,0,90
2010-04-01,22,5,36,294
2010-04-01,22,6,245,351
2010-04-01,22,7,0,53
2010-04-01,22,8,918,1394
2010-04-01,22,9,663,1114
2010-04-01,23,1,267,338
2010-04-01,23,2,296,673
2010-04-01,23,3,238,405
2010-04-01,23,4,0,102
2010-04-01,23,5,48,253
2010-04-01,23,6,105,323
2010-04-01,23,7,0,44
2010-04-01,23,8,659,1300
2010-04-01,23,9,576,1054
2010-04-01,24,1,187,248
2010-04-01,24,2,163,490
2010-04-01,24,3,76,270
2010-04-01,24,4,0,53
2010-04-01,24,5,6,180
2010-04-01,24,6,26,219
2010-04-01,24,7,0,24
2010-04-01,24,8,441,937
2010-04-01,24,9,244,726
2010-04-01,25,1,227,328
2010-04-01,25,2,319,652
2010-04-01,25,3,294,385
2010-04-01,25,4,0,99
2010-04-01,25,5,49,242
2010-04-01,25,6,195,319
2010-04-01,25,7,0,36
2010-04-01,25,8,965,1274
2010-04-01,25,9,503,1030
2010-04-01,26,1,238,322
2010-04-01,26,2,175,637
2010-04-01,26,3,113,338
2010-04-01,26,4,0,79
2010-04-01,26,5,20,230
2010-04-01,26,6,73,300
2010-04-01,26,7,0,26
2010-04-01,26,8,687,1220
2010-04-01,26,9,276,975
2010-04-01,27,1,148,230
2010-04-01,27,2,130,459
2010-04-01,27,3,52,213
2010-04-01,27,4,0,26
2010-04-01,27,5,12,164
2010-04-01,27,6,14,171
2010-04-01,27,7,0,22
2010-04-01,27,8,331,863
2010-04-01,27,9,157,668
2010-04-01,28,1,230,332
2010-04-01,28,2,241,662
2010-04-01,28,3,287,418
2010-04-01,28,4,0,109
2010-04-01,28,5,60,265
2010-04-01,28,6,141,327
2010-04-01,28,7,0,37
2010-04-01,28,8,1006,1290
2010-04-01,28,9,670,1035
2010-04-01,29,1,116,242
2010-04-01,29,2,187,476
2010-04-01,29,3,56,248
2010-04-01,29,4,0,28
2010-04-01,29,5,11,164
2010-04-01,29,6,30,195
2010-04-01,29,7,0,17
2010-04-01,29,8,428,896
2010-04-01,29,9,200,720
2010-04-01,30,1,162,288
2010-04-01,30,2,230,575
2010-04-01,30,3,233,346
2010-04-01,30,4,0,50
2010-04-01,30,5,29,239
2010-04-01,30,6,67,264
2010-04-01,30,7,0,39
2010-04-01,30,8,717,1123
2010-04-01,30,9,499,892
2010-04-01,31,1,259,288
2010-04-01,31,2,252,572
2010-04-01,31,3,127,323
2010-04-01,31,4,0,68
2010-04-01,31,5,29,214
2010-04-01,31,6,128,281
2010-04-01,31,7,0,28
2010-04-01,31,8,747,1098
2010-04-01,31,9,489,890
2010-04-01,32,1,225,358
2010-04-01,32,2,226,708
2010-04-01,32,3,81,388
2010-04-01,32,4,0,78
2010-04-01,32,5,33,278
2010-04-01,32,6,103,334
2010-04-01,32,7,0,39
2010-04-01,32,8,821,1355
2010-04-01,32,9,432,1079
2010-04-01,33,1,258,256
2010-04-01,33,2,191,511
2010-04-01,33,3,360,302
2010-04-01,33,4,0,81
2010-04-01,33,5,44,203
2010-04-01,33,6,133,232
2010-04-01,33,7,0,34
2010-04-01,33,8,2517,992
2010-04-01,33,9,565,784
2010-05-01,1,1,155,220
2010-05-01,1,2,200,433
2010-05-01,1,3,69,243
2010-05-01,1,4,0,67
2010-05-01,1,5,20,162
2010-05-01,1,6,85,206
2010-05-01,1,7,0,26
2010-05-01,1,8,503,845
2010-05-01,1,9,441,678
2010-05-01,2,1,304,422
2010-05-01,2,2,240,831
2010-05-01,2,3,87,439
2010-05-01,2,4,0,77
2010-05-01,2,5,23,290
2010-05-01,2,6,68,366
2010-05-01,2,7,0,34
2010-05-01,2,8,801,1585
2010-05-01,2,9,388,1260
2010-05-01,3,1,160,292
2010-05-01,3,2,232,573
2010-05-01,3,3,88,308
2010-05-01,3,4,0,44
2010-05-01,3,5,11,186
2010-05-01,3,6,21,240
2010-05-01,3,7,0,18
2010-05-01,3,8,393,1047
2010-05-01,3,9,269,863
2010-05-01,4,1,238,346
2010-05-01,4,2,222,680
2010-05-01,4,3,233,435
2010-05-01,4,4,0,86
2010-05-01,4,5,42,266
2010-05-01,4,6,183,316
2010-05-01,4,7,0,33
2010-05-01,4,8,705,1307
2010-05-01,4,9,594,1074
2010-05-01,5,1,218,394
2010-05-01,5,2,237,782
2010-05-01,5,3,104,392
2010-05-01,5,4,0,79
2010-05-01,5,5,23,262
2010-05-01,5,6,67,321
2010-05-01,5,7,0,24
2010-05-01,5,8,693,1449
2010-05-01,5,9,389,1148
2010-05-01,6,1,301,266
2010-05-01,6,2,227,531
2010-05-01,6,3,193,315
2010-05-01,6,4,0,71
2010-05-01,6,5,26,215
2010-05-01,6,6,92,248
2010-05-01,6,7,0,24
2010-05-01,6,8,1502,1030
2010-05-01,6,9,533,804
2010-05-01,7,1,0,5
2010-05-01,7,2,0,11
2010-05-01,7,3,0,7
2010-05-01,7,5,0,4
2010-05-01,7,6,0,5
2010-05-01,7,8,0,33
2010-05-01,7,9,0,25
2010-05-01,8,1,278,440
2010-05-01,8,2,353,872
2010-05-01,8,3,214,481
2010-05-01,8,4,0,87
2010-05-01,8,5,41,283
2010-05-01,8,6,140,405
2010-05-01,8,7,0,47
2010-05-01,8,8,873,1632
2010-05-01,8,9,549,1328
2010-05-01,9,1,343,392
2010-05-01,9,2,311,778
2010-05-01,9,3,210,465
2010-05-01,9,4,0,79
2010-05-01,9,5,37,292
2010-05-01,9,6,145,351
2010-05-01,9,7,0,37
2010-05-01,9,8,1033,1489
2010-05-01,9,9,815,1204
2010-05-01,10,1,274,366
2010-05-01,10,2,252,720
2010-05-01,10,3,122,408
2010-05-01,10,4,0,90
2010-05-01,10,5,30,273
2010-05-01,10,6,108,329
2010-05-01,10,7,0,35
2010-05-01,10,8,601,1393
2010-05-01,10,9,370,1119
2010-05-01,11,1,173,302
2010-05-01,11,2,237,600
2010-05-01,11,3,82,345
2010-05-01,11,4,0,56
2010-05-01,11,5,34,204
2010-05-01,11,6,72,280
2010-05-01,11,7,0,27
2010-05-01,11,8,551,1151
2010-05-01,11,9,469,935
2010-05-01,12,1,164,288
2010-05-01,12,2,177,573
2010-05-01,12,3,196,359
2010-05-01,12,4,0,70
2010-05-01,12,5,27,253
2010-05-01,12,6,97,270
2010-05-01,12,7,0,39
2010-05-01,12,8,769,1115
2010-05-01,12,9,459,901
2010-05-01,13,1,219,226
2010-05-01,13,2,183,449
2010-05-01,13,3,164,295
2010-05-01,13,4,0,45
2010-05-01,13,5,17,205
2010-05-01,13,6,64,201
2010-05-01,13,7,0,36
2010-05-01,13,8,833,893
2010-05-01,13,9,414,694
2010-05-01,14,1,230,290
2010-05-01,14,2,206,578
2010-05-01,14,3,194,328
2010-05-01,14,4,0,96
2010-05-01,14,5,23,220
2010-05-01,14,6,95,273
2010-05-01,14,7,0,35
2010-05-01,14,8,755,1115
2010-05-01,14,9,452,897
2010-05-01,15,1,157,274
2010-05-01,15,2,146,537
2010-05-01,15,3,78,289
2010-05-01,15,4,0,44
2010-05-01,15,5,14,187
2010-05-01,15,6,51,222
2010-05-01,15,7,0,24
2010-05-01,15,8,517,999
2010-05-01,15,9,255,810
2010-05-01,16,1,156,300
2010-05-01,16,2,167,594
2010-05-01,16,3,107,302
2010-05-01,16,4,0,51
2010-05-01,16,5,18,195
2010-05-01,16,6,16,256
2010-05-01,16,7,0,18
2010-05-01,16,8,441,1100
2010-05-01,16,9,277,884
2010-05-01,17,1,221,322
2010-05-01,17,2,276,635
2010-05-01,17,3,98,348
2010-05-01,17,4,0,80
2010-05-01,17,5,59,214
2010-05-01,17,6,105,276
2010-05-01,17,7,0,33
2010-05-01,17,8,713,1223
2010-05-01,17,9,566,967
2010-05-01,18,1,151,284
2010-05-01,18,2,230,565
2010-05-01,18,3,154,314
2010-05-01,18,4,0,65
2010-05-01,18,5,41,218
2010-05-01,18,6,63,241
2010-05-01,18,7,0,33
2010-05-01,18,8,594,1092
2010-05-01,18,9,486,854
2010-05-01,19,1,202,246
2010-05-01,19,2,198,491
2010-05-01,19,3,164,316
2010-05-01,19,4,0,48
2010-05-01,19,5,22,213
2010-05-01,19,6,71,243
2010-05-01,19,7,0,38
2010-05-01,19,8,1048,961
2010-05-01,19,9,491,770
2010-05-01,20,1,149,206
2010-05-01,20,2,122,412
2010-05-01,20,3,159,246
2010-05-01,20,4,0,57
2010-05-01,20,5,20,185
2010-05-01,20,6,36,188
2010-05-01,20,7,0,24
2010-05-01,20,8,910,808
2010-05-01,20,9,251,622
2010-05-01,21,1,85,196
2010-05-01,21,2,116,390
2010-05-01,21,3,43,205
2010-05-01,21,4,0,35
2010-05-01,21,5,14,135
2010-05-01,21,6,20,145
2010-05-01,21,7,0,17
2010-05-01,21,8,389,716
2010-05-01,21,9,211,564
2010-05-01,22,1,297,356
2010-05-01,22,2,251,709
2010-05-01,22,3,232,445
2010-05-01,22,4,0,90
2010-05-01,22,5,45,294
2010-05-01,22,6,226,351
2010-05-01,22,7,0,53
2010-05-01,22,8,937,1394
2010-05-01,22,9,689,1114
2010-05-01,23,1,259,338
2010-05-01,23,2,304,673
2010-05-01,23,3,161,405
2010-05-01,23,4,0,102
2010-05-01,23,5,63,253
2010-05-01,23,6,125,323
2010-05-01,23,7,0,44
2010-05-01,23,8,677,1300
2010-05-01,23,9,580,1054
2010-05-01,24,1,181,248
2010-05-01,24,2,151,490
2010-05-01,24,3,70,270
2010-05-01,24,4,0,53
2010-05-01,24,5,14,180
2010-05-01,24,6,57,219
2010-05-01,24,7,0,24
2010-05-01,24,8,409,937
2010-05-01,24,9,253,726
2010-05-01,25,1,246,328
2010-05-01,25,2,288,652
2010-05-01,25,3,242,385
2010-05-01,25,4,0,99
2010-05-01,25,5,32,242
2010-05-01,25,6,189,319
2010-05-01,25,7,0,36
2010-05-01,25,8,1066,1274
2010-05-01,25,9,608,1030
2010-05-01,26,1,218,322
2010-05-01,26,2,201,637
2010-05-01,26,3,117,338
2010-05-01,26,4,0,79
2010-05-01,26,5,19,230
2010-05-01,26,6,106,300
2010-05-01,26,7,0,26
2010-05-01,26,8,735,1220
2010-05-01,26,9,312,975
2010-05-01,27,1,180,230
2010-05-01,27,2,144,459
2010-05-01,27,3,52,213
2010-05-01,27,4,0,26
2010-05-01,27,5,12,164
2010-05-01,27,6,21,171
2010-05-01,27,7,0,22
2010-05-01,27,8,386,863
2010-05-01,27,9,231,668
2010-05-01,28,1,246,332
2010-05-01,28,2,254,662
2010-05-01,28,3,306,418
2010-05-01,28,4,0,109
2010-05-01,28,5,66,265
2010-05-01,28,6,154,327
2010-05-01,28,7,0,37
2010-05-01,28,8,955,1290
2010-05-01,28,9,744,1035
2010-05-01,29,1,115,242
2010-05-01,29,2,173,476
2010-05-01,29,3,42,248
2010-05-01,29,4,0,28
2010-05-01,29,5,13,164
2010-05-01,29,6,39,195
2010-05-01,29,7,0,17
2010-05-01,29,8,437,896
2010-05-01,29,9,208,720
2010-05-01,30,1,140,288
2010-05-01,30,2,236,575
2010-05-01,30,3,172,346
2010-05-01,30,4,0,50
2010-05-01,30,5,42,239
2010-05-01,30,6,81,264
2010-05-01,30,7,0,39
2010-05-01,30,8,770,1123
2010-05-01,30,9,552,892
2010-05-01,31,1,289,288
2010-05-01,31,2,228,572
2010-05-01,31,3,136,323
2010-05-01,31,4,0,68
2010-05-01,31,5,25,214
2010-05-01,31,6,208,281
2010-05-01,31,7,0,28
2010-05-01,31,8,874,1098
2010-05-01,31,9,505,890
2010-05-01,32,1,254,358
2010-05-01,32,2,232,708
2010-05-01,32,3,96,388
2010-05-01,32,4,0,78
2010-05-01,32,5,32,278
2010-05-01,32,6,94,334
2010-05-01,32,7,0,39
2010-05-01,32,8,793,1355
2010-05-01,32,9,478,1079
2010-05-01,33,1,247,256
2010-05-01,33,2,228,511
2010-05-01,33,3,418,302
2010-05-01,33,4,0,81
2010-05-01,33,5,45,203
2010-05-01,33,6,115,232
2010-05-01,33,7,0,34
2010-05-01,33,8,2382,992
2010-05-01,33,9,603,784
2010-06-01,1,1,177,220
2010-06-01,1,2,231,433
2010-06-01,1,3,80,243
2010-06-01,1,4,0,67
2010-06-01,1,5,18,162
2010-06-01,1,6,70,206
2010-06-01,1,7,0,26
2010-06-01,1,8,505,845
2010-06-01,1,9,435,678
2010-06-01,2,1,333,422
2010-06-01,2,2,265,831
2010-06-01,2,3,88,439
2010-06-01,2,4,0,77
2010-06-01,2,5,24,290
2010-06-01,2,6,86,366
2010-06-01,2,7,0,34
2010-06-01,2,8,912,1585
2010-06-01,2,9,368,1260
2010-06-01,3,1,142,292
2010-06-01,3,2,197,573
2010-06-01,3,3,78,308
2010-06-01,3,4,0,44
2010-06-01,3,5,12,186
2010-06-01,3,6,30,240
2010-06-01,3,7,0,18
2010-06-01,3,8,402,1047
2010-06-01,3,9,280,863
2010-06-01,4,1,240,346
2010-06-01,4,2,219,680
2010-06-01,4,3,169,435
2010-06-01,4,4,0,86
2010-06-01,4,5,46,266
2010-06-01,4,6,180,316
2010-06-01,4,7,0,33
2010-06-01,4,8,710,1307
2010-06-01,4,9,578,1074
2010-06-01,5,1,216,394
2010-06-01,5,2,256,782
2010-06-01,5,3,70,392
2010-06-01,5,4,0,79
2010-06-01,5,5,20,262
2010-06-01,5,6,39,321
2010-06-01,5,7,0,24
2010-06-01,5,8,641,1449
2010-06-01,5,9,441,1148
2010-06-01,6,1,289,266
2010-06-01,6,2,207,531
2010-06-01,6,3,186,315
2010-06-01,6,4,0,71
2010-06-01,6,5,33,215
2010-06-01,6,6,89,248
2010-06-01,6,7,0,24
2010-06-01,6,8,1306,1030
2010-06-01,6,9,489,804
2010-06-01,7,1,0,5
2010-06-01,7,2,0,11
2010-06-01,7,3,0,7
2010-06-01,7,5,0,4
2010-06-01,7,6,0,5
2010-06-01,7,8,0,33
2010-06-01,7,9,0,25
2010-06-01,8,1,340,440
2010-06-01,8,2,386,872
2010-06-01,8,3,189,481
2010-06-01,8,4,0,87
2010-06-01,8,5,42,283
2010-06-01,8,6,124,405
2010-06-01,8,7,0,47
2010-06-01,8,8,928,1632
2010-06-01,8,9,608,1328
2010-06-01,9,1,287,392
2010-06-01,9,2,277,778
2010-06-01,9,3,269,465
2010-06-01,9,4,0,79
2010-06-01,9,5,64,292
2010-06-01,9,6,131,351
2010-06-01,9,7,0,37
2010-06-01,9,8,1044,1489
2010-06-01,9,9,744,1204
2010-06-01,10,1,253,366
2010-06-01,10,2,255,720
2010-06-01,10,3,173,408
2010-06-01,10,4,0,90
2010-06-01,10,5,30,273
2010-06-01,10,6,93,329
2010-06-01,10,7,0,35
2010-06-01,10,8,684,1393
2010-06-01,10,9,372,1119
2010-06-01,11,1,167,302
2010-06-01,11,2,238,600
2010-06-01,11,3,84,345
2010-06-01,11,4,0,56
2010-06-01,11,5,37,204
2010-06-01,11,6,53,280
2010-06-01,11,7,0,27
2010-06-01,11,8,633,1151
2010-06-01,11,9,420,935
2010-06-01,12,1,189,288
2010-06-01,12,2,185,573
2010-06-01,12,3,172,359
2010-06-01,12,4,0,70
2010-06-01,12,5,26,253
2010-06-01,12,6,66,270
2010-06-01,12,7,0,39
2010-06-01,12,8,759,1115
2010-06-01,12,9,470,901
2010-06-01,13,1,230,226
2010-06-01,13,2,167,449
2010-06-01,13,3,133,295
2010-06-01,13,4,0,45
2010-06-01,13,5,29,205
2010-06-01,13,6,80,201
2010-06-01,13,7,0,36
2010-06-01,13,8,891,893
2010-06-01,13,9,442,694
2010-06-01,14,1,264,290
2010-06-01,14,2,234,578
2010-06-01,14,3,183,328
2010-06-01,14,4,0,96
2010-06-01,14,5,25,220
2010-06-01,14,6,90,273
2010-06-01,14,7,0,35
2010-06-01,14,8,776,1115
2010-06-01,14,9,428,897
2010-06-01,15,1,226,274
2010-06-01,15,2,164,537
2010-06-01,15,3,90,289
2010-06-01,15,4,0,44
2010-06-01,15,5,16,187
2010-06-01,15,6,33,222
2010-06-01,15,7,0,24
2010-06-01,15,8,448,999
2010-06-01,15,9,345,810
2010-06-01,16,1,144,300
2010-06-01,16,2,216,594
2010-06-01,16,3,91,302
2010-06-01,16,4,0,51
2010-06-01,16,5,16,195
2010-06-01,16,6,36,256
2010-06-01,16,7,0,18
2010-06-01,16,8,495,1100
2010-06-01,16,9,361,884
2010-06-01,17,1,215,322
2010-06-01,17,2,327,635
2010-06-01,17,3,133,348
2010-06-01,17,4,0,80
2010-06-01,17,5,61,214
2010-06-01,17,6,57,276
2010-06-01,17,7,0,33
2010-06-01,17,8,723,1223
2010-06-01,17,9,585,967
2010-06-01,18,1,183,284
2010-06-01,18,2,200,565
2010-06-01,18,3,127,314
2010-06-01,18,4,0,65
2010-06-01,18,5,19,218
2010-06-01,18,6,44,241
2010-06-01,18,7,0,33
2010-06-01,18,8,624,1092
2010-06-01,18,9,499,854
2010-06-01,19,1,180,246
2010-06-01,19,2,193,491
2010-06-01,19,3,121,316
2010-06-01,19,4,0,48
2010-06-01,19,5,30,213
2010-06-01,19,6,59,243
2010-06-01,19,7,0,38
2010-06-01,19,8,1014,961
2010-06-01,19,9,462,770
2010-06-01,20,1,154,206
2010-06-01,20,2,97,412
2010-06-01,20,3,168,246
2010-06-01,20,4,0,57
2010-06-01,20,5,17,185
2010-06-01,20,6,43,188
2010-06-01,20,7,0,24
2010-06-01,20,8,886,808
2010-06-01,20,9,266,622
2010-06-01,21,1,69,196
2010-06-01,21,2,138,390
2010-06-01,21,3,43,205
2010-06-01,21,4,0,35
2010-06-01,21,5,9,135
2010-06-01,21,6,16,145
2010-06-01,21,7,0,17
2010-06-01,21,8,425,716
2010-06-01,21,9,225,564
2010-06-01,22,1,244,356
2010-06-01,22,2,336,709
2010-06-01,22,3,240,445
2010-06-01,22,4,0,90
2010-06-01,22,5,36,294
2010-06-01,22,6,237,351
2010-06-01,22,7,0,53
2010-06-01,22,8,1010,1394
2010-06-01,22,9,729,1114
2010-06-01,23,1,220,338
2010-06-01,23,2,277,673
2010-06-01,23,3,179,405
2010-06-01,23,4,0,102
2010-06-01,23,5,39,253
2010-06-01,23,6,122,323
2010-06-01,23,7,0,44
2010-06-01,23,8,744,1300
2010-06-01,23,9,583,1054
2010-06-01,24,1,171,248
2010-06-01,24,2,165,490
2010-06-01,24,3,79,270
2010-06-01,24,4,0,53
2010-06-01,24,5,13,180
2010-06-01,24,6,41,219
2010-06-01,24,7,0,24
2010-06-01,24,8,497,937
2010-06-01,24,9,287,726
2010-06-01,25,1,260,328
2010-06-01,25,2,267,652
2010-06-01,25,3,236,385
2010-06-01,25,4,0,99
2010-06-01,25,5,26,242
2010-06-01,25,6,187,319
2010-06-01,25,7,0,36
2010-06-01,25,8,1062,1274
2010-06-01,25,9,624,1030
2010-06-01,26,1,191,322
2010-06-01,26,2,198,637
2010-06-01,26,3,146,338
2010-06-01,26,4,0,79
2010-06-01,26,5,18,230
2010-06-01,26,6,69,300
2010-06-01,26,7,0,26
2010-06-01,26,8,757,1220
2010-06-01,26,9,330,975
2010-06-01,27,1,141,230
2010-06-01,27,2,159,459
2010-06-01,27,3,42,213
2010-06-01,27,4,0,26
2010-06-01,27,5,11,164
2010-06-01,27,6,10,171
2010-06-01,27,7,0,22
2010-06-01,27,8,390,863
2010-06-01,27,9,206,668
2010-06-01,28,1,259,332
2010-06-01,28,2,244,662
2010-06-01,28,3,297,418
2010-06-01,28,4,0,109
2010-06-01,28,5,62,265
2010-06-01,28,6,158,327
2010-06-01,28,7,0,37
2010-06-01,28,8,1000,1290
2010-06-01,28,9,769,1035
2010-06-01,29,1,149,242
2010-06-01,29,2,161,476
2010-06-01,29,3,54,248
2010-06-01,29,4,0,28
2010-06-01,29,5,10,164
2010-06-01,29,6,21,195
2010-06-01,29,7,0,17
2010-06-01,29,8,488,896
2010-06-01,29,9,236,720
2010-06-01,30,1,180,288
2010-06-01,30,2,225,575
2010-06-01,30,3,181,346
2010-06-01,30,4,0,50
2010-06-01,30,5,30,239
2010-06-01,30,6,78,264
2010-06-01,30,7,0,39
2010-06-01,30,8,749,1123
2010-06-01,30,9,516,892
2010-06-01,31,1,279,288
2010-06-01,31,2,245,572
2010-06-01,31,3,120,323
2010-06-01,31,4,0,68
2010-06-01,31,5,17,214
2010-06-01,31,6,180,281
2010-06-01,31,7,0,28
2010-06-01,31,8,885,1098
2010-06-01,31,9,454,890
2010-06-01,32,1,244,358
2010-06-01,32,2,258,708
2010-06-01,32,3,90,388
2010-06-01,32,4,0,78
2010-06-01,32,5,25,278
2010-06-01,32,6,80,334
2010-06-01,32,7,0,39
2010-06-01,32,8,942,1355
2010-06-01,32,9,456,1079
2010-06-01,33,1,214,256
2010-06-01,33,2,200,511
2010-06-01,33,3,363,302
2010-06-01,33,4,0,81
2010-06-01,33,5,64,203
2010-06-01,33,6,99,232
2010-06-01,33,7,0,34
2010-06-01,33,8,2307,992
2010-06-01,33,9,650,784
2010-07-01,1,1,178,220
2010-07-01,1,2,229,433
2010-07-01,1,3,78,243
2010-07-01,1,4,0,67
2010-07-01,1,5,21,162
2010-07-01,1,6,73,206
2010-07-01,1,7,0,26
2010-07-01,1,8,553,845
2010-07-01,1,9,413,678
2010-07-01,2,1,329,422
2010-07-01,2,2,249,831
2010-07-01,2,3,82,439
2010-07-01,2,4,0,77
2010-07-01,2,5,22,290
2010-07-01,2,6,72,366
2010-07-01,2,7,0,34
2010-07-01,2,8,859,1585
2010-07-01,2,9,397,1260
2010-07-01,3,1,152,292
2010-07-01,3,2,156,573
2010-07-01,3,3,104,308
2010-07-01,3,4,0,44
2010-07-01,3,5,17,186
2010-07-01,3,6,19,240
2010-07-01,3,7,0,18
2010-07-01,3,8,346,1047
2010-07-01,3,9,296,863
2010-07-01,4,1,285,346
2010-07-01,4,2,262,680
2010-07-01,4,3,285,435
2010-07-01,4,4,0,86
2010-07-01,4,5,27,266
2010-07-01,4,6,155,316
2010-07-01,4,7,0,33
2010-07-01,4,8,737,1307
2010-07-01,4,9,629,1074
2010-07-01,5,1,193,394
2010-07-01,5,2,221,782
2010-07-01,5,3,96,392
2010-07-01,5,4,0,79
2010-07-01,5,5,41,262
2010-07-01,5,6,44,321
2010-07-01,5,7,0,24
2010-07-01,5,8,629,1449
2010-07-01,5,9,414,1148
2010-07-01,6,1,249,266
2010-07-01,6,2,207,531
2010-07-01,6,3,158,315
2010-07-01,6,4,0,71
2010-07-01,6,5,28,215
2010-07-01,6,6,100,248
2010-07-01,6,7,0,24
2010-07-01,6,8,1304,1030
2010-07-01,6,9,564,804
2010-07-01,7,1,0,5
2010-07-01,7,2,0,11
2010-07-01,7,3,0,7
2010-07-01,7,5,0,4
2010-07-01,7,6,0,5
2010-07-01,7,8,0,33
2010-07-01,7,9,0,25
2010-07-01,8,1,326,440
2010-07-01,8,2,344,872
2010-07-01,8,3,182,481
2010-07-01,8,4,0,87
2010-07-01,8,5,36,283
2010-07-01,8,6,121,405
2010-07-01,8,7,0,47
2010-07-01,8,8,848,1632
2010-07-01,8,9,570,1328
2010-07-01,9,1,268,392
2010-07-01,9,2,335,778
2010-07-01,9,3,337,465
2010-07-01,9,4,0,79
2010-07-01,9,5,41,292
2010-07-01,9,6,137,351
2010-07-01,9,7,0,37
2010-07-01,9,8,1060,1489
2010-07-01,9,9,818,1204
2010-07-01,10,1,244,366
2010-07-01,10,2,272,720
2010-07-01,10,3,165,408
2010-07-01,10,4,0,90
2010-07-01,10,5,33,273
2010-07-01,10,6,95,329
2010-07-01,10,7,0,35
2010-07-01,10,8,656,1393
2010-07-01,10,9,334,1119
2010-07-01,11,1,176,302
2010-07-01,11,2,246,600
2010-07-01,11,3,101,345
2010-07-01,11,4,0,56
2010-07-01,11,5,42,204
2010-07-01,11,6,44,280
2010-07-01,11,7,0,27
2010-07-01,11,8,561,1151
2010-07-01,11,9,401,935
2010-07-01,12,1,171,288
2010-07-01,12,2,178,573
2010-07-01,12,3,218,359
2010-07-01,12,4,0,70
2010-07-01,12,5,28,253
2010-07-01,12,6,64,270
2010-07-01,12,7,0,39
2010-07-01,12,8,754,1115
2010-07-01,12,9,521,901
2010-07-01,13,1,196,226
2010-07-01,13,2,187,449
2010-07-01,13,3,188,295
2010-07-01,13,4,0,45
2010-07-01,13,5,29,205
2010-07-01,13,6,61,201
2010-07-01,13,7,0,36
2010-07-01,13,8,902,893
2010-07-01,13,9,457,694
2010-07-01,14,1,272,290
2010-07-01,14,2,272,578
2010-07-01,14,3,119,328
2010-07-01,14,4,0,96
2010-07-01,14,5,29,220
2010-07-01,14,6,86,273
2010-07-01,14,7,0,35
2010-07-01,14,8,818,1115
2010-07-01,14,9,464,897
2010-07-01,15,1,172,274
2010-07-01,15,2,153,537
2010-07-01,15,3,86,289
2010-07-01,15,4,0,44
2010-07-01,15,5,29,187
2010-07-01,15,6,38,222
2010-07-01,15,7,0,24
2010-07-01,15,8,490,999
2010-07-01,15,9,278,810
2010-07-01,16,1,156,300
2010-07-01,16,2,175,594
2010-07-01,16,3,106,302
2010-07-01,16,4,0,51
2010-07-01,16,5,16,195
2010-07-01,16,6,32,256
2010-07-01,16,7,0,18
2010-07-01,16,8,452,1100
2010-07-01,16,9,347,884
2010-07-01,17,1,202,322
2010-07-01,17,2,263,635
2010-07-01,17,3,132,348
2010-07-01,17,4,0,80
2010-07-01,17,5,48,214
2010-07-01,17,6,52,276
2010-07-01,17,7,0,33
2010-07-01,17,8,742,1223
2010-07-01,17,9,580,967
2010-07-01,18,1,195,284
2010-07-01,18,2,226,565
2010-07-01,18,3,179,314
2010-07-01,18,4,0,65
2010-07-01,18,5,31,218
2010-07-01,18,6,68,241
2010-07-01,18,7,0,33
2010-07-01,18,8,639,1092
2010-07-01,18,9,531,854
2010-07-01,19,1,170,246
2010-07-01,19,2,199,491
2010-07-01,19,3,159,316
2010-07-01,19,4,0,48
2010-07-01,19,5,31,213
2010-07-01,19,6,68,243
2010-07-01,19,7,0,38
2010-07-01,19,8,986,961
2010-07-01,19,9,526,770
2010-07-01,20,1,129,206
2010-07-01,20,2,119,412
2010-07-01,20,3,181,246
2010-07-01,20,4,0,57
2010-07-01,20,5,32,185
2010-07-01,20,6,30,188
2010-07-01,20,7,0,24
2010-07-01,20,8,991,808
2010-07-01,20,9,275,622
2010-07-01,21,1,67,196
2010-07-01,21,2,114,390
2010-07-01,21,3,52,205
2010-07-01,21,4,0,35
2010-07-01,21,5,17,135
2010-07-01,21,6,10,145
2010-07-01,21,7,0,17
2010-07-01,21,8,405,716
2010-07-01,21,9,179,564
2010-07-01,22,1,242,356
2010-07-01,22,2,286,709
2010-07-01,22,3,251,445
2010-07-01,22,4,0,90
2010-07-01,22,5,48,294
2010-07-01,22,6,193,351
2010-07-01,22,7,0,53
2010-07-01,22,8,1089,1394
2010-07-01,22,9,727,1114
2010-07-01,23,1,218,338
2010-07-01,23,2,273,673
2010-07-01,23,3,249,405
2010-07-01,23,4,0,102
2010-07-01,23,5,52,253
2010-07-01,23,6,94,323
2010-07-01,23,7,0,44
2010-07-01,23,8,697,1300
2010-07-01,23,9,560,1054
2010-07-01,24,1,152,248
2010-07-01,24,2,179,490
2010-07-01,24,3,86,270
2010-07-01,24,4,0,53
2010-07-01,24,5,19,180
2010-07-01,24,6,37,219
2010-07-01,24,7,0,24
2010-07-01,24,8,507,937
2010-07-01,24,9,239,726
2010-07-01,25,1,240,328
2010-07-01,25,2,256,652
2010-07-01,25,3,222,385
2010-07-01,25,4,0,99
2010-07-01,25,5,43,242
2010-07-01,25,6,190,319
2010-07-01,25,7,0,36
2010-07-01,25,8,1048,1274
2010-07-01,25,9,625,1030
2010-07-01,26,1,229,322
2010-07-01,26,2,214,637
2010-07-01,26,3,147,338
2010-07-01,26,4,0,79
2010-07-01,26,5,25,230
2010-07-01,26,6,64,300
2010-07-01,26,7,0,26
2010-07-01,26,8,739,1220
2010-07-01,26,9,348,975
2010-07-01,27,1,168,230
2010-07-01,27,2,120,459
2010-07-01,27,3,77,213
2010-07-01,27,4,0,26
2010-07-01,27,5,14,164
2010-07-01,27,6,21,171
2010-07-01,27,7,0,22
2010-07-01,27,8,405,863
2010-07-01,27,9,199,668
2010-07-01,28,1,267,332
2010-07-01,28,2,301,662
2010-07-01,28,3,355,418
2010-07-01,28,4,0,109
2010-07-01,28,5,45,265
2010-07-01,28,6,180,327
2010-07-01,28,7,0,37
2010-07-01,28,8,1040,1290
2010-07-01,28,9,743,1035
2010-07-01,29,1,112,242
2010-07-01,29,2,205,476
2010-07-01,29,3,43,248
2010-07-01,29,4,0,28
2010-07-01,29,5,11,164
2010-07-01,29,6,20,195
2010-07-01,29,7,0,17
2010-07-01,29,8,410,896
2010-07-01,29,9,215,720
2010-07-01,30,1,166,288
2010-07-01,30,2,242,575
2010-07-01,30,3,247,346
2010-07-01,30,4,0,50
2010-07-01,30,5,33,239
2010-07-01,30,6,72,264
2010-07-01,30,7,0,39
2010-07-01,30,8,765,1123
2010-07-01,30,9,576,892
2010-07-01,31,1,303,288
2010-07-01,31,2,218,572
2010-07-01,31,3,226,323
2010-07-01,31,4,0,68
2010-07-01,31,5,32,214
2010-07-01,31,6,128,281
2010-07-01,31,7,0,28
2010-07-01,31,8,876,1098
2010-07-01,31,9,511,890
2010-07-01,32,1,265,358
2010-07-01,32,2,251,708
2010-07-01,32,3,99,388
2010-07-01,32,4,0,78
2010-07-01,32,5,24,278
2010-07-01,32,6,92,334
2010-07-01,32,7,0,39
2010-07-01,32,8,957,1355
2010-07-01,32,9,497,1079
2010-07-01,33,1,281,256
2010-07-01,33,2,184,511
2010-07-01,33,3,422,302
2010-07-01,33,4,0,81
2010-07-01,33,5,55,203
2010-07-01,33,6,84,232
2010-07-01,33,7,0,34
2010-07-01,33,8,2663,992
2010-07-01,33,9,718,784
2010-08-01,1,1,195,220
2010-08-01,1,2,208,433
2010-08-01,1,3,101,243
2010-08-01,1,4,0,67
2010-08-01,1,5,23,162
2010-08-01,1,6,65,206
2010-08-01,1,7,0,26
2010-08-01,1,8,489,845
2010-08-01,1,9,391,678
2010-08-01,2,1,356,422
2010-08-01,2,2,208,831
2010-08-01,2,3,64,439
2010-08-01,2,4,0,77
2010-08-01,2,5,30,290
2010-08-01,2,6,71,366
2010-08-01,2,7,0,34
2010-08-01,2,8,771,1585
2010-08-01,2,9,381,1260
2010-08-01,3,1,202,292
2010-08-01,3,2,194,573
2010-08-01,3,3,63,308
2010-08-01,3,4,0,44
2010-08-01,3,5,13,186
2010-08-01,3,6,12,240
2010-08-01,3,7,0,18
2010-08-01,3,8,384,1047
2010-08-01,3,9,244,863
2010-08-01,4,1,277,346
2010-08-01,4,2,226,680
2010-08-01,4,3,331,435
2010-08-01,4,4,0,86
2010-08-01,4,5,26,266
2010-08-01,4,6,144,316
2010-08-01,4,7,0,33
2010-08-01,4,8,652,1307
2010-08-01,4,9,527,1074
2010-08-01,5,1,233,394
2010-08-01,5,2,239,782
2010-08-01,5,3,79,392
2010-08-01,5,4,0,79
2010-08-01,5,5,14,262
2010-08-01,5,6,45,321
2010-08-01,5,7,0,24
2010-08-01,5,8,561,1449
2010-08-01,5,9,387,1148
2010-08-01,6,1,274,266
2010-08-01,6,2,174,531
2010-08-01,6,3,198,315
2010-08-01,6,4,0,71
2010-08-01,6,5,37,215
2010-08-01,6,6,80,248
2010-08-01,6,7,0,24
2010-08-01,6,8,1260,1030
2010-08-01,6,9,506,804
2010-08-01,7,1,0,5
2010-08-01,7,2,0,11
2010-08-01,7,3,0,7
2010-08-01,7,5,0,4
2010-08-01,7,6,0,5
2010-08-01,7,8,0,33
2010-08-01,7,9,0,25
2010-08-01,8,1,386,440
2010-08-01,8,2,305,872
2010-08-01,8,3,169,481
2010-08-01,8,4,0,87
2010-08-01,8,5,24,283
2010-08-01,8,6,92,405
2010-08-01,8,7,0,47
2010-08-01,8,8,865,1632
2010-08-01,8,9,531,1328
2010-08-01,9,1,280,392
2010-08-01,9,2,288,778
2010-08-01,9,3,248,465
2010-08-01,9,4,0,79
2010-08-01,9,5,42,292
2010-08-01,9,6,115,351
2010-08-01,9,7,0,37
2010-08-01,9,8,974,1489
2010-08-01,9,9,638,1204
2010-08-01,10,1,202,366
2010-08-01,10,2,214,720
2010-08-01,10,3,80,408
2010-08-01,10,4,0,90
2010-08-01,10,5,33,273
2010-08-01,10,6,80,329
2010-08-01,10,7,0,35
2010-08-01,10,8,568,1393
2010-08-01,10,9,341,1119
2010-08-01,11,1,207,302
2010-08-01,11,2,265,600
2010-08-01,11,3,80,345
2010-08-01,11,4,0,56
2010-08-01,11,5,30,204
2010-08-01,11,6,43,280
2010-08-01,11,7,0,27
2010-08-01,11,8,564,1151
2010-08-01,11,9,382,935
2010-08-01,12,1,154,288
2010-08-01,12,2,163,573
2010-08-01,12,3,160,359
2010-08-01,12,4,0,70
2010-08-01,12,5,22,253
2010-08-01,12,6,55,270
2010-08-01,12,7,0,39
2010-08-01,12,8,676,1115
2010-08-01,12,9,448,901
2010-08-01,13,1,162,226
2010-08-01,13,2,168,449
2010-08-01,13,3,204,295
2010-08-01,13,4,0,45
2010-08-01,13,5,35,205
2010-08-01,13,6,47,201
2010-08-01,13,7,0,36
2010-08-01,13,8,788,893
2010-08-01,13,9,405,694
2010-08-01,14,1,241,290
2010-08-01,14,2,230,578
2010-08-01,14,3,100,328
2010-08-01,14,4,0,96
2010-08-01,14,5,20,220
2010-08-01,14,6,85,273
2010-08-01,14,7,0,35
2010-08-01,14,8,686,1115
2010-08-01,14,9,374,897
2010-08-01,15,1,163,274
2010-08-01,15,2,151,537
2010-08-01,15,3,78,289
2010-08-01,15,4,0,44
2010-08-01,15,5,14,187
2010-08-01,15,6,46,222
2010-08-01,15,7,0,24
2010-08-01,15,8,394,999
2010-08-01,15,9,262,810
2010-08-01,16,1,153,300
2010-08-01,16,2,158,594
2010-08-01,16,3,94,302
2010-08-01,16,4,0,51
2010-08-01,16,5,12,195
2010-08-01,16,6,37,256
2010-08-01,16,7,0,18
2010-08-01,16,8,426,1100
2010-08-01,16,9,293,884
2010-08-01,17,1,269,322
2010-08-01,17,2,247,635
2010-08-01,17,3,88,348
2010-08-01,17,4,0,80
2010-08-01,17,5,54,214
2010-08-01,17,6,54,276
2010-08-01,17,7,0,33
2010-08-01,17,8,640,1223
2010-08-01,17,9,444,967
2010-08-01,18,1,184,284
2010-08-01,18,2,234,565
2010-08-01,18,3,162,314
2010-08-01,18,4,0,65
2010-08-01,18,5,34,218
2010-08-01,18,6,41,241
2010-08-01,18,7,0,33
2010-08-01,18,8,557,1092
2010-08-01,18,9,457,854
2010-08-01,19,1,209,246
2010-08-01,19,2,157,491
2010-08-01,19,3,165,316
2010-08-01,19,4,0,48
2010-08-01,19,5,36,213
2010-08-01,19,6,57,243
2010-08-01,19,7,0,38
2010-08-01,19,8,874,961
2010-08-01,19,9,461,770
2010-08-01,20,1,125,206
2010-08-01,20,2,92,412
2010-08-01,20,3,391,246
2010-08-01,20,4,0,57
2010-08-01,20,5,21,185
2010-08-01,20,6,69,188
2010-08-01,20,7,0,24
2010-08-01,20,8,963,808
2010-08-01,20,9,303,622
2010-08-01,21,1,71,196
2010-08-01,21,2,104,390
2010-08-01,21,3,42,205
2010-08-01,21,4,0,35
2010-08-01,21,5,8,135
2010-08-01,21,6,16,145
2010-08-01,21,7,0,17
2010-08-01,21,8,369,716
2010-08-01,21,9,169,564
2010-08-01,22,1,295,356
2010-08-01,22,2,272,709
2010-08-01,22,3,275,445
2010-08-01,22,4,0,90
2010-08-01,22,5,29,294
2010-08-01,22,6,164,351
2010-08-01,22,7,0,53
2010-08-01,22,8,955,1394
2010-08-01,22,9,569,1114
2010-08-01,23,1,217,338
2010-08-01,23,2,252,673
2010-08-01,23,3,252,405
2010-08-01,23,4,0,102
2010-08-01,23,5,30,253
2010-08-01,23,6,105,323
2010-08-01,23,7,0,44
2010-08-01,23,8,627,1300
2010-08-01,23,9,508,1054
2010-08-01,24,1,164,248
2010-08-01,24,2,155,490
2010-08-01,24,3,70,270
2010-08-01,24,4,0,53
2010-08-01,24,5,6,180
2010-08-01,24,6,53,219
2010-08-01,24,7,0,24
2010-08-01,24,8,410,937
2010-08-01,24,9,256,726
2010-08-01,25,1,270,328
2010-08-01,25,2,239,652
2010-08-01,25,3,191,385
2010-08-01,25,4,0,99
2010-08-01,25,5,34,242
2010-08-01,25,6,168,319
2010-08-01,25,7,0,36
2010-08-01,25,8,1072,1274
2010-08-01,25,9,558,1030
2010-08-01,26,1,248,322
2010-08-01,26,2,162,637
2010-08-01,26,3,150,338
2010-08-01,26,4,0,79
2010-08-01,26,5,6,230
2010-08-01,26,6,49,300
2010-08-01,26,7,0,26
2010-08-01,26,8,737,1220
2010-08-01,26,9,294,975
2010-08-01,27,1,135,230
2010-08-01,27,2,142,459
2010-08-01,27,3,37,213
2010-08-01,27,4,0,26
2010-08-01,27,5,10,164
2010-08-01,27,6,8,171
2010-08-01,27,7,0,22
2010-08-01,27,8,340,863
2010-08-01,27,9,182,668
2010-08-01,28,1,247,332
2010-08-01,28,2,235,662
2010-08-01,28,3,561,418
2010-08-01,28,4,0,109
2010-08-01,28,5,56,265
2010-08-01,28,6,155,327
2010-08-01,28,7,0,37
2010-08-01,28,8,999,1290
2010-08-01,28,9,577,1035
2010-08-01,29,1,110,242
2010-08-01,29,2,160,476
2010-08-01,29,3,32,248
2010-08-01,29,4,0,28
2010-08-01,29,5,13,164
2010-08-01,29,6,26,195
2010-08-01,29,7,0,17
2010-08-01,29,8,447,896
2010-08-01,29,9,185,720
2010-08-01,30,1,157,288
2010-08-01,30,2,227,575
2010-08-01,30,3,401,346
2010-08-01,30,4,0,50
2010-08-01,30,5,25,239
2010-08-01,30,6,47,264
2010-08-01,30,7,0,39
2010-08-01,30,8,816,1123
2010-08-01,30,9,440,892
2010-08-01,31,1,239,288
2010-08-01,31,2,215,572
2010-08-01,31,3,196,323
2010-08-01,31,4,0,68
2010-08-01,31,5,28,214
2010-08-01,31,6,114,281
2010-08-01,31,7,0,28
2010-08-01,31,8,827,1098
2010-08-01,31,9,448,890
2010-08-01,32,1,258,358
2010-08-01,32,2,203,708
2010-08-01,32,3,122,388
2010-08-01,32,4,0,78
2010-08-01,32,5,35,278
2010-08-01,32,6,78,334
2010-08-01,32,7,0,39
2010-08-01,32,8,750,1355
2010-08-01,32,9,374,1079
2010-08-01,33,1,215,256
2010-08-01,33,2,190,511
2010-08-01,33,3,612,302
2010-08-01,33,4,0,81
2010-08-01,33,5,49,203
2010-08-01,33,6,85,232
2010-08-01,33,7,0,34
2010-08-01,33,8,2322,992
2010-08-01,33,9,616,784
2010-09-01,1,1,180,220
2010-09-01,1,2,169,433
2010-09-01,1,3,88,243
2010-09-01,1,4,0,67
2010-09-01,1,5,19,162
2010-09-01,1,6,60,206
2010-09-01,1,7,0,26
2010-09-01,1,8,523,845
2010-09-01,1,9,356,678
2010-09-01,2,1,372,422
2010-09-01,2,2,223,831
2010-09-01,2,3,114,439
2010-09-01,2,4,0,77
2010-09-01,2,5,16,290
2010-09-01,2,6,77,366
2010-09-01,2,7,0,34
2010-09-01,2,8,808,1585
2010-09-01,2,9,354,1260
2010-09-01,3,1,143,292
2010-09-01,3,2,164,573
2010-09-01,3,3,56,308
2010-09-01,3,4,0,44
2010-09-01,3,5,14,186
2010-09-01,3,6,15,240
2010-09-01,3,7,0,18
2010-09-01,3,8,402,1047
2010-09-01,3,9,220,863
2010-09-01,4,1,279,346
2010-09-01,4,2,174,680
2010-09-01,4,3,238,435
2010-09-01,4,4,0,86
2010-09-01,4,5,33,266
2010-09-01,4,6,136,316
2010-09-01,4,7,0,33
2010-09-01,4,8,682,1307
2010-09-01,4,9,532,1074
2010-09-01,5,1,219,394
2010-09-01,5,2,199,782
2010-09-01,5,3,81,392
2010-09-01,5,4,0,79
2010-09-01,5,5,13,262
2010-09-01,5,6,28,321
2010-09-01,5,7,0,24
2010-09-01,5,8,596,1449
2010-09-01,5,9,357,1148
2010-09-01,6,1,221,266
2010-09-01,6,2,168,531
2010-09-01,6,3,217,315
2010-09-01,6,4,0,71
2010-09-01,6,5,36,215
2010-09-01,6,6,99,248
2010-09-01,6,7,0,24
2010-09-01,6,8,1332,1030
2010-09-01,6,9,480,804
2010-09-01,7,1,0,5
2010-09-01,7,2,0,11
2010-09-01,7,3,0,7
2010-09-01,7,5,0,4
2010-09-01,7,6,0,5
2010-09-01,7,8,0,33
2010-09-01,7,9,0,25
2010-09-01,8,1,418,440
2010-09-01,8,2,343,872
2010-09-01,8,3,155,481
2010-09-01,8,4,0,87
2010-09-01,8,5,31,283
2010-09-01,8,6,119,405
2010-09-01,8,7,0,47
2010-09-01,8,8,892,1632
2010-09-01,8,9,545,1328
2010-09-01,9,1,269,392
2010-09-01,9,2,280,778
2010-09-01,9,3,200,465
2010-09-01,9,4,0,79
2010-09-01,9,5,36,292
2010-09-01,9,6,91,351
2010-09-01,9,7,0,37
2010-09-01,9,8,1064,1489
2010-09-01,9,9,606,1204
2010-09-01,10,1,217,366
2010-09-01,10,2,215,720
2010-09-01,10,3,152,408
2010-09-01,10,4,0,90
2010-09-01,10,5,37,273
2010-09-01,10,6,92,329
2010-09-01,10,7,0,35
2010-09-01,10,8,645,1393
2010-09-01,10,9,301,1119
2010-09-01,11,1,210,302
2010-09-01,11,2,222,600
2010-09-01,11,3,79,345
2010-09-01,11,4,0,56
2010-09-01,11,5,32,204
2010-09-01,11,6,59,280
2010-09-01,11,7,0,27
2010-09-01,11,8,547,1151
2010-09-01,11,9,416,935
2010-09-01,12,1,150,288
2010-09-01,12,2,170,573
2010-09-01,12,3,160,359
2010-09-01,12,4,0,70
2010-09-01,12,5,20,253
2010-09-01,12,6,74,270
2010-09-01,12,7,0,39
2010-09-01,12,8,721,1115
2010-09-01,12,9,441,901
2010-09-01,13,1,181,226
2010-09-01,13,2,151,449
2010-09-01,13,3,150,295
2010-09-01,13,4,0,45
2010-09-01,13,5,41,205
2010-09-01,13,6,46,201
2010-09-01,13,7,0,36
2010-09-01,13,8,873,893
2010-09-01,13,9,407,694
2010-09-01,14,1,242,290
2010-09-01,14,2,195,578
2010-09-01,14,3,157,328
2010-09-01,14,4,0,96
2010-09-01,14,5,26,220
2010-09-01,14,6,103,273
2010-09-01,14,7,0,35
2010-09-01,14,8,693,1115
2010-09-01,14,9,353,897
2010-09-01,15,1,214,274
2010-09-01,15,2,146,537
2010-09-01,15,3,61,289
2010-09-01,15,4,0,44
2010-09-01,15,5,19,187
2010-09-01,15,6,34,222
2010-09-01,15,7,0,24
2010-09-01,15,8,421,999
2010-09-01,15,9,279,810
2010-09-01,16,1,155,300
2010-09-01,16,2,170,594
2010-09-01,16,3,95,302
2010-09-01,16,4,0,51
2010-09-01,16,5,19,195
2010-09-01,16,6,20,256
2010-09-01,16,7,0,18
2010-09-01,16,8,491,1100
2010-09-01,16,9,285,884
2010-09-01,17,1,189,322
2010-09-01,17,2,257,635
2010-09-01,17,3,95,348
2010-09-01,17,4,0,80
2010-09-01,17,5,46,214
2010-09-01,17,6,69,276
2010-09-01,17,7,0,33
2010-09-01,17,8,726,1223
2010-09-01,17,9,463,967
2010-09-01,18,1,215,284
2010-09-01,18,2,208,565
2010-09-01,18,3,148,314
2010-09-01,18,4,0,65
2010-09-01,18,5,31,218
2010-09-01,18,6,45,241
2010-09-01,18,7,0,33
2010-09-01,18,8,590,1092
2010-09-01,18,9,451,854
2010-09-01,19,1,231,246
2010-09-01,19,2,163,491
2010-09-01,19,3,132,316
2010-09-01,19,4,0,48
2010-09-01,19,5,34,213
2010-09-01,19,6,59,243
2010-09-01,19,7,0,38
2010-09-01,19,8,1015,961
2010-09-01,19,9,485,770
2010-09-01,20,1,149,206
2010-09-01,20,2,110,412
2010-09-01,20,3,233,246
2010-09-01,20,4,0,57
2010-09-01,20,5,23,185
2010-09-01,20,6,45,188
2010-09-01,20,7,0,24
2010-09-01,20,8,1008,808
2010-09-01,20,9,249,622
2010-09-01,21,1,115,196
2010-09-01,21,2,114,390
2010-09-01,21,3,51,205
2010-09-01,21,4,0,35
2010-09-01,21,5,7,135
2010-09-01,21,6,18,145
2010-09-01,21,7,0,17
2010-09-01,21,8,466,716
2010-09-01,21,9,165,564
2010-09-01,22,1,300,356
2010-09-01,22,2,238,709
2010-09-01,22,3,249,445
2010-09-01,22,4,0,90
2010-09-01,22,5,43,294
2010-09-01,22,6,227,351
2010-09-01,22,7,0,53
2010-09-01,22,8,1021,1394
2010-09-01,22,9,630,1114
2010-09-01,23,1,181,338
2010-09-01,23,2,220,673
2010-09-01,23,3,154,405
2010-09-01,23,4,0,102
2010-09-01,23,5,37,253
2010-09-01,23,6,118,323
2010-09-01,23,7,0,44
2010-09-01,23,8,628,1300
2010-09-01,23,9,517,1054
2010-09-01,24,1,161,248
2010-09-01,24,2,183,490
2010-09-01,24,3,58,270
2010-09-01,24,4,0,53
2010-09-01,24,5,9,180
2010-09-01,24,6,43,219
2010-09-01,24,7,0,24
2010-09-01,24,8,415,937
2010-09-01,24,9,227,726
2010-09-01,25,1,251,328
2010-09-01,25,2,238,652
2010-09-01,25,3,230,385
2010-09-01,25,4,0,99
2010-09-01,25,5,44,242
2010-09-01,25,6,170,319
2010-09-01,25,7,0,36
2010-09-01,25,8,1033,1274
2010-09-01,25,9,561,1030
2010-09-01,26,1,230,322
2010-09-01,26,2,178,637
2010-09-01,26,3,121,338
2010-09-01,26,4,0,79
2010-09-01,26,5,10,230
2010-09-01,26,6,73,300
2010-09-01,26,7,0,26
2010-09-01,26,8,808,1220
2010-09-01,26,9,340,975
2010-09-01,27,1,194,230
2010-09-01,27,2,104,459
2010-09-01,27,3,48,213
2010-09-01,27,4,0,26
2010-09-01,27,5,13,164
2010-09-01,27,6,11,171
2010-09-01,27,7,0,22
2010-09-01,27,8,394,863
2010-09-01,27,9,177,668
2010-09-01,28,1,227,332
2010-09-01,28,2,250,662
2010-09-01,28,3,339,418
2010-09-01,28,4,0,109
2010-09-01,28,5,46,265
2010-09-01,28,6,177,327
2010-09-01,28,7,0,37
2010-09-01,28,8,969,1290
2010-09-01,28,9,559,1035
2010-09-01,29,1,131,242
2010-09-01,29,2,153,476
2010-09-01,29,3,61,248
2010-09-01,29,4,0,28
2010-09-01,29,5,10,164
2010-09-01,29,6,15,195
2010-09-01,29,7,0,17
2010-09-01,29,8,457,896
2010-09-01,29,9,142,720
2010-09-01,30,1,270,288
2010-09-01,30,2,196,575
2010-09-01,30,3,272,346
2010-09-01,30,4,0,50
2010-09-01,30,5,36,239
2010-09-01,30,6,65,264
2010-09-01,30,7,0,39
2010-09-01,30,8,790,1123
2010-09-01,30,9,459,892
2010-09-01,31,1,325,288
2010-09-01,31,2,225,572
2010-09-01,31,3,131,323
2010-09-01,31,4,0,68
2010-09-01,31,5,28,214
2010-09-01,31,6,112,281
2010-09-01,31,7,0,28
2010-09-01,31,8,957,1098
2010-09-01,31,9,475,890
2010-09-01,32,1,264,358
2010-09-01,32,2,231,708
2010-09-01,32,3,78,388
2010-09-01,32,4,0,78
2010-09-01,32,5,29,278
2010-09-01,32,6,88,334
2010-09-01,32,7,0,39
2010-09-01,32,8,953,1355
2010-09-01,32,9,404,1079
2010-09-01,33,1,214,256
2010-09-01,33,2,193,511
2010-09-01,33,3,521,302
2010-09-01,33,4,0,81
2010-09-01,33,5,55,203
2010-09-01,33,6,132,232
2010-09-01,33,7,0,34
2010-09-01,33,8,2295,992
2010-09-01,33,9,576,784
2010-10-01,1,1,167,220
2010-10-01,1,2,203,433
2010-10-01,1,3,108,243
2010-10-01,1,4,0,67
2010-10-01,1,5,29,162
2010-10-01,1,6,70,206
2010-10-01,1,7,0,26
2010-10-01,1,8,526,845
2010-10-01,1,9,329,678
2010-10-01,2,1,387,422
2010-10-01,2,2,230,831
2010-10-01,2,3,107,439
2010-10-01,2,4,0,77
2010-10-01,2,5,22,290
2010-10-01,2,6,97,366
2010-10-01,2,7,0,34
2010-10-01,2,8,822,1585
2010-10-01,2,9,396,1260
2010-10-01,3,1,205,292
2010-10-01,3,2,183,573
2010-10-01,3,3,56,308
2010-10-01,3,4,0,44
2010-10-01,3,5,13,186
2010-10-01,3,6,18,240
2010-10-01,3,7,0,18
2010-10-01,3,8,385,1047
2010-10-01,3,9,228,863
2010-10-01,4,1,262,346
2010-10-01,4,2,179,680
2010-10-01,4,3,307,435
2010-10-01,4,4,0,86
2010-10-01,4,5,31,266
2010-10-01,4,6,136,316
2010-10-01,4,7,0,33
2010-10-01,4,8,652,1307
2010-10-01,4,9,596,1074
2010-10-01,5,1,256,394
2010-10-01,5,2,228,782
2010-10-01,5,3,101,392
2010-10-01,5,4,0,79
2010-10-01,5,5,13,262
2010-10-01,5,6,61,321
2010-10-01,5,7,0,24
2010-10-01,5,8,639,1449
2010-10-01,5,9,410,1148
2010-10-01,6,1,228,266
2010-10-01,6,2,192,531
2010-10-01,6,3,214,315
2010-10-01,6,4,0,71
2010-10-01,6,5,37,215
2010-10-01,6,6,108,248
2010-10-01,6,7,0,24
2010-10-01,6,8,1492,1030
2010-10-01,6,9,535,804
2010-10-01,7,1,0,5
2010-10-01,7,2,0,11
2010-10-01,7,3,0,7
2010-10-01,7,5,0,4
2010-10-01,7,6,0,5
2010-10-01,7,8,0,33
2010-10-01,7,9,0,25
2010-10-01,8,1,368,440
2010-10-01,8,2,300,872
2010-10-01,8,3,300,481
2010-10-01,8,4,0,87
2010-10-01,8,5,47,283
2010-10-01,8,6,104,405
2010-10-01,8,7,0,47
2010-10-01,8,8,840,1632
2010-10-01,8,9,496,1328
2010-10-01,9,1,287,392
2010-10-01,9,2,336,778
2010-10-01,9,3,206,465
2010-10-01,9,4,0,79
2010-10-01,9,5,39,292
2010-10-01,9,6,116,351
2010-10-01,9,7,0,37
2010-10-01,9,8,1035,1489
2010-10-01,9,9,634,1204
2010-10-01,10,1,284,366
2010-10-01,10,2,217,720
2010-10-01,10,3,173,408
2010-10-01,10,4,0,90
2010-10-01,10,5,41,273
2010-10-01,10,6,109,329
2010-10-01,10,7,0,35
2010-10-01,10,8,707,1393
2010-10-01,10,9,341,1119
2010-10-01,11,1,191,302
2010-10-01,11,2,226,600
2010-10-01,11,3,80,345
2010-10-01,11,4,0,56
2010-10-01,11,5,17,204
2010-10-01,11,6,59,280
2010-10-01,11,7,0,27
2010-10-01,11,8,552,1151
2010-10-01,11,9,357,935
2010-10-01,12,1,173,288
2010-10-01,12,2,147,573
2010-10-01,12,3,174,359
2010-10-01,12,4,0,70
2010-10-01,12,5,26,253
2010-10-01,12,6,63,270
2010-10-01,12,7,0,39
2010-10-01,12,8,648,1115
2010-10-01,12,9,372,901
2010-10-01,13,1,179,226
2010-10-01,13,2,148,449
2010-10-01,13,3,130,295
2010-10-01,13,4,0,45
2010-10-01,13,5,34,205
2010-10-01,13,6,82,201
2010-10-01,13,7,0,36
2010-10-01,13,8,962,893
2010-10-01,13,9,354,694
2010-10-01,14,1,293,290
2010-10-01,14,2,229,578
2010-10-01,14,3,137,328
2010-10-01,14,4,0,96
2010-10-01,14,5,21,220
2010-10-01,14,6,75,273
2010-10-01,14,7,0,35
2010-10-01,14,8,778,1115
2010-10-01,14,9,427,897
2010-10-01,15,1,206,274
2010-10-01,15,2,95,537
2010-10-01,15,3,90,289
2010-10-01,15,4,0,44
2010-10-01,15,5,13,187
2010-10-01,15,6,30,222
2010-10-01,15,7,0,24
2010-10-01,15,8,394,999
2010-10-01,15,9,266,810
2010-10-01,16,1,187,300
2010-10-01,16,2,225,594
2010-10-01,16,3,100,302
2010-10-01,16,4,0,51
2010-10-01,16,5,18,195
2010-10-01,16,6,38,256
2010-10-01,16,7,0,18
2010-10-01,16,8,542,1100
2010-10-01,16,9,295,884
2010-10-01,17,1,292,322
2010-10-01,17,2,256,635
2010-10-01,17,3,107,348
2010-10-01,17,4,0,80
2010-10-01,17,5,52,214
2010-10-01,17,6,63,276
2010-10-01,17,7,0,33
2010-10-01,17,8,750,1223
2010-10-01,17,9,461,967
2010-10-01,18,1,208,284
2010-10-01,18,2,258,565
2010-10-01,18,3,163,314
2010-10-01,18,4,0,65
2010-10-01,18,5,34,218
2010-10-01,18,6,29,241
2010-10-01,18,7,0,33
2010-10-01,18,8,612,1092
2010-10-01,18,9,433,854
2010-10-01,19,1,207,246
2010-10-01,19,2,136,491
2010-10-01,19,3,151,316
2010-10-01,19,4,0,48
2010-10-01,19,5,26,213
2010-10-01,19,6,91,243
2010-10-01,19,7,0,38
2010-10-01,19,8,1151,961
2010-10-01,19,9,509,770
2010-10-01,20,1,161,206
2010-10-01,20,2,93,412
2010-10-01,20,3,137,246
2010-10-01,20,4,0,57
2010-10-01,20,5,20,185
2010-10-01,20,6,52,188
2010-10-01,20,7,0,24
2010-10-01,20,8,999,808
2010-10-01,20,9,232,622
2010-10-01,21,1,129,196
2010-10-01,21,2,110,390
2010-10-01,21,3,38,205
2010-10-01,21,4,0,35
2010-10-01,21,5,15,135
2010-10-01,21,6,28,145
2010-10-01,21,7,0,17
2010-10-01,21,8,442,716
2010-10-01,21,9,204,564
2010-10-01,22,1,335,356
2010-10-01,22,2,244,709
2010-10-01,22,3,322,445
2010-10-01,22,4,0,90
2010-10-01,22,5,31,294
2010-10-01,22,6,231,351
2010-10-01,22,7,0,53
2010-10-01,22,8,1065,1394
2010-10-01,22,9,611,1114
2010-10-01,23,1,268,338
2010-10-01,23,2,238,673
2010-10-01,23,3,130,405
2010-10-01,23,4,0,102
2010-10-01,23,5,38,253
2010-10-01,23,6,105,323
2010-10-01,23,7,0,44
2010-10-01,23,8,746,1300
2010-10-01,23,9,502,1054
2010-10-01,24,1,162,248
2010-10-01,24,2,160,490
2010-10-01,24,3,88,270
2010-10-01,24,4,0,53
2010-10-01,24,5,13,180
2010-10-01,24,6,48,219
2010-10-01,24,7,0,24
2010-10-01,24,8,488,937
2010-10-01,24,9,235,726
2010-10-01,25,1,314,328
2010-10-01,25,2,230,652
2010-10-01,25,3,270,385
2010-10-01,25,4,0,99
2010-10-01,25,5,39,242
2010-10-01,25,6,157,319
2010-10-01,25,7,0,36
2010-10-01,25,8,1123,1274
2010-10-01,25,9,562,1030
2010-10-01,26,1,292,322
2010-10-01,26,2,198,637
2010-10-01,26,3,173,338
2010-10-01,26,4,0,79
2010-10-01,26,5,16,230
2010-10-01,26,6,66,300
2010-10-01,26,7,0,26
2010-10-01,26,8,812,1220
2010-10-01,26,9,332,975
2010-10-01,27,1,178,230
2010-10-01,27,2,131,459
2010-10-01,27,3,52,213
2010-10-01,27,4,0,26
2010-10-01,27,5,12,164
2010-10-01,27,6,12,171
2010-10-01,27,7,0,22
2010-10-01,27,8,366,863
2010-10-01,27,9,146,668
2010-10-01,28,1,258,332
2010-10-01,28,2,240,662
2010-10-01,28,3,399,418
2010-10-01,28,4,0,109
2010-10-01,28,5,61,265
2010-10-01,28,6,182,327
2010-10-01,28,7,0,37
2010-10-01,28,8,996,1290
2010-10-01,28,9,535,1035
2010-10-01,29,1,153,242
2010-10-01,29,2,134,476
2010-10-01,29,3,41,248
2010-10-01,29,4,0,28
2010-10-01,29,5,7,164
2010-10-01,29,6,27,195
2010-10-01,29,7,0,17
2010-10-01,29,8,446,896
2010-10-01,29,9,157,720
2010-10-01,30,1,190,288
2010-10-01,30,2,230,575
2010-10-01,30,3,218,346
2010-10-01,30,4,0,50
2010-10-01,30,5,33,239
2010-10-01,30,6,81,264
2010-10-01,30,7,0,39
2010-10-01,30,8,943,1123
2010-10-01,30,9,488,892
2010-10-01,31,1,290,288
2010-10-01,31,2,237,572
2010-10-01,31,3,158,323
2010-10-01,31,4,0,68
2010-10-01,31,5,21,214
2010-10-01,31,6,127,281
2010-10-01,31,7,0,28
2010-10-01,31,8,885,1098
2010-10-01,31,9,453,890
2010-10-01,32,1,305,358
2010-10-01,32,2,200,708
2010-10-01,32,3,115,388
2010-10-01,32,4,0,78
2010-10-01,32,5,23,278
2010-10-01,32,6,93,334
2010-10-01,32,7,0,39
2010-10-01,32,8,909,1355
2010-10-01,32,9,422,1079
2010-10-01,33,1,188,256
2010-10-01,33,2,188,511
2010-10-01,33,3,422,302
2010-10-01,33,4,0,81
2010-10-01,33,5,51,203
2010-10-01,33,6,148,232
2010-10-01,33,7,0,34
2010-10-01,33,8,2586,992
2010-10-01,33,9,612,784
2010-11-01,1,1,200,220
2010-11-01,1,2,188,433
2010-11-01,1,3,107,243
2010-11-01,1,4,0,67
2010-11-01,1,5,31,162
2010-11-01,1,6,70,206
2010-11-01,1,7,0,26
2010-11-01,1,8,508,845
2010-11-01,1,9,342,678
2010-11-01,2,1,461,422
2010-11-01,2,2,209,831
2010-11-01,2,3,81,439
2010-11-01,2,4,0,77
2010-11-01,2,5,21,290
2010-11-01,2,6,73,366
2010-11-01,2,7,0,34
2010-11-01,2,8,779,1585
2010-11-01,2,9,337,1260
2010-11-01,3,1,186,292
2010-11-01,3,2,177,573
2010-11-01,3,3,123,308
2010-11-01,3,4,0,44
2010-11-01,3,5,18,186
2010-11-01,3,6,32,240
2010-11-01,3,7,0,18
2010-11-01,3,8,376,1047
2010-11-01,3,9,260,863
2010-11-01,4,1,365,346
2010-11-01,4,2,205,680
2010-11-01,4,3,274,435
2010-11-01,4,4,0,86
2010-11-01,4,5,30,266
2010-11-01,4,6,152,316
2010-11-01,4,7,0,33
2010-11-01,4,8,666,1307
2010-11-01,4,9,550,1074
2010-11-01,5,1,315,394
2010-11-01,5,2,219,782
2010-11-01,5,3,80,392
2010-11-01,5,4,0,79
2010-11-01,5,5,23,262
2010-11-01,5,6,45,321
2010-11-01,5,7,0,24
2010-11-01,5,8,629,1449
2010-11-01,5,9,357,1148
2010-11-01,6,1,308,266
2010-11-01,6,2,196,531
2010-11-01,6,3,246,315
2010-11-01,6,4,0,71
2010-11-01,6,5,26,215
2010-11-01,6,6,106,248
2010-11-01,6,7,0,24
2010-11-01,6,8,1652,1030
2010-11-01,6,9,447,804
2010-11-01,7,1,0,5
2010-11-01,7,2,0,11
2010-11-01,7,3,0,7
2010-11-01,7,5,0,4
2010-11-01,7,6,0,5
2010-11-01,7,8,0,33
2010-11-01,7,9,0,25
2010-11-01,8,1,439,440
2010-11-01,8,2,306,872
2010-11-01,8,3,185,481
2010-11-01,8,4,0,87
2010-11-01,8,5,36,283
2010-11-01,8,6,138,405
2010-11-01,8,7,0,47
2010-11-01,8,8,926,1632
2010-11-01,8,9,524,1328
2010-11-01,9,1,366,392
2010-11-01,9,2,307,778
2010-11-01,9,3,164,465
2010-11-01,9,4,0,79
2010-11-01,9,5,40,292
2010-11-01,9,6,125,351
2010-11-01,9,7,0,37
2010-11-01,9,8,1067,1489
2010-11-01,9,9,614,1204
2010-11-01,10,1,327,366
2010-11-01,10,2,180,720
2010-11-01,10,3,174,408
2010-11-01,10,4,0,90
2010-11-01,10,5,24,273
2010-11-01,10,6,96,329
2010-11-01,10,7,0,35
2010-11-01,10,8,592,1393
2010-11-01,10,9,345,1119
2010-11-01,11,1,221,302
2010-11-01,11,2,225,600
2010-11-01,11,3,114,345
2010-11-01,11,4,0,56
2010-11-01,11,5,26,204
2010-11-01,11,6,57,280
2010-11-01,11,7,0,27
2010-11-01,11,8,546,1151
2010-11-01,11,9,326,935
2010-11-01,12,1,168,288
2010-11-01,12,2,132,573
2010-11-01,12,3,131,359
2010-11-01,12,4,0,70
2010-11-01,12,5,32,253
2010-11-01,12,6,82,270
2010-11-01,12,7,0,39
2010-11-01,12,8,606,1115
2010-11-01,12,9,339,901
2010-11-01,13,1,182,226
2010-11-01,13,2,158,449
2010-11-01,13,3,158,295
2010-11-01,13,4,0,45
2010-11-01,13,5,37,205
2010-11-01,13,6,78,201
2010-11-01,13,7,0,36
2010-11-01,13,8,926,893
2010-11-01,13,9,419,694
2010-11-01,14,1,354,290
2010-11-01,14,2,214,578
2010-11-01,14,3,103,328
2010-11-01,14,4,0,96
2010-11-01,14,5,14,220
2010-11-01,14,6,87,273
2010-11-01,14,7,0,35
2010-11-01,14,8,718,1115
2010-11-01,14,9,357,897
2010-11-01,15,1,265,274
2010-11-01,15,2,123,537
2010-11-01,15,3,92,289
2010-11-01,15,4,0,44
2010-11-01,15,5,17,187
2010-11-01,15,6,26,222
2010-11-01,15,7,0,24
2010-11-01,15,8,387,999
2010-11-01,15,9,233,810
2010-11-01,16,1,207,300
2010-11-01,16,2,196,594
2010-11-01,16,3,80,302
2010-11-01,16,4,0,51
2010-11-01,16,5,18,195
2010-11-01,16,6,30,256
2010-11-01,16,7,0,18
2010-11-01,16,8,503,1100
2010-11-01,16,9,262,884
2010-11-01,17,1,295,322
2010-11-01,17,2,227,635
2010-11-01,17,3,133,348
2010-11-01,17,4,0,80
2010-11-01,17,5,47,214
2010-11-01,17,6,79,276
2010-11-01,17,7,0,33
2010-11-01,17,8,847,1223
2010-11-01,17,9,431,967
2010-11-01,18,1,236,284
2010-11-01,18,2,235,565
2010-11-01,18,3,102,314
2010-11-01,18,4,0,65
2010-11-01,18,5,41,218
2010-11-01,18,6,44,241
2010-11-01,18,7,0,33
2010-11-01,18,8,584,1092
2010-11-01,18,9,406,854
2010-11-01,19,1,230,246
2010-11-01,19,2,177,491
2010-11-01,19,3,156,316
2010-11-01,19,4,0,48
2010-11-01,19,5,29,213
2010-11-01,19,6,88,243
2010-11-01,19,7,0,38
2010-11-01,19,8,959,961
2010-11-01,19,9,453,770
2010-11-01,20,1,141,206
2010-11-01,20,2,85,412
2010-11-01,20,3,137,246
2010-11-01,20,4,0,57
2010-11-01,20,5,16,185
2010-11-01,20,6,29,188
2010-11-01,20,7,0,24
2010-11-01,20,8,899,808
2010-11-01,20,9,209,622
2010-11-01,21,1,125,196
2010-11-01,21,2,117,390
2010-11-01,21,3,34,205
2010-11-01,21,4,0,35
2010-11-01,21,5,9,135
2010-11-01,21,6,22,145
2010-11-01,21,7,0,17
2010-11-01,21,8,385,716
2010-11-01,21,9,155,564
2010-11-01,22,1,275,356
2010-11-01,22,2,287,709
2010-11-01,22,3,260,445
2010-11-01,22,4,0,90
2010-11-01,22,5,36,294
2010-11-01,22,6,189,351
2010-11-01,22,7,0,53
2010-11-01,22,8,1256,1394
2010-11-01,22,9,522,1114
2010-11-01,23,1,350,338
2010-11-01,23,2,261,673
2010-11-01,23,3,134,405
2010-11-01,23,4,0,102
2010-11-01,23,5,37,253
2010-11-01,23,6,123,323
2010-11-01,23,7,0,44
2010-11-01,23,8,659,1300
2010-11-01,23,9,478,1054
2010-11-01,24,1,193,248
2010-11-01,24,2,123,490
2010-11-01,24,3,95,270
2010-11-01,24,4,0,53
2010-11-01,24,5,6,180
2010-11-01,24,6,52,219
2010-11-01,24,7,0,24
2010-11-01,24,8,444,937
2010-11-01,24,9,203,726
2010-11-01,25,1,391,328
2010-11-01,25,2,242,652
2010-11-01,25,3,210,385
2010-11-01,25,4,0,99
2010-11-01,25,5,39,242
2010-11-01,25,6,195,319
2010-11-01,25,7,0,36
2010-11-01,25,8,1139,1274
2010-11-01,25,9,570,1030
2010-11-01,26,1,377,322
2010-11-01,26,2,230,637
2010-11-01,26,3,171,338
2010-11-01,26,4,0,79
2010-11-01,26,5,20,230
2010-11-01,26,6,93,300
2010-11-01,26,7,0,26
2010-11-01,26,8,708,1220
2010-11-01,26,9,327,975
2010-11-01,27,1,157,230
2010-11-01,27,2,90,459
2010-11-01,27,3,32,213
2010-11-01,27,4,0,26
2010-11-01,27,5,6,164
2010-11-01,27,6,10,171
2010-11-01,27,7,0,22
2010-11-01,27,8,370,863
2010-11-01,27,9,158,668
2010-11-01,28,1,296,332
2010-11-01,28,2,227,662
2010-11-01,28,3,313,418
2010-11-01,28,4,0,109
2010-11-01,28,5,37,265
2010-11-01,28,6,176,327
2010-11-01,28,7,0,37
2010-11-01,28,8,967,1290
2010-11-01,28,9,481,1035
2010-11-01,29,1,145,242
2010-11-01,29,2,139,476
2010-11-01,29,3,48,248
2010-11-01,29,4,0,28
2010-11-01,29,5,10,164
2010-11-01,29,6,17,195
2010-11-01,29,7,0,17
2010-11-01,29,8,467,896
2010-11-01,29,9,173,720
2010-11-01,30,1,213,288
2010-11-01,30,2,198,575
2010-11-01,30,3,177,346
2010-11-01,30,4,0,50
2010-11-01,30,5,28,239
2010-11-01,30,6,108,264
2010-11-01,30,7,0,39
2010-11-01,30,8,810,1123
2010-11-01,30,9,443,892
2010-11-01,31,1,326,288
2010-11-01,31,2,192,572
2010-11-01,31,3,119,323
2010-11-01,31,4,0,68
2010-11-01,31,5,30,214
2010-11-01,31,6,120,281
2010-11-01,31,7,0,28
2010-11-01,31,8,871,1098
2010-11-01,31,9,397,890
2010-11-01,32,1,270,358
2010-11-01,32,2,224,708
2010-11-01,32,3,81,388
2010-11-01,32,4,0,78
2010-11-01,32,5,17,278
2010-11-01,32,6,117,334
2010-11-01,32,7,0,39
2010-11-01,32,8,755,1355
2010-11-01,32,9,358,1079
2010-11-01,33,1,205,256
2010-11-01,33,2,199,511
2010-11-01,33,3,345,302
2010-11-01,33,4,0,81
2010-11-01,33,5,73,203
2010-11-01,33,6,127,232
2010-11-01,33,7,0,34
2010-11-01,33,8,2416,992
2010-11-01,33,9,576,784
2010-12-01,1,1,151,220
2010-12-01,1,2,150,433
2010-12-01,1,3,37,243
2010-12-01,1,4,0,67
2010-12-01,1,5,32,162
2010-12-01,1,6,59,206
2010-12-01,1,7,0,26
2010-12-01,1,8,370,845
2010-12-01,1,9,273,678
2010-12-01,2,1,378,422
2010-12-01,2,2,189,831
2010-12-01,2,3,85,439
2010-12-01,2,4,0,77
2010-12-01,2,5,20,290
2010-12-01,2,6,58,366
2010-12-01,2,7,0,34
2010-12-01,2,8,682,1585
2010-12-01,2,9,350,1260
2010-12-01,3,1,149,292
2010-12-01,3,2,123,573
2010-12-01,3,3,56,308
2010-12-01,3,4,0,44
2010-12-01,3,5,11,186
2010-12-01,3,6,29,240
2010-12-01,3,7,0,18
2010-12-01,3,8,282,1047
2010-12-01,3,9,223,863
2010-12-01,4,1,295,346
2010-12-01,4,2,157,680
2010-12-01,4,3,247,435
2010-12-01,4,4,0,86
2010-12-01,4,5,28,266
2010-12-01,4,6,129,316
2010-12-01,4,7,0,33
2010-12-01,4,8,562,1307
2010-12-01,4,9,455,1074
2010-12-01,5,1,271,394
2010-12-01,5,2,195,782
2010-12-01,5,3,54,392
2010-12-01,5,4,0,79
2010-12-01,5,5,16,262
2010-12-01,5,6,47,321
2010-12-01,5,7,0,24
2010-12-01,5,8,515,1449
2010-12-01,5,9,382,1148
2010-12-01,6,1,260,266
2010-12-01,6,2,180,531
2010-12-01,6,3,119,315
2010-12-01,6,4,0,71
2010-12-01,6,5,23,215
2010-12-01,6,6,97,248
2010-12-01,6,7,0,24
2010-12-01,6,8,1288,1030
2010-12-01,6,9,458,804
2010-12-01,7,1,0,5
2010-12-01,7,2,0,11
2010-12-01,7,3,0,7
2010-12-01,7,5,0,4
2010-12-01,7,6,0,5
2010-12-01,7,8,0,33
2010-12-01,7,9,0,25
2010-12-01,8,1,368,440
2010-12-01,8,2,229,872
2010-12-01,8,3,99,481
2010-12-01,8,4,0,87
2010-12-01,8,5,23,283
2010-12-01,8,6,139,405
2010-12-01,8,7,0,47
2010-12-01,8,8,817,1632
2010-12-01,8,9,517,1328
2010-12-01,9,1,314,392
2010-12-01,9,2,242,778
2010-12-01,9,3,108,465
2010-12-01,9,4,0,79
2010-12-01,9,5,39,292
2010-12-01,9,6,115,351
2010-12-01,9,7,0,37
2010-12-01,9,8,857,1489
2010-12-01,9,9,508,1204
2010-12-01,10,1,327,366
2010-12-01,10,2,205,720
2010-12-01,10,3,76,408
2010-12-01,10,4,0,90
2010-12-01,10,5,30,273
2010-12-01,10,6,77,329
2010-12-01,10,7,0,35
2010-12-01,10,8,477,1393
2010-12-01,10,9,317,1119
2010-12-01,11,1,253,302
2010-12-01,11,2,191,600
2010-12-01,11,3,41,345
2010-12-01,11,4,0,56
2010-12-01,11,5,11,204
2010-12-01,11,6,66,280
2010-12-01,11,7,0,27
2010-12-01,11,8,441,1151
2010-12-01,11,9,312,935
2010-12-01,12,1,170,288
2010-12-01,12,2,112,573
2010-12-01,12,3,89,359
2010-12-01,12,4,0,70
2010-12-01,12,5,13,253
2010-12-01,12,6,115,270
2010-12-01,12,7,0,39
2010-12-01,12,8,509,1115
2010-12-01,12,9,297,901
2010-12-01,13,1,204,226
2010-12-01,13,2,149,449
2010-12-01,13,3,138,295
2010-12-01,13,4,0,45
2010-12-01,13,5,25,205
2010-12-01,13,6,72,201
2010-12-01,13,7,0,36
2010-12-01,13,8,764,893
2010-12-01,13,9,376,694
2010-12-01,14,1,313,290
2010-12-01,14,2,168,578
2010-12-01,14,3,52,328
2010-12-01,14,4,0,96
2010-12-01,14,5,10,220
2010-12-01,14,6,78,273
2010-12-01,14,7,0,35
2010-12-01,14,8,664,1115
2010-12-01,14,9,354,897
2010-12-01,15,1,183,274
2010-12-01,15,2,82,537
2010-12-01,15,3,41,289
2010-12-01,15,4,0,44
2010-12-01,15,5,18,187
2010-12-01,15,6,30,222
2010-12-01,15,7,0,24
2010-12-01,15,8,336,999
2010-12-01,15,9,233,810
2010-12-01,16,1,229,300
2010-12-01,16,2,124,594
2010-12-01,16,3,60,302
2010-12-01,16,4,0,51
2010-12-01,16,5,11,195
2010-12-01,16,6,50,256
2010-12-01,16,7,0,18
2010-12-01,16,8,349,1100
2010-12-01,16,9,260,884
2010-12-01,17,1,254,322
2010-12-01,17,2,211,635
2010-12-01,17,3,94,348
2010-12-01,17,4,0,80
2010-12-01,17,5,46,214
2010-12-01,17,6,62,276
2010-12-01,17,7,0,33
2010-12-01,17,8,645,1223
2010-12-01,17,9,396,967
2010-12-01,18,1,167,284
2010-12-01,18,2,210,565
2010-12-01,18,3,94,314
2010-12-01,18,4,0,65
2010-12-01,18,5,27,218
2010-12-01,18,6,23,241
2010-12-01,18,7,0,33
2010-12-01,18,8,491,1092
2010-12-01,18,9,355,854
2010-12-01,19,1,201,246
2010-12-01,19,2,156,491
2010-12-01,19,3,97,316
2010-12-01,19,4,0,48
2010-12-01,19,5,34,213
2010-12-01,19,6,101,243
2010-12-01,19,7,0,38
2010-12-01,19,8,881,961
2010-12-01,19,9,422,770
2010-12-01,20,1,153,206
2010-12-01,20,2,83,412
2010-12-01,20,3,104,246
2010-12-01,20,4,0,57
2010-12-01,20,5,21,185
2010-12-01,20,6,49,188
2010-12-01,20,7,0,24
2010-12-01,20,8,860,808
2010-12-01,20,9,205,622
2010-12-01,21,1,115,196
2010-12-01,21,2,91,390
2010-12-01,21,3,36,205
2010-12-01,21,4,0,35
2010-12-01,21,5,16,135
2010-12-01,21,6,17,145
2010-12-01,21,7,0,17
2010-12-01,21,8,325,716
2010-12-01,21,9,167,564
2010-12-01,22,1,221,356
2010-12-01,22,2,189,709
2010-12-01,22,3,157,445
2010-12-01,22,4,0,90
2010-12-01,22,5,24,294
2010-12-01,22,6,189,351
2010-12-01,22,7,0,53
2010-12-01,22,8,844,1394
2010-12-01,22,9,492,1114
2010-12-01,23,1,327,338
2010-12-01,23,2,185,673
2010-12-01,23,3,137,405
2010-12-01,23,4,0,102
2010-12-01,23,5,38,253
2010-12-01,23,6,142,323
2010-12-01,23,7,0,44
2010-12-01,23,8,536,1300
2010-12-01,23,9,451,1054
2010-12-01,24,1,189,248
2010-12-01,24,2,122,490
2010-12-01,24,3,55,270
2010-12-01,24,4,0,53
2010-12-01,24,5,8,180
2010-12-01,24,6,45,219
2010-12-01,24,7,0,24
2010-12-01,24,8,369,937
2010-12-01,24,9,222,726
2010-12-01,25,1,278,328
2010-12-01,25,2,198,652
2010-12-01,25,3,181,385
2010-12-01,25,4,0,99
2010-12-01,25,5,22,242
2010-12-01,25,6,138,319
2010-12-01,25,7,0,36
2010-12-01,25,8,755,1274
2010-12-01,25,9,450,1030
2010-12-01,26,1,378,322
2010-12-01,26,2,146,637
2010-12-01,26,3,119,338
2010-12-01,26,4,0,79
2010-12-01,26,5,12,230
2010-12-01,26,6,73,300
2010-12-01,26,7,0,26
2010-12-01,26,8,557,1220
2010-12-01,26,9,290,975
2010-12-01,27,1,203,230
2010-12-01,27,2,93,459
2010-12-01,27,3,24,213
2010-12-01,27,4,0,26
2010-12-01,27,5,8,164
2010-12-01,27,6,6,171
2010-12-01,27,7,0,22
2010-12-01,27,8,266,863
2010-12-01,27,9,139,668
2010-12-01,28,1,230,332
2010-12-01,28,2,180,662
2010-12-01,28,3,199,418
2010-12-01,28,4,0,109
2010-12-01,28,5,38,265
2010-12-01,28,6,195,327
2010-12-01,28,7,0,37
2010-12-01,28,8,763,1290
2010-12-01,28,9,463,1035
2010-12-01,29,1,141,242
2010-12-01,29,2,114,476
2010-12-01,29,3,33,248
2010-12-01,29,4,0,28
2010-12-01,29,5,10,164
2010-12-01,29,6,23,195
2010-12-01,29,7,0,17
2010-12-01,29,8,397,896
2010-12-01,29,9,182,720
2010-12-01,30,1,186,288
2010-12-01,30,2,175,575
2010-12-01,30,3,197,346
2010-12-01,30,4,0,50
2010-12-01,30,5,19,239
2010-12-01,30,6,74,264
2010-12-01,30,7,0,39
2010-12-01,30,8,587,1123
2010-12-01,30,9,381,892
2010-12-01,31,1,330,288
2010-12-01,31,2,145,572
2010-12-01,31,3,106,323
2010-12-01,31,4,0,68
2010-12-01,31,5,22,214
2010-12-01,31,6,124,281
2010-12-01,31,7,0,28
2010-12-01,31,8,700,1098
2010-12-01,31,9,348,890
2010-12-01,32,1,233,358
2010-12-01,32,2,138,708
2010-12-01,32,3,74,388
2010-12-01,32,4,0,78
2010-12-01,32,5,20,278
2010-12-01,32,6,106,334
2010-12-01,32,7,0,39
2010-12-01,32,8,646,1355
2010-12-01,32,9,306,1079
2010-12-01,33,1,183,256
2010-12-01,33,2,188,511
2010-12-01,33,3,271,302
2010-12-01,33,4,0,81
2010-12-01,33,5,69,203
2010-12-01,33,6,150,232
2010-12-01,33,7,0,34
2010-12-01,33,8,2434,992
2010-12-01,33,9,507,784
2011-01-01,1,1,207,220
2011-01-01,1,2,175,433
2011-01-01,1,3,64,243
2011-01-01,1,4,0,67
2011-01-01,1,5,38,162
2011-01-01,1,6,72,206
2011-01-01,1,7,0,26
2011-01-01,1,8,465,845
2011-01-01,1,9,293,678
2011-01-01,2,1,490,422
2011-01-01,2,2,179,831
2011-01-01,2,3,133,439
2011-01-01,2,4,0,77
2011-01-01,2,5,22,290
2011-01-01,2,6,105,366
2011-01-01,2,7,0,34
2011-01-01,2,8,729,1585
2011-01-01,2,9,337,1260
2011-01-01,3,1,188,292
2011-01-01,3,2,155,573
2011-01-01,3,3,66,308
2011-01-01,3,4,0,44
2011-01-01,3,5,6,186
2011-01-01,3,6,23,240
2011-01-01,3,7,0,18
2011-01-01,3,8,312,1047
2011-01-01,3,9,246,863
2011-01-01,4,1,343,346
2011-01-01,4,2,194,680
2011-01-01,4,3,278,435
2011-01-01,4,4,0,86
2011-01-01,4,5,36,266
2011-01-01,4,6,143,316
2011-01-01,4,7,0,33
2011-01-01,4,8,617,1307
2011-01-01,4,9,531,1074
2011-01-01,5,1,311,394
2011-01-01,5,2,235,782
2011-01-01,5,3,86,392
2011-01-01,5,4,0,79
2011-01-01,5,5,19,262
2011-01-01,5,6,48,321
2011-01-01,5,7,0,24
2011-01-01,5,8,616,1449
2011-01-01,5,9,367,1148
2011-01-01,6,1,301,266
2011-01-01,6,2,157,531
2011-01-01,6,3,190,315
2011-01-01,6,4,0,71
2011-01-01,6,5,31,215
2011-01-01,6,6,138,248
2011-01-01,6,7,0,24
2011-01-01,6,8,1305,1030
2011-01-01,6,9,420,804
2011-01-01,7,1,0,5
2011-01-01,7,2,0,11
2011-01-01,7,3,0,7
2011-01-01,7,5,0,4
2011-01-01,7,6,0,5
2011-01-01,7,8,0,33
2011-01-01,7,9,0,25
2011-01-01,8,1,370,440
2011-01-01,8,2,300,872
2011-01-01,8,3,156,481
2011-01-01,8,4,0,87
2011-01-01,8,5,36,283
2011-01-01,8,6,175,405
2011-01-01,8,7,0,47
2011-01-01,8,8,884,1632
2011-01-01,8,9,590,1328
2011-01-01,9,1,328,392
2011-01-01,9,2,214,778
2011-01-01,9,3,142,465
2011-01-01,9,4,0,79
2011-01-01,9,5,29,292
2011-01-01,9,6,119,351
2011-01-01,9,7,0,37
2011-01-01,9,8,904,1489
2011-01-01,9,9,538,1204
2011-01-01,10,1,424,366
2011-01-01,10,2,195,720
2011-01-01,10,3,124,408
2011-01-01,10,4,0,90
2011-01-01,10,5,25,273
2011-01-01,10,6,123,329
2011-01-01,10,7,0,35
2011-01-01,10,8,569,1393
2011-01-01,10,9,338,1119
2011-01-01,11,1,212,302
2011-01-01,11,2,213,600
2011-01-01,11,3,78,345
2011-01-01,11,4,0,56
2011-01-01,11,5,33,204
2011-01-01,11,6,70,280
2011-01-01,11,7,0,27
2011-01-01,11,8,478,1151
2011-01-01,11,9,336,935
2011-01-01,12,1,168,288
2011-01-01,12,2,137,573
2011-01-01,12,3,188,359
2011-01-01,12,4,0,70
2011-01-01,12,5,17,253
2011-01-01,12,6,85,270
2011-01-01,12,7,0,39
2011-01-01,12,8,601,1115
2011-01-01,12,9,350,901
2011-01-01,13,1,257,226
2011-01-01,13,2,140,449
2011-01-01,13,3,132,295
2011-01-01,13,4,0,45
2011-01-01,13,5,37,205
2011-01-01,13,6,71,201
2011-01-01,13,7,0,36
2011-01-01,13,8,912,893
2011-01-01,13,9,354,694
2011-01-01,14,1,359,290
2011-01-01,14,2,187,578
2011-01-01,14,3,141,328
2011-01-01,14,4,0,96
2011-01-01,14,5,23,220
2011-01-01,14,6,87,273
2011-01-01,14,7,0,35
2011-01-01,14,8,654,1115
2011-01-01,14,9,356,897
2011-01-01,15,1,247,274
2011-01-01,15,2,115,537
2011-01-01,15,3,52,289
2011-01-01,15,4,0,44
2011-01-01,15,5,15,187
2011-01-01,15,6,32,222
2011-01-01,15,7,0,24
2011-01-01,15,8,372,999
2011-01-01,15,9,234,810
2011-01-01,16,1,294,300
2011-01-01,16,2,143,594
2011-01-01,16,3,70,302
2011-01-01,16,4,0,51
2011-01-01,16,5,19,195
2011-01-01,16,6,49,256
2011-01-01,16,7,0,18
2011-01-01,16,8,466,1100
2011-01-01,16,9,255,884
2011-01-01,17,1,353,322
2011-01-01,17,2,235,635
2011-01-01,17,3,92,348
2011-01-01,17,4,0,80
2011-01-01,17,5,40,214
2011-01-01,17,6,81,276
2011-01-01,17,7,0,33
2011-01-01,17,8,753,1223
2011-01-01,17,9,413,967
2011-01-01,18,1,211,284
2011-01-01,18,2,222,565
2011-01-01,18,3,144,314
2011-01-01,18,4,0,65
2011-01-01,18,5,35,218
2011-01-01,18,6,45,241
2011-01-01,18,7,0,33
2011-01-01,18,8,628,1092
2011-01-01,18,9,392,854
2011-01-01,19,1,212,246
2011-01-01,19,2,151,491
2011-01-01,19,3,142,316
2011-01-01,19,4,0,48
2011-01-01,19,5,20,213
2011-01-01,19,6,72,243
2011-01-01,19,7,0,38
2011-01-01,19,8,969,961
2011-01-01,19,9,436,770
2011-01-01,20,1,160,206
2011-01-01,20,2,90,412
2011-01-01,20,3,160,246
2011-01-01,20,4,0,57
2011-01-01,20,5,20,185
2011-01-01,20,6,55,188
2011-01-01,20,7,0,24
2011-01-01,20,8,845,808
2011-01-01,20,9,226,622
2011-01-01,21,1,99,196
2011-01-01,21,2,83,390
2011-01-01,21,3,55,205
2011-01-01,21,4,0,35
2011-01-01,21,5,9,135
2011-01-01,21,6,15,145
2011-01-01,21,7,0,17
2011-01-01,21,8,305,716
2011-01-01,21,9,156,564
2011-01-01,22,1,277,356
2011-01-01,22,2,216,709
2011-01-01,22,3,249,445
2011-01-01,22,4,0,90
2011-01-01,22,5,31,294
2011-01-01,22,6,248,351
2011-01-01,22,7,0,53
2011-01-01,22,8,1096,1394
2011-01-01,22,9,555,1114
2011-01-01,23,1,305,338
2011-01-01,23,2,215,673
2011-01-01,23,3,215,405
2011-01-01,23,4,0,102
2011-01-01,23,5,45,253
2011-01-01,23,6,134,323
2011-01-01,23,7,0,44
2011-01-01,23,8,658,1300
2011-01-01,23,9,526,1054
2011-01-01,24,1,204,248
2011-01-01,24,2,162,490
2011-01-01,24,3,71,270
2011-01-01,24,4,0,53
2011-01-01,24,5,7,180
2011-01-01,24,6,49,219
2011-01-01,24,7,0,24
2011-01-01,24,8,490,937
2011-01-01,24,9,226,726
2011-01-01,25,1,317,328
2011-01-01,25,2,217,652
2011-01-01,25,3,154,385
2011-01-01,25,4,0,99
2011-01-01,25,5,37,242
2011-01-01,25,6,176,319
2011-01-01,25,7,0,36
2011-01-01,25,8,811,1274
2011-01-01,25,9,504,1030
2011-01-01,26,1,443,322
2011-01-01,26,2,160,637
2011-01-01,26,3,231,338
2011-01-01,26,4,0,79
2011-01-01,26,5,15,230
2011-01-01,26,6,99,300
2011-01-01,26,7,0,26
2011-01-01,26,8,698,1220
2011-01-01,26,9,293,975
2011-01-01,27,1,200,230
2011-01-01,27,2,99,459
2011-01-01,27,3,45,213
2011-01-01,27,4,0,26
2011-01-01,27,5,12,164
2011-01-01,27,6,14,171
2011-01-01,27,7,0,22
2011-01-01,27,8,317,863
2011-01-01,27,9,168,668
2011-01-01,28,1,260,332
2011-01-01,28,2,249,662
2011-01-01,28,3,316,418
2011-01-01,28,4,0,109
2011-01-01,28,5,33,265
2011-01-01,28,6,173,327
2011-01-01,28,7,0,37
2011-01-01,28,8,949,1290
2011-01-01,28,9,515,1035
2011-01-01,29,1,124,242
2011-01-01,29,2,91,476
2011-01-01,29,3,47,248
2011-01-01,29,4,0,28
2011-01-01,29,5,7,164
2011-01-01,29,6,25,195
2011-01-01,29,7,0,17
2011-01-01,29,8,376,896
2011-01-01,29,9,178,720
2011-01-01,30,1,203,288
2011-01-01,30,2,170,575
2011-01-01,30,3,208,346
2011-01-01,30,4,0,50
2011-01-01,30,5,31,239
2011-01-01,30,6,103,264
2011-01-01,30,7,0,39
2011-01-01,30,8,687,1123
2011-01-01,30,9,406,892
2011-01-01,31,1,334,288
2011-01-01,31,2,198,572
2011-01-01,31,3,130,323
2011-01-01,31,4,0,68
2011-01-01,31,5,20,214
2011-01-01,31,6,157,281
2011-01-01,31,7,0,28
2011-01-01,31,8,754,1098
2011-01-01,31,9,453,890
2011-01-01,32,1,243,358
2011-01-01,32,2,165,708
2011-01-01,32,3,81,388
2011-01-01,32,4,0,78
2011-01-01,32,5,12,278
2011-01-01,32,6,110,334
2011-01-01,32,7,0,39
2011-01-01,32,8,626,1355
2011-01-01,32,9,285,1079
2011-01-01,33,1,254,256
2011-01-01,33,2,170,511
2011-01-01,33,3,384,302
2011-01-01,33,4,0,81
2011-01-01,33,5,50,203
2011-01-01,33,6,163,232
2011-01-01,33,7,0,34
2011-01-01,33,8,2431,992
2011-01-01,33,9,589,784
2011-02-01,1,1,168,220
2011-02-01,1,2,174,433
2011-02-01,1,3,52,243
2011-02-01,1,4,0,67
2011-02-01,1,5,29,162
2011-02-01,1,6,90,206
2011-02-01,1,7,0,26
2011-02-01,1,8,473,845
2011-02-01,1,9,308,678
2011-02-01,2,1,410,422
2011-02-01,2,2,195,831
2011-02-01,2,3,155,439
2011-02-01,2,4,0,77
2011-02-01,2,5,20,290
2011-02-01,2,6,90,366
2011-02-01,2,7,0,34
2011-02-01,2,8,686,1585
2011-02-01,2,9,320,1260
2011-02-01,3,1,125,292
2011-02-01,3,2,145,573
2011-02-01,3,3,61,308
2011-02-01,3,4,0,44
2011-02-01,3,5,12,186
2011-02-01,3,6,29,240
2011-02-01,3,7,0,18
2011-02-01,3,8,327,1047
2011-02-01,3,9,193,863
2011-02-01,4,1,275,346
2011-02-01,4,2,195,680
2011-02-01,4,3,335,435
2011-02-01,4,4,0,86
2011-02-01,4,5,29,266
2011-02-01,4,6,173,316
2011-02-01,4,7,0,33
2011-02-01,4,8,566,1307
2011-02-01,4,9,515,1074
2011-02-01,5,1,228,394
2011-02-01,5,2,199,782
2011-02-01,5,3,106,392
2011-02-01,5,4,0,79
2011-02-01,5,5,11,262
2011-02-01,5,6,54,321
2011-02-01,5,7,0,24
2011-02-01,5,8,565,1449
2011-02-01,5,9,354,1148
2011-02-01,6,1,272,266
2011-02-01,6,2,137,531
2011-02-01,6,3,168,315
2011-02-01,6,4,0,71
2011-02-01,6,5,34,215
2011-02-01,6,6,119,248
2011-02-01,6,7,0,24
2011-02-01,6,8,1300,1030
2011-02-01,6,9,404,804
2011-02-01,7,1,0,5
2011-02-01,7,2,0,11
2011-02-01,7,3,0,7
2011-02-01,7,5,0,4
2011-02-01,7,6,0,5
2011-02-01,7,8,0,33
2011-02-01,7,9,0,25
2011-02-01,8,1,389,440
2011-02-01,8,2,232,872
2011-02-01,8,3,175,481
2011-02-01,8,4,0,87
2011-02-01,8,5,42,283
2011-02-01,8,6,131,405
2011-02-01,8,7,0,47
2011-02-01,8,8,880,1632
2011-02-01,8,9,458,1328
2011-02-01,9,1,340,392
2011-02-01,9,2,248,778
2011-02-01,9,3,151,465
2011-02-01,9,4,0,79
2011-02-01,9,5,39,292
2011-02-01,9,6,139,351
2011-02-01,9,7,0,37
2011-02-01,9,8,902,1489
2011-02-01,9,9,545,1204
2011-02-01,10,1,354,366
2011-02-01,10,2,209,720
2011-02-01,10,3,122,408
2011-02-01,10,4,0,90
2011-02-01,10,5,39,273
2011-02-01,10,6,116,329
2011-02-01,10,7,0,35
2011-02-01,10,8,609,1393
2011-02-01,10,9,383,1119
2011-02-01,11,1,161,302
2011-02-01,11,2,173,600
2011-02-01,11,3,135,345
2011-02-01,11,4,0,56
2011-02-01,11,5,17,204
2011-02-01,11,6,64,280
2011-02-01,11,7,0,27
2011-02-01,11,8,504,1151
2011-02-01,11,9,308,935
2011-02-01,12,1,140,288
2011-02-01,12,2,104,573
2011-02-01,12,3,120,359
2011-02-01,12,4,0,70
2011-02-01,12,5,9,253
2011-02-01,12,6,72,270
2011-02-01,12,7,0,39
2011-02-01,12,8,594,1115
2011-02-01,12,9,347,901
2011-02-01,13,1,226,226
2011-02-01,13,2,118,449
2011-02-01,13,3,98,295
2011-02-01,13,4,0,45
2011-02-01,13,5,27,205
2011-02-01,13,6,73,201
2011-02-01,13,7,0,36
2011-02-01,13,8,748,893
2011-02-01,13,9,338,694
2011-02-01,14,1,294,290
2011-02-01,14,2,173,578
2011-02-01,14,3,127,328
2011-02-01,14,4,0,96
2011-02-01,14,5,22,220
2011-02-01,14,6,108,273
2011-02-01,14,7,0,35
2011-02-01,14,8,650,1115
2011-02-01,14,9,368,897
2011-02-01,15,1,215,274
2011-02-01,15,2,95,537
2011-02-01,15,3,66,289
2011-02-01,15,4,0,44
2011-02-01,15,5,16,187
2011-02-01,15,6,36,222
2011-02-01,15,7,0,24
2011-02-01,15,8,320,999
2011-02-01,15,9,224,810
2011-02-01,16,1,231,300
2011-02-01,16,2,123,594
2011-02-01,16,3,80,302
2011-02-01,16,4,0,51
2011-02-01,16,5,18,195
2011-02-01,16,6,33,256
2011-02-01,16,7,0,18
2011-02-01,16,8,450,1100
2011-02-01,16,9,234,884
2011-02-01,17,1,233,322
2011-02-01,17,2,234,635
2011-02-01,17,3,143,348
2011-02-01,17,4,0,80
2011-02-01,17,5,53,214
2011-02-01,17,6,68,276
2011-02-01,17,7,0,33
2011-02-01,17,8,719,1223
2011-02-01,17,9,391,967
2011-02-01,18,1,175,284
2011-02-01,18,2,142,565
2011-02-01,18,3,124,314
2011-02-01,18,4,0,65
2011-02-01,18,5,41,218
2011-02-01,18,6,62,241
2011-02-01,18,7,0,33
2011-02-01,18,8,583,1092
2011-02-01,18,9,323,854
2011-02-01,19,1,196,246
2011-02-01,19,2,136,491
2011-02-01,19,3,160,316
2011-02-01,19,4,0,48
2011-02-01,19,5,21,213
2011-02-01,19,6,86,243
2011-02-01,19,7,0,38
2011-02-01,19,8,1049,961
2011-02-01,19,9,392,770
2011-02-01,20,1,161,206
2011-02-01,20,2,78,412
2011-02-01,20,3,138,246
2011-02-01,20,4,0,57
2011-02-01,20,5,13,185
2011-02-01,20,6,31,188
2011-02-01,20,7,0,24
2011-02-01,20,8,730,808
2011-02-01,20,9,215,622
2011-02-01,21,1,126,196
2011-02-01,21,2,101,390
2011-02-01,21,3,44,205
2011-02-01,21,4,0,35
2011-02-01,21,5,9,135
2011-02-01,21,6,22,145
2011-02-01,21,7,0,17
2011-02-01,21,8,341,716
2011-02-01,21,9,174,564
2011-02-01,22,1,280,356
2011-02-01,22,2,218,709
2011-02-01,22,3,223,445
2011-02-01,22,4,0,90
2011-02-01,22,5,21,294
2011-02-01,22,6,228,351
2011-02-01,22,7,0,53
2011-02-01,22,8,976,1394
2011-02-01,22,9,545,1114
2011-02-01,23,1,259,338
2011-02-01,23,2,226,673
2011-02-01,23,3,202,405
2011-02-01,23,4,0,102
2011-02-01,23,5,41,253
2011-02-01,23,6,135,323
2011-02-01,23,7,0,44
2011-02-01,23,8,636,1300
2011-02-01,23,9,451,1054
2011-02-01,24,1,243,248
2011-02-01,24,2,123,490
2011-02-01,24,3,71,270
2011-02-01,24,4,0,53
2011-02-01,24,5,10,180
2011-02-01,24,6,28,219
2011-02-01,24,7,0,24
2011-02-01,24,8,443,937
2011-02-01,24,9,194,726
2011-02-01,25,1,240,328
2011-02-01,25,2,178,652
2011-02-01,25,3,181,385
2011-02-01,25,4,0,99
2011-02-01,25,5,41,242
2011-02-01,25,6,146,319
2011-02-01,25,7,0,36
2011-02-01,25,8,889,1274
2011-02-01,25,9,486,1030
2011-02-01,26,1,336,322
2011-02-01,26,2,175,637
2011-02-01,26,3,202,338
2011-02-01,26,4,0,79
2011-02-01,26,5,13,230
2011-02-01,26,6,74,300
2011-02-01,26,7,0,26
2011-02-01,26,8,680,1220
2011-02-01,26,9,303,975
2011-02-01,27,1,154,230
2011-02-01,27,2,86,459
2011-02-01,27,3,57,213
2011-02-01,27,4,0,26
2011-02-01,27,5,12,164
2011-02-01,27,6,21,171
2011-02-01,27,7,0,22
2011-02-01,27,8,316,863
2011-02-01,27,9,128,668
2011-02-01,28,1,207,332
2011-02-01,28,2,205,662
2011-02-01,28,3,247,418
2011-02-01,28,4,0,109
2011-02-01,28,5,29,265
2011-02-01,28,6,180,327
2011-02-01,28,7,0,37
2011-02-01,28,8,927,1290
2011-02-01,28,9,412,1035
2011-02-01,29,1,134,242
2011-02-01,29,2,116,476
2011-02-01,29,3,50,248
2011-02-01,29,4,0,28
2011-02-01,29,5,7,164
2011-02-01,29,6,17,195
2011-02-01,29,7,0,17
2011-02-01,29,8,363,896
2011-02-01,29,9,190,720
2011-02-01,30,1,194,288
2011-02-01,30,2,190,575
2011-02-01,30,3,185,346
2011-02-01,30,4,0,50
2011-02-01,30,5,28,239
2011-02-01,30,6,112,264
2011-02-01,30,7,0,39
2011-02-01,30,8,728,1123
2011-02-01,30,9,377,892
2011-02-01,31,1,275,288
2011-02-01,31,2,185,572
2011-02-01,31,3,117,323
2011-02-01,31,4,0,68
2011-02-01,31,5,26,214
2011-02-01,31,6,136,281
2011-02-01,31,7,0,28
2011-02-01,31,8,814,1098
2011-02-01,31,9,385,890
2011-02-01,32,1,224,358
2011-02-01,32,2,190,708
2011-02-01,32,3,100,388
2011-02-01,32,4,0,78
2011-02-01,32,5,12,278
2011-02-01,32,6,116,334
2011-02-01,32,7,0,39
2011-02-01,32,8,692,1355
2011-02-01,32,9,312,1079
2011-02-01,33,1,209,256
2011-02-01,33,2,167,511
2011-02-01,33,3,343,302
2011-02-01,33,4,0,81
2011-02-01,33,5,39,203
2011-02-01,33,6,151,232
2011-02-01,33,7,0,34
2011-02-01,33,8,2283,992
2011-02-01,33,9,573,784
2011-03-01,1,1,209,220
2011-03-01,1,2,188,433
2011-03-01,1,3,71,243
2011-03-01,1,4,0,67
2011-03-01,1,5,22,162
2011-03-01,1,6,108,206
2011-03-01,1,7,0,26
2011-03-01,1,8,539,845
2011-03-01,1,9,295,678
2011-03-01,2,1,406,422
2011-03-01,2,2,210,831
2011-03-01,2,3,121,439
2011-03-01,2,4,0,77
2011-03-01,2,5,29,290
2011-03-01,2,6,101,366
2011-03-01,2,7,0,34
2011-03-01,2,8,900,1585
2011-03-01,2,9,336,1260
2011-03-01,3,1,136,292
2011-03-01,3,2,163,573
2011-03-01,3,3,104,308
2011-03-01,3,4,0,44
2011-03-01,3,5,15,186
2011-03-01,3,6,57,240
2011-03-01,3,7,0,18
2011-03-01,3,8,341,1047
2011-03-01,3,9,224,863
2011-03-01,4,1,318,346
2011-03-01,4,2,167,680
2011-03-01,4,3,332,435
2011-03-01,4,4,0,86
2011-03-01,4,5,36,266
2011-03-01,4,6,164,316
2011-03-01,4,7,0,33
2011-03-01,4,8,595,1307
2011-03-01,4,9,507,1074
2011-03-01,5,1,237,394
2011-03-01,5,2,234,782
2011-03-01,5,3,102,392
2011-03-01,5,4,0,79
2011-03-01,5,5,25,262
2011-03-01,5,6,59,321
2011-03-01,5,7,0,24
2011-03-01,5,8,681,1449
2011-03-01,5,9,388,1148
2011-03-01,6,1,325,266
2011-03-01,6,2,194,531
2011-03-01,6,3,223,315
2011-03-01,6,4,0,71
2011-03-01,6,5,27,215
2011-03-01,6,6,111,248
2011-03-01,6,7,0,24
2011-03-01,6,8,1817,1030
2011-03-01,6,9,499,804
2011-03-01,7,1,0,5
2011-03-01,7,2,0,11
2011-03-01,7,3,0,7
2011-03-01,7,5,0,4
2011-03-01,7,6,0,5
2011-03-01,7,8,0,33
2011-03-01,7,9,0,25
2011-03-01,8,1,387,440
2011-03-01,8,2,277,872
2011-03-01,8,3,209,481
2011-03-01,8,4,0,87
2011-03-01,8,5,37,283
2011-03-01,8,6,144,405
2011-03-01,8,7,0,47
2011-03-01,8,8,929,1632
2011-03-01,8,9,547,1328
2011-03-01,9,1,398,392
2011-03-01,9,2,308,778
2011-03-01,9,3,150,465
2011-03-01,9,4,0,79
2011-03-01,9,5,32,292
2011-03-01,9,6,109,351
2011-03-01,9,7,0,37
2011-03-01,9,8,985,1489
2011-03-01,9,9,634,1204
2011-03-01,10,1,266,366
2011-03-01,10,2,201,720
2011-03-01,10,3,90,408
2011-03-01,10,4,0,90
2011-03-01,10,5,29,273
2011-03-01,10,6,88,329
2011-03-01,10,7,0,35
2011-03-01,10,8,729,1393
2011-03-01,10,9,352,1119
2011-03-01,11,1,163,302
2011-03-01,11,2,210,600
2011-03-01,11,3,194,345
2011-03-01,11,4,0,56
2011-03-01,11,5,20,204
2011-03-01,11,6,79,280
2011-03-01,11,7,0,27
2011-03-01,11,8,564,1151
2011-03-01,11,9,340,935
2011-03-01,12,1,167,288
2011-03-01,12,2,135,573
2011-03-01,12,3,152,359
2011-03-01,12,4,0,70
2011-03-01,12,5,28,253
2011-03-01,12,6,51,270
2011-03-01,12,7,0,39
2011-03-01,12,8,713,1115
2011-03-01,12,9,393,901
2011-03-01,13,1,228,226
2011-03-01,13,2,143,449
2011-03-01,13,3,130,295
2011-03-01,13,4,0,45
2011-03-01,13,5,40,205
2011-03-01,13,6,51,201
2011-03-01,13,7,0,36
2011-03-01,13,8,982,893
2011-03-01,13,9,374,694
2011-03-01,14,1,279,290
2011-03-01,14,2,201,578
2011-03-01,14,3,111,328
2011-03-01,14,4,0,96
2011-03-01,14,5,14,220
2011-03-01,14,6,76,273
2011-03-01,14,7,0,35
2011-03-01,14,8,711,1115
2011-03-01,14,9,404,897
2011-03-01,15,1,178,274
2011-03-01,15,2,113,537
2011-03-01,15,3,56,289
2011-03-01,15,4,0,44
2011-03-01,15,5,22,187
2011-03-01,15,6,40,222
2011-03-01,15,7,0,24
2011-03-01,15,8,405,999
2011-03-01,15,9,277,810
2011-03-01,16,1,240,300
2011-03-01,16,2,170,594
2011-03-01,16,3,108,302
2011-03-01,16,4,0,51
2011-03-01,16,5,22,195
2011-03-01,16,6,30,256
2011-03-01,16,7,0,18
2011-03-01,16,8,513,1100
2011-03-01,16,9,297,884
2011-03-01,17,1,302,322
2011-03-01,17,2,265,635
2011-03-01,17,3,152,348
2011-03-01,17,4,0,80
2011-03-01,17,5,63,214
2011-03-01,17,6,64,276
2011-03-01,17,7,0,33
2011-03-01,17,8,815,1223
2011-03-01,17,9,449,967
2011-03-01,18,1,202,284
2011-03-01,18,2,198,565
2011-03-01,18,3,170,314
2011-03-01,18,4,0,65
2011-03-01,18,5,32,218
2011-03-01,18,6,67,241
2011-03-01,18,7,0,33
2011-03-01,18,8,602,1092
2011-03-01,18,9,367,854
2011-03-01,19,1,216,246
2011-03-01,19,2,186,491
2011-03-01,19,3,161,316
2011-03-01,19,4,0,48
2011-03-01,19,5,25,213
2011-03-01,19,6,81,243
2011-03-01,19,7,0,38
2011-03-01,19,8,1034,961
2011-03-01,19,9,442,770
2011-03-01,20,1,187,206
2011-03-01,20,2,92,412
2011-03-01,20,3,162,246
2011-03-01,20,4,0,57
2011-03-01,20,5,10,185
2011-03-01,20,6,54,188
2011-03-01,20,7,0,24
2011-03-01,20,8,931,808
2011-03-01,20,9,216,622
2011-03-01,21,1,108,196
2011-03-01,21,2,98,390
2011-03-01,21,3,54,205
2011-03-01,21,4,0,35
2011-03-01,21,5,13,135
2011-03-01,21,6,27,145
2011-03-01,21,7,0,17
2011-03-01,21,8,398,716
2011-03-01,21,9,187,564
2011-03-01,22,1,329,356
2011-03-01,22,2,256,709
2011-03-01,22,3,180,445
2011-03-01,22,4,0,90
2011-03-01,22,5,23,294
2011-03-01,22,6,234,351
2011-03-01,22,7,0,53
2011-03-01,22,8,1114,1394
2011-03-01,22,9,569,1114
2011-03-01,23,1,280,338
2011-03-01,23,2,218,673
2011-03-01,23,3,220,405
2011-03-01,23,4,0,102
2011-03-01,23,5,45,253
2011-03-01,23,6,179,323
2011-03-01,23,7,0,44
2011-03-01,23,8,668,1300
2011-03-01,23,9,538,1054
2011-03-01,24,1,251,248
2011-03-01,24,2,150,490
2011-03-01,24,3,93,270
2011-03-01,24,4,0,53
2011-03-01,24,5,9,180
2011-03-01,24,6,49,219
2011-03-01,24,7,0,24
2011-03-01,24,8,445,937
2011-03-01,24,9,219,726
2011-03-01,25,1,266,328
2011-03-01,25,2,186,652
2011-03-01,25,3,225,385
2011-03-01,25,4,0,99
2011-03-01,25,5,38,242
2011-03-01,25,6,192,319
2011-03-01,25,7,0,36
2011-03-01,25,8,895,1274
2011-03-01,25,9,502,1030
2011-03-01,26,1,330,322
2011-03-01,26,2,204,637
2011-03-01,26,3,242,338
2011-03-01,26,4,0,79
2011-03-01,26,5,32,230
2011-03-01,26,6,108,300
2011-03-01,26,7,0,26
2011-03-01,26,8,756,1220
2011-03-01,26,9,312,975
2011-03-01,27,1,169,230
2011-03-01,27,2,142,459
2011-03-01,27,3,42,213
2011-03-01,27,4,0,26
2011-03-01,27,5,19,164
2011-03-01,27,6,12,171
2011-03-01,27,7,0,22
2011-03-01,27,8,410,863
2011-03-01,27,9,153,668
2011-03-01,28,1,227,332
2011-03-01,28,2,253,662
2011-03-01,28,3,220,418
2011-03-01,28,4,0,109
2011-03-01,28,5,30,265
2011-03-01,28,6,190,327
2011-03-01,28,7,0,37
2011-03-01,28,8,989,1290
2011-03-01,28,9,523,1035
2011-03-01,29,1,176,242
2011-03-01,29,2,114,476
2011-03-01,29,3,75,248
2011-03-01,29,4,0,28
2011-03-01,29,5,10,164
2011-03-01,29,6,19,195
2011-03-01,29,7,0,17
2011-03-01,29,8,437,896
2011-03-01,29,9,175,720
2011-03-01,30,1,191,288
2011-03-01,30,2,181,575
2011-03-01,30,3,255,346
2011-03-01,30,4,0,50
2011-03-01,30,5,40,239
2011-03-01,30,6,119,264
2011-03-01,30,7,0,39
2011-03-01,30,8,843,1123
2011-03-01,30,9,426,892
2011-03-01,31,1,310,288
2011-03-01,31,2,203,572
2011-03-01,31,3,114,323
2011-03-01,31,4,0,68
2011-03-01,31,5,21,214
2011-03-01,31,6,158,281
2011-03-01,31,7,0,28
2011-03-01,31,8,829,1098
2011-03-01,31,9,395,890
2011-03-01,32,1,285,358
2011-03-01,32,2,177,708
2011-03-01,32,3,84,388
2011-03-01,32,4,0,78
2011-03-01,32,5,17,278
2011-03-01,32,6,126,334
2011-03-01,32,7,0,39
2011-03-01,32,8,763,1355
2011-03-01,32,9,339,1079
2011-03-01,33,1,247,256
2011-03-01,33,2,223,511
2011-03-01,33,3,405,302
2011-03-01,33,4,0,81
2011-03-01,33,5,73,203
2011-03-01,33,6,155,232
2011-03-01,33,7,0,34
2011-03-01,33,8,2567,992
2011-03-01,33,9,623,784
2011-04-01,1,1,204,220
2011-04-01,1,2,199,433
2011-04-01,1,3,80,243
2011-04-01,1,4,0,67
2011-04-01,1,5,37,162
2011-04-01,1,6,105,206
2011-04-01,1,7,0,26
2011-04-01,1,8,517,845
2011-04-01,1,9,315,678
2011-04-01,2,1,414,422
2011-04-01,2,2,249,831
2011-04-01,2,3,86,439
2011-04-01,2,4,0,77
2011-04-01,2,5,20,290
2011-04-01,2,6,134,366
2011-04-01,2,7,0,34
2011-04-01,2,8,781,1585
2011-04-01,2,9,376,1260
2011-04-01,3,1,107,292
2011-04-01,3,2,142,573
2011-04-01,3,3,73,308
2011-04-01,3,4,0,44
2011-04-01,3,5,10,186
2011-04-01,3,6,17,240
2011-04-01,3,7,0,18
2011-04-01,3,8,347,1047
2011-04-01,3,9,227,863
2011-04-01,4,1,280,346
2011-04-01,4,2,222,680
2011-04-01,4,3,299,435
2011-04-01,4,4,0,86
2011-04-01,4,5,43,266
2011-04-01,4,6,193,316
2011-04-01,4,7,0,33
2011-04-01,4,8,653,1307
2011-04-01,4,9,567,1074
2011-04-01,5,1,231,394
2011-04-01,5,2,236,782
2011-04-01,5,3,64,392
2011-04-01,5,4,0,79
2011-04-01,5,5,14,262
2011-04-01,5,6,52,321
2011-04-01,5,7,0,24
2011-04-01,5,8,623,1449
2011-04-01,5,9,369,1148
2011-04-01,6,1,294,266
2011-04-01,6,2,199,531
2011-04-01,6,3,158,315
2011-04-01,6,4,0,71
2011-04-01,6,5,16,215
2011-04-01,6,6,144,248
2011-04-01,6,7,0,24
2011-04-01,6,8,1496,1030
2011-04-01,6,9,496,804
2011-04-01,7,1,0,5
2011-04-01,7,2,0,11
2011-04-01,7,3,0,7
2011-04-01,7,5,0,4
2011-04-01,7,6,0,5
2011-04-01,7,8,0,33
2011-04-01,7,9,0,25
2011-04-01,8,1,338,440
2011-04-01,8,2,296,872
2011-04-01,8,3,190,481
2011-04-01,8,4,0,87
2011-04-01,8,5,25,283
2011-04-01,8,6,143,405
2011-04-01,8,7,0,47
2011-04-01,8,8,901,1632
2011-04-01,8,9,574,1328
2011-04-01,9,1,319,392
2011-04-01,9,2,270,778
2011-04-01,9,3,178,465
2011-04-01,9,4,0,79
2011-04-01,9,5,38,292
2011-04-01,9,6,118,351
2011-04-01,9,7,0,37
2011-04-01,9,8,1010,1489
2011-04-01,9,9,668,1204
2011-04-01,10,1,258,366
2011-04-01,10,2,224,720
2011-04-01,10,3,112,408
2011-04-01,10,4,0,90
2011-04-01,10,5,26,273
2011-04-01,10,6,85,329
2011-04-01,10,7,0,35
2011-04-01,10,8,648,1393
2011-04-01,10,9,351,1119
2011-04-01,11,1,159,302
2011-04-01,11,2,183,600
2011-04-01,11,3,91,345
2011-04-01,11,4,0,56
2011-04-01,11,5,17,204
2011-04-01,11,6,46,280
2011-04-01,11,7,0,27
2011-04-01,11,8,525,1151
2011-04-01,11,9,374,935
2011-04-01,12,1,197,288
2011-04-01,12,2,176,573
2011-04-01,12,3,96,359
2011-04-01,12,4,0,70
2011-04-01,12,5,29,253
2011-04-01,12,6,83,270
2011-04-01,12,7,0,39
2011-04-01,12,8,674,1115
2011-04-01,12,9,404,901
2011-04-01,13,1,185,226
2011-04-01,13,2,148,449
2011-04-01,13,3,115,295
2011-04-01,13,4,0,45
2011-04-01,13,5,26,205
2011-04-01,13,6,53,201
2011-04-01,13,7,0,36
2011-04-01,13,8,945,893
2011-04-01,13,9,341,694
2011-04-01,14,1,246,290
2011-04-01,14,2,223,578
2011-04-01,14,3,57,328
2011-04-01,14,4,0,96
2011-04-01,14,5,12,220
2011-04-01,14,6,167,273
2011-04-01,14,7,0,35
2011-04-01,14,8,766,1115
2011-04-01,14,9,338,897
2011-04-01,15,1,204,274
2011-04-01,15,2,124,537
2011-04-01,15,3,53,289
2011-04-01,15,4,0,44
2011-04-01,15,5,21,187
2011-04-01,15,6,52,222
2011-04-01,15,7,0,24
2011-04-01,15,8,367,999
2011-04-01,15,9,224,810
2011-04-01,16,1,191,300
2011-04-01,16,2,180,594
2011-04-01,16,3,62,302
2011-04-01,16,4,0,51
2011-04-01,16,5,19,195
2011-04-01,16,6,34,256
2011-04-01,16,7,0,18
2011-04-01,16,8,461,1100
2011-04-01,16,9,264,884
2011-04-01,17,1,313,322
2011-04-01,17,2,248,635
2011-04-01,17,3,96,348
2011-04-01,17,4,0,80
2011-04-01,17,5,43,214
2011-04-01,17,6,71,276
2011-04-01,17,7,0,33
2011-04-01,17,8,773,1223
2011-04-01,17,9,460,967
2011-04-01,18,1,216,284
2011-04-01,18,2,201,565
2011-04-01,18,3,108,314
2011-04-01,18,4,0,65
2011-04-01,18,5,29,218
2011-04-01,18,6,36,241
2011-04-01,18,7,0,33
2011-04-01,18,8,661,1092
2011-04-01,18,9,446,854
2011-04-01,19,1,166,246
2011-04-01,19,2,173,491
2011-04-01,19,3,105,316
2011-04-01,19,4,0,48
2011-04-01,19,5,30,213
2011-04-01,19,6,96,243
2011-04-01,19,7,0,38
2011-04-01,19,8,911,961
2011-04-01,19,9,456,770
2011-04-01,20,1,137,206
2011-04-01,20,2,108,412
2011-04-01,20,3,89,246
2011-04-01,20,4,0,57
2011-04-01,20,5,12,185
2011-04-01,20,6,48,188
2011-04-01,20,7,0,24
2011-04-01,20,8,902,808
2011-04-01,20,9,248,622
2011-04-01,21,1,104,196
2011-04-01,21,2,107,390
2011-04-01,21,3,75,205
2011-04-01,21,4,0,35
2011-04-01,21,5,11,135
2011-04-01,21,6,14,145
2011-04-01,21,7,0,17
2011-04-01,21,8,371,716
2011-04-01,21,9,166,564
2011-04-01,22,1,312,356
2011-04-01,22,2,262,709
2011-04-01,22,3,261,445
2011-04-01,22,4,0,90
2011-04-01,22,5,35,294
2011-04-01,22,6,265,351
2011-04-01,22,7,0,53
2011-04-01,22,8,1230,1394
2011-04-01,22,9,573,1114
2011-04-01,23,1,201,338
2011-04-01,23,2,246,673
2011-04-01,23,3,129,405
2011-04-01,23,4,0,102
2011-04-01,23,5,31,253
2011-04-01,23,6,114,323
2011-04-01,23,7,0,44
2011-04-01,23,8,657,1300
2011-04-01,23,9,506,1054
2011-04-01,24,1,184,248
2011-04-01,24,2,151,490
2011-04-01,24,3,78,270
2011-04-01,24,4,0,53
2011-04-01,24,5,8,180
2011-04-01,24,6,56,219
2011-04-01,24,7,0,24
2011-04-01,24,8,378,937
2011-04-01,24,9,216,726
2011-04-01,25,1,239,328
2011-04-01,25,2,219,652
2011-04-01,25,3,208,385
2011-04-01,25,4,0,99
2011-04-01,25,5,38,242
2011-04-01,25,6,192,319
2011-04-01,25,7,0,36
2011-04-01,25,8,904,1274
2011-04-01,25,9,535,1030
2011-04-01,26,1,263,322
2011-04-01,26,2,185,637
2011-04-01,26,3,171,338
2011-04-01,26,4,0,79
2011-04-01,26,5,14,230
2011-04-01,26,6,81,300
2011-04-01,26,7,0,26
2011-04-01,26,8,669,1220
2011-04-01,26,9,314,975
2011-04-01,27,1,178,230
2011-04-01,27,2,123,459
2011-04-01,27,3,45,213
2011-04-01,27,4,0,26
2011-04-01,27,5,8,164
2011-04-01,27,6,14,171
2011-04-01,27,7,0,22
2011-04-01,27,8,421,863
2011-04-01,27,9,163,668
2011-04-01,28,1,216,332
2011-04-01,28,2,239,662
2011-04-01,28,3,307,418
2011-04-01,28,4,0,109
2011-04-01,28,5,31,265
2011-04-01,28,6,172,327
2011-04-01,28,7,0,37
2011-04-01,28,8,998,1290
2011-04-01,28,9,502,1035
2011-04-01,29,1,148,242
2011-04-01,29,2,161,476
2011-04-01,29,3,32,248
2011-04-01,29,4,0,28
2011-04-01,29,5,9,164
2011-04-01,29,6,20,195
2011-04-01,29,7,0,17
2011-04-01,29,8,422,896
2011-04-01,29,9,193,720
2011-04-01,30,1,198,288
2011-04-01,30,2,179,575
2011-04-01,30,3,171,346
2011-04-01,30,4,0,50
2011-04-01,30,5,29,239
2011-04-01,30,6,92,264
2011-04-01,30,7,0,39
2011-04-01,30,8,757,1123
2011-04-01,30,9,402,892
2011-04-01,31,1,269,288
2011-04-01,31,2,197,572
2011-04-01,31,3,85,323
2011-04-01,31,4,0,68
2011-04-01,31,5,22,214
2011-04-01,31,6,147,281
2011-04-01,31,7,0,28
2011-04-01,31,8,849,1098
2011-04-01,31,9,443,890
2011-04-01,32,1,235,358
2011-04-01,32,2,160,708
2011-04-01,32,3,58,388
2011-04-01,32,4,0,78
2011-04-01,32,5,16,278
2011-04-01,32,6,89,334
2011-04-01,32,7,0,39
2011-04-01,32,8,663,1355
2011-04-01,32,9,316,1079
2011-04-01,33,1,270,256
2011-04-01,33,2,201,511
2011-04-01,33,3,389,302
2011-04-01,33,4,0,81
2011-04-01,33,5,60,203
2011-04-01,33,6,144,232
2011-04-01,33,7,0,34
2011-04-01,33,8,2530,992
2011-04-01,33,9,593,784
2011-05-01,1,1,183,220
2011-05-01,1,2,195,433
2011-05-01,1,3,95,243
2011-05-01,1,4,0,67
2011-05-01,1,5,32,162
2011-05-01,1,6,81,206
2011-05-01,1,7,0,26
2011-05-01,1,8,540,845
2011-05-01,1,9,357,678
2011-05-01,2,1,422,422
2011-05-01,2,2,223,831
2011-05-01,2,3,79,439
2011-05-01,2,4,0,77
2011-05-01,2,5,20,290
2011-05-01,2,6,105,366
2011-05-01,2,7,0,34
2011-05-01,2,8,851,1585
2011-05-01,2,9,376,1260
2011-05-01,3,1,138,292
2011-05-01,3,2,185,573
2011-05-01,3,3,65,308
2011-05-01,3,4,0,44
2011-05-01,3,5,16,186
2011-05-01,3,6,27,240
2011-05-01,3,7,0,18
2011-05-01,3,8,395,1047
2011-05-01,3,9,276,863
2011-05-01,4,1,307,346
2011-05-01,4,2,188,680
2011-05-01,4,3,477,435
2011-05-01,4,4,0,86
2011-05-01,4,5,37,266
2011-05-01,4,6,194,316
2011-05-01,4,7,0,33
2011-05-01,4,8,715,1307
2011-05-01,4,9,513,1074
2011-05-01,5,1,249,394
2011-05-01,5,2,236,782
2011-05-01,5,3,84,392
2011-05-01,5,4,0,79
2011-05-01,5,5,14,262
2011-05-01,5,6,54,321
2011-05-01,5,7,0,24
2011-05-01,5,8,636,1449
2011-05-01,5,9,375,1148
2011-05-01,6,1,336,266
2011-05-01,6,2,197,531
2011-05-01,6,3,173,315
2011-05-01,6,4,0,71
2011-05-01,6,5,32,215
2011-05-01,6,6,137,248
2011-05-01,6,7,0,24
2011-05-01,6,8,1715,1030
2011-05-01,6,9,464,804
2011-05-01,7,1,0,5
2011-05-01,7,2,0,11
2011-05-01,7,3,0,7
2011-05-01,7,5,0,4
2011-05-01,7,6,0,5
2011-05-01,7,8,0,33
2011-05-01,7,9,0,25
2011-05-01,8,1,354,440
2011-05-01,8,2,285,872
2011-05-01,8,3,163,481
2011-05-01,8,4,0,87
2011-05-01,8,5,37,283
2011-05-01,8,6,135,405
2011-05-01,8,7,0,47
2011-05-01,8,8,987,1632
2011-05-01,8,9,576,1328
2011-05-01,9,1,302,392
2011-05-01,9,2,259,778
2011-05-01,9,3,203,465
2011-05-01,9,4,0,79
2011-05-01,9,5,35,292
2011-05-01,9,6,119,351
2011-05-01,9,7,0,37
2011-05-01,9,8,1170,1489
2011-05-01,9,9,613,1204
2011-05-01,10,1,266,366
2011-05-01,10,2,225,720
2011-05-01,10,3,114,408
2011-05-01,10,4,0,90
2011-05-01,10,5,47,273
2011-05-01,10,6,106,329
2011-05-01,10,7,0,35
2011-05-01,10,8,726,1393
2011-05-01,10,9,349,1119
2011-05-01,11,1,190,302
2011-05-01,11,2,230,600
2011-05-01,11,3,93,345
2011-05-01,11,4,0,56
2011-05-01,11,5,29,204
2011-05-01,11,6,78,280
2011-05-01,11,7,0,27
2011-05-01,11,8,541,1151
2011-05-01,11,9,337,935
2011-05-01,12,1,166,288
2011-05-01,12,2,173,573
2011-05-01,12,3,141,359
2011-05-01,12,4,0,70
2011-05-01,12,5,22,253
2011-05-01,12,6,100,270
2011-05-01,12,7,0,39
2011-05-01,12,8,747,1115
2011-05-01,12,9,377,901
2011-05-01,13,1,228,226
2011-05-01,13,2,170,449
2011-05-01,13,3,121,295
2011-05-01,13,4,0,45
2011-05-01,13,5,21,205
2011-05-01,13,6,79,201
2011-05-01,13,7,0,36
2011-05-01,13,8,987,893
2011-05-01,13,9,360,694
2011-05-01,14,1,266,290
2011-05-01,14,2,241,578
2011-05-01,14,3,104,328
2011-05-01,14,4,0,96
2011-05-01,14,5,14,220
2011-05-01,14,6,150,273
2011-05-01,14,7,0,35
2011-05-01,14,8,743,1115
2011-05-01,14,9,354,897
2011-05-01,15,1,264,274
2011-05-01,15,2,147,537
2011-05-01,15,3,66,289
2011-05-01,15,4,0,44
2011-05-01,15,5,22,187
2011-05-01,15,6,75,222
2011-05-01,15,7,0,24
2011-05-01,15,8,380,999
2011-05-01,15,9,255,810
2011-05-01,16,1,224,300
2011-05-01,16,2,158,594
2011-05-01,16,3,80,302
2011-05-01,16,4,0,51
2011-05-01,16,5,19,195
2011-05-01,16,6,50,256
2011-05-01,16,7,0,18
2011-05-01,16,8,567,1100
2011-05-01,16,9,256,884
2011-05-01,17,1,319,322
2011-05-01,17,2,213,635
2011-05-01,17,3,109,348
2011-05-01,17,4,0,80
2011-05-01,17,5,39,214
2011-05-01,17,6,69,276
2011-05-01,17,7,0,33
2011-05-01,17,8,897,1223
2011-05-01,17,9,406,967
2011-05-01,18,1,224,284
2011-05-01,18,2,225,565
2011-05-01,18,3,132,314
2011-05-01,18,4,0,65
2011-05-01,18,5,36,218
2011-05-01,18,6,46,241
2011-05-01,18,7,0,33
2011-05-01,18,8,697,1092
2011-05-01,18,9,480,854
2011-05-01,19,1,248,246
2011-05-01,19,2,153,491
2011-05-01,19,3,123,316
2011-05-01,19,4,0,48
2011-05-01,19,5,30,213
2011-05-01,19,6,102,243
2011-05-01,19,7,0,38
2011-05-01,19,8,1151,961
2011-05-01,19,9,409,770
2011-05-01,20,1,175,206
2011-05-01,20,2,105,412
2011-05-01,20,3,129,246
2011-05-01,20,4,0,57
2011-05-01,20,5,20,185
2011-05-01,20,6,62,188
2011-05-01,20,7,0,24
2011-05-01,20,8,1035,808
2011-05-01,20,9,273,622
2011-05-01,21,1,97,196
2011-05-01,21,2,101,390
2011-05-01,21,3,37,205
2011-05-01,21,4,0,35
2011-05-01,21,5,10,135
2011-05-01,21,6,27,145
2011-05-01,21,7,0,17
2011-05-01,21,8,361,716
2011-05-01,21,9,151,564
2011-05-01,22,1,324,356
2011-05-01,22,2,248,709
2011-05-01,22,3,230,445
2011-05-01,22,4,0,90
2011-05-01,22,5,31,294
2011-05-01,22,6,260,351
2011-05-01,22,7,0,53
2011-05-01,22,8,1135,1394
2011-05-01,22,9,543,1114
2011-05-01,23,1,226,338
2011-05-01,23,2,281,673
2011-05-01,23,3,138,405
2011-05-01,23,4,0,102
2011-05-01,23,5,33,253
2011-05-01,23,6,138,323
2011-05-01,23,7,0,44
2011-05-01,23,8,685,1300
2011-05-01,23,9,544,1054
2011-05-01,24,1,159,248
2011-05-01,24,2,160,490
2011-05-01,24,3,102,270
2011-05-01,24,4,0,53
2011-05-01,24,5,16,180
2011-05-01,24,6,58,219
2011-05-01,24,7,0,24
2011-05-01,24,8,428,937
2011-05-01,24,9,201,726
2011-05-01,25,1,238,328
2011-05-01,25,2,207,652
2011-05-01,25,3,178,385
2011-05-01,25,4,0,99
2011-05-01,25,5,35,242
2011-05-01,25,6,222,319
2011-05-01,25,7,0,36
2011-05-01,25,8,1025,1274
2011-05-01,25,9,522,1030
2011-05-01,26,1,240,322
2011-05-01,26,2,209,637
2011-05-01,26,3,170,338
2011-05-01,26,4,0,79
2011-05-01,26,5,31,230
2011-05-01,26,6,118,300
2011-05-01,26,7,0,26
2011-05-01,26,8,835,1220
2011-05-01,26,9,267,975
2011-05-01,27,1,201,230
2011-05-01,27,2,122,459
2011-05-01,27,3,42,213
2011-05-01,27,4,0,26
2011-05-01,27,5,6,164
2011-05-01,27,6,13,171
2011-05-01,27,7,0,22
2011-05-01,27,8,434,863
2011-05-01,27,9,150,668
2011-05-01,28,1,236,332
2011-05-01,28,2,295,662
2011-05-01,28,3,288,418
2011-05-01,28,4,0,109
2011-05-01,28,5,39,265
2011-05-01,28,6,179,327
2011-05-01,28,7,0,37
2011-05-01,28,8,1069,1290
2011-05-01,28,9,552,1035
2011-05-01,29,1,142,242
2011-05-01,29,2,146,476
2011-05-01,29,3,46,248
2011-05-01,29,4,0,28
2011-05-01,29,5,5,164
2011-05-01,29,6,37,195
2011-05-01,29,7,0,17
2011-05-01,29,8,440,896
2011-05-01,29,9,200,720
2011-05-01,30,1,220,288
2011-05-01,30,2,192,575
2011-05-01,30,3,173,346
2011-05-01,30,4,0,50
2011-05-01,30,5,37,239
2011-05-01,30,6,135,264
2011-05-01,30,7,0,39
2011-05-01,30,8,892,1123
2011-05-01,30,9,496,892
2011-05-01,31,1,269,288
2011-05-01,31,2,198,572
2011-05-01,31,3,104,323
2011-05-01,31,4,0,68
2011-05-01,31,5,25,214
2011-05-01,31,6,135,281
2011-05-01,31,7,0,28
2011-05-01,31,8,984,1098
2011-05-01,31,9,440,890
2011-05-01,32,1,251,358
2011-05-01,32,2,165,708
2011-05-01,32,3,99,388
2011-05-01,32,4,0,78
2011-05-01,32,5,28,278
2011-05-01,32,6,125,334
2011-05-01,32,7,0,39
2011-05-01,32,8,948,1355
2011-05-01,32,9,295,1079
2011-05-01,33,1,224,256
2011-05-01,33,2,159,511
2011-05-01,33,3,576,302
2011-05-01,33,4,0,81
2011-05-01,33,5,56,203
2011-05-01,33,6,179,232
2011-05-01,33,7,0,34
2011-05-01,33,8,2643,992
2011-05-01,33,9,522,784
2011-06-01,1,1,155,220
2011-06-01,1,2,182,433
2011-06-01,1,3,94,243
2011-06-01,1,4,0,67
2011-06-01,1,5,33,162
2011-06-01,1,6,83,206
2011-06-01,1,7,0,26
2011-06-01,1,8,516,845
2011-06-01,1,9,346,678
2011-06-01,2,1,412,422
2011-06-01,2,2,207,831
2011-06-01,2,3,68,439
2011-06-01,2,4,0,77
2011-06-01,2,5,30,290
2011-06-01,2,6,114,366
2011-06-01,2,7,0,34
2011-06-01,2,8,938,1585
2011-06-01,2,9,365,1260
2011-06-01,3,1,101,292
2011-06-01,3,2,144,573
2011-06-01,3,3,64,308
2011-06-01,3,4,0,44
2011-06-01,3,5,17,186
2011-06-01,3,6,37,240
2011-06-01,3,7,0,18
2011-06-01,3,8,328,1047
2011-06-01,3,9,231,863
2011-06-01,4,1,265,346
2011-06-01,4,2,190,680
2011-06-01,4,3,332,435
2011-06-01,4,4,0,86
2011-06-01,4,5,30,266
2011-06-01,4,6,187,316
2011-06-01,4,7,0,33
2011-06-01,4,8,774,1307
2011-06-01,4,9,610,1074
2011-06-01,5,1,202,394
2011-06-01,5,2,197,782
2011-06-01,5,3,87,392
2011-06-01,5,4,0,79
2011-06-01,5,5,12,262
2011-06-01,5,6,77,321
2011-06-01,5,7,0,24
2011-06-01,5,8,665,1449
2011-06-01,5,9,410,1148
2011-06-01,6,1,309,266
2011-06-01,6,2,176,531
2011-06-01,6,3,220,315
2011-06-01,6,4,0,71
2011-06-01,6,5,41,215
2011-06-01,6,6,139,248
2011-06-01,6,7,0,24
2011-06-01,6,8,1739,1030
2011-06-01,6,9,475,804
2011-06-01,7,1,0,5
2011-06-01,7,2,0,11
2011-06-01,7,3,0,7
2011-06-01,7,5,0,4
2011-06-01,7,6,0,5
2011-06-01,7,8,0,33
2011-06-01,7,9,0,25
2011-06-01,8,1,344,440
2011-06-01,8,2,340,872
2011-06-01,8,3,131,481
2011-06-01,8,4,0,87
2011-06-01,8,5,41,283
2011-06-01,8,6,148,405
2011-06-01,8,7,0,47
2011-06-01,8,8,934,1632
2011-06-01,8,9,603,1328
2011-06-01,9,1,290,392
2011-06-01,9,2,263,778
2011-06-01,9,3,175,465
2011-06-01,9,4,0,79
2011-06-01,9,5,58,292
2011-06-01,9,6,120,351
2011-06-01,9,7,0,37
2011-06-01,9,8,1018,1489
2011-06-01,9,9,637,1204
2011-06-01,10,1,304,366
2011-06-01,10,2,210,720
2011-06-01,10,3,165,408
2011-06-01,10,4,0,90
2011-06-01,10,5,37,273
2011-06-01,10,6,93,329
2011-06-01,10,7,0,35
2011-06-01,10,8,734,1393
2011-06-01,10,9,349,1119
2011-06-01,11,1,188,302
2011-06-01,11,2,193,600
2011-06-01,11,3,95,345
2011-06-01,11,4,0,56
2011-06-01,11,5,35,204
2011-06-01,11,6,69,280
2011-06-01,11,7,0,27
2011-06-01,11,8,623,1151
2011-06-01,11,9,386,935
2011-06-01,12,1,139,288
2011-06-01,12,2,149,573
2011-06-01,12,3,195,359
2011-06-01,12,4,0,70
2011-06-01,12,5,18,253
2011-06-01,12,6,84,270
2011-06-01,12,7,0,39
2011-06-01,12,8,742,1115
2011-06-01,12,9,346,901
2011-06-01,13,1,225,226
2011-06-01,13,2,143,449
2011-06-01,13,3,114,295
2011-06-01,13,4,0,45
2011-06-01,13,5,34,205
2011-06-01,13,6,63,201
2011-06-01,13,7,0,36
2011-06-01,13,8,972,893
2011-06-01,13,9,379,694
2011-06-01,14,1,294,290
2011-06-01,14,2,222,578
2011-06-01,14,3,233,328
2011-06-01,14,4,0,96
2011-06-01,14,5,9,220
2011-06-01,14,6,147,273
2011-06-01,14,7,0,35
2011-06-01,14,8,800,1115
2011-06-01,14,9,419,897
2011-06-01,15,1,187,274
2011-06-01,15,2,118,537
2011-06-01,15,3,80,289
2011-06-01,15,4,0,44
2011-06-01,15,5,20,187
2011-06-01,15,6,67,222
2011-06-01,15,7,0,24
2011-06-01,15,8,375,999
2011-06-01,15,9,237,810
2011-06-01,16,1,187,300
2011-06-01,16,2,159,594
2011-06-01,16,3,90,302
2011-06-01,16,4,0,51
2011-06-01,16,5,14,195
2011-06-01,16,6,41,256
2011-06-01,16,7,0,18
2011-06-01,16,8,521,1100
2011-06-01,16,9,252,884
2011-06-01,17,1,218,322
2011-06-01,17,2,223,635
2011-06-01,17,3,181,348
2011-06-01,17,4,0,80
2011-06-01,17,5,44,214
2011-06-01,17,6,71,276
2011-06-01,17,7,0,33
2011-06-01,17,8,771,1223
2011-06-01,17,9,456,967
2011-06-01,18,1,166,284
2011-06-01,18,2,217,565
2011-06-01,18,3,123,314
2011-06-01,18,4,0,65
2011-06-01,18,5,36,218
2011-06-01,18,6,45,241
2011-06-01,18,7,0,33
2011-06-01,18,8,716,1092
2011-06-01,18,9,421,854
2011-06-01,19,1,209,246
2011-06-01,19,2,169,491
2011-06-01,19,3,153,316
2011-06-01,19,4,0,48
2011-06-01,19,5,26,213
2011-06-01,19,6,123,243
2011-06-01,19,7,0,38
2011-06-01,19,8,1146,961
2011-06-01,19,9,427,770
2011-06-01,20,1,122,206
2011-06-01,20,2,84,412
2011-06-01,20,3,98,246
2011-06-01,20,4,0,57
2011-06-01,20,5,11,185
2011-06-01,20,6,51,188
2011-06-01,20,7,0,24
2011-06-01,20,8,962,808
2011-06-01,20,9,223,622
2011-06-01,21,1,90,196
2011-06-01,21,2,89,390
2011-06-01,21,3,56,205
2011-06-01,21,4,0,35
2011-06-01,21,5,8,135
2011-06-01,21,6,23,145
2011-06-01,21,7,0,17
2011-06-01,21,8,377,716
2011-06-01,21,9,185,564
2011-06-01,22,1,290,356
2011-06-01,22,2,274,709
2011-06-01,22,3,251,445
2011-06-01,22,4,0,90
2011-06-01,22,5,31,294
2011-06-01,22,6,196,351
2011-06-01,22,7,0,53
2011-06-01,22,8,1135,1394
2011-06-01,22,9,578,1114
2011-06-01,23,1,228,338
2011-06-01,23,2,239,673
2011-06-01,23,3,148,405
2011-06-01,23,4,0,102
2011-06-01,23,5,34,253
2011-06-01,23,6,117,323
2011-06-01,23,7,0,44
2011-06-01,23,8,703,1300
2011-06-01,23,9,493,1054
2011-06-01,24,1,180,248
2011-06-01,24,2,140,490
2011-06-01,24,3,95,270
2011-06-01,24,4,0,53
2011-06-01,24,5,9,180
2011-06-01,24,6,45,219
2011-06-01,24,7,0,24
2011-06-01,24,8,458,937
2011-06-01,24,9,240,726
2011-06-01,25,1,231,328
2011-06-01,25,2,245,652
2011-06-01,25,3,230,385
2011-06-01,25,4,0,99
2011-06-01,25,5,41,242
2011-06-01,25,6,174,319
2011-06-01,25,7,0,36
2011-06-01,25,8,975,1274
2011-06-01,25,9,488,1030
2011-06-01,26,1,247,322
2011-06-01,26,2,175,637
2011-06-01,26,3,192,338
2011-06-01,26,4,0,79
2011-06-01,26,5,22,230
2011-06-01,26,6,88,300
2011-06-01,26,7,0,26
2011-06-01,26,8,730,1220
2011-06-01,26,9,295,975
2011-06-01,27,1,112,230
2011-06-01,27,2,148,459
2011-06-01,27,3,56,213
2011-06-01,27,4,0,26
2011-06-01,27,5,8,164
2011-06-01,27,6,10,171
2011-06-01,27,7,0,22
2011-06-01,27,8,444,863
2011-06-01,27,9,161,668
2011-06-01,28,1,245,332
2011-06-01,28,2,223,662
2011-06-01,28,3,264,418
2011-06-01,28,4,0,109
2011-06-01,28,5,43,265
2011-06-01,28,6,163,327
2011-06-01,28,7,0,37
2011-06-01,28,8,1044,1290
2011-06-01,28,9,568,1035
2011-06-01,29,1,130,242
2011-06-01,29,2,130,476
2011-06-01,29,3,43,248
2011-06-01,29,4,0,28
2011-06-01,29,5,11,164
2011-06-01,29,6,29,195
2011-06-01,29,7,0,17
2011-06-01,29,8,414,896
2011-06-01,29,9,206,720
2011-06-01,30,1,220,288
2011-06-01,30,2,179,575
2011-06-01,30,3,272,346
2011-06-01,30,4,0,50
2011-06-01,30,5,30,239
2011-06-01,30,6,103,264
2011-06-01,30,7,0,39
2011-06-01,30,8,961,1123
2011-06-01,30,9,450,892
2011-06-01,31,1,280,288
2011-06-01,31,2,225,572
2011-06-01,31,3,109,323
2011-06-01,31,4,0,68
2011-06-01,31,5,24,214
2011-06-01,31,6,147,281
2011-06-01,31,7,0,28
2011-06-01,31,8,867,1098
2011-06-01,31,9,396,890
2011-06-01,32,1,256,358
2011-06-01,32,2,193,708
2011-06-01,32,3,99,388
2011-06-01,32,4,0,78
2011-06-01,32,5,39,278
2011-06-01,32,6,89,334
2011-06-01,32,7,0,39
2011-06-01,32,8,845,1355
2011-06-01,32,9,383,1079
2011-06-01,33,1,253,256
2011-06-01,33,2,180,511
2011-06-01,33,3,519,302
2011-06-01,33,4,0,81
2011-06-01,33,5,53,203
2011-06-01,33,6,181,232
2011-06-01,33,7,0,34
2011-06-01,33,8,2802,992
2011-06-01,33,9,618,784
2011-07-01,1,1,161,220
2011-07-01,1,2,154,433
2011-07-01,1,3,72,243
2011-07-01,1,4,0,67
2011-07-01,1,5,37,162
2011-07-01,1,6,86,206
2011-07-01,1,7,0,26
2011-07-01,1,8,558,845
2011-07-01,1,9,348,678
2011-07-01,2,1,373,422
2011-07-01,2,2,218,831
2011-07-01,2,3,98,439
2011-07-01,2,4,0,77
2011-07-01,2,5,28,290
2011-07-01,2,6,115,366
2011-07-01,2,7,0,34
2011-07-01,2,8,958,1585
2011-07-01,2,9,361,1260
2011-07-01,3,1,104,292
2011-07-01,3,2,129,573
2011-07-01,3,3,77,308
2011-07-01,3,4,0,44
2011-07-01,3,5,11,186
2011-07-01,3,6,30,240
2011-07-01,3,7,0,18
2011-07-01,3,8,361,1047
2011-07-01,3,9,285,863
2011-07-01,4,1,289,346
2011-07-01,4,2,202,680
2011-07-01,4,3,397,435
2011-07-01,4,4,0,86
2011-07-01,4,5,29,266
2011-07-01,4,6,185,316
2011-07-01,4,7,0,33
2011-07-01,4,8,772,1307
2011-07-01,4,9,569,1074
2011-07-01,5,1,206,394
2011-07-01,5,2,232,782
2011-07-01,5,3,90,392
2011-07-01,5,4,0,79
2011-07-01,5,5,27,262
2011-07-01,5,6,68,321
2011-07-01,5,7,0,24
2011-07-01,5,8,667,1449
2011-07-01,5,9,365,1148
2011-07-01,6,1,247,266
2011-07-01,6,2,192,531
2011-07-01,6,3,277,315
2011-07-01,6,4,0,71
2011-07-01,6,5,22,215
2011-07-01,6,6,130,248
2011-07-01,6,7,0,24
2011-07-01,6,8,1612,1030
2011-07-01,6,9,547,804
2011-07-01,7,1,0,5
2011-07-01,7,2,0,11
2011-07-01,7,3,0,7
2011-07-01,7,5,0,4
2011-07-01,7,6,0,5
2011-07-01,7,8,0,33
2011-07-01,7,9,0,25
2011-07-01,8,1,391,440
2011-07-01,8,2,308,872
2011-07-01,8,3,237,481
2011-07-01,8,4,0,87
2011-07-01,8,5,32,283
2011-07-01,8,6,156,405
2011-07-01,8,7,0,47
2011-07-01,8,8,985,1632
2011-07-01,8,9,579,1328
2011-07-01,9,1,250,392
2011-07-01,9,2,285,778
2011-07-01,9,3,279,465
2011-07-01,9,4,0,79
2011-07-01,9,5,61,292
2011-07-01,9,6,128,351
2011-07-01,9,7,0,37
2011-07-01,9,8,900,1489
2011-07-01,9,9,636,1204
2011-07-01,10,1,289,366
2011-07-01,10,2,223,720
2011-07-01,10,3,165,408
2011-07-01,10,4,0,90
2011-07-01,10,5,36,273
2011-07-01,10,6,90,329
2011-07-01,10,7,0,35
2011-07-01,10,8,686,1393
2011-07-01,10,9,352,1119
2011-07-01,11,1,184,302
2011-07-01,11,2,207,600
2011-07-01,11,3,135,345
2011-07-01,11,4,0,56
2011-07-01,11,5,20,204
2011-07-01,11,6,78,280
2011-07-01,11,7,0,27
2011-07-01,11,8,542,1151
2011-07-01,11,9,365,935
2011-07-01,12,1,170,288
2011-07-01,12,2,151,573
2011-07-01,12,3,199,359
2011-07-01,12,4,0,70
2011-07-01,12,5,27,253
2011-07-01,12,6,87,270
2011-07-01,12,7,0,39
2011-07-01,12,8,751,1115
2011-07-01,12,9,401,901
2011-07-01,13,1,164,226
2011-07-01,13,2,148,449
2011-07-01,13,3,138,295
2011-07-01,13,4,0,45
2011-07-01,13,5,51,205
2011-07-01,13,6,73,201
2011-07-01,13,7,0,36
2011-07-01,13,8,919,893
2011-07-01,13,9,409,694
2011-07-01,14,1,281,290
2011-07-01,14,2,202,578
2011-07-01,14,3,152,328
2011-07-01,14,4,0,96
2011-07-01,14,5,13,220
2011-07-01,14,6,132,273
2011-07-01,14,7,0,35
2011-07-01,14,8,786,1115
2011-07-01,14,9,398,897
2011-07-01,15,1,172,274
2011-07-01,15,2,113,537
2011-07-01,15,3,67,289
2011-07-01,15,4,0,44
2011-07-01,15,5,22,187
2011-07-01,15,6,81,222
2011-07-01,15,7,0,24
2011-07-01,15,8,363,999
2011-07-01,15,9,223,810
2011-07-01,16,1,226,300
2011-07-01,16,2,144,594
2011-07-01,16,3,100,302
2011-07-01,16,4,0,51
2011-07-01,16,5,20,195
2011-07-01,16,6,42,256
2011-07-01,16,7,0,18
2011-07-01,16,8,530,1100
2011-07-01,16,9,274,884
2011-07-01,17,1,244,322
2011-07-01,17,2,236,635
2011-07-01,17,3,128,348
2011-07-01,17,4,0,80
2011-07-01,17,5,63,214
2011-07-01,17,6,78,276
2011-07-01,17,7,0,33
2011-07-01,17,8,816,1223
2011-07-01,17,9,475,967
2011-07-01,18,1,204,284
2011-07-01,18,2,221,565
2011-07-01,18,3,170,314
2011-07-01,18,4,0,65
2011-07-01,18,5,42,218
2011-07-01,18,6,68,241
2011-07-01,18,7,0,33
2011-07-01,18,8,681,1092
2011-07-01,18,9,488,854
2011-07-01,19,1,234,246
2011-07-01,19,2,189,491
2011-07-01,19,3,129,316
2011-07-01,19,4,0,48
2011-07-01,19,5,42,213
2011-07-01,19,6,86,243
2011-07-01,19,7,0,38
2011-07-01,19,8,956,961
2011-07-01,19,9,416,770
2011-07-01,20,1,125,206
2011-07-01,20,2,96,412
2011-07-01,20,3,114,246
2011-07-01,20,4,0,57
2011-07-01,20,5,16,185
2011-07-01,20,6,42,188
2011-07-01,20,7,0,24
2011-07-01,20,8,928,808
2011-07-01,20,9,240,622
2011-07-01,21,1,94,196
2011-07-01,21,2,97,390
2011-07-01,21,3,79,205
2011-07-01,21,4,0,35
2011-07-01,21,5,10,135
2011-07-01,21,6,19,145
2011-07-01,21,7,0,17
2011-07-01,21,8,382,716
2011-07-01,21,9,186,564
2011-07-01,22,1,315,356
2011-07-01,22,2,274,709
2011-07-01,22,3,251,445
2011-07-01,22,4,0,90
2011-07-01,22,5,41,294
2011-07-01,22,6,284,351
2011-07-01,22,7,0,53
2011-07-01,22,8,1117,1394
2011-07-01,22,9,599,1114
2011-07-01,23,1,218,338
2011-07-01,23,2,216,673
2011-07-01,23,3,143,405
2011-07-01,23,4,0,102
2011-07-01,23,5,32,253
2011-07-01,23,6,120,323
2011-07-01,23,7,0,44
2011-07-01,23,8,719,1300
2011-07-01,23,9,514,1054
2011-07-01,24,1,209,248
2011-07-01,24,2,131,490
2011-07-01,24,3,104,270
2011-07-01,24,4,0,53
2011-07-01,24,5,6,180
2011-07-01,24,6,66,219
2011-07-01,24,7,0,24
2011-07-01,24,8,482,937
2011-07-01,24,9,218,726
2011-07-01,25,1,219,328
2011-07-01,25,2,222,652
2011-07-01,25,3,203,385
2011-07-01,25,4,0,99
2011-07-01,25,5,44,242
2011-07-01,25,6,139,319
2011-07-01,25,7,0,36
2011-07-01,25,8,942,1274
2011-07-01,25,9,583,1030
2011-07-01,26,1,246,322
2011-07-01,26,2,175,637
2011-07-01,26,3,180,338
2011-07-01,26,4,0,79
2011-07-01,26,5,27,230
2011-07-01,26,6,99,300
2011-07-01,26,7,0,26
2011-07-01,26,8,736,1220
2011-07-01,26,9,313,975
2011-07-01,27,1,167,230
2011-07-01,27,2,134,459
2011-07-01,27,3,48,213
2011-07-01,27,4,0,26
2011-07-01,27,5,14,164
2011-07-01,27,6,20,171
2011-07-01,27,7,0,22
2011-07-01,27,8,341,863
2011-07-01,27,9,179,668
2011-07-01,28,1,269,332
2011-07-01,28,2,220,662
2011-07-01,28,3,300,418
2011-07-01,28,4,0,109
2011-07-01,28,5,40,265
2011-07-01,28,6,187,327
2011-07-01,28,7,0,37
2011-07-01,28,8,975,1290
2011-07-01,28,9,532,1035
2011-07-01,29,1,148,242
2011-07-01,29,2,178,476
2011-07-01,29,3,54,248
2011-07-01,29,4,0,28
2011-07-01,29,5,10,164
2011-07-01,29,6,16,195
2011-07-01,29,7,0,17
2011-07-01,29,8,435,896
2011-07-01,29,9,211,720
2011-07-01,30,1,223,288
2011-07-01,30,2,190,575
2011-07-01,30,3,577,346
2011-07-01,30,4,0,50
2011-07-01,30,5,34,239
2011-07-01,30,6,99,264
2011-07-01,30,7,0,39
2011-07-01,30,8,893,1123
2011-07-01,30,9,437,892
2011-07-01,31,1,251,288
2011-07-01,31,2,211,572
2011-07-01,31,3,131,323
2011-07-01,31,4,0,68
2011-07-01,31,5,22,214
2011-07-01,31,6,173,281
2011-07-01,31,7,0,28
2011-07-01,31,8,854,1098
2011-07-01,31,9,434,890
2011-07-01,32,1,249,358
2011-07-01,32,2,176,708
2011-07-01,32,3,105,388
2011-07-01,32,4,0,78
2011-07-01,32,5,33,278
2011-07-01,32,6,113,334
2011-07-01,32,7,0,39
2011-07-01,32,8,852,1355
2011-07-01,32,9,376,1079
2011-07-01,33,1,234,256
2011-07-01,33,2,179,511
2011-07-01,33,3,504,302
2011-07-01,33,4,0,81
2011-07-01,33,5,62,203
2011-07-01,33,6,178,232
2011-07-01,33,7,0,34
2011-07-01,33,8,2833,992
2011-07-01,33,9,629,784
2011-08-01,1,1,188,220
2011-08-01,1,2,194,433
2011-08-01,1,3,114,243
2011-08-01,1,4,0,67
2011-08-01,1,5,31,162
2011-08-01,1,6,75,206
2011-08-01,1,7,0,26
2011-08-01,1,8,521,845
2011-08-01,1,9,367,678
2011-08-01,2,1,356,422
2011-08-01,2,2,204,831
2011-08-01,2,3,100,439
2011-08-01,2,4,0,77
2011-08-01,2,5,34,290
2011-08-01,2,6,60,366
2011-08-01,2,7,0,34
2011-08-01,2,8,805,1585
2011-08-01,2,9,310,1260
2011-08-01,3,1,123,292
2011-08-01,3,2,129,573
2011-08-01,3,3,78,308
2011-08-01,3,4,0,44
2011-08-01,3,5,13,186
2011-08-01,3,6,31,240
2011-08-01,3,7,0,18
2011-08-01,3,8,355,1047
2011-08-01,3,9,210,863
2011-08-01,4,1,218,346
2011-08-01,4,2,202,680
2011-08-01,4,3,358,435
2011-08-01,4,4,0,86
2011-08-01,4,5,34,266
2011-08-01,4,6,145,316
2011-08-01,4,7,0,33
2011-08-01,4,8,630,1307
2011-08-01,4,9,527,1074
2011-08-01,5,1,278,394
2011-08-01,5,2,219,782
2011-08-01,5,3,63,392
2011-08-01,5,4,0,79
2011-08-01,5,5,16,262
2011-08-01,5,6,39,321
2011-08-01,5,7,0,24
2011-08-01,5,8,669,1449
2011-08-01,5,9,371,1148
2011-08-01,6,1,293,266
2011-08-01,6,2,178,531
2011-08-01,6,3,221,315
2011-08-01,6,4,0,71
2011-08-01,6,5,26,215
2011-08-01,6,6,79,248
2011-08-01,6,7,0,24
2011-08-01,6,8,1370,1030
2011-08-01,6,9,454,804
2011-08-01,7,1,0,5
2011-08-01,7,2,0,11
2011-08-01,7,3,0,7
2011-08-01,7,5,0,4
2011-08-01,7,6,0,5
2011-08-01,7,8,0,33
2011-08-01,7,9,0,25
2011-08-01,8,1,508,440
2011-08-01,8,2,339,872
2011-08-01,8,3,200,481
2011-08-01,8,4,0,87
2011-08-01,8,5,49,283
2011-08-01,8,6,169,405
2011-08-01,8,7,0,47
2011-08-01,8,8,905,1632
2011-08-01,8,9,528,1328
2011-08-01,9,1,331,392
2011-08-01,9,2,385,778
2011-08-01,9,3,178,465
2011-08-01,9,4,0,79
2011-08-01,9,5,38,292
2011-08-01,9,6,120,351
2011-08-01,9,7,0,37
2011-08-01,9,8,893,1489
2011-08-01,9,9,593,1204
2011-08-01,10,1,301,366
2011-08-01,10,2,291,720
2011-08-01,10,3,150,408
2011-08-01,10,4,0,90
2011-08-01,10,5,29,273
2011-08-01,10,6,75,329
2011-08-01,10,7,0,35
2011-08-01,10,8,592,1393
2011-08-01,10,9,322,1119
2011-08-01,11,1,204,302
2011-08-01,11,2,224,600
2011-08-01,11,3,85,345
2011-08-01,11,4,0,56
2011-08-01,11,5,13,204
2011-08-01,11,6,63,280
2011-08-01,11,7,0,27
2011-08-01,11,8,507,1151
2011-08-01,11,9,353,935
2011-08-01,12,1,177,288
2011-08-01,12,2,158,573
2011-08-01,12,3,149,359
2011-08-01,12,4,0,70
2011-08-01,12,5,23,253
2011-08-01,12,6,78,270
2011-08-01,12,7,0,39
2011-08-01,12,8,658,1115
2011-08-01,12,9,358,901
2011-08-01,13,1,211,226
2011-08-01,13,2,164,449
2011-08-01,13,3,111,295
2011-08-01,13,4,0,45
2011-08-01,13,5,34,205
2011-08-01,13,6,46,201
2011-08-01,13,7,0,36
2011-08-01,13,8,867,893
2011-08-01,13,9,375,694
2011-08-01,14,1,343,290
2011-08-01,14,2,325,578
2011-08-01,14,3,135,328
2011-08-01,14,4,0,96
2011-08-01,14,5,27,220
2011-08-01,14,6,118,273
2011-08-01,14,7,0,35
2011-08-01,14,8,732,1115
2011-08-01,14,9,396,897
2011-08-01,15,1,170,274
2011-08-01,15,2,148,537
2011-08-01,15,3,44,289
2011-08-01,15,4,0,44
2011-08-01,15,5,18,187
2011-08-01,15,6,46,222
2011-08-01,15,7,0,24
2011-08-01,15,8,387,999
2011-08-01,15,9,242,810
2011-08-01,16,1,211,300
2011-08-01,16,2,163,594
2011-08-01,16,3,85,302
2011-08-01,16,4,0,51
2011-08-01,16,5,23,195
2011-08-01,16,6,38,256
2011-08-01,16,7,0,18
2011-08-01,16,8,498,1100
2011-08-01,16,9,276,884
2011-08-01,17,1,307,322
2011-08-01,17,2,215,635
2011-08-01,17,3,135,348
2011-08-01,17,4,0,80
2011-08-01,17,5,52,214
2011-08-01,17,6,53,276
2011-08-01,17,7,0,33
2011-08-01,17,8,747,1223
2011-08-01,17,9,449,967
2011-08-01,18,1,183,284
2011-08-01,18,2,215,565
2011-08-01,18,3,165,314
2011-08-01,18,4,0,65
2011-08-01,18,5,39,218
2011-08-01,18,6,36,241
2011-08-01,18,7,0,33
2011-08-01,18,8,567,1092
2011-08-01,18,9,411,854
2011-08-01,19,1,250,246
2011-08-01,19,2,168,491
2011-08-01,19,3,141,316
2011-08-01,19,4,0,48
2011-08-01,19,5,32,213
2011-08-01,19,6,87,243
2011-08-01,19,7,0,38
2011-08-01,19,8,867,961
2011-08-01,19,9,344,770
2011-08-01,20,1,132,206
2011-08-01,20,2,141,412
2011-08-01,20,3,336,246
2011-08-01,20,4,0,57
2011-08-01,20,5,18,185
2011-08-01,20,6,110,188
2011-08-01,20,7,0,24
2011-08-01,20,8,865,808
2011-08-01,20,9,267,622
2011-08-01,21,1,88,196
2011-08-01,21,2,109,390
2011-08-01,21,3,47,205
2011-08-01,21,4,0,35
2011-08-01,21,5,8,135
2011-08-01,21,6,12,145
2011-08-01,21,7,0,17
2011-08-01,21,8,355,716
2011-08-01,21,9,168,564
2011-08-01,22,1,335,356
2011-08-01,22,2,287,709
2011-08-01,22,3,283,445
2011-08-01,22,4,0,90
2011-08-01,22,5,36,294
2011-08-01,22,6,239,351
2011-08-01,22,7,0,53
2011-08-01,22,8,979,1394
2011-08-01,22,9,592,1114
2011-08-01,23,1,275,338
2011-08-01,23,2,261,673
2011-08-01,23,3,163,405
2011-08-01,23,4,0,102
2011-08-01,23,5,31,253
2011-08-01,23,6,130,323
2011-08-01,23,7,0,44
2011-08-01,23,8,677,1300
2011-08-01,23,9,503,1054
2011-08-01,24,1,193,248
2011-08-01,24,2,136,490
2011-08-01,24,3,70,270
2011-08-01,24,4,0,53
2011-08-01,24,5,8,180
2011-08-01,24,6,42,219
2011-08-01,24,7,0,24
2011-08-01,24,8,418,937
2011-08-01,24,9,193,726
2011-08-01,25,1,251,328
2011-08-01,25,2,248,652
2011-08-01,25,3,140,385
2011-08-01,25,4,0,99
2011-08-01,25,5,29,242
2011-08-01,25,6,205,319
2011-08-01,25,7,0,36
2011-08-01,25,8,910,1274
2011-08-01,25,9,538,1030
2011-08-01,26,1,260,322
2011-08-01,26,2,194,637
2011-08-01,26,3,163,338
2011-08-01,26,4,0,79
2011-08-01,26,5,15,230
2011-08-01,26,6,83,300
2011-08-01,26,7,0,26
2011-08-01,26,8,745,1220
2011-08-01,26,9,295,975
2011-08-01,27,1,195,230
2011-08-01,27,2,123,459
2011-08-01,27,3,45,213
2011-08-01,27,4,0,26
2011-08-01,27,5,13,164
2011-08-01,27,6,15,171
2011-08-01,27,7,0,22
2011-08-01,27,8,409,863
2011-08-01,27,9,138,668
2011-08-01,28,1,378,332
2011-08-01,28,2,267,662
2011-08-01,28,3,223,418
2011-08-01,28,4,0,109
2011-08-01,28,5,42,265
2011-08-01,28,6,193,327
2011-08-01,28,7,0,37
2011-08-01,28,8,918,1290
2011-08-01,28,9,478,1035
2011-08-01,29,1,123,242
2011-08-01,29,2,144,476
2011-08-01,29,3,47,248
2011-08-01,29,4,0,28
2011-08-01,29,5,8,164
2011-08-01,29,6,35,195
2011-08-01,29,7,0,17
2011-08-01,29,8,352,896
2011-08-01,29,9,196,720
2011-08-01,30,1,201,288
2011-08-01,30,2,258,575
2011-08-01,30,3,194,346
2011-08-01,30,4,0,50
2011-08-01,30,5,38,239
2011-08-01,30,6,122,264
2011-08-01,30,7,0,39
2011-08-01,30,8,831,1123
2011-08-01,30,9,417,892
2011-08-01,31,1,313,288
2011-08-01,31,2,223,572
2011-08-01,31,3,114,323
2011-08-01,31,4,0,68
2011-08-01,31,5,32,214
2011-08-01,31,6,152,281
2011-08-01,31,7,0,28
2011-08-01,31,8,825,1098
2011-08-01,31,9,408,890
2011-08-01,32,1,261,358
2011-08-01,32,2,230,708
2011-08-01,32,3,84,388
2011-08-01,32,4,0,78
2011-08-01,32,5,35,278
2011-08-01,32,6,68,334
2011-08-01,32,7,0,39
2011-08-01,32,8,798,1355
2011-08-01,32,9,306,1079
2011-08-01,33,1,226,256
2011-08-01,33,2,191,511
2011-08-01,33,3,506,302
2011-08-01,33,4,0,81
2011-08-01,33,5,51,203
2011-08-01,33,6,105,232
2011-08-01,33,7,0,34
2011-08-01,33,8,2274,992
2011-08-01,33,9,499,784
2011-09-01,1,1,163,220
2011-09-01,1,2,157,433
2011-09-01,1,3,96,243
2011-09-01,1,4,0,67
2011-09-01,1,5,26,162
2011-09-01,1,6,66,206
2011-09-01,1,7,0,26
2011-09-01,1,8,478,845
2011-09-01,1,9,329,678
2011-09-01,2,1,306,422
2011-09-01,2,2,189,831
2011-09-01,2,3,82,439
2011-09-01,2,4,0,77
2011-09-01,2,5,15,290
2011-09-01,2,6,72,366
2011-09-01,2,7,0,34
2011-09-01,2,8,814,1585
2011-09-01,2,9,336,1260
2011-09-01,3,1,116,292
2011-09-01,3,2,129,573
2011-09-01,3,3,72,308
2011-09-01,3,4,0,44
2011-09-01,3,5,17,186
2011-09-01,3,6,17,240
2011-09-01,3,7,0,18
2011-09-01,3,8,292,1047
2011-09-01,3,9,210,863
2011-09-01,4,1,268,346
2011-09-01,4,2,188,680
2011-09-01,4,3,299,435
2011-09-01,4,4,0,86
2011-09-01,4,5,30,266
2011-09-01,4,6,135,316
2011-09-01,4,7,0,33
2011-09-01,4,8,717,1307
2011-09-01,4,9,604,1074
2011-09-01,5,1,251,394
2011-09-01,5,2,188,782
2011-09-01,5,3,78,392
2011-09-01,5,4,0,79
2011-09-01,5,5,27,262
2011-09-01,5,6,56,321
2011-09-01,5,7,0,24
2011-09-01,5,8,621,1449
2011-09-01,5,9,390,1148
2011-09-01,6,1,270,266
2011-09-01,6,2,142,531
2011-09-01,6,3,235,315
2011-09-01,6,4,0,71
2011-09-01,6,5,29,215
2011-09-01,6,6,103,248
2011-09-01,6,7,0,24
2011-09-01,6,8,1386,1030
2011-09-01,6,9,493,804
2011-09-01,7,1,0,5
2011-09-01,7,2,1,11
2011-09-01,7,3,1,7
2011-09-01,7,5,1,4
2011-09-01,7,6,0,5
2011-09-01,7,8,12,33
2011-09-01,7,9,2,25
2011-09-01,8,1,366,440
2011-09-01,8,2,278,872
2011-09-01,8,3,199,481
2011-09-01,8,4,0,87
2011-09-01,8,5,30,283
2011-09-01,8,6,120,405
2011-09-01,8,7,0,47
2011-09-01,8,8,856,1632
2011-09-01,8,9,507,1328
2011-09-01,9,1,268,392
2011-09-01,9,2,226,778
2011-09-01,9,3,160,465
2011-09-01,9,4,0,79
2011-09-01,9,5,61,292
2011-09-01,9,6,88,351
2011-09-01,9,7,0,37
2011-09-01,9,8,814,1489
2011-09-01,9,9,541,1204
2011-09-01,10,1,253,366
2011-09-01,10,2,207,720
2011-09-01,10,3,108,408
2011-09-01,10,4,0,90
2011-09-01,10,5,32,273
2011-09-01,10,6,71,329
2011-09-01,10,7,0,35
2011-09-01,10,8,615,1393
2011-09-01,10,9,311,1119
2011-09-01,11,1,210,302
2011-09-01,11,2,219,600
2011-09-01,11,3,79,345
2011-09-01,11,4,0,56
2011-09-01,11,5,34,204
2011-09-01,11,6,47,280
2011-09-01,11,7,0,27
2011-09-01,11,8,543,1151
2011-09-01,11,9,413,935
2011-09-01,12,1,156,288
2011-09-01,12,2,191,573
2011-09-01,12,3,360,359
2011-09-01,12,4,0,70
2011-09-01,12,5,25,253
2011-09-01,12,6,71,270
2011-09-01,12,7,0,39
2011-09-01,12,8,930,1115
2011-09-01,12,9,425,901
2011-09-01,13,1,178,226
2011-09-01,13,2,127,449
2011-09-01,13,3,169,295
2011-09-01,13,4,0,45
2011-09-01,13,5,30,205
2011-09-01,13,6,58,201
2011-09-01,13,7,0,36
2011-09-01,13,8,838,893
2011-09-01,13,9,327,694
2011-09-01,14,1,266,290
2011-09-01,14,2,224,578
2011-09-01,14,3,122,328
2011-09-01,14,4,0,96
2011-09-01,14,5,27,220
2011-09-01,14,6,101,273
2011-09-01,14,7,0,35
2011-09-01,14,8,731,1115
2011-09-01,14,9,374,897
2011-09-01,15,1,167,274
2011-09-01,15,2,126,537
2011-09-01,15,3,48,289
2011-09-01,15,4,0,44
2011-09-01,15,5,15,187
2011-09-01,15,6,49,222
2011-09-01,15,7,0,24
2011-09-01,15,8,348,999
2011-09-01,15,9,208,810
2011-09-01,16,1,204,300
2011-09-01,16,2,143,594
2011-09-01,16,3,80,302
2011-09-01,16,4,0,51
2011-09-01,16,5,16,195
2011-09-01,16,6,30,256
2011-09-01,16,7,0,18
2011-09-01,16,8,525,1100
2011-09-01,16,9,274,884
2011-09-01,17,1,289,322
2011-09-01,17,2,230,635
2011-09-01,17,3,130,348
2011-09-01,17,4,0,80
2011-09-01,17,5,48,214
2011-09-01,17,6,87,276
2011-09-01,17,7,0,33
2011-09-01,17,8,806,1223
2011-09-01,17,9,506,967
2011-09-01,18,1,218,284
2011-09-01,18,2,252,565
2011-09-01,18,3,130,314
2011-09-01,18,4,0,65
2011-09-01,18,5,52,218
2011-09-01,18,6,54,241
2011-09-01,18,7,0,33
2011-09-01,18,8,766,1092
2011-09-01,18,9,429,854
2011-09-01,19,1,232,246
2011-09-01,19,2,144,491
2011-09-01,19,3,83,316
2011-09-01,19,4,0,48
2011-09-01,19,5,26,213
2011-09-01,19,6,72,243
2011-09-01,19,7,0,38
2011-09-01,19,8,1029,961
2011-09-01,19,9,390,770
2011-09-01,20,1,133,206
2011-09-01,20,2,89,412
2011-09-01,20,3,127,246
2011-09-01,20,4,0,57
2011-09-01,20,5,7,185
2011-09-01,20,6,37,188
2011-09-01,20,7,0,24
2011-09-01,20,8,823,808
2011-09-01,20,9,210,622
2011-09-01,21,1,105,196
2011-09-01,21,2,94,390
2011-09-01,21,3,57,205
2011-09-01,21,4,0,35
2011-09-01,21,5,13,135
2011-09-01,21,6,15,145
2011-09-01,21,7,0,17
2011-09-01,21,8,354,716
2011-09-01,21,9,187,564
2011-09-01,22,1,344,356
2011-09-01,22,2,240,709
2011-09-01,22,3,225,445
2011-09-01,22,4,0,90
2011-09-01,22,5,25,294
2011-09-01,22,6,231,351
2011-09-01,22,7,0,53
2011-09-01,22,8,1087,1394
2011-09-01,22,9,604,1114
2011-09-01,23,1,255,338
2011-09-01,23,2,251,673
2011-09-01,23,3,156,405
2011-09-01,23,4,0,102
2011-09-01,23,5,37,253
2011-09-01,23,6,133,323
2011-09-01,23,7,0,44
2011-09-01,23,8,654,1300
2011-09-01,23,9,500,1054
2011-09-01,24,1,140,248
2011-09-01,24,2,135,490
2011-09-01,24,3,43,270
2011-09-01,24,4,0,53
2011-09-01,24,5,7,180
2011-09-01,24,6,54,219
2011-09-01,24,7,0,24
2011-09-01,24,8,430,937
2011-09-01,24,9,174,726
2011-09-01,25,1,240,328
2011-09-01,25,2,212,652
2011-09-01,25,3,165,385
2011-09-01,25,4,0,99
2011-09-01,25,5,27,242
2011-09-01,25,6,192,319
2011-09-01,25,7,0,36
2011-09-01,25,8,1032,1274
2011-09-01,25,9,525,1030
2011-09-01,26,1,284,322
2011-09-01,26,2,175,637
2011-09-01,26,3,129,338
2011-09-01,26,4,0,79
2011-09-01,26,5,26,230
2011-09-01,26,6,65,300
2011-09-01,26,7,0,26
2011-09-01,26,8,749,1220
2011-09-01,26,9,296,975
2011-09-01,27,1,161,230
2011-09-01,27,2,102,459
2011-09-01,27,3,49,213
2011-09-01,27,4,0,26
2011-09-01,27,5,6,164
2011-09-01,27,6,16,171
2011-09-01,27,7,0,22
2011-09-01,27,8,411,863
2011-09-01,27,9,157,668
2011-09-01,28,1,280,332
2011-09-01,28,2,273,662
2011-09-01,28,3,231,418
2011-09-01,28,4,0,109
2011-09-01,28,5,49,265
2011-09-01,28,6,158,327
2011-09-01,28,7,0,37
2011-09-01,28,8,1020,1290
2011-09-01,28,9,531,1035
2011-09-01,29,1,111,242
2011-09-01,29,2,116,476
2011-09-01,29,3,39,248
2011-09-01,29,4,0,28
2011-09-01,29,5,6,164
2011-09-01,29,6,18,195
2011-09-01,29,7,0,17
2011-09-01,29,8,358,896
2011-09-01,29,9,194,720
2011-09-01,30,1,211,288
2011-09-01,30,2,173,575
2011-09-01,30,3,230,346
2011-09-01,30,4,0,50
2011-09-01,30,5,34,239
2011-09-01,30,6,103,264
2011-09-01,30,7,0,39
2011-09-01,30,8,825,1123
2011-09-01,30,9,500,892
2011-09-01,31,1,213,288
2011-09-01,31,2,178,572
2011-09-01,31,3,78,323
2011-09-01,31,4,0,68
2011-09-01,31,5,21,214
2011-09-01,31,6,132,281
2011-09-01,31,7,0,28
2011-09-01,31,8,696,1098
2011-09-01,31,9,388,890
2011-09-01,32,1,210,358
2011-09-01,32,2,161,708
2011-09-01,32,3,74,388
2011-09-01,32,4,0,78
2011-09-01,32,5,20,278
2011-09-01,32,6,71,334
2011-09-01,32,7,0,39
2011-09-01,32,8,926,1355
2011-09-01,32,9,309,1079
2011-09-01,33,1,223,256
2011-09-01,33,2,158,511
2011-09-01,33,3,594,302
2011-09-01,33,4,0,81
2011-09-01,33,5,44,203
2011-09-01,33,6,132,232
2011-09-01,33,7,0,34
2011-09-01,33,8,2814,992
2011-09-01,33,9,642,784
2011-10-01,1,1,201,220
2011-10-01,1,2,157,433
2011-10-01,1,3,51,243
2011-10-01,1,4,0,67
2011-10-01,1,5,22,162
2011-10-01,1,6,70,206
2011-10-01,1,7,0,26
2011-10-01,1,8,485,845
2011-10-01,1,9,338,678
2011-10-01,2,1,397,422
2011-10-01,2,2,192,831
2011-10-01,2,3,87,439
2011-10-01,2,4,0,77
2011-10-01,2,5,12,290
2011-10-01,2,6,71,366
2011-10-01,2,7,0,34
2011-10-01,2,8,866,1585
2011-10-01,2,9,330,1260
2011-10-01,3,1,81,292
2011-10-01,3,2,154,573
2011-10-01,3,3,87,308
2011-10-01,3,4,0,44
2011-10-01,3,5,14,186
2011-10-01,3,6,18,240
2011-10-01,3,7,0,18
2011-10-01,3,8,301,1047
2011-10-01,3,9,211,863
2011-10-01,4,1,339,346
2011-10-01,4,2,214,680
2011-10-01,4,3,349,435
2011-10-01,4,4,0,86
2011-10-01,4,5,30,266
2011-10-01,4,6,149,316
2011-10-01,4,7,0,33
2011-10-01,4,8,861,1307
2011-10-01,4,9,683,1074
2011-10-01,5,1,279,394
2011-10-01,5,2,219,782
2011-10-01,5,3,98,392
2011-10-01,5,4,0,79
2011-10-01,5,5,10,262
2011-10-01,5,6,68,321
2011-10-01,5,7,0,24
2011-10-01,5,8,595,1449
2011-10-01,5,9,371,1148
2011-10-01,6,1,210,266
2011-10-01,6,2,164,531
2011-10-01,6,3,272,315
2011-10-01,6,4,0,71
2011-10-01,6,5,28,215
2011-10-01,6,6,134,248
2011-10-01,6,7,0,24
2011-10-01,6,8,1604,1030
2011-10-01,6,9,499,804
2011-10-01,7,1,1,5
2011-10-01,7,2,0,11
2011-10-01,7,3,1,7
2011-10-01,7,5,0,4
2011-10-01,7,6,0,5
2011-10-01,7,8,8,33
2011-10-01,7,9,7,25
2011-10-01,8,1,448,440
2011-10-01,8,2,254,872
2011-10-01,8,3,261,481
2011-10-01,8,4,0,87
2011-10-01,8,5,32,283
2011-10-01,8,6,125,405
2011-10-01,8,7,0,47
2011-10-01,8,8,866,1632
2011-10-01,8,9,546,1328
2011-10-01,9,1,318,392
2011-10-01,9,2,245,778
2011-10-01,9,3,221,465
2011-10-01,9,4,0,79
2011-10-01,9,5,62,292
2011-10-01,9,6,133,351
2011-10-01,9,7,0,37
2011-10-01,9,8,908,1489
2011-10-01,9,9,593,1204
2011-10-01,10,1,313,366
2011-10-01,10,2,207,720
2011-10-01,10,3,100,408
2011-10-01,10,4,0,90
2011-10-01,10,5,18,273
2011-10-01,10,6,91,329
2011-10-01,10,7,0,35
2011-10-01,10,8,643,1393
2011-10-01,10,9,347,1119
2011-10-01,11,1,208,302
2011-10-01,11,2,212,600
2011-10-01,11,3,92,345
2011-10-01,11,4,0,56
2011-10-01,11,5,32,204
2011-10-01,11,6,44,280
2011-10-01,11,7,0,27
2011-10-01,11,8,596,1151
2011-10-01,11,9,445,935
2011-10-01,12,1,160,288
2011-10-01,12,2,152,573
2011-10-01,12,3,156,359
2011-10-01,12,4,0,70
2011-10-01,12,5,23,253
2011-10-01,12,6,97,270
2011-10-01,12,7,0,39
2011-10-01,12,8,1117,1115
2011-10-01,12,9,456,901
2011-10-01,13,1,187,226
2011-10-01,13,2,139,449
2011-10-01,13,3,93,295
2011-10-01,13,4,0,45
2011-10-01,13,5,28,205
2011-10-01,13,6,67,201
2011-10-01,13,7,0,36
2011-10-01,13,8,918,893
2011-10-01,13,9,379,694
2011-10-01,14,1,276,290
2011-10-01,14,2,227,578
2011-10-01,14,3,128,328
2011-10-01,14,4,0,96
2011-10-01,14,5,26,220
2011-10-01,14,6,89,273
2011-10-01,14,7,0,35
2011-10-01,14,8,843,1115
2011-10-01,14,9,402,897
2011-10-01,15,1,210,274
2011-10-01,15,2,113,537
2011-10-01,15,3,55,289
2011-10-01,15,4,0,44
2011-10-01,15,5,14,187
2011-10-01,15,6,46,222
2011-10-01,15,7,0,24
2011-10-01,15,8,377,999
2011-10-01,15,9,242,810
2011-10-01,16,1,216,300
2011-10-01,16,2,134,594
2011-10-01,16,3,91,302
2011-10-01,16,4,0,51
2011-10-01,16,5,19,195
2011-10-01,16,6,33,256
2011-10-01,16,7,0,18
2011-10-01,16,8,571,1100
2011-10-01,16,9,254,884
2011-10-01,17,1,319,322
2011-10-01,17,2,244,635
2011-10-01,17,3,140,348
2011-10-01,17,4,0,80
2011-10-01,17,5,39,214
2011-10-01,17,6,67,276
2011-10-01,17,7,0,33
2011-10-01,17,8,868,1223
2011-10-01,17,9,480,967
2011-10-01,18,1,265,284
2011-10-01,18,2,230,565
2011-10-01,18,3,109,314
2011-10-01,18,4,0,65
2011-10-01,18,5,41,218
2011-10-01,18,6,71,241
2011-10-01,18,7,0,33
2011-10-01,18,8,732,1092
2011-10-01,18,9,464,854
2011-10-01,19,1,236,246
2011-10-01,19,2,163,491
2011-10-01,19,3,143,316
2011-10-01,19,4,0,48
2011-10-01,19,5,33,213
2011-10-01,19,6,97,243
2011-10-01,19,7,0,38
2011-10-01,19,8,1117,961
2011-10-01,19,9,427,770
2011-10-01,20,1,122,206
2011-10-01,20,2,71,412
2011-10-01,20,3,111,246
2011-10-01,20,4,0,57
2011-10-01,20,5,10,185
2011-10-01,20,6,41,188
2011-10-01,20,7,0,24
2011-10-01,20,8,881,808
2011-10-01,20,9,200,622
2011-10-01,21,1,140,196
2011-10-01,21,2,75,390
2011-10-01,21,3,59,205
2011-10-01,21,4,0,35
2011-10-01,21,5,8,135
2011-10-01,21,6,14,145
2011-10-01,21,7,0,17
2011-10-01,21,8,469,716
2011-10-01,21,9,210,564
2011-10-01,22,1,294,356
2011-10-01,22,2,237,709
2011-10-01,22,3,246,445
2011-10-01,22,4,0,90
2011-10-01,22,5,34,294
2011-10-01,22,6,276,351
2011-10-01,22,7,0,53
2011-10-01,22,8,1186,1394
2011-10-01,22,9,656,1114
2011-10-01,23,1,275,338
2011-10-01,23,2,231,673
2011-10-01,23,3,193,405
2011-10-01,23,4,0,102
2011-10-01,23,5,23,253
2011-10-01,23,6,142,323
2011-10-01,23,7,0,44
2011-10-01,23,8,728,1300
2011-10-01,23,9,569,1054
2011-10-01,24,1,221,248
2011-10-01,24,2,140,490
2011-10-01,24,3,91,270
2011-10-01,24,4,0,53
2011-10-01,24,5,6,180
2011-10-01,24,6,67,219
2011-10-01,24,7,0,24
2011-10-01,24,8,445,937
2011-10-01,24,9,229,726
2011-10-01,25,1,258,328
2011-10-01,25,2,196,652
2011-10-01,25,3,188,385
2011-10-01,25,4,0,99
2011-10-01,25,5,35,242
2011-10-01,25,6,200,319
2011-10-01,25,7,0,36
2011-10-01,25,8,1151,1274
2011-10-01,25,9,514,1030
2011-10-01,26,1,362,322
2011-10-01,26,2,242,637
2011-10-01,26,3,189,338
2011-10-01,26,4,0,79
2011-10-01,26,5,20,230
2011-10-01,26,6,94,300
2011-10-01,26,7,0,26
2011-10-01,26,8,805,1220
2011-10-01,26,9,314,975
2011-10-01,27,1,150,230
2011-10-01,27,2,109,459
2011-10-01,27,3,39,213
2011-10-01,27,4,0,26
2011-10-01,27,5,5,164
2011-10-01,27,6,20,171
2011-10-01,27,7,0,22
2011-10-01,27,8,428,863
2011-10-01,27,9,187,668
2011-10-01,28,1,291,332
2011-10-01,28,2,262,662
2011-10-01,28,3,223,418
2011-10-01,28,4,0,109
2011-10-01,28,5,54,265
2011-10-01,28,6,202,327
2011-10-01,28,7,0,37
2011-10-01,28,8,1347,1290
2011-10-01,28,9,576,1035
2011-10-01,29,1,117,242
2011-10-01,29,2,138,476
2011-10-01,29,3,30,248
2011-10-01,29,4,0,28
2011-10-01,29,5,7,164
2011-10-01,29,6,27,195
2011-10-01,29,7,0,17
2011-10-01,29,8,331,896
2011-10-01,29,9,213,720
2011-10-01,30,1,202,288
2011-10-01,30,2,203,575
2011-10-01,30,3,255,346
2011-10-01,30,4,0,50
2011-10-01,30,5,43,239
2011-10-01,30,6,135,264
2011-10-01,30,7,0,39
2011-10-01,30,8,864,1123
2011-10-01,30,9,429,892
2011-10-01,31,1,283,288
2011-10-01,31,2,190,572
2011-10-01,31,3,104,323
2011-10-01,31,4,0,68
2011-10-01,31,5,17,214
2011-10-01,31,6,125,281
2011-10-01,31,7,0,28
2011-10-01,31,8,804,1098
2011-10-01,31,9,417,890
2011-10-01,32,1,272,358
2011-10-01,32,2,178,708
2011-10-01,32,3,90,388
2011-10-01,32,4,0,78
2011-10-01,32,5,16,278
2011-10-01,32,6,89,334
2011-10-01,32,7,0,39
2011-10-01,32,8,893,1355
2011-10-01,32,9,364,1079
2011-10-01,33,1,250,256
2011-10-01,33,2,209,511
2011-10-01,33,3,605,302
2011-10-01,33,4,0,81
2011-10-01,33,5,41,203
2011-10-01,33,6,148,232
2011-10-01,33,7,0,34
2011-10-01,33,8,3320,992
2011-10-01,33,9,731,784
2011-11-01,1,1,229,220
2011-11-01,1,2,165,433
2011-11-01,1,3,86,243
2011-11-01,1,4,0,67
2011-11-01,1,5,19,162
2011-11-01,1,6,75,206
2011-11-01,1,7,0,26
2011-11-01,1,8,500,845
2011-11-01,1,9,331,678
2011-11-01,2,1,444,422
2011-11-01,2,2,181,831
2011-11-01,2,3,115,439
2011-11-01,2,4,0,77
2011-11-01,2,5,27,290
2011-11-01,2,6,86,366
2011-11-01,2,7,0,34
2011-11-01,2,8,860,1585
2011-11-01,2,9,338,1260
2011-11-01,3,1,131,292
2011-11-01,3,2,114,573
2011-11-01,3,3,94,308
2011-11-01,3,4,0,44
2011-11-01,3,5,14,186
2011-11-01,3,6,39,240
2011-11-01,3,7,0,18
2011-11-01,3,8,353,1047
2011-11-01,3,9,221,863
2011-11-01,4,1,391,346
2011-11-01,4,2,177,680
2011-11-01,4,3,342,435
2011-11-01,4,4,0,86
2011-11-01,4,5,44,266
2011-11-01,4,6,184,316
2011-11-01,4,7,0,33
2011-11-01,4,8,742,1307
2011-11-01,4,9,606,1074
2011-11-01,5,1,291,394
2011-11-01,5,2,231,782
2011-11-01,5,3,98,392
2011-11-01,5,4,0,79
2011-11-01,5,5,15,262
2011-11-01,5,6,66,321
2011-11-01,5,7,0,24
2011-11-01,5,8,609,1449
2011-11-01,5,9,397,1148
2011-11-01,6,1,242,266
2011-11-01,6,2,198,531
2011-11-01,6,3,205,315
2011-11-01,6,4,0,71
2011-11-01,6,5,26,215
2011-11-01,6,6,109,248
2011-11-01,6,7,0,24
2011-11-01,6,8,1798,1030
2011-11-01,6,9,403,804
2011-11-01,7,1,0,5
2011-11-01,7,2,1,11
2011-11-01,7,3,2,7
2011-11-01,7,5,0,4
2011-11-01,7,6,0,5
2011-11-01,7,8,17,33
2011-11-01,7,9,1,25
2011-11-01,8,1,379,440
2011-11-01,8,2,283,872
2011-11-01,8,3,207,481
2011-11-01,8,4,0,87
2011-11-01,8,5,36,283
2011-11-01,8,6,170,405
2011-11-01,8,7,0,47
2011-11-01,8,8,877,1632
2011-11-01,8,9,553,1328
2011-11-01,9,1,338,392
2011-11-01,9,2,216,778
2011-11-01,9,3,186,465
2011-11-01,9,4,0,79
2011-11-01,9,5,56,292
2011-11-01,9,6,130,351
2011-11-01,9,7,0,37
2011-11-01,9,8,910,1489
2011-11-01,9,9,592,1204
2011-11-01,10,1,323,366
2011-11-01,10,2,189,720
2011-11-01,10,3,100,408
2011-11-01,10,4,0,90
2011-11-01,10,5,33,273
2011-11-01,10,6,105,329
2011-11-01,10,7,0,35
2011-11-01,10,8,699,1393
2011-11-01,10,9,322,1119
2011-11-01,11,1,169,302
2011-11-01,11,2,213,600
2011-11-01,11,3,113,345
2011-11-01,11,4,0,56
2011-11-01,11,5,26,204
2011-11-01,11,6,68,280
2011-11-01,11,7,0,27
2011-11-01,11,8,718,1151
2011-11-01,11,9,456,935
2011-11-01,12,1,159,288
2011-11-01,12,2,166,573
2011-11-01,12,3,204,359
2011-11-01,12,4,0,70
2011-11-01,12,5,25,253
2011-11-01,12,6,106,270
2011-11-01,12,7,0,39
2011-11-01,12,8,1181,1115
2011-11-01,12,9,426,901
2011-11-01,13,1,180,226
2011-11-01,13,2,160,449
2011-11-01,13,3,129,295
2011-11-01,13,4,0,45
2011-11-01,13,5,28,205
2011-11-01,13,6,63,201
2011-11-01,13,7,0,36
2011-11-01,13,8,1031,893
2011-11-01,13,9,302,694
2011-11-01,14,1,298,290
2011-11-01,14,2,182,578
2011-11-01,14,3,146,328
2011-11-01,14,4,0,96
2011-11-01,14,5,24,220
2011-11-01,14,6,106,273
2011-11-01,14,7,0,35
2011-11-01,14,8,980,1115
2011-11-01,14,9,369,897
2011-11-01,15,1,278,274
2011-11-01,15,2,105,537
2011-11-01,15,3,45,289
2011-11-01,15,4,0,44
2011-11-01,15,5,16,187
2011-11-01,15,6,57,222
2011-11-01,15,7,0,24
2011-11-01,15,8,385,999
2011-11-01,15,9,209,810
2011-11-01,16,1,289,300
2011-11-01,16,2,137,594
2011-11-01,16,3,84,302
2011-11-01,16,4,0,51
2011-11-01,16,5,10,195
2011-11-01,16,6,53,256
2011-11-01,16,7,0,18
2011-11-01,16,8,465,1100
2011-11-01,16,9,272,884
2011-11-01,17,1,339,322
2011-11-01,17,2,211,635
2011-11-01,17,3,114,348
2011-11-01,17,4,0,80
2011-11-01,17,5,54,214
2011-11-01,17,6,65,276
2011-11-01,17,7,0,33
2011-11-01,17,8,796,1223
2011-11-01,17,9,423,967
2011-11-01,18,1,294,284
2011-11-01,18,2,216,565
2011-11-01,18,3,128,314
2011-11-01,18,4,0,65
2011-11-01,18,5,38,218
2011-11-01,18,6,54,241
2011-11-01,18,7,0,33
2011-11-01,18,8,851,1092
2011-11-01,18,9,455,854
2011-11-01,19,1,232,246
2011-11-01,19,2,179,491
2011-11-01,19,3,197,316
2011-11-01,19,4,0,48
2011-11-01,19,5,28,213
2011-11-01,19,6,122,243
2011-11-01,19,7,0,38
2011-11-01,19,8,1183,961
2011-11-01,19,9,420,770
2011-11-01,20,1,131,206
2011-11-01,20,2,103,412
2011-11-01,20,3,83,246
2011-11-01,20,4,0,57
2011-11-01,20,5,14,185
2011-11-01,20,6,42,188
2011-11-01,20,7,0,24
2011-11-01,20,8,1148,808
2011-11-01,20,9,208,622
2011-11-01,21,1,127,196
2011-11-01,21,2,85,390
2011-11-01,21,3,49,205
2011-11-01,21,4,0,35
2011-11-01,21,5,19,135
2011-11-01,21,6,19,145
2011-11-01,21,7,0,17
2011-11-01,21,8,416,716
2011-11-01,21,9,196,564
2011-11-01,22,1,321,356
2011-11-01,22,2,248,709
2011-11-01,22,3,262,445
2011-11-01,22,4,0,90
2011-11-01,22,5,30,294
2011-11-01,22,6,267,351
2011-11-01,22,7,0,53
2011-11-01,22,8,1225,1394
2011-11-01,22,9,596,1114
2011-11-01,23,1,265,338
2011-11-01,23,2,225,673
2011-11-01,23,3,192,405
2011-11-01,23,4,0,102
2011-11-01,23,5,31,253
2011-11-01,23,6,156,323
2011-11-01,23,7,0,44
2011-11-01,23,8,658,1300
2011-11-01,23,9,516,1054
2011-11-01,24,1,221,248
2011-11-01,24,2,123,490
2011-11-01,24,3,93,270
2011-11-01,24,4,0,53
2011-11-01,24,5,13,180
2011-11-01,24,6,65,219
2011-11-01,24,7,0,24
2011-11-01,24,8,413,937
2011-11-01,24,9,227,726
2011-11-01,25,1,285,328
2011-11-01,25,2,190,652
2011-11-01,25,3,167,385
2011-11-01,25,4,0,99
2011-11-01,25,5,31,242
2011-11-01,25,6,233,319
2011-11-01,25,7,0,36
2011-11-01,25,8,996,1274
2011-11-01,25,9,506,1030
2011-11-01,26,1,389,322
2011-11-01,26,2,215,637
2011-11-01,26,3,228,338
2011-11-01,26,4,0,79
2011-11-01,26,5,15,230
2011-11-01,26,6,115,300
2011-11-01,26,7,0,26
2011-11-01,26,8,743,1220
2011-11-01,26,9,303,975
2011-11-01,27,1,170,230
2011-11-01,27,2,86,459
2011-11-01,27,3,37,213
2011-11-01,27,4,0,26
2011-11-01,27,5,5,164
2011-11-01,27,6,24,171
2011-11-01,27,7,0,22
2011-11-01,27,8,415,863
2011-11-01,27,9,156,668
2011-11-01,28,1,323,332
2011-11-01,28,2,234,662
2011-11-01,28,3,235,418
2011-11-01,28,4,0,109
2011-11-01,28,5,34,265
2011-11-01,28,6,207,327
2011-11-01,28,7,0,37
2011-11-01,28,8,1176,1290
2011-11-01,28,9,538,1035
2011-11-01,29,1,125,242
2011-11-01,29,2,113,476
2011-11-01,29,3,50,248
2011-11-01,29,4,0,28
2011-11-01,29,5,10,164
2011-11-01,29,6,34,195
2011-11-01,29,7,0,17
2011-11-01,29,8,347,896
2011-11-01,29,9,184,720
2011-11-01,30,1,209,288
2011-11-01,30,2,189,575
2011-11-01,30,3,354,346
2011-11-01,30,4,0,50
2011-11-01,30,5,29,239
2011-11-01,30,6,94,264
2011-11-01,30,7,0,39
2011-11-01,30,8,851,1123
2011-11-01,30,9,457,892
2011-11-01,31,1,279,288
2011-11-01,31,2,180,572
2011-11-01,31,3,95,323
2011-11-01,31,4,0,68
2011-11-01,31,5,22,214
2011-11-01,31,6,136,281
2011-11-01,31,7,0,28
2011-11-01,31,8,819,1098
2011-11-01,31,9,407,890
2011-11-01,32,1,238,358
2011-11-01,32,2,162,708
2011-11-01,32,3,70,388
2011-11-01,32,4,0,78
2011-11-01,32,5,13,278
2011-11-01,32,6,117,334
2011-11-01,32,7,0,39
2011-11-01,32,8,930,1355
2011-11-01,32,9,332,1079
2011-11-01,33,1,237,256
2011-11-01,33,2,224,511
2011-11-01,33,3,497,302
2011-11-01,33,4,0,81
2011-11-01,33,5,60,203
2011-11-01,33,6,129,232
2011-11-01,33,7,0,34
2011-11-01,33,8,3398,992
2011-11-01,33,9,732,784
2011-12-01,1,1,233,220
2011-12-01,1,2,164,433
2011-12-01,1,3,59,243
2011-12-01,1,4,0,67
2011-12-01,1,5,19,162
2011-12-01,1,6,87,206
2011-12-01,1,7,0,26
2011-12-01,1,8,478,845
2011-12-01,1,9,307,678
2011-12-01,2,1,443,422
2011-12-01,2,2,146,831
2011-12-01,2,3,94,439
2011-12-01,2,4,0,77
2011-12-01,2,5,28,290
2011-12-01,2,6,106,366
2011-12-01,2,7,0,34
2011-12-01,2,8,764,1585
2011-12-01,2,9,342,1260
2011-12-01,3,1,137,292
2011-12-01,3,2,119,573
2011-12-01,3,3,80,308
2011-12-01,3,4,0,44
2011-12-01,3,5,11,186
2011-12-01,3,6,23,240
2011-12-01,3,7,0,18
2011-12-01,3,8,267,1047
2011-12-01,3,9,192,863
2011-12-01,4,1,382,346
2011-12-01,4,2,162,680
2011-12-01,4,3,244,435
2011-12-01,4,4,0,86
2011-12-01,4,5,44,266
2011-12-01,4,6,175,316
2011-12-01,4,7,0,33
2011-12-01,4,8,756,1307
2011-12-01,4,9,572,1074
2011-12-01,5,1,356,394
2011-12-01,5,2,193,782
2011-12-01,5,3,85,392
2011-12-01,5,4,0,79
2011-12-01,5,5,15,262
2011-12-01,5,6,43,321
2011-12-01,5,7,0,24
2011-12-01,5,8,733,1449
2011-12-01,5,9,363,1148
2011-12-01,6,1,310,266
2011-12-01,6,2,146,531
2011-12-01,6,3,212,315
2011-12-01,6,4,0,71
2011-12-01,6,5,33,215
2011-12-01,6,6,96,248
2011-12-01,6,7,0,24
2011-12-01,6,8,1431,1030
2011-12-01,6,9,402,804
2011-12-01,7,1,0,5
2011-12-01,7,2,0,11
2011-12-01,7,3,0,7
2011-12-01,7,5,0,4
2011-12-01,7,6,2,5
2011-12-01,7,8,8,33
2011-12-01,7,9,4,25
2011-12-01,8,1,345,440
2011-12-01,8,2,234,872
2011-12-01,8,3,187,481
2011-12-01,8,4,0,87
2011-12-01,8,5,30,283
2011-12-01,8,6,146,405
2011-12-01,8,7,0,47
2011-12-01,8,8,723,1632
2011-12-01,8,9,493,1328
2011-12-01,9,1,342,392
2011-12-01,9,2,201,778
2011-12-01,9,3,182,465
2011-12-01,9,4,0,79
2011-12-01,9,5,41,292
2011-12-01,9,6,106,351
2011-12-01,9,7,0,37
2011-12-01,9,8,895,1489
2011-12-01,9,9,510,1204
2011-12-01,10,1,276,366
2011-12-01,10,2,183,720
2011-12-01,10,3,101,408
2011-12-01,10,4,0,90
2011-12-01,10,5,24,273
2011-12-01,10,6,60,329
2011-12-01,10,7,0,35
2011-12-01,10,8,597,1393
2011-12-01,10,9,298,1119
2011-12-01,11,1,252,302
2011-12-01,11,2,213,600
2011-12-01,11,3,95,345
2011-12-01,11,4,0,56
2011-12-01,11,5,27,204
2011-12-01,11,6,35,280
2011-12-01,11,7,0,27
2011-12-01,11,8,737,1151
2011-12-01,11,9,442,935
2011-12-01,12,1,169,288
2011-12-01,12,2,144,573
2011-12-01,12,3,135,359
2011-12-01,12,4,0,70
2011-12-01,12,5,26,253
2011-12-01,12,6,79,270
2011-12-01,12,7,0,39
2011-12-01,12,8,826,1115
2011-12-01,12,9,414,901
2011-12-01,13,1,230,226
2011-12-01,13,2,123,449
2011-12-01,13,3,151,295
2011-12-01,13,4,0,45
2011-12-01,13,5,39,205
2011-12-01,13,6,72,201
2011-12-01,13,7,0,36
2011-12-01,13,8,889,893
2011-12-01,13,9,318,694
2011-12-01,14,1,362,290
2011-12-01,14,2,253,578
2011-12-01,14,3,100,328
2011-12-01,14,4,0,96
2011-12-01,14,5,22,220
2011-12-01,14,6,102,273
2011-12-01,14,7,0,35
2011-12-01,14,8,795,1115
2011-12-01,14,9,414,897
2011-12-01,15,1,294,274
2011-12-01,15,2,131,537
2011-12-01,15,3,47,289
2011-12-01,15,4,0,44
2011-12-01,15,5,19,187
2011-12-01,15,6,60,222
2011-12-01,15,7,0,24
2011-12-01,15,8,363,999
2011-12-01,15,9,210,810
2011-12-01,16,1,281,300
2011-12-01,16,2,137,594
2011-12-01,16,3,81,302
2011-12-01,16,4,0,51
2011-12-01,16,5,30,195
2011-12-01,16,6,34,256
2011-12-01,16,7,0,18
2011-12-01,16,8,487,1100
2011-12-01,16,9,242,884
2011-12-01,17,1,379,322
2011-12-01,17,2,254,635
2011-12-01,17,3,111,348
2011-12-01,17,4,0,80
2011-12-01,17,5,32,214
2011-12-01,17,6,88,276
2011-12-01,17,7,0,33
2011-12-01,17,8,793,1223
2011-12-01,17,9,434,967
2011-12-01,18,1,307,284
2011-12-01,18,2,164,565
2011-12-01,18,3,126,314
2011-12-01,18,4,0,65
2011-12-01,18,5,42,218
2011-12-01,18,6,48,241
2011-12-01,18,7,0,33
2011-12-01,18,8,643,1092
2011-12-01,18,9,410,854
2011-12-01,19,1,238,246
2011-12-01,19,2,156,491
2011-12-01,19,3,127,316
2011-12-01,19,4,0,48
2011-12-01,19,5,23,213
2011-12-01,19,6,93,243
2011-12-01,19,7,0,38
2011-12-01,19,8,875,961
2011-12-01,19,9,381,770
2011-12-01,20,1,145,206
2011-12-01,20,2,91,412
2011-12-01,20,3,80,246
2011-12-01,20,4,0,57
2011-12-01,20,5,20,185
2011-12-01,20,6,36,188
2011-12-01,20,7,0,24
2011-12-01,20,8,1074,808
2011-12-01,20,9,211,622
2011-12-01,21,1,142,196
2011-12-01,21,2,95,390
2011-12-01,21,3,46,205
2011-12-01,21,4,0,35
2011-12-01,21,5,12,135
2011-12-01,21,6,29,145
2011-12-01,21,7,0,17
2011-12-01,21,8,402,716
2011-12-01,21,9,180,564
2011-12-01,22,1,322,356
2011-12-01,22,2,211,709
2011-12-01,22,3,259,445
2011-12-01,22,4,0,90
2011-12-01,22,5,29,294
2011-12-01,22,6,207,351
2011-12-01,22,7,0,53
2011-12-01,22,8,1094,1394
2011-12-01,22,9,504,1114
2011-12-01,23,1,329,338
2011-12-01,23,2,192,673
2011-12-01,23,3,162,405
2011-12-01,23,4,0,102
2011-12-01,23,5,32,253
2011-12-01,23,6,95,323
2011-12-01,23,7,0,44
2011-12-01,23,8,680,1300
2011-12-01,23,9,432,1054
2011-12-01,24,1,191,248
2011-12-01,24,2,130,490
2011-12-01,24,3,89,270
2011-12-01,24,4,0,53
2011-12-01,24,5,5,180
2011-12-01,24,6,52,219
2011-12-01,24,7,0,24
2011-12-01,24,8,371,937
2011-12-01,24,9,198,726
2011-12-01,25,1,256,328
2011-12-01,25,2,157,652
2011-12-01,25,3,121,385
2011-12-01,25,4,0,99
2011-12-01,25,5,30,242
2011-12-01,25,6,193,319
2011-12-01,25,7,0,36
2011-12-01,25,8,934,1274
2011-12-01,25,9,444,1030
2011-12-01,26,1,312,322
2011-12-01,26,2,165,637
2011-12-01,26,3,156,338
2011-12-01,26,4,0,79
2011-12-01,26,5,25,230
2011-12-01,26,6,74,300
2011-12-01,26,7,0,26
2011-12-01,26,8,657,1220
2011-12-01,26,9,294,975
2011-12-01,27,1,203,230
2011-12-01,27,2,103,459
2011-12-01,27,3,24,213
2011-12-01,27,4,0,26
2011-12-01,27,5,16,164
2011-12-01,27,6,18,171
2011-12-01,27,7,0,22
2011-12-01,27,8,377,863
2011-12-01,27,9,146,668
2011-12-01,28,1,327,332
2011-12-01,28,2,228,662
2011-12-01,28,3,274,418
2011-12-01,28,4,0,109
2011-12-01,28,5,34,265
2011-12-01,28,6,208,327
2011-12-01,28,7,0,37
2011-12-01,28,8,1101,1290
2011-12-01,28,9,478,1035
2011-12-01,29,1,131,242
2011-12-01,29,2,110,476
2011-12-01,29,3,40,248
2011-12-01,29,4,0,28
2011-12-01,29,5,11,164
2011-12-01,29,6,16,195
2011-12-01,29,7,0,17
2011-12-01,29,8,355,896
2011-12-01,29,9,185,720
2011-12-01,30,1,223,288
2011-12-01,30,2,170,575
2011-12-01,30,3,235,346
2011-12-01,30,4,0,50
2011-12-01,30,5,30,239
2011-12-01,30,6,98,264
2011-12-01,30,7,0,39
2011-12-01,30,8,802,1123
2011-12-01,30,9,385,892
2011-12-01,31,1,271,288
2011-12-01,31,2,158,572
2011-12-01,31,3,59,323
2011-12-01,31,4,0,68
2011-12-01,31,5,14,214
2011-12-01,31,6,116,281
2011-12-01,31,7,0,28
2011-12-01,31,8,768,1098
2011-12-01,31,9,372,890
2011-12-01,32,1,269,358
2011-12-01,32,2,180,708
2011-12-01,32,3,62,388
2011-12-01,32,4,0,78
2011-12-01,32,5,19,278
2011-12-01,32,6,99,334
2011-12-01,32,7,0,39
2011-12-01,32,8,889,1355
2011-12-01,32,9,334,1079
2011-12-01,33,1,273,256
2011-12-01,33,2,185,511
2011-12-01,33,3,348,302
2011-12-01,33,4,0,81
2011-12-01,33,5,63,203
2011-12-01,33,6,149,232
2011-12-01,33,7,0,34
2011-12-01,33,8,3634,992
2011-12-01,33,9,681,784
2012-01-01,1,1,230,220
2012-01-01,1,2,149,433
2012-01-01,1,3,92,243
2012-01-01,1,4,0,67
2012-01-01,1,5,32,162
2012-01-01,1,6,104,206
2012-01-01,1,7,0,26
2012-01-01,1,8,524,845
2012-01-01,1,9,306,678
2012-01-01,2,1,439,422
2012-01-01,2,2,166,831
2012-01-01,2,3,100,439
2012-01-01,2,4,0,77
2012-01-01,2,5,22,290
2012-01-01,2,6,83,366
2012-01-01,2,7,0,34
2012-01-01,2,8,764,1585
2012-01-01,2,9,278,1260
2012-01-01,3,1,182,292
2012-01-01,3,2,123,573
2012-01-01,3,3,70,308
2012-01-01,3,4,0,44
2012-01-01,3,5,15,186
2012-01-01,3,6,18,240
2012-01-01,3,7,0,18
2012-01-01,3,8,304,1047
2012-01-01,3,9,209,863
2012-01-01,4,1,412,346
2012-01-01,4,2,187,680
2012-01-01,4,3,350,435
2012-01-01,4,4,0,86
2012-01-01,4,5,39,266
2012-01-01,4,6,169,316
2012-01-01,4,7,0,33
2012-01-01,4,8,780,1307
2012-01-01,4,9,551,1074
2012-01-01,5,1,367,394
2012-01-01,5,2,218,782
2012-01-01,5,3,96,392
2012-01-01,5,4,0,79
2012-01-01,5,5,10,262
2012-01-01,5,6,37,321
2012-01-01,5,7,0,24
2012-01-01,5,8,641,1449
2012-01-01,5,9,362,1148
2012-01-01,6,1,295,266
2012-01-01,6,2,158,531
2012-01-01,6,3,287,315
2012-01-01,6,4,0,71
2012-01-01,6,5,37,215
2012-01-01,6,6,90,248
2012-01-01,6,7,0,24
2012-01-01,6,8,1317,1030
2012-01-01,6,9,433,804
2012-01-01,7,1,0,5
2012-01-01,7,2,0,11
2012-01-01,7,3,2,7
2012-01-01,7,5,0,4
2012-01-01,7,6,0,5
2012-01-01,7,8,13,33
2012-01-01,7,9,3,25
2012-01-01,8,1,365,440
2012-01-01,8,2,355,872
2012-01-01,8,3,243,481
2012-01-01,8,4,0,87
2012-01-01,8,5,37,283
2012-01-01,8,6,138,405
2012-01-01,8,7,0,47
2012-01-01,8,8,1314,1632
2012-01-01,8,9,518,1328
2012-01-01,9,1,439,392
2012-01-01,9,2,200,778
2012-01-01,9,3,205,465
2012-01-01,9,4,0,79
2012-01-01,9,5,43,292
2012-01-01,9,6,114,351
2012-01-01,9,7,0,37
2012-01-01,9,8,1037,1489
2012-01-01,9,9,493,1204
2012-01-01,10,1,305,366
2012-01-01,10,2,159,720
2012-01-01,10,3,100,408
2012-01-01,10,4,0,90
2012-01-01,10,5,23,273
2012-01-01,10,6,61,329
2012-01-01,10,7,0,35
2012-01-01,10,8,563,1393
2012-01-01,10,9,310,1119
2012-01-01,11,1,257,302
2012-01-01,11,2,185,600
2012-01-01,11,3,162,345
2012-01-01,11,4,0,56
2012-01-01,11,5,36,204
2012-01-01,11,6,38,280
2012-01-01,11,7,0,27
2012-01-01,11,8,598,1151
2012-01-01,11,9,432,935
2012-01-01,12,1,190,288
2012-01-01,12,2,154,573
2012-01-01,12,3,250,359
2012-01-01,12,4,0,70
2012-01-01,12,5,21,253
2012-01-01,12,6,95,270
2012-01-01,12,7,0,39
2012-01-01,12,8,1033,1115
2012-01-01,12,9,441,901
2012-01-01,13,1,167,226
2012-01-01,13,2,148,449
2012-01-01,13,3,157,295
2012-01-01,13,4,0,45
2012-01-01,13,5,23,205
2012-01-01,13,6,65,201
2012-01-01,13,7,0,36
2012-01-01,13,8,832,893
2012-01-01,13,9,319,694
2012-01-01,14,1,356,290
2012-01-01,14,2,208,578
2012-01-01,14,3,144,328
2012-01-01,14,4,0,96
2012-01-01,14,5,25,220
2012-01-01,14,6,102,273
2012-01-01,14,7,0,35
2012-01-01,14,8,853,1115
2012-01-01,14,9,378,897
2012-01-01,15,1,269,274
2012-01-01,15,2,102,537
2012-01-01,15,3,59,289
2012-01-01,15,4,0,44
2012-01-01,15,5,23,187
2012-01-01,15,6,56,222
2012-01-01,15,7,0,24
2012-01-01,15,8,395,999
2012-01-01,15,9,254,810
2012-01-01,16,1,271,300
2012-01-01,16,2,156,594
2012-01-01,16,3,77,302
2012-01-01,16,4,0,51
2012-01-01,16,5,26,195
2012-01-01,16,6,48,256
2012-01-01,16,7,0,18
2012-01-01,16,8,505,1100
2012-01-01,16,9,241,884
2012-01-01,17,1,377,322
2012-01-01,17,2,206,635
2012-01-01,17,3,92,348
2012-01-01,17,4,0,80
2012-01-01,17,5,37,214
2012-01-01,17,6,85,276
2012-01-01,17,7,0,33
2012-01-01,17,8,787,1223
2012-01-01,17,9,436,967
2012-01-01,18,1,285,284
2012-01-01,18,2,245,565
2012-01-01,18,3,151,314
2012-01-01,18,4,0,65
2012-01-01,18,5,28,218
2012-01-01,18,6,65,241
2012-01-01,18,7,0,33
2012-01-01,18,8,923,1092
2012-01-01,18,9,437,854
2012-01-01,19,1,280,246
2012-01-01,19,2,169,491
2012-01-01,19,3,156,316
2012-01-01,19,4,0,48
2012-01-01,19,5,27,213
2012-01-01,19,6,89,243
2012-01-01,19,7,0,38
2012-01-01,19,8,877,961
2012-01-01,19,9,404,770
2012-01-01,20,1,141,206
2012-01-01,20,2,85,412
2012-01-01,20,3,109,246
2012-01-01,20,4,0,57
2012-01-01,20,5,16,185
2012-01-01,20,6,34,188
2012-01-01,20,7,0,24
2012-01-01,20,8,1107,808
2012-01-01,20,9,187,622
2012-01-01,21,1,101,196
2012-01-01,21,2,97,390
2012-01-01,21,3,46,205
2012-01-01,21,4,0,35
2012-01-01,21,5,13,135
2012-01-01,21,6,33,145
2012-01-01,21,7,0,17
2012-01-01,21,8,399,716
2012-01-01,21,9,189,564
2012-01-01,22,1,335,356
2012-01-01,22,2,268,709
2012-01-01,22,3,265,445
2012-01-01,22,4,0,90
2012-01-01,22,5,38,294
2012-01-01,22,6,272,351
2012-01-01,22,7,0,53
2012-01-01,22,8,1394,1394
2012-01-01,22,9,582,1114
2012-01-01,23,1,313,338
2012-01-01,23,2,222,673
2012-01-01,23,3,108,405
2012-01-01,23,4,0,102
2012-01-01,23,5,27,253
2012-01-01,23,6,113,323
2012-01-01,23,7,0,44
2012-01-01,23,8,811,1300
2012-01-01,23,9,442,1054
2012-01-01,24,1,170,248
2012-01-01,24,2,152,490
2012-01-01,24,3,71,270
2012-01-01,24,4,0,53
2012-01-01,24,5,7,180
2012-01-01,24,6,43,219
2012-01-01,24,7,0,24
2012-01-01,24,8,417,937
2012-01-01,24,9,177,726
2012-01-01,25,1,258,328
2012-01-01,25,2,180,652
2012-01-01,25,3,153,385
2012-01-01,25,4,0,99
2012-01-01,25,5,21,242
2012-01-01,25,6,204,319
2012-01-01,25,7,0,36
2012-01-01,25,8,1009,1274
2012-01-01,25,9,474,1030
2012-01-01,26,1,321,322
2012-01-01,26,2,165,637
2012-01-01,26,3,216,338
2012-01-01,26,4,0,79
2012-01-01,26,5,38,230
2012-01-01,26,6,93,300
2012-01-01,26,7,0,26
2012-01-01,26,8,770,1220
2012-01-01,26,9,302,975
2012-01-01,27,1,175,230
2012-01-01,27,2,114,459
2012-01-01,27,3,32,213
2012-01-01,27,4,0,26
2012-01-01,27,5,17,164
2012-01-01,27,6,21,171
2012-01-01,27,7,0,22
2012-01-01,27,8,383,863
2012-01-01,27,9,147,668
2012-01-01,28,1,278,332
2012-01-01,28,2,215,662
2012-01-01,28,3,286,418
2012-01-01,28,4,0,109
2012-01-01,28,5,31,265
2012-01-01,28,6,200,327
2012-01-01,28,7,0,37
2012-01-01,28,8,1051,1290
2012-01-01,28,9,497,1035
2012-01-01,29,1,119,242
2012-01-01,29,2,104,476
2012-01-01,29,3,48,248
2012-01-01,29,4,0,28
2012-01-01,29,5,12,164
2012-01-01,29,6,23,195
2012-01-01,29,7,0,17
2012-01-01,29,8,330,896
2012-01-01,29,9,188,720
2012-01-01,30,1,206,288
2012-01-01,30,2,177,575
2012-01-01,30,3,373,346
2012-01-01,30,4,0,50
2012-01-01,30,5,29,239
2012-01-01,30,6,100,264
2012-01-01,30,7,0,39
2012-01-01,30,8,800,1123
2012-01-01,30,9,482,892
2012-01-01,31,1,242,288
2012-01-01,31,2,170,572
2012-01-01,31,3,82,323
2012-01-01,31,4,0,68
2012-01-01,31,5,33,214
2012-01-01,31,6,140,281
2012-01-01,31,7,0,28
2012-01-01,31,8,626,1098
2012-01-01,31,9,364,890
2012-01-01,32,1,242,358
2012-01-01,32,2,192,708
2012-01-01,32,3,54,388
2012-01-01,32,4,0,78
2012-01-01,32,5,24,278
2012-01-01,32,6,85,334
2012-01-01,32,7,0,39
2012-01-01,32,8,949,1355
2012-01-01,32,9,330,1079
2012-01-01,33,1,311,256
2012-01-01,33,2,171,511
2012-01-01,33,3,432,302
2012-01-01,33,4,0,81
2012-01-01,33,5,49,203
2012-01-01,33,6,126,232
2012-01-01,33,7,0,34
2012-01-01,33,8,3339,992
2012-01-01,33,9,656,784
2012-02-01,1,1,188,220
2012-02-01,1,2,119,433
2012-02-01,1,3,63,243
2012-02-01,1,4,0,67
2012-02-01,1,5,28,162
2012-02-01,1,6,78,206
2012-02-01,1,7,0,26
2012-02-01,1,8,540,845
2012-02-01,1,9,291,678
2012-02-01,2,1,427,422
2012-02-01,2,2,163,831
2012-02-01,2,3,67,439
2012-02-01,2,4,0,77
2012-02-01,2,5,21,290
2012-02-01,2,6,104,366
2012-02-01,2,7,0,34
2012-02-01,2,8,828,1585
2012-02-01,2,9,274,1260
2012-02-01,3,1,140,292
2012-02-01,3,2,127,573
2012-02-01,3,3,56,308
2012-02-01,3,4,0,44
2012-02-01,3,5,12,186
2012-02-01,3,6,26,240
2012-02-01,3,7,0,18
2012-02-01,3,8,335,1047
2012-02-01,3,9,190,863
2012-02-01,4,1,400,346
2012-02-01,4,2,189,680
2012-02-01,4,3,268,435
2012-02-01,4,4,0,86
2012-02-01,4,5,38,266
2012-02-01,4,6,154,316
2012-02-01,4,7,0,33
2012-02-01,4,8,641,1307
2012-02-01,4,9,500,1074
2012-02-01,5,1,325,394
2012-02-01,5,2,183,782
2012-02-01,5,3,73,392
2012-02-01,5,4,0,79
2012-02-01,5,5,21,262
2012-02-01,5,6,55,321
2012-02-01,5,7,0,24
2012-02-01,5,8,614,1449
2012-02-01,5,9,335,1148
2012-02-01,6,1,219,266
2012-02-01,6,2,159,531
2012-02-01,6,3,150,315
2012-02-01,6,4,0,71
2012-02-01,6,5,27,215
2012-02-01,6,6,73,248
2012-02-01,6,7,0,24
2012-02-01,6,8,1356,1030
2012-02-01,6,9,417,804
2012-02-01,7,1,1,5
2012-02-01,7,2,1,11
2012-02-01,7,3,0,7
2012-02-01,7,5,1,4
2012-02-01,7,6,0,5
2012-02-01,7,8,18,33
2012-02-01,7,9,2,25
2012-02-01,8,1,311,440
2012-02-01,8,2,217,872
2012-02-01,8,3,181,481
2012-02-01,8,4,0,87
2012-02-01,8,5,37,283
2012-02-01,8,6,133,405
2012-02-01,8,7,0,47
2012-02-01,8,8,874,1632
2012-02-01,8,9,487,1328
2012-02-01,9,1,306,392
2012-02-01,9,2,208,778
2012-02-01,9,3,156,465
2012-02-01,9,4,0,79
2012-02-01,9,5,43,292
2012-02-01,9,6,115,351
2012-02-01,9,7,0,37
2012-02-01,9,8,866,1489
2012-02-01,9,9,477,1204
2012-02-01,10,1,276,366
2012-02-01,10,2,183,720
2012-02-01,10,3,84,408
2012-02-01,10,4,0,90
2012-02-01,10,5,20,273
2012-02-01,10,6,86,329
2012-02-01,10,7,0,35
2012-02-01,10,8,691,1393
2012-02-01,10,9,311,1119
2012-02-01,11,1,197,302
2012-02-01,11,2,175,600
2012-02-01,11,3,109,345
2012-02-01,11,4,0,56
2012-02-01,11,5,31,204
2012-02-01,11,6,49,280
2012-02-01,11,7,0,27
2012-02-01,11,8,570,1151
2012-02-01,11,9,383,935
2012-02-01,12,1,102,288
2012-02-01,12,2,150,573
2012-02-01,12,3,219,359
2012-02-01,12,4,0,70
2012-02-01,12,5,22,253
2012-02-01,12,6,77,270
2012-02-01,12,7,0,39
2012-02-01,12,8,1016,1115
2012-02-01,12,9,364,901
2012-02-01,13,1,163,226
2012-02-01,13,2,120,449
2012-02-01,13,3,89,295
2012-02-01,13,4,0,45
2012-02-01,13,5,32,205
2012-02-01,13,6,60,201
2012-02-01,13,7,0,36
2012-02-01,13,8,862,893
2012-02-01,13,9,347,694
2012-02-01,14,1,274,290
2012-02-01,14,2,170,578
2012-02-01,14,3,155,328
2012-02-01,14,4,0,96
2012-02-01,14,5,25,220
2012-02-01,14,6,81,273
2012-02-01,14,7,0,35
2012-02-01,14,8,780,1115
2012-02-01,14,9,351,897
2012-02-01,15,1,235,274
2012-02-01,15,2,100,537
2012-02-01,15,3,58,289
2012-02-01,15,4,0,44
2012-02-01,15,5,24,187
2012-02-01,15,6,53,222
2012-02-01,15,7,0,24
2012-02-01,15,8,351,999
2012-02-01,15,9,218,810
2012-02-01,16,1,278,300
2012-02-01,16,2,137,594
2012-02-01,16,3,64,302
2012-02-01,16,4,0,51
2012-02-01,16,5,22,195
2012-02-01,16,6,57,256
2012-02-01,16,7,0,18
2012-02-01,16,8,573,1100
2012-02-01,16,9,251,884
2012-02-01,17,1,303,322
2012-02-01,17,2,173,635
2012-02-01,17,3,117,348
2012-02-01,17,4,0,80
2012-02-01,17,5,42,214
2012-02-01,17,6,70,276
2012-02-01,17,7,0,33
2012-02-01,17,8,693,1223
2012-02-01,17,9,389,967
2012-02-01,18,1,218,284
2012-02-01,18,2,198,565
2012-02-01,18,3,188,314
2012-02-01,18,4,0,65
2012-02-01,18,5,42,218
2012-02-01,18,6,70,241
2012-02-01,18,7,0,33
2012-02-01,18,8,675,1092
2012-02-01,18,9,407,854
2012-02-01,19,1,192,246
2012-02-01,19,2,152,491
2012-02-01,19,3,154,316
2012-02-01,19,4,0,48
2012-02-01,19,5,22,213
2012-02-01,19,6,82,243
2012-02-01,19,7,0,38
2012-02-01,19,8,920,961
2012-02-01,19,9,338,770
2012-02-01,20,1,119,206
2012-02-01,20,2,82,412
2012-02-01,20,3,77,246
2012-02-01,20,4,0,57
2012-02-01,20,5,18,185
2012-02-01,20,6,44,188
2012-02-01,20,7,0,24
2012-02-01,20,8,903,808
2012-02-01,20,9,190,622
2012-02-01,21,1,109,196
2012-02-01,21,2,106,390
2012-02-01,21,3,36,205
2012-02-01,21,4,0,35
2012-02-01,21,5,13,135
2012-02-01,21,6,17,145
2012-02-01,21,7,0,17
2012-02-01,21,8,369,716
2012-02-01,21,9,180,564
2012-02-01,22,1,242,356
2012-02-01,22,2,159,709
2012-02-01,22,3,201,445
2012-02-01,22,4,0,90
2012-02-01,22,5,35,294
2012-02-01,22,6,202,351
2012-02-01,22,7,0,53
2012-02-01,22,8,984,1394
2012-02-01,22,9,488,1114
2012-02-01,23,1,281,338
2012-02-01,23,2,208,673
2012-02-01,23,3,114,405
2012-02-01,23,4,0,102
2012-02-01,23,5,35,253
2012-02-01,23,6,92,323
2012-02-01,23,7,0,44
2012-02-01,23,8,652,1300
2012-02-01,23,9,422,1054
2012-02-01,24,1,174,248
2012-02-01,24,2,117,490
2012-02-01,24,3,76,270
2012-02-01,24,4,0,53
2012-02-01,24,5,9,180
2012-02-01,24,6,42,219
2012-02-01,24,7,0,24
2012-02-01,24,8,454,937
2012-02-01,24,9,201,726
2012-02-01,25,1,284,328
2012-02-01,25,2,184,652
2012-02-01,25,3,143,385
2012-02-01,25,4,0,99
2012-02-01,25,5,34,242
2012-02-01,25,6,199,319
2012-02-01,25,7,0,36
2012-02-01,25,8,953,1274
2012-02-01,25,9,452,1030
2012-02-01,26,1,307,322
2012-02-01,26,2,195,637
2012-02-01,26,3,180,338
2012-02-01,26,4,0,79
2012-02-01,26,5,22,230
2012-02-01,26,6,93,300
2012-02-01,26,7,0,26
2012-02-01,26,8,613,1220
2012-02-01,26,9,306,975
2012-02-01,27,1,133,230
2012-02-01,27,2,89,459
2012-02-01,27,3,49,213
2012-02-01,27,4,0,26
2012-02-01,27,5,11,164
2012-02-01,27,6,28,171
2012-02-01,27,7,0,22
2012-02-01,27,8,347,863
2012-02-01,27,9,155,668
2012-02-01,28,1,281,332
2012-02-01,28,2,190,662
2012-02-01,28,3,250,418
2012-02-01,28,4,0,109
2012-02-01,28,5,34,265
2012-02-01,28,6,209,327
2012-02-01,28,7,0,37
2012-02-01,28,8,987,1290
2012-02-01,28,9,514,1035
2012-02-01,29,1,122,242
2012-02-01,29,2,111,476
2012-02-01,29,3,53,248
2012-02-01,29,4,0,28
2012-02-01,29,5,7,164
2012-02-01,29,6,24,195
2012-02-01,29,7,0,17
2012-02-01,29,8,378,896
2012-02-01,29,9,185,720
2012-02-01,30,1,229,288
2012-02-01,30,2,180,575
2012-02-01,30,3,297,346
2012-02-01,30,4,0,50
2012-02-01,30,5,35,239
2012-02-01,30,6,88,264
2012-02-01,30,7,0,39
2012-02-01,30,8,770,1123
2012-02-01,30,9,462,892
2012-02-01,31,1,219,288
2012-02-01,31,2,167,572
2012-02-01,31,3,87,323
2012-02-01,31,4,0,68
2012-02-01,31,5,18,214
2012-02-01,31,6,114,281
2012-02-01,31,7,0,28
2012-02-01,31,8,680,1098
2012-02-01,31,9,343,890
2012-02-01,32,1,273,358
2012-02-01,32,2,186,708
2012-02-01,32,3,100,388
2012-02-01,32,4,0,78
2012-02-01,32,5,31,278
2012-02-01,32,6,80,334
2012-02-01,32,7,0,39
2012-02-01,32,8,951,1355
2012-02-01,32,9,273,1079
2012-02-01,33,1,311,256
2012-02-01,33,2,165,511
2012-02-01,33,3,395,302
2012-02-01,33,4,0,81
2012-02-01,33,5,57,203
2012-02-01,33,6,141,232
2012-02-01,33,7,0,34
2012-02-01,33,8,2757,992
2012-02-01,33,9,555,784
2012-03-01,1,1,258,220
2012-03-01,1,2,184,433
2012-03-01,1,3,64,243
2012-03-01,1,4,0,67
2012-03-01,1,5,16,162
2012-03-01,1,6,77,206
2012-03-01,1,7,0,26
2012-03-01,1,8,622,845
2012-03-01,1,9,336,678
2012-03-01,2,1,435,422
2012-03-01,2,2,160,831
2012-03-01,2,3,85,439
2012-03-01,2,4,0,77
2012-03-01,2,5,17,290
2012-03-01,2,6,139,366
2012-03-01,2,7,0,34
2012-03-01,2,8,1034,1585
2012-03-01,2,9,364,1260
2012-03-01,3,1,147,292
2012-03-01,3,2,149,573
2012-03-01,3,3,99,308
2012-03-01,3,4,0,44
2012-03-01,3,5,21,186
2012-03-01,3,6,24,240
2012-03-01,3,7,0,18
2012-03-01,3,8,433,1047
2012-03-01,3,9,203,863
2012-03-01,4,1,374,346
2012-03-01,4,2,171,680
2012-03-01,4,3,332,435
2012-03-01,4,4,0,86
2012-03-01,4,5,46,266
2012-03-01,4,6,170,316
2012-03-01,4,7,0,33
2012-03-01,4,8,773,1307
2012-03-01,4,9,558,1074
2012-03-01,5,1,346,394
2012-03-01,5,2,191,782
2012-03-01,5,3,96,392
2012-03-01,5,4,0,79
2012-03-01,5,5,22,262
2012-03-01,5,6,57,321
2012-03-01,5,7,0,24
2012-03-01,5,8,676,1449
2012-03-01,5,9,367,1148
2012-03-01,6,1,279,266
2012-03-01,6,2,159,531
2012-03-01,6,3,235,315
2012-03-01,6,4,0,71
2012-03-01,6,5,44,215
2012-03-01,6,6,96,248
2012-03-01,6,7,0,24
2012-03-01,6,8,1688,1030
2012-03-01,6,9,417,804
2012-03-01,7,1,0,5
2012-03-01,7,2,0,11
2012-03-01,7,3,0,7
2012-03-01,7,5,2,4
2012-03-01,7,6,0,5
2012-03-01,7,8,13,33
2012-03-01,7,9,1,25
2012-03-01,8,1,309,440
2012-03-01,8,2,275,872
2012-03-01,8,3,208,481
2012-03-01,8,4,0,87
2012-03-01,8,5,54,283
2012-03-01,8,6,187,405
2012-03-01,8,7,0,47
2012-03-01,8,8,999,1632
2012-03-01,8,9,581,1328
2012-03-01,9,1,328,392
2012-03-01,9,2,268,778
2012-03-01,9,3,176,465
2012-03-01,9,4,0,79
2012-03-01,9,5,49,292
2012-03-01,9,6,121,351
2012-03-01,9,7,0,37
2012-03-01,9,8,1060,1489
2012-03-01,9,9,611,1204
2012-03-01,10,1,334,366
2012-03-01,10,2,201,720
2012-03-01,10,3,101,408
2012-03-01,10,4,0,90
2012-03-01,10,5,24,273
2012-03-01,10,6,130,329
2012-03-01,10,7,0,35
2012-03-01,10,8,787,1393
2012-03-01,10,9,365,1119
2012-03-01,11,1,228,302
2012-03-01,11,2,205,600
2012-03-01,11,3,111,345
2012-03-01,11,4,0,56
2012-03-01,11,5,38,204
2012-03-01,11,6,50,280
2012-03-01,11,7,0,27
2012-03-01,11,8,655,1151
2012-03-01,11,9,442,935
2012-03-01,12,1,184,288
2012-03-01,12,2,180,573
2012-03-01,12,3,196,359
2012-03-01,12,4,0,70
2012-03-01,12,5,22,253
2012-03-01,12,6,132,270
2012-03-01,12,7,0,39
2012-03-01,12,8,1336,1115
2012-03-01,12,9,503,901
2012-03-01,13,1,190,226
2012-03-01,13,2,128,449
2012-03-01,13,3,130,295
2012-03-01,13,4,0,45
2012-03-01,13,5,32,205
2012-03-01,13,6,47,201
2012-03-01,13,7,0,36
2012-03-01,13,8,927,893
2012-03-01,13,9,373,694
2012-03-01,14,1,344,290
2012-03-01,14,2,218,578
2012-03-01,14,3,250,328
2012-03-01,14,4,0,96
2012-03-01,14,5,28,220
2012-03-01,14,6,119,273
2012-03-01,14,7,0,35
2012-03-01,14,8,924,1115
2012-03-01,14,9,386,897
2012-03-01,15,1,252,274
2012-03-01,15,2,109,537
2012-03-01,15,3,63,289
2012-03-01,15,4,0,44
2012-03-01,15,5,16,187
2012-03-01,15,6,75,222
2012-03-01,15,7,0,24
2012-03-01,15,8,450,999
2012-03-01,15,9,266,810
2012-03-01,16,1,300,300
2012-03-01,16,2,152,594
2012-03-01,16,3,76,302
2012-03-01,16,4,0,51
2012-03-01,16,5,14,195
2012-03-01,16,6,32,256
2012-03-01,16,7,0,18
2012-03-01,16,8,671,1100
2012-03-01,16,9,287,884
2012-03-01,17,1,355,322
2012-03-01,17,2,211,635
2012-03-01,17,3,87,348
2012-03-01,17,4,0,80
2012-03-01,17,5,35,214
2012-03-01,17,6,94,276
2012-03-01,17,7,0,33
2012-03-01,17,8,827,1223
2012-03-01,17,9,464,967
2012-03-01,18,1,277,284
2012-03-01,18,2,227,565
2012-03-01,18,3,143,314
2012-03-01,18,4,0,65
2012-03-01,18,5,43,218
2012-03-01,18,6,83,241
2012-03-01,18,7,0,33
2012-03-01,18,8,899,1092
2012-03-01,18,9,455,854
2012-03-01,19,1,219,246
2012-03-01,19,2,162,491
2012-03-01,19,3,112,316
2012-03-01,19,4,0,48
2012-03-01,19,5,35,213
2012-03-01,19,6,111,243
2012-03-01,19,7,0,38
2012-03-01,19,8,1270,961
2012-03-01,19,9,442,770
2012-03-01,20,1,182,206
2012-03-01,20,2,94,412
2012-03-01,20,3,97,246
2012-03-01,20,4,0,57
2012-03-01,20,5,22,185
2012-03-01,20,6,70,188
2012-03-01,20,7,0,24
2012-03-01,20,8,1074,808
2012-03-01,20,9,230,622
2012-03-01,21,1,114,196
2012-03-01,21,2,94,390
2012-03-01,21,3,39,205
2012-03-01,21,4,0,35
2012-03-01,21,5,8,135
2012-03-01,21,6,17,145
2012-03-01,21,7,0,17
2012-03-01,21,8,463,716
2012-03-01,21,9,171,564
2012-03-01,22,1,282,356
2012-03-01,22,2,221,709
2012-03-01,22,3,273,445
2012-03-01,22,4,0,90
2012-03-01,22,5,44,294
2012-03-01,22,6,233,351
2012-03-01,22,7,0,53
2012-03-01,22,8,1372,1394
2012-03-01,22,9,570,1114
2012-03-01,23,1,298,338
2012-03-01,23,2,260,673
2012-03-01,23,3,140,405
2012-03-01,23,4,0,102
2012-03-01,23,5,35,253
2012-03-01,23,6,113,323
2012-03-01,23,7,0,44
2012-03-01,23,8,892,1300
2012-03-01,23,9,516,1054
2012-03-01,24,1,176,248
2012-03-01,24,2,115,490
2012-03-01,24,3,75,270
2012-03-01,24,4,0,53
2012-03-01,24,5,19,180
2012-03-01,24,6,70,219
2012-03-01,24,7,0,24
2012-03-01,24,8,507,937
2012-03-01,24,9,223,726
2012-03-01,25,1,306,328
2012-03-01,25,2,209,652
2012-03-01,25,3,168,385
2012-03-01,25,4,0,99
2012-03-01,25,5,41,242
2012-03-01,25,6,199,319
2012-03-01,25,7,0,36
2012-03-01,25,8,1385,1274
2012-03-01,25,9,567,1030
2012-03-01,26,1,336,322
2012-03-01,26,2,178,637
2012-03-01,26,3,158,338
2012-03-01,26,4,0,79
2012-03-01,26,5,28,230
2012-03-01,26,6,87,300
2012-03-01,26,7,0,26
2012-03-01,26,8,803,1220
2012-03-01,26,9,385,975
2012-03-01,27,1,149,230
2012-03-01,27,2,122,459
2012-03-01,27,3,52,213
2012-03-01,27,4,0,26
2012-03-01,27,5,11,164
2012-03-01,27,6,21,171
2012-03-01,27,7,0,22
2012-03-01,27,8,440,863
2012-03-01,27,9,203,668
2012-03-01,28,1,311,332
2012-03-01,28,2,210,662
2012-03-01,28,3,254,418
2012-03-01,28,4,0,109
2012-03-01,28,5,53,265
2012-03-01,28,6,232,327
2012-03-01,28,7,0,37
2012-03-01,28,8,1112,1290
2012-03-01,28,9,542,1035
2012-03-01,29,1,123,242
2012-03-01,29,2,149,476
2012-03-01,29,3,56,248
2012-03-01,29,4,0,28
2012-03-01,29,5,10,164
2012-03-01,29,6,27,195
2012-03-01,29,7,0,17
2012-03-01,29,8,397,896
2012-03-01,29,9,247,720
2012-03-01,30,1,199,288
2012-03-01,30,2,205,575
2012-03-01,30,3,247,346
2012-03-01,30,4,0,50
2012-03-01,30,5,44,239
2012-03-01,30,6,124,264
2012-03-01,30,7,0,39
2012-03-01,30,8,948,1123
2012-03-01,30,9,489,892
2012-03-01,31,1,296,288
2012-03-01,31,2,180,572
2012-03-01,31,3,105,323
2012-03-01,31,4,0,68
2012-03-01,31,5,12,214
2012-03-01,31,6,124,281
2012-03-01,31,7,0,28
2012-03-01,31,8,863,1098
2012-03-01,31,9,432,890
2012-03-01,32,1,311,358
2012-03-01,32,2,220,708
2012-03-01,32,3,86,388
2012-03-01,32,4,0,78
2012-03-01,32,5,36,278
2012-03-01,32,6,100,334
2012-03-01,32,7,0,39
2012-03-01,32,8,1292,1355
2012-03-01,32,9,342,1079
2012-03-01,33,1,397,256
2012-03-01,33,2,202,511
2012-03-01,33,3,455,302
2012-03-01,33,4,0,81
2012-03-01,33,5,63,203
2012-03-01,33,6,169,232
2012-03-01,33,7,0,34
2012-03-01,33,8,3484,992
2012-03-01,33,9,592,784
2012-04-01,1,1,212,220
2012-04-01,1,2,136,433
2012-04-01,1,3,73,243
2012-04-01,1,4,0,67
2012-04-01,1,5,15,162
2012-04-01,1,6,67,206
2012-04-01,1,7,0,26
2012-04-01,1,8,476,845
2012-04-01,1,9,285,678
2012-04-01,2,1,314,422
2012-04-01,2,2,176,831
2012-04-01,2,3,85,439
2012-04-01,2,4,0,77
2012-04-01,2,5,22,290
2012-04-01,2,6,114,366
2012-04-01,2,7,0,34
2012-04-01,2,8,875,1585
2012-04-01,2,9,346,1260
2012-04-01,3,1,134,292
2012-04-01,3,2,127,573
2012-04-01,3,3,58,308
2012-04-01,3,4,0,44
2012-04-01,3,5,16,186
2012-04-01,3,6,22,240
2012-04-01,3,7,0,18
2012-04-01,3,8,367,1047
2012-04-01,3,9,214,863
2012-04-01,4,1,303,346
2012-04-01,4,2,203,680
2012-04-01,4,3,227,435
2012-04-01,4,4,0,86
2012-04-01,4,5,31,266
2012-04-01,4,6,136,316
2012-04-01,4,7,0,33
2012-04-01,4,8,645,1307
2012-04-01,4,9,526,1074
2012-04-01,5,1,293,394
2012-04-01,5,2,162,782
2012-04-01,5,3,85,392
2012-04-01,5,4,0,79
2012-04-01,5,5,12,262
2012-04-01,5,6,36,321
2012-04-01,5,7,0,24
2012-04-01,5,8,547,1449
2012-04-01,5,9,301,1148
2012-04-01,6,1,243,266
2012-04-01,6,2,162,531
2012-04-01,6,3,159,315
2012-04-01,6,4,0,71
2012-04-01,6,5,34,215
2012-04-01,6,6,92,248
2012-04-01,6,7,0,24
2012-04-01,6,8,1473,1030
2012-04-01,6,9,435,804
2012-04-01,7,1,0,5
2012-04-01,7,2,0,11
2012-04-01,7,3,1,7
2012-04-01,7,5,0,4
2012-04-01,7,6,2,5
2012-04-01,7,8,4,33
2012-04-01,7,9,1,25
2012-04-01,8,1,328,440
2012-04-01,8,2,264,872
2012-04-01,8,3,188,481
2012-04-01,8,4,0,87
2012-04-01,8,5,39,283
2012-04-01,8,6,130,405
2012-04-01,8,7,0,47
2012-04-01,8,8,949,1632
2012-04-01,8,9,504,1328
2012-04-01,9,1,276,392
2012-04-01,9,2,187,778
2012-04-01,9,3,154,465
2012-04-01,9,4,0,79
2012-04-01,9,5,31,292
2012-04-01,9,6,106,351
2012-04-01,9,7,0,37
2012-04-01,9,8,897,1489
2012-04-01,9,9,561,1204
2012-04-01,10,1,329,366
2012-04-01,10,2,162,720
2012-04-01,10,3,93,408
2012-04-01,10,4,0,90
2012-04-01,10,5,22,273
2012-04-01,10,6,117,329
2012-04-01,10,7,0,35
2012-04-01,10,8,660,1393
2012-04-01,10,9,303,1119
2012-04-01,11,1,161,302
2012-04-01,11,2,174,600
2012-04-01,11,3,82,345
2012-04-01,11,4,0,56
2012-04-01,11,5,23,204
2012-04-01,11,6,48,280
2012-04-01,11,7,0,27
2012-04-01,11,8,688,1151
2012-04-01,11,9,400,935
2012-04-01,12,1,209,288
2012-04-01,12,2,164,573
2012-04-01,12,3,121,359
2012-04-01,12,4,0,70
2012-04-01,12,5,28,253
2012-04-01,12,6,140,270
2012-04-01,12,7,0,39
2012-04-01,12,8,1118,1115
2012-04-01,12,9,454,901
2012-04-01,13,1,175,226
2012-04-01,13,2,130,449
2012-04-01,13,3,112,295
2012-04-01,13,4,0,45
2012-04-01,13,5,33,205
2012-04-01,13,6,58,201
2012-04-01,13,7,0,36
2012-04-01,13,8,928,893
2012-04-01,13,9,349,694
2012-04-01,14,1,260,290
2012-04-01,14,2,178,578
2012-04-01,14,3,128,328
2012-04-01,14,4,0,96
2012-04-01,14,5,29,220
2012-04-01,14,6,111,273
2012-04-01,14,7,0,35
2012-04-01,14,8,781,1115
2012-04-01,14,9,382,897
2012-04-01,15,1,219,274
2012-04-01,15,2,109,537
2012-04-01,15,3,43,289
2012-04-01,15,4,0,44
2012-04-01,15,5,14,187
2012-04-01,15,6,50,222
2012-04-01,15,7,0,24
2012-04-01,15,8,343,999
2012-04-01,15,9,226,810
2012-04-01,16,1,235,300
2012-04-01,16,2,135,594
2012-04-01,16,3,83,302
2012-04-01,16,4,0,51
2012-04-01,16,5,11,195
2012-04-01,16,6,39,256
2012-04-01,16,7,0,18
2012-04-01,16,8,526,1100
2012-04-01,16,9,241,884
2012-04-01,17,1,306,322
2012-04-01,17,2,212,635
2012-04-01,17,3,66,348
2012-04-01,17,4,0,80
2012-04-01,17,5,41,214
2012-04-01,17,6,92,276
2012-04-01,17,7,0,33
2012-04-01,17,8,773,1223
2012-04-01,17,9,378,967
2012-04-01,18,1,199,284
2012-04-01,18,2,214,565
2012-04-01,18,3,139,314
2012-04-01,18,4,0,65
2012-04-01,18,5,25,218
2012-04-01,18,6,68,241
2012-04-01,18,7,0,33
2012-04-01,18,8,768,1092
2012-04-01,18,9,466,854
2012-04-01,19,1,206,246
2012-04-01,19,2,162,491
2012-04-01,19,3,173,316
2012-04-01,19,4,0,48
2012-04-01,19,5,24,213
2012-04-01,19,6,119,243
2012-04-01,19,7,0,38
2012-04-01,19,8,1096,961
2012-04-01,19,9,433,770
2012-04-01,20,1,193,206
2012-04-01,20,2,86,412
2012-04-01,20,3,83,246
2012-04-01,20,4,0,57
2012-04-01,20,5,14,185
2012-04-01,20,6,63,188
2012-04-01,20,7,0,24
2012-04-01,20,8,978,808
2012-04-01,20,9,187,622
2012-04-01,21,1,88,196
2012-04-01,21,2,114,390
2012-04-01,21,3,28,205
2012-04-01,21,4,0,35
2012-04-01,21,5,8,135
2012-04-01,21,6,28,145
2012-04-01,21,7,0,17
2012-04-01,21,8,357,716
2012-04-01,21,9,174,564
2012-04-01,22,1,309,356
2012-04-01,22,2,182,709
2012-04-01,22,3,174,445
2012-04-01,22,4,0,90
2012-04-01,22,5,23,294
2012-04-01,22,6,201,351
2012-04-01,22,7,0,53
2012-04-01,22,8,1336,1394
2012-04-01,22,9,511,1114
2012-04-01,23,1,233,338
2012-04-01,23,2,199,673
2012-04-01,23,3,128,405
2012-04-01,23,4,0,102
2012-04-01,23,5,32,253
2012-04-01,23,6,101,323
2012-04-01,23,7,0,44
2012-04-01,23,8,685,1300
2012-04-01,23,9,451,1054
2012-04-01,24,1,154,248
2012-04-01,24,2,103,490
2012-04-01,24,3,69,270
2012-04-01,24,4,0,53
2012-04-01,24,5,5,180
2012-04-01,24,6,42,219
2012-04-01,24,7,0,24
2012-04-01,24,8,426,937
2012-04-01,24,9,213,726
2012-04-01,25,1,213,328
2012-04-01,25,2,214,652
2012-04-01,25,3,162,385
2012-04-01,25,4,0,99
2012-04-01,25,5,36,242
2012-04-01,25,6,165,319
2012-04-01,25,7,0,36
2012-04-01,25,8,1002,1274
2012-04-01,25,9,547,1030
2012-04-01,26,1,263,322
2012-04-01,26,2,125,637
2012-04-01,26,3,140,338
2012-04-01,26,4,0,79
2012-04-01,26,5,13,230
2012-04-01,26,6,100,300
2012-04-01,26,7,0,26
2012-04-01,26,8,693,1220
2012-04-01,26,9,320,975
2012-04-01,27,1,154,230
2012-04-01,27,2,99,459
2012-04-01,27,3,19,213
2012-04-01,27,4,0,26
2012-04-01,27,5,11,164
2012-04-01,27,6,27,171
2012-04-01,27,7,0,22
2012-04-01,27,8,385,863
2012-04-01,27,9,210,668
2012-04-01,28,1,273,332
2012-04-01,28,2,166,662
2012-04-01,28,3,166,418
2012-04-01,28,4,0,109
2012-04-01,28,5,42,265
2012-04-01,28,6,165,327
2012-04-01,28,7,0,37
2012-04-01,28,8,913,1290
2012-04-01,28,9,509,1035
2012-04-01,29,1,113,242
2012-04-01,29,2,116,476
2012-04-01,29,3,35,248
2012-04-01,29,4,0,28
2012-04-01,29,5,12,164
2012-04-01,29,6,31,195
2012-04-01,29,7,0,17
2012-04-01,29,8,366,896
2012-04-01,29,9,222,720
2012-04-01,30,1,207,288
2012-04-01,30,2,199,575
2012-04-01,30,3,201,346
2012-04-01,30,4,0,50
2012-04-01,30,5,25,239
2012-04-01,30,6,102,264
2012-04-01,30,7,0,39
2012-04-01,30,8,871,1123
2012-04-01,30,9,460,892
2012-04-01,31,1,233,288
2012-04-01,31,2,171,572
2012-04-01,31,3,80,323
2012-04-01,31,4,0,68
2012-04-01,31,5,35,214
2012-04-01,31,6,120,281
2012-04-01,31,7,0,28
2012-04-01,31,8,830,1098
2012-04-01,31,9,429,890
2012-04-01,32,1,286,358
2012-04-01,32,2,166,708
2012-04-01,32,3,71,388
2012-04-01,32,4,0,78
2012-04-01,32,5,23,278
2012-04-01,32,6,97,334
2012-04-01,32,7,0,39
2012-04-01,32,8,1005,1355
2012-04-01,32,9,317,1079
2012-04-01,33,1,411,256
2012-04-01,33,2,165,511
2012-04-01,33,3,339,302
2012-04-01,33,4,0,81
2012-04-01,33,5,42,203
2012-04-01,33,6,205,232
2012-04-01,33,7,0,34
2012-04-01,33,8,2885,992
2012-04-01,33,9,576,784
2012-05-01,1,1,180,220
2012-05-01,1,2,158,433
2012-05-01,1,3,71,243
2012-05-01,1,4,0,67
2012-05-01,1,5,26,162
2012-05-01,1,6,51,206
2012-05-01,1,7,0,26
2012-05-01,1,8,520,845
2012-05-01,1,9,365,678
2012-05-01,2,1,352,422
2012-05-01,2,2,187,831
2012-05-01,2,3,64,439
2012-05-01,2,4,0,77
2012-05-01,2,5,20,290
2012-05-01,2,6,93,366
2012-05-01,2,7,0,34
2012-05-01,2,8,886,1585
2012-05-01,2,9,364,1260
2012-05-01,3,1,164,292
2012-05-01,3,2,146,573
2012-05-01,3,3,50,308
2012-05-01,3,4,0,44
2012-05-01,3,5,21,186
2012-05-01,3,6,22,240
2012-05-01,3,7,0,18
2012-05-01,3,8,415,1047
2012-05-01,3,9,285,863
2012-05-01,4,1,344,346
2012-05-01,4,2,198,680
2012-05-01,4,3,239,435
2012-05-01,4,4,0,86
2012-05-01,4,5,30,266
2012-05-01,4,6,161,316
2012-05-01,4,7,0,33
2012-05-01,4,8,746,1307
2012-05-01,4,9,539,1074
2012-05-01,5,1,230,394
2012-05-01,5,2,207,782
2012-05-01,5,3,64,392
2012-05-01,5,4,0,79
2012-05-01,5,5,21,262
2012-05-01,5,6,40,321
2012-05-01,5,7,0,24
2012-05-01,5,8,721,1449
2012-05-01,5,9,354,1148
2012-05-01,6,1,246,266
2012-05-01,6,2,165,531
2012-05-01,6,3,205,315
2012-05-01,6,4,0,71
2012-05-01,6,5,40,215
2012-05-01,6,6,109,248
2012-05-01,6,7,0,24
2012-05-01,6,8,1720,1030
2012-05-01,6,9,485,804
2012-05-01,7,1,1,5
2012-05-01,7,2,0,11
2012-05-01,7,3,1,7
2012-05-01,7,5,0,4
2012-05-01,7,6,0,5
2012-05-01,7,8,5,33
2012-05-01,7,9,2,25
2012-05-01,8,1,306,440
2012-05-01,8,2,252,872
2012-05-01,8,3,161,481
2012-05-01,8,4,0,87
2012-05-01,8,5,39,283
2012-05-01,8,6,179,405
2012-05-01,8,7,0,47
2012-05-01,8,8,1052,1632
2012-05-01,8,9,632,1328
2012-05-01,9,1,318,392
2012-05-01,9,2,220,778
2012-05-01,9,3,162,465
2012-05-01,9,4,0,79
2012-05-01,9,5,33,292
2012-05-01,9,6,142,351
2012-05-01,9,7,0,37
2012-05-01,9,8,1045,1489
2012-05-01,9,9,619,1204
2012-05-01,10,1,283,366
2012-05-01,10,2,207,720
2012-05-01,10,3,90,408
2012-05-01,10,4,0,90
2012-05-01,10,5,25,273
2012-05-01,10,6,141,329
2012-05-01,10,7,0,35
2012-05-01,10,8,815,1393
2012-05-01,10,9,358,1119
2012-05-01,11,1,205,302
2012-05-01,11,2,219,600
2012-05-01,11,3,131,345
2012-05-01,11,4,0,56
2012-05-01,11,5,33,204
2012-05-01,11,6,58,280
2012-05-01,11,7,0,27
2012-05-01,11,8,713,1151
2012-05-01,11,9,458,935
2012-05-01,12,1,168,288
2012-05-01,12,2,183,573
2012-05-01,12,3,170,359
2012-05-01,12,4,0,70
2012-05-01,12,5,22,253
2012-05-01,12,6,106,270
2012-05-01,12,7,0,39
2012-05-01,12,8,1176,1115
2012-05-01,12,9,549,901
2012-05-01,13,1,186,226
2012-05-01,13,2,158,449
2012-05-01,13,3,121,295
2012-05-01,13,4,0,45
2012-05-01,13,5,27,205
2012-05-01,13,6,70,201
2012-05-01,13,7,0,36
2012-05-01,13,8,971,893
2012-05-01,13,9,370,694
2012-05-01,14,1,290,290
2012-05-01,14,2,217,578
2012-05-01,14,3,95,328
2012-05-01,14,4,0,96
2012-05-01,14,5,28,220
2012-05-01,14,6,98,273
2012-05-01,14,7,0,35
2012-05-01,14,8,970,1115
2012-05-01,14,9,451,897
2012-05-01,15,1,214,274
2012-05-01,15,2,127,537
2012-05-01,15,3,58,289
2012-05-01,15,4,0,44
2012-05-01,15,5,11,187
2012-05-01,15,6,58,222
2012-05-01,15,7,0,24
2012-05-01,15,8,379,999
2012-05-01,15,9,248,810
2012-05-01,16,1,231,300
2012-05-01,16,2,131,594
2012-05-01,16,3,81,302
2012-05-01,16,4,0,51
2012-05-01,16,5,18,195
2012-05-01,16,6,37,256
2012-05-01,16,7,0,18
2012-05-01,16,8,554,1100
2012-05-01,16,9,301,884
2012-05-01,17,1,249,322
2012-05-01,17,2,185,635
2012-05-01,17,3,111,348
2012-05-01,17,4,0,80
2012-05-01,17,5,44,214
2012-05-01,17,6,64,276
2012-05-01,17,7,0,33
2012-05-01,17,8,794,1223
2012-05-01,17,9,451,967
2012-05-01,18,1,196,284
2012-05-01,18,2,213,565
2012-05-01,18,3,118,314
2012-05-01,18,4,0,65
2012-05-01,18,5,31,218
2012-05-01,18,6,64,241
2012-05-01,18,7,0,33
2012-05-01,18,8,840,1092
2012-05-01,18,9,478,854
2012-05-01,19,1,176,246
2012-05-01,19,2,158,491
2012-05-01,19,3,118,316
2012-05-01,19,4,0,48
2012-05-01,19,5,47,213
2012-05-01,19,6,114,243
2012-05-01,19,7,0,38
2012-05-01,19,8,1268,961
2012-05-01,19,9,484,770
2012-05-01,20,1,135,206
2012-05-01,20,2,87,412
2012-05-01,20,3,91,246
2012-05-01,20,4,0,57
2012-05-01,20,5,26,185
2012-05-01,20,6,55,188
2012-05-01,20,7,0,24
2012-05-01,20,8,1040,808
2012-05-01,20,9,242,622
2012-05-01,21,1,104,196
2012-05-01,21,2,88,390
2012-05-01,21,3,27,205
2012-05-01,21,4,0,35
2012-05-01,21,5,12,135
2012-05-01,21,6,16,145
2012-05-01,21,7,0,17
2012-05-01,21,8,347,716
2012-05-01,21,9,210,564
2012-05-01,22,1,266,356
2012-05-01,22,2,195,709
2012-05-01,22,3,207,445
2012-05-01,22,4,0,90
2012-05-01,22,5,21,294
2012-05-01,22,6,177,351
2012-05-01,22,7,0,53
2012-05-01,22,8,1280,1394
2012-05-01,22,9,599,1114
2012-05-01,23,1,248,338
2012-05-01,23,2,223,673
2012-05-01,23,3,89,405
2012-05-01,23,4,0,102
2012-05-01,23,5,22,253
2012-05-01,23,6,126,323
2012-05-01,23,7,0,44
2012-05-01,23,8,790,1300
2012-05-01,23,9,525,1054
2012-05-01,24,1,162,248
2012-05-01,24,2,112,490
2012-05-01,24,3,69,270
2012-05-01,24,4,0,53
2012-05-01,24,5,20,180
2012-05-01,24,6,46,219
2012-05-01,24,7,0,24
2012-05-01,24,8,516,937
2012-05-01,24,9,226,726
2012-05-01,25,1,225,328
2012-05-01,25,2,223,652
2012-05-01,25,3,119,385
2012-05-01,25,4,0,99
2012-05-01,25,5,44,242
2012-05-01,25,6,144,319
2012-05-01,25,7,0,36
2012-05-01,25,8,1192,1274
2012-05-01,25,9,602,1030
2012-05-01,26,1,255,322
2012-05-01,26,2,144,637
2012-05-01,26,3,141,338
2012-05-01,26,4,0,79
2012-05-01,26,5,25,230
2012-05-01,26,6,86,300
2012-05-01,26,7,0,26
2012-05-01,26,8,818,1220
2012-05-01,26,9,383,975
2012-05-01,27,1,186,230
2012-05-01,27,2,148,459
2012-05-01,27,3,57,213
2012-05-01,27,4,0,26
2012-05-01,27,5,14,164
2012-05-01,27,6,19,171
2012-05-01,27,7,0,22
2012-05-01,27,8,500,863
2012-05-01,27,9,210,668
2012-05-01,28,1,297,332
2012-05-01,28,2,218,662
2012-05-01,28,3,170,418
2012-05-01,28,4,0,109
2012-05-01,28,5,49,265
2012-05-01,28,6,209,327
2012-05-01,28,7,0,37
2012-05-01,28,8,1213,1290
2012-05-01,28,9,575,1035
2012-05-01,29,1,107,242
2012-05-01,29,2,110,476
2012-05-01,29,3,39,248
2012-05-01,29,4,0,28
2012-05-01,29,5,14,164
2012-05-01,29,6,16,195
2012-05-01,29,7,0,17
2012-05-01,29,8,427,896
2012-05-01,29,9,230,720
2012-05-01,30,1,205,288
2012-05-01,30,2,201,575
2012-05-01,30,3,211,346
2012-05-01,30,4,0,50
2012-05-01,30,5,35,239
2012-05-01,30,6,108,264
2012-05-01,30,7,0,39
2012-05-01,30,8,906,1123
2012-05-01,30,9,527,892
2012-05-01,31,1,222,288
2012-05-01,31,2,212,572
2012-05-01,31,3,116,323
2012-05-01,31,4,0,68
2012-05-01,31,5,24,214
2012-05-01,31,6,123,281
2012-05-01,31,7,0,28
2012-05-01,31,8,888,1098
2012-05-01,31,9,458,890
2012-05-01,32,1,229,358
2012-05-01,32,2,175,708
2012-05-01,32,3,90,388
2012-05-01,32,4,0,78
2012-05-01,32,5,33,278
2012-05-01,32,6,91,334
2012-05-01,32,7,0,39
2012-05-01,32,8,1063,1355
2012-05-01,32,9,429,1079
2012-05-01,33,1,348,256
2012-05-01,33,2,194,511
2012-05-01,33,3,423,302
2012-05-01,33,4,0,81
2012-05-01,33,5,53,203
2012-05-01,33,6,204,232
2012-05-01,33,7,0,34
2012-05-01,33,8,3253,992
2012-05-01,33,9,629,784
2012-06-01,1,1,182,220
2012-06-01,1,2,163,433
2012-06-01,1,3,75,243
2012-06-01,1,4,0,67
2012-06-01,1,5,22,162
2012-06-01,1,6,49,206
2012-06-01,1,7,0,26
2012-06-01,1,8,481,845
2012-06-01,1,9,326,678
2012-06-01,2,1,433,422
2012-06-01,2,2,175,831
2012-06-01,2,3,68,439
2012-06-01,2,4,0,77
2012-06-01,2,5,18,290
2012-06-01,2,6,68,366
2012-06-01,2,7,0,34
2012-06-01,2,8,902,1585
2012-06-01,2,9,329,1260
2012-06-01,3,1,170,292
2012-06-01,3,2,138,573
2012-06-01,3,3,54,308
2012-06-01,3,4,0,44
2012-06-01,3,5,17,186
2012-06-01,3,6,18,240
2012-06-01,3,7,0,18
2012-06-01,3,8,352,1047
2012-06-01,3,9,234,863
2012-06-01,4,1,278,346
2012-06-01,4,2,177,680
2012-06-01,4,3,238,435
2012-06-01,4,4,0,86
2012-06-01,4,5,30,266
2012-06-01,4,6,133,316
2012-06-01,4,7,0,33
2012-06-01,4,8,723,1307
2012-06-01,4,9,555,1074
2012-06-01,5,1,298,394
2012-06-01,5,2,175,782
2012-06-01,5,3,61,392
2012-06-01,5,4,0,79
2012-06-01,5,5,18,262
2012-06-01,5,6,48,321
2012-06-01,5,7,0,24
2012-06-01,5,8,662,1449
2012-06-01,5,9,316,1148
2012-06-01,6,1,237,266
2012-06-01,6,2,159,531
2012-06-01,6,3,193,315
2012-06-01,6,4,0,71
2012-06-01,6,5,41,215
2012-06-01,6,6,102,248
2012-06-01,6,7,0,24
2012-06-01,6,8,1451,1030
2012-06-01,6,9,462,804
2012-06-01,7,1,0,5
2012-06-01,7,2,0,11
2012-06-01,7,3,0,7
2012-06-01,7,5,0,4
2012-06-01,7,6,0,5
2012-06-01,7,8,12,33
2012-06-01,7,9,3,25
2012-06-01,8,1,375,440
2012-06-01,8,2,278,872
2012-06-01,8,3,176,481
2012-06-01,8,4,0,87
2012-06-01,8,5,34,283
2012-06-01,8,6,162,405
2012-06-01,8,7,0,47
2012-06-01,8,8,908,1632
2012-06-01,8,9,561,1328
2012-06-01,9,1,277,392
2012-06-01,9,2,271,778
2012-06-01,9,3,183,465
2012-06-01,9,4,0,79
2012-06-01,9,5,28,292
2012-06-01,9,6,108,351
2012-06-01,9,7,0,37
2012-06-01,9,8,984,1489
2012-06-01,9,9,569,1204
2012-06-01,10,1,308,366
2012-06-01,10,2,182,720
2012-06-01,10,3,84,408
2012-06-01,10,4,0,90
2012-06-01,10,5,19,273
2012-06-01,10,6,122,329
2012-06-01,10,7,0,35
2012-06-01,10,8,783,1393
2012-06-01,10,9,349,1119
2012-06-01,11,1,235,302
2012-06-01,11,2,210,600
2012-06-01,11,3,89,345
2012-06-01,11,4,0,56
2012-06-01,11,5,30,204
2012-06-01,11,6,51,280
2012-06-01,11,7,0,27
2012-06-01,11,8,748,1151
2012-06-01,11,9,489,935
2012-06-01,12,1,184,288
2012-06-01,12,2,166,573
2012-06-01,12,3,312,359
2012-06-01,12,4,0,70
2012-06-01,12,5,41,253
2012-06-01,12,6,95,270
2012-06-01,12,7,0,39
2012-06-01,12,8,1168,1115
2012-06-01,12,9,456,901
2012-06-01,13,1,124,226
2012-06-01,13,2,133,449
2012-06-01,13,3,136,295
2012-06-01,13,4,0,45
2012-06-01,13,5,27,205
2012-06-01,13,6,56,201
2012-06-01,13,7,0,36
2012-06-01,13,8,898,893
2012-06-01,13,9,383,694
2012-06-01,14,1,265,290
2012-06-01,14,2,214,578
2012-06-01,14,3,109,328
2012-06-01,14,4,0,96
2012-06-01,14,5,20,220
2012-06-01,14,6,122,273
2012-06-01,14,7,0,35
2012-06-01,14,8,888,1115
2012-06-01,14,9,414,897
2012-06-01,15,1,202,274
2012-06-01,15,2,110,537
2012-06-01,15,3,59,289
2012-06-01,15,4,0,44
2012-06-01,15,5,18,187
2012-06-01,15,6,59,222
2012-06-01,15,7,0,24
2012-06-01,15,8,436,999
2012-06-01,15,9,237,810
2012-06-01,16,1,180,300
2012-06-01,16,2,127,594
2012-06-01,16,3,88,302
2012-06-01,16,4,0,51
2012-06-01,16,5,20,195
2012-06-01,16,6,35,256
2012-06-01,16,7,0,18
2012-06-01,16,8,551,1100
2012-06-01,16,9,273,884
2012-06-01,17,1,252,322
2012-06-01,17,2,203,635
2012-06-01,17,3,89,348
2012-06-01,17,4,0,80
2012-06-01,17,5,36,214
2012-06-01,17,6,69,276
2012-06-01,17,7,0,33
2012-06-01,17,8,681,1223
2012-06-01,17,9,442,967
2012-06-01,18,1,231,284
2012-06-01,18,2,199,565
2012-06-01,18,3,128,314
2012-06-01,18,4,0,65
2012-06-01,18,5,35,218
2012-06-01,18,6,66,241
2012-06-01,18,7,0,33
2012-06-01,18,8,796,1092
2012-06-01,18,9,466,854
2012-06-01,19,1,137,246
2012-06-01,19,2,180,491
2012-06-01,19,3,104,316
2012-06-01,19,4,0,48
2012-06-01,19,5,41,213
2012-06-01,19,6,114,243
2012-06-01,19,7,0,38
2012-06-01,19,8,1134,961
2012-06-01,19,9,459,770
2012-06-01,20,1,142,206
2012-06-01,20,2,92,412
2012-06-01,20,3,99,246
2012-06-01,20,4,0,57
2012-06-01,20,5,10,185
2012-06-01,20,6,45,188
2012-06-01,20,7,0,24
2012-06-01,20,8,954,808
2012-06-01,20,9,229,622
2012-06-01,21,1,105,196
2012-06-01,21,2,106,390
2012-06-01,21,3,33,205
2012-06-01,21,4,0,35
2012-06-01,21,5,10,135
2012-06-01,21,6,11,145
2012-06-01,21,7,0,17
2012-06-01,21,8,376,716
2012-06-01,21,9,188,564
2012-06-01,22,1,321,356
2012-06-01,22,2,205,709
2012-06-01,22,3,209,445
2012-06-01,22,4,0,90
2012-06-01,22,5,37,294
2012-06-01,22,6,262,351
2012-06-01,22,7,0,53
2012-06-01,22,8,1198,1394
2012-06-01,22,9,655,1114
2012-06-01,23,1,263,338
2012-06-01,23,2,193,673
2012-06-01,23,3,127,405
2012-06-01,23,4,0,102
2012-06-01,23,5,21,253
2012-06-01,23,6,101,323
2012-06-01,23,7,0,44
2012-06-01,23,8,785,1300
2012-06-01,23,9,570,1054
2012-06-01,24,1,146,248
2012-06-01,24,2,110,490
2012-06-01,24,3,70,270
2012-06-01,24,4,0,53
2012-06-01,24,5,8,180
2012-06-01,24,6,47,219
2012-06-01,24,7,0,24
2012-06-01,24,8,454,937
2012-06-01,24,9,229,726
2012-06-01,25,1,224,328
2012-06-01,25,2,194,652
2012-06-01,25,3,185,385
2012-06-01,25,4,0,99
2012-06-01,25,5,39,242
2012-06-01,25,6,188,319
2012-06-01,25,7,0,36
2012-06-01,25,8,1087,1274
2012-06-01,25,9,545,1030
2012-06-01,26,1,234,322
2012-06-01,26,2,127,637
2012-06-01,26,3,149,338
2012-06-01,26,4,0,79
2012-06-01,26,5,18,230
2012-06-01,26,6,69,300
2012-06-01,26,7,0,26
2012-06-01,26,8,726,1220
2012-06-01,26,9,367,975
2012-06-01,27,1,165,230
2012-06-01,27,2,97,459
2012-06-01,27,3,29,213
2012-06-01,27,4,0,26
2012-06-01,27,5,7,164
2012-06-01,27,6,17,171
2012-06-01,27,7,0,22
2012-06-01,27,8,394,863
2012-06-01,27,9,163,668
2012-06-01,28,1,320,332
2012-06-01,28,2,230,662
2012-06-01,28,3,155,418
2012-06-01,28,4,0,109
2012-06-01,28,5,37,265
2012-06-01,28,6,254,327
2012-06-01,28,7,0,37
2012-06-01,28,8,1142,1290
2012-06-01,28,9,557,1035
2012-06-01,29,1,125,242
2012-06-01,29,2,119,476
2012-06-01,29,3,35,248
2012-06-01,29,4,0,28
2012-06-01,29,5,18,164
2012-06-01,29,6,24,195
2012-06-01,29,7,0,17
2012-06-01,29,8,360,896
2012-06-01,29,9,222,720
2012-06-01,30,1,194,288
2012-06-01,30,2,169,575
2012-06-01,30,3,595,346
2012-06-01,30,4,0,50
2012-06-01,30,5,37,239
2012-06-01,30,6,110,264
2012-06-01,30,7,0,39
2012-06-01,30,8,1050,1123
2012-06-01,30,9,481,892
2012-06-01,31,1,263,288
2012-06-01,31,2,184,572
2012-06-01,31,3,73,323
2012-06-01,31,4,0,68
2012-06-01,31,5,29,214
2012-06-01,31,6,113,281
2012-06-01,31,7,0,28
2012-06-01,31,8,877,1098
2012-06-01,31,9,463,890
2012-06-01,32,1,284,358
2012-06-01,32,2,182,708
2012-06-01,32,3,89,388
2012-06-01,32,4,0,78
2012-06-01,32,5,24,278
2012-06-01,32,6,79,334
2012-06-01,32,7,0,39
2012-06-01,32,8,1028,1355
2012-06-01,32,9,400,1079
2012-06-01,33,1,357,256
2012-06-01,33,2,187,511
2012-06-01,33,3,284,302
2012-06-01,33,4,0,81
2012-06-01,33,5,48,203
2012-06-01,33,6,195,232
2012-06-01,33,7,0,34
2012-06-01,33,8,3163,992
2012-06-01,33,9,563,784
2012-07-01,1,1,178,220
2012-07-01,1,2,138,433
2012-07-01,1,3,83,243
2012-07-01,1,4,0,67
2012-07-01,1,5,29,162
2012-07-01,1,6,50,206
2012-07-01,1,7,0,26
2012-07-01,1,8,540,845
2012-07-01,1,9,324,678
2012-07-01,2,1,336,422
2012-07-01,2,2,163,831
2012-07-01,2,3,81,439
2012-07-01,2,4,0,77
2012-07-01,2,5,32,290
2012-07-01,2,6,103,366
2012-07-01,2,7,0,34
2012-07-01,2,8,917,1585
2012-07-01,2,9,358,1260
2012-07-01,3,1,142,292
2012-07-01,3,2,153,573
2012-07-01,3,3,66,308
2012-07-01,3,4,0,44
2012-07-01,3,5,14,186
2012-07-01,3,6,23,240
2012-07-01,3,7,0,18
2012-07-01,3,8,388,1047
2012-07-01,3,9,219,863
2012-07-01,4,1,276,346
2012-07-01,4,2,159,680
2012-07-01,4,3,337,435
2012-07-01,4,4,0,86
2012-07-01,4,5,44,266
2012-07-01,4,6,131,316
2012-07-01,4,7,0,33
2012-07-01,4,8,715,1307
2012-07-01,4,9,557,1074
2012-07-01,5,1,218,394
2012-07-01,5,2,204,782
2012-07-01,5,3,98,392
2012-07-01,5,4,0,79
2012-07-01,5,5,24,262
2012-07-01,5,6,54,321
2012-07-01,5,7,0,24
2012-07-01,5,8,758,1449
2012-07-01,5,9,375,1148
2012-07-01,6,1,279,266
2012-07-01,6,2,169,531
2012-07-01,6,3,245,315
2012-07-01,6,4,0,71
2012-07-01,6,5,45,215
2012-07-01,6,6,96,248
2012-07-01,6,7,0,24
2012-07-01,6,8,1525,1030
2012-07-01,6,9,496,804
2012-07-01,7,1,0,5
2012-07-01,7,2,0,11
2012-07-01,7,3,1,7
2012-07-01,7,5,0,4
2012-07-01,7,6,1,5
2012-07-01,7,8,8,33
2012-07-01,7,9,0,25
2012-07-01,8,1,307,440
2012-07-01,8,2,250,872
2012-07-01,8,3,188,481
2012-07-01,8,4,0,87
2012-07-01,8,5,42,283
2012-07-01,8,6,162,405
2012-07-01,8,7,0,47
2012-07-01,8,8,960,1632
2012-07-01,8,9,597,1328
2012-07-01,9,1,291,392
2012-07-01,9,2,252,778
2012-07-01,9,3,177,465
2012-07-01,9,4,0,79
2012-07-01,9,5,38,292
2012-07-01,9,6,97,351
2012-07-01,9,7,0,37
2012-07-01,9,8,1003,1489
2012-07-01,9,9,689,1204
2012-07-01,10,1,259,366
2012-07-01,10,2,183,720
2012-07-01,10,3,92,408
2012-07-01,10,4,0,90
2012-07-01,10,5,22,273
2012-07-01,10,6,79,329
2012-07-01,10,7,0,35
2012-07-01,10,8,675,1393
2012-07-01,10,9,407,1119
2012-07-01,11,1,175,302
2012-07-01,11,2,184,600
2012-07-01,11,3,106,345
2012-07-01,11,4,0,56
2012-07-01,11,5,26,204
2012-07-01,11,6,68,280
2012-07-01,11,7,0,27
2012-07-01,11,8,713,1151
2012-07-01,11,9,462,935
2012-07-01,12,1,204,288
2012-07-01,12,2,158,573
2012-07-01,12,3,157,359
2012-07-01,12,4,0,70
2012-07-01,12,5,31,253
2012-07-01,12,6,99,270
2012-07-01,12,7,0,39
2012-07-01,12,8,1143,1115
2012-07-01,12,9,513,901
2012-07-01,13,1,161,226
2012-07-01,13,2,139,449
2012-07-01,13,3,142,295
2012-07-01,13,4,0,45
2012-07-01,13,5,26,205
2012-07-01,13,6,60,201
2012-07-01,13,7,0,36
2012-07-01,13,8,917,893
2012-07-01,13,9,376,694
2012-07-01,14,1,281,290
2012-07-01,14,2,153,578
2012-07-01,14,3,127,328
2012-07-01,14,4,0,96
2012-07-01,14,5,19,220
2012-07-01,14,6,107,273
2012-07-01,14,7,0,35
2012-07-01,14,8,910,1115
2012-07-01,14,9,391,897
2012-07-01,15,1,175,274
2012-07-01,15,2,126,537
2012-07-01,15,3,63,289
2012-07-01,15,4,0,44
2012-07-01,15,5,19,187
2012-07-01,15,6,41,222
2012-07-01,15,7,0,24
2012-07-01,15,8,404,999
2012-07-01,15,9,279,810
2012-07-01,16,1,190,300
2012-07-01,16,2,127,594
2012-07-01,16,3,94,302
2012-07-01,16,4,0,51
2012-07-01,16,5,19,195
2012-07-01,16,6,36,256
2012-07-01,16,7,0,18
2012-07-01,16,8,577,1100
2012-07-01,16,9,252,884
2012-07-01,17,1,209,322
2012-07-01,17,2,165,635
2012-07-01,17,3,115,348
2012-07-01,17,4,0,80
2012-07-01,17,5,44,214
2012-07-01,17,6,57,276
2012-07-01,17,7,0,33
2012-07-01,17,8,733,1223
2012-07-01,17,9,443,967
2012-07-01,18,1,231,284
2012-07-01,18,2,167,565
2012-07-01,18,3,153,314
2012-07-01,18,4,0,65
2012-07-01,18,5,21,218
2012-07-01,18,6,68,241
2012-07-01,18,7,0,33
2012-07-01,18,8,801,1092
2012-07-01,18,9,500,854
2012-07-01,19,1,175,246
2012-07-01,19,2,151,491
2012-07-01,19,3,121,316
2012-07-01,19,4,0,48
2012-07-01,19,5,29,213
2012-07-01,19,6,110,243
2012-07-01,19,7,0,38
2012-07-01,19,8,1277,961
2012-07-01,19,9,511,770
2012-07-01,20,1,158,206
2012-07-01,20,2,102,412
2012-07-01,20,3,92,246
2012-07-01,20,4,0,57
2012-07-01,20,5,16,185
2012-07-01,20,6,61,188
2012-07-01,20,7,0,24
2012-07-01,20,8,914,808
2012-07-01,20,9,217,622
2012-07-01,21,1,100,196
2012-07-01,21,2,71,390
2012-07-01,21,3,31,205
2012-07-01,21,4,0,35
2012-07-01,21,5,9,135
2012-07-01,21,6,20,145
2012-07-01,21,7,0,17
2012-07-01,21,8,347,716
2012-07-01,21,9,195,564
2012-07-01,22,1,269,356
2012-07-01,22,2,224,709
2012-07-01,22,3,173,445
2012-07-01,22,4,0,90
2012-07-01,22,5,39,294
2012-07-01,22,6,230,351
2012-07-01,22,7,0,53
2012-07-01,22,8,1160,1394
2012-07-01,22,9,653,1114
2012-07-01,23,1,236,338
2012-07-01,23,2,194,673
2012-07-01,23,3,115,405
2012-07-01,23,4,0,102
2012-07-01,23,5,26,253
2012-07-01,23,6,120,323
2012-07-01,23,7,0,44
2012-07-01,23,8,768,1300
2012-07-01,23,9,533,1054
2012-07-01,24,1,121,248
2012-07-01,24,2,111,490
2012-07-01,24,3,80,270
2012-07-01,24,4,0,53
2012-07-01,24,5,14,180
2012-07-01,24,6,44,219
2012-07-01,24,7,0,24
2012-07-01,24,8,473,937
2012-07-01,24,9,235,726
2012-07-01,25,1,220,328
2012-07-01,25,2,201,652
2012-07-01,25,3,206,385
2012-07-01,25,4,0,99
2012-07-01,25,5,49,242
2012-07-01,25,6,192,319
2012-07-01,25,7,0,36
2012-07-01,25,8,1192,1274
2012-07-01,25,9,569,1030
2012-07-01,26,1,206,322
2012-07-01,26,2,145,637
2012-07-01,26,3,181,338
2012-07-01,26,4,0,79
2012-07-01,26,5,22,230
2012-07-01,26,6,87,300
2012-07-01,26,7,0,26
2012-07-01,26,8,757,1220
2012-07-01,26,9,374,975
2012-07-01,27,1,167,230
2012-07-01,27,2,87,459
2012-07-01,27,3,58,213
2012-07-01,27,4,0,26
2012-07-01,27,5,10,164
2012-07-01,27,6,20,171
2012-07-01,27,7,0,22
2012-07-01,27,8,460,863
2012-07-01,27,9,189,668
2012-07-01,28,1,253,332
2012-07-01,28,2,194,662
2012-07-01,28,3,245,418
2012-07-01,28,4,0,109
2012-07-01,28,5,46,265
2012-07-01,28,6,236,327
2012-07-01,28,7,0,37
2012-07-01,28,8,1136,1290
2012-07-01,28,9,609,1035
2012-07-01,29,1,108,242
2012-07-01,29,2,111,476
2012-07-01,29,3,60,248
2012-07-01,29,4,0,28
2012-07-01,29,5,19,164
2012-07-01,29,6,19,195
2012-07-01,29,7,0,17
2012-07-01,29,8,348,896
2012-07-01,29,9,271,720
2012-07-01,30,1,239,288
2012-07-01,30,2,222,575
2012-07-01,30,3,241,346
2012-07-01,30,4,0,50
2012-07-01,30,5,36,239
2012-07-01,30,6,99,264
2012-07-01,30,7,0,39
2012-07-01,30,8,978,1123
2012-07-01,30,9,521,892
2012-07-01,31,1,211,288
2012-07-01,31,2,188,572
2012-07-01,31,3,101,323
2012-07-01,31,4,0,68
2012-07-01,31,5,21,214
2012-07-01,31,6,102,281
2012-07-01,31,7,0,28
2012-07-01,31,8,876,1098
2012-07-01,31,9,454,890
2012-07-01,32,1,346,358
2012-07-01,32,2,164,708
2012-07-01,32,3,83,388
2012-07-01,32,4,0,78
2012-07-01,32,5,29,278
2012-07-01,32,6,89,334
2012-07-01,32,7,0,39
2012-07-01,32,8,1004,1355
2012-07-01,32,9,397,1079
2012-07-01,33,1,372,256
2012-07-01,33,2,233,511
2012-07-01,33,3,463,302
2012-07-01,33,4,0,81
2012-07-01,33,5,65,203
2012-07-01,33,6,229,232
2012-07-01,33,7,0,34
2012-07-01,33,8,3501,992
2012-07-01,33,9,565,784
2012-08-01,1,1,156,220
2012-08-01,1,2,132,433
2012-08-01,1,3,81,243
2012-08-01,1,4,0,67
2012-08-01,1,5,25,162
2012-08-01,1,6,73,206
2012-08-01,1,7,0,26
2012-08-01,1,8,491,845
2012-08-01,1,9,311,678
2012-08-01,2,1,375,422
2012-08-01,2,2,169,831
2012-08-01,2,3,84,439
2012-08-01,2,4,0,77
2012-08-01,2,5,26,290
2012-08-01,2,6,85,366
2012-08-01,2,7,0,34
2012-08-01,2,8,749,1585
2012-08-01,2,9,296,1260
2012-08-01,3,1,107,292
2012-08-01,3,2,153,573
2012-08-01,3,3,50,308
2012-08-01,3,4,0,44
2012-08-01,3,5,18,186
2012-08-01,3,6,13,240
2012-08-01,3,7,0,18
2012-08-01,3,8,345,1047
2012-08-01,3,9,212,863
2012-08-01,4,1,284,346
2012-08-01,4,2,193,680
2012-08-01,4,3,297,435
2012-08-01,4,4,0,86
2012-08-01,4,5,50,266
2012-08-01,4,6,137,316
2012-08-01,4,7,0,33
2012-08-01,4,8,742,1307
2012-08-01,4,9,579,1074
2012-08-01,5,1,269,394
2012-08-01,5,2,182,782
2012-08-01,5,3,51,392
2012-08-01,5,4,0,79
2012-08-01,5,5,19,262
2012-08-01,5,6,54,321
2012-08-01,5,7,0,24
2012-08-01,5,8,678,1449
2012-08-01,5,9,358,1148
2012-08-01,6,1,242,266
2012-08-01,6,2,143,531
2012-08-01,6,3,188,315
2012-08-01,6,4,0,71
2012-08-01,6,5,36,215
2012-08-01,6,6,80,248
2012-08-01,6,7,0,24
2012-08-01,6,8,1401,1030
2012-08-01,6,9,423,804
2012-08-01,7,1,0,5
2012-08-01,7,2,1,11
2012-08-01,7,3,1,7
2012-08-01,7,5,1,4
2012-08-01,7,6,1,5
2012-08-01,7,8,9,33
2012-08-01,7,9,0,25
2012-08-01,8,1,313,440
2012-08-01,8,2,251,872
2012-08-01,8,3,187,481
2012-08-01,8,4,0,87
2012-08-01,8,5,44,283
2012-08-01,8,6,122,405
2012-08-01,8,7,0,47
2012-08-01,8,8,913,1632
2012-08-01,8,9,584,1328
2012-08-01,9,1,294,392
2012-08-01,9,2,212,778
2012-08-01,9,3,213,465
2012-08-01,9,4,0,79
2012-08-01,9,5,35,292
2012-08-01,9,6,80,351
2012-08-01,9,7,0,37
2012-08-01,9,8,953,1489
2012-08-01,9,9,611,1204
2012-08-01,10,1,313,366
2012-08-01,10,2,190,720
2012-08-01,10,3,90,408
2012-08-01,10,4,0,90
2012-08-01,10,5,32,273
2012-08-01,10,6,91,329
2012-08-01,10,7,0,35
2012-08-01,10,8,656,1393
2012-08-01,10,9,372,1119
2012-08-01,11,1,144,302
2012-08-01,11,2,213,600
2012-08-01,11,3,124,345
2012-08-01,11,4,0,56
2012-08-01,11,5,34,204
2012-08-01,11,6,33,280
2012-08-01,11,7,0,27
2012-08-01,11,8,687,1151
2012-08-01,11,9,506,935
2012-08-01,12,1,240,288
2012-08-01,12,2,155,573
2012-08-01,12,3,178,359
2012-08-01,12,4,0,70
2012-08-01,12,5,42,253
2012-08-01,12,6,80,270
2012-08-01,12,7,0,39
2012-08-01,12,8,1090,1115
2012-08-01,12,9,502,901
2012-08-01,13,1,163,226
2012-08-01,13,2,99,449
2012-08-01,13,3,182,295
2012-08-01,13,4,0,45
2012-08-01,13,5,36,205
2012-08-01,13,6,44,201
2012-08-01,13,7,0,36
2012-08-01,13,8,856,893
2012-08-01,13,9,368,694
2012-08-01,14,1,291,290
2012-08-01,14,2,177,578
2012-08-01,14,3,107,328
2012-08-01,14,4,0,96
2012-08-01,14,5,22,220
2012-08-01,14,6,104,273
2012-08-01,14,7,0,35
2012-08-01,14,8,759,1115
2012-08-01,14,9,401,897
2012-08-01,15,1,179,274
2012-08-01,15,2,100,537
2012-08-01,15,3,82,289
2012-08-01,15,4,0,44
2012-08-01,15,5,23,187
2012-08-01,15,6,53,222
2012-08-01,15,7,0,24
2012-08-01,15,8,330,999
2012-08-01,15,9,223,810
2012-08-01,16,1,171,300
2012-08-01,16,2,119,594
2012-08-01,16,3,81,302
2012-08-01,16,4,0,51
2012-08-01,16,5,24,195
2012-08-01,16,6,23,256
2012-08-01,16,7,0,18
2012-08-01,16,8,531,1100
2012-08-01,16,9,317,884
2012-08-01,17,1,248,322
2012-08-01,17,2,228,635
2012-08-01,17,3,81,348
2012-08-01,17,4,0,80
2012-08-01,17,5,44,214
2012-08-01,17,6,71,276
2012-08-01,17,7,0,33
2012-08-01,17,8,788,1223
2012-08-01,17,9,459,967
2012-08-01,18,1,216,284
2012-08-01,18,2,174,565
2012-08-01,18,3,130,314
2012-08-01,18,4,0,65
2012-08-01,18,5,28,218
2012-08-01,18,6,49,241
2012-08-01,18,7,0,33
2012-08-01,18,8,737,1092
2012-08-01,18,9,516,854
2012-08-01,19,1,254,246
2012-08-01,19,2,175,491
2012-08-01,19,3,157,316
2012-08-01,19,4,0,48
2012-08-01,19,5,23,213
2012-08-01,19,6,84,243
2012-08-01,19,7,0,38
2012-08-01,19,8,1133,961
2012-08-01,19,9,452,770
2012-08-01,20,1,154,206
2012-08-01,20,2,100,412
2012-08-01,20,3,299,246
2012-08-01,20,4,0,57
2012-08-01,20,5,22,185
2012-08-01,20,6,93,188
2012-08-01,20,7,0,24
2012-08-01,20,8,1262,808
2012-08-01,20,9,333,622
2012-08-01,21,1,129,196
2012-08-01,21,2,91,390
2012-08-01,21,3,30,205
2012-08-01,21,4,0,35
2012-08-01,21,5,6,135
2012-08-01,21,6,13,145
2012-08-01,21,7,0,17
2012-08-01,21,8,379,716
2012-08-01,21,9,227,564
2012-08-01,22,1,257,356
2012-08-01,22,2,242,709
2012-08-01,22,3,193,445
2012-08-01,22,4,0,90
2012-08-01,22,5,41,294
2012-08-01,22,6,233,351
2012-08-01,22,7,0,53
2012-08-01,22,8,1274,1394
2012-08-01,22,9,632,1114
2012-08-01,23,1,244,338
2012-08-01,23,2,201,673
2012-08-01,23,3,163,405
2012-08-01,23,4,0,102
2012-08-01,23,5,22,253
2012-08-01,23,6,81,323
2012-08-01,23,7,0,44
2012-08-01,23,8,672,1300
2012-08-01,23,9,527,1054
2012-08-01,24,1,167,248
2012-08-01,24,2,96,490
2012-08-01,24,3,76,270
2012-08-01,24,4,0,53
2012-08-01,24,5,12,180
2012-08-01,24,6,32,219
2012-08-01,24,7,0,24
2012-08-01,24,8,400,937
2012-08-01,24,9,216,726
2012-08-01,25,1,235,328
2012-08-01,25,2,197,652
2012-08-01,25,3,216,385
2012-08-01,25,4,0,99
2012-08-01,25,5,48,242
2012-08-01,25,6,186,319
2012-08-01,25,7,0,36
2012-08-01,25,8,1132,1274
2012-08-01,25,9,639,1030
2012-08-01,26,1,260,322
2012-08-01,26,2,161,637
2012-08-01,26,3,175,338
2012-08-01,26,4,0,79
2012-08-01,26,5,20,230
2012-08-01,26,6,66,300
2012-08-01,26,7,0,26
2012-08-01,26,8,719,1220
2012-08-01,26,9,362,975
2012-08-01,27,1,141,230
2012-08-01,27,2,91,459
2012-08-01,27,3,34,213
2012-08-01,27,4,0,26
2012-08-01,27,5,13,164
2012-08-01,27,6,7,171
2012-08-01,27,7,0,22
2012-08-01,27,8,461,863
2012-08-01,27,9,153,668
2012-08-01,28,1,251,332
2012-08-01,28,2,206,662
2012-08-01,28,3,208,418
2012-08-01,28,4,0,109
2012-08-01,28,5,45,265
2012-08-01,28,6,199,327
2012-08-01,28,7,0,37
2012-08-01,28,8,1086,1290
2012-08-01,28,9,624,1035
2012-08-01,29,1,136,242
2012-08-01,29,2,103,476
2012-08-01,29,3,49,248
2012-08-01,29,4,0,28
2012-08-01,29,5,23,164
2012-08-01,29,6,16,195
2012-08-01,29,7,0,17
2012-08-01,29,8,326,896
2012-08-01,29,9,249,720
2012-08-01,30,1,234,288
2012-08-01,30,2,203,575
2012-08-01,30,3,258,346
2012-08-01,30,4,0,50
2012-08-01,30,5,51,239
2012-08-01,30,6,124,264
2012-08-01,30,7,0,39
2012-08-01,30,8,1012,1123
2012-08-01,30,9,564,892
2012-08-01,31,1,214,288
2012-08-01,31,2,177,572
2012-08-01,31,3,136,323
2012-08-01,31,4,0,68
2012-08-01,31,5,28,214
2012-08-01,31,6,93,281
2012-08-01,31,7,0,28
2012-08-01,31,8,831,1098
2012-08-01,31,9,457,890
2012-08-01,32,1,221,358
2012-08-01,32,2,155,708
2012-08-01,32,3,112,388
2012-08-01,32,4,0,78
2012-08-01,32,5,26,278
2012-08-01,32,6,93,334
2012-08-01,32,7,0,39
2012-08-01,32,8,931,1355
2012-08-01,32,9,355,1079
2012-08-01,33,1,342,256
2012-08-01,33,2,292,511
2012-08-01,33,3,622,302
2012-08-01,33,4,0,81
2012-08-01,33,5,60,203
2012-08-01,33,6,166,232
2012-08-01,33,7,0,34
2012-08-01,33,8,3109,992
2012-08-01,33,9,655,784
2012-09-01,1,1,165,220
2012-09-01,1,2,150,433
2012-09-01,1,3,74,243
2012-09-01,1,4,0,67
2012-09-01,1,5,16,162
2012-09-01,1,6,46,206
2012-09-01,1,7,0,26
2012-09-01,1,8,439,845
2012-09-01,1,9,304,678
2012-09-01,2,1,345,422
2012-09-01,2,2,153,831
2012-09-01,2,3,70,439
2012-09-01,2,4,0,77
2012-09-01,2,5,22,290
2012-09-01,2,6,82,366
2012-09-01,2,7,0,34
2012-09-01,2,8,761,1585
2012-09-01,2,9,318,1260
2012-09-01,3,1,117,292
2012-09-01,3,2,113,573
2012-09-01,3,3,67,308
2012-09-01,3,4,0,44
2012-09-01,3,5,11,186
2012-09-01,3,6,22,240
2012-09-01,3,7,0,18
2012-09-01,3,8,355,1047
2012-09-01,3,9,246,863
2012-09-01,4,1,236,346
2012-09-01,4,2,175,680
2012-09-01,4,3,269,435
2012-09-01,4,4,0,86
2012-09-01,4,5,29,266
2012-09-01,4,6,93,316
2012-09-01,4,7,0,33
2012-09-01,4,8,609,1307
2012-09-01,4,9,481,1074
2012-09-01,5,1,227,394
2012-09-01,5,2,215,782
2012-09-01,5,3,78,392
2012-09-01,5,4,0,79
2012-09-01,5,5,30,262
2012-09-01,5,6,57,321
2012-09-01,5,7,0,24
2012-09-01,5,8,636,1449
2012-09-01,5,9,339,1148
2012-09-01,6,1,178,266
2012-09-01,6,2,141,531
2012-09-01,6,3,166,315
2012-09-01,6,4,0,71
2012-09-01,6,5,40,215
2012-09-01,6,6,108,248
2012-09-01,6,7,0,24
2012-09-01,6,8,1252,1030
2012-09-01,6,9,379,804
2012-09-01,7,1,0,5
2012-09-01,7,2,0,11
2012-09-01,7,3,0,7
2012-09-01,7,5,0,4
2012-09-01,7,6,1,5
2012-09-01,7,8,11,33
2012-09-01,7,9,2,25
2012-09-01,8,1,311,440
2012-09-01,8,2,217,872
2012-09-01,8,3,192,481
2012-09-01,8,4,0,87
2012-09-01,8,5,37,283
2012-09-01,8,6,167,405
2012-09-01,8,7,0,47
2012-09-01,8,8,886,1632
2012-09-01,8,9,563,1328
2012-09-01,9,1,291,392
2012-09-01,9,2,188,778
2012-09-01,9,3,178,465
2012-09-01,9,4,0,79
2012-09-01,9,5,50,292
2012-09-01,9,6,82,351
2012-09-01,9,7,0,37
2012-09-01,9,8,923,1489
2012-09-01,9,9,549,1204
2012-09-01,10,1,259,366
2012-09-01,10,2,143,720
2012-09-01,10,3,94,408
2012-09-01,10,4,0,90
2012-09-01,10,5,36,273
2012-09-01,10,6,80,329
2012-09-01,10,7,0,35
2012-09-01,10,8,611,1393
2012-09-01,10,9,330,1119
2012-09-01,11,1,199,302
2012-09-01,11,2,130,600
2012-09-01,11,3,87,345
2012-09-01,11,4,0,56
2012-09-01,11,5,28,204
2012-09-01,11,6,55,280
2012-09-01,11,7,0,27
2012-09-01,11,8,574,1151
2012-09-01,11,9,421,935
2012-09-01,12,1,200,288
2012-09-01,12,2,130,573
2012-09-01,12,3,119,359
2012-09-01,12,4,0,70
2012-09-01,12,5,39,253
2012-09-01,12,6,108,270
2012-09-01,12,7,0,39
2012-09-01,12,8,1014,1115
2012-09-01,12,9,450,901
2012-09-01,13,1,152,226
2012-09-01,13,2,107,449
2012-09-01,13,3,158,295
2012-09-01,13,4,0,45
2012-09-01,13,5,27,205
2012-09-01,13,6,42,201
2012-09-01,13,7,0,36
2012-09-01,13,8,866,893
2012-09-01,13,9,354,694
2012-09-01,14,1,254,290
2012-09-01,14,2,166,578
2012-09-01,14,3,99,328
2012-09-01,14,4,0,96
2012-09-01,14,5,24,220
2012-09-01,14,6,66,273
2012-09-01,14,7,0,35
2012-09-01,14,8,730,1115
2012-09-01,14,9,432,897
2012-09-01,15,1,171,274
2012-09-01,15,2,96,537
2012-09-01,15,3,70,289
2012-09-01,15,4,0,44
2012-09-01,15,5,20,187
2012-09-01,15,6,57,222
2012-09-01,15,7,0,24
2012-09-01,15,8,334,999
2012-09-01,15,9,215,810
2012-09-01,16,1,183,300
2012-09-01,16,2,111,594
2012-09-01,16,3,104,302
2012-09-01,16,4,0,51
2012-09-01,16,5,31,195
2012-09-01,16,6,20,256
2012-09-01,16,7,0,18
2012-09-01,16,8,470,1100
2012-09-01,16,9,293,884
2012-09-01,17,1,229,322
2012-09-01,17,2,155,635
2012-09-01,17,3,86,348
2012-09-01,17,4,0,80
2012-09-01,17,5,40,214
2012-09-01,17,6,45,276
2012-09-01,17,7,0,33
2012-09-01,17,8,721,1223
2012-09-01,17,9,384,967
2012-09-01,18,1,216,284
2012-09-01,18,2,148,565
2012-09-01,18,3,131,314
2012-09-01,18,4,0,65
2012-09-01,18,5,41,218
2012-09-01,18,6,53,241
2012-09-01,18,7,0,33
2012-09-01,18,8,755,1092
2012-09-01,18,9,458,854
2012-09-01,19,1,207,246
2012-09-01,19,2,152,491
2012-09-01,19,3,151,316
2012-09-01,19,4,0,48
2012-09-01,19,5,45,213
2012-09-01,19,6,69,243
2012-09-01,19,7,0,38
2012-09-01,19,8,988,961
2012-09-01,19,9,435,770
2012-09-01,20,1,128,206
2012-09-01,20,2,86,412
2012-09-01,20,3,120,246
2012-09-01,20,4,0,57
2012-09-01,20,5,22,185
2012-09-01,20,6,50,188
2012-09-01,20,7,0,24
2012-09-01,20,8,879,808
2012-09-01,20,9,211,622
2012-09-01,21,1,110,196
2012-09-01,21,2,96,390
2012-09-01,21,3,38,205
2012-09-01,21,4,0,35
2012-09-01,21,5,13,135
2012-09-01,21,6,23,145
2012-09-01,21,7,0,17
2012-09-01,21,8,345,716
2012-09-01,21,9,204,564
2012-09-01,22,1,310,356
2012-09-01,22,2,200,709
2012-09-01,22,3,158,445
2012-09-01,22,4,0,90
2012-09-01,22,5,38,294
2012-09-01,22,6,212,351
2012-09-01,22,7,0,53
2012-09-01,22,8,1192,1394
2012-09-01,22,9,588,1114
2012-09-01,23,1,252,338
2012-09-01,23,2,171,673
2012-09-01,23,3,105,405
2012-09-01,23,4,0,102
2012-09-01,23,5,28,253
2012-09-01,23,6,105,323
2012-09-01,23,7,0,44
2012-09-01,23,8,705,1300
2012-09-01,23,9,489,1054
2012-09-01,24,1,167,248
2012-09-01,24,2,106,490
2012-09-01,24,3,81,270
2012-09-01,24,4,0,53
2012-09-01,24,5,15,180
2012-09-01,24,6,42,219
2012-09-01,24,7,0,24
2012-09-01,24,8,402,937
2012-09-01,24,9,215,726
2012-09-01,25,1,248,328
2012-09-01,25,2,171,652
2012-09-01,25,3,137,385
2012-09-01,25,4,0,99
2012-09-01,25,5,45,242
2012-09-01,25,6,169,319
2012-09-01,25,7,0,36
2012-09-01,25,8,1080,1274
2012-09-01,25,9,583,1030
2012-09-01,26,1,249,322
2012-09-01,26,2,131,637
2012-09-01,26,3,186,338
2012-09-01,26,4,0,79
2012-09-01,26,5,27,230
2012-09-01,26,6,76,300
2012-09-01,26,7,0,26
2012-09-01,26,8,733,1220
2012-09-01,26,9,324,975
2012-09-01,27,1,152,230
2012-09-01,27,2,77,459
2012-09-01,27,3,43,213
2012-09-01,27,4,0,26
2012-09-01,27,5,6,164
2012-09-01,27,6,18,171
2012-09-01,27,7,0,22
2012-09-01,27,8,406,863
2012-09-01,27,9,155,668
2012-09-01,28,1,248,332
2012-09-01,28,2,194,662
2012-09-01,28,3,189,418
2012-09-01,28,4,0,109
2012-09-01,28,5,42,265
2012-09-01,28,6,205,327
2012-09-01,28,7,0,37
2012-09-01,28,8,968,1290
2012-09-01,28,9,503,1035
2012-09-01,29,1,112,242
2012-09-01,29,2,93,476
2012-09-01,29,3,40,248
2012-09-01,29,4,0,28
2012-09-01,29,5,8,164
2012-09-01,29,6,31,195
2012-09-01,29,7,0,17
2012-09-01,29,8,316,896
2012-09-01,29,9,213,720
2012-09-01,30,1,179,288
2012-09-01,30,2,159,575
2012-09-01,30,3,237,346
2012-09-01,30,4,0,50
2012-09-01,30,5,28,239
2012-09-01,30,6,133,264
2012-09-01,30,7,0,39
2012-09-01,30,8,865,1123
2012-09-01,30,9,512,892
2012-09-01,31,1,229,288
2012-09-01,31,2,123,572
2012-09-01,31,3,146,323
2012-09-01,31,4,0,68
2012-09-01,31,5,36,214
2012-09-01,31,6,99,281
2012-09-01,31,7,0,28
2012-09-01,31,8,820,1098
2012-09-01,31,9,407,890
2012-09-01,32,1,276,358
2012-09-01,32,2,142,708
2012-09-01,32,3,99,388
2012-09-01,32,4,0,78
2012-09-01,32,5,17,278
2012-09-01,32,6,114,334
2012-09-01,32,7,0,39
2012-09-01,32,8,1007,1355
2012-09-01,32,9,329,1079
2012-09-01,33,1,280,256
2012-09-01,33,2,161,511
2012-09-01,33,3,372,302
2012-09-01,33,4,0,81
2012-09-01,33,5,53,203
2012-09-01,33,6,170,232
2012-09-01,33,7,0,34
2012-09-01,33,8,2708,992
2012-09-01,33,9,597,784
2012-10-01,1,1,188,220
2012-10-01,1,2,108,433
2012-10-01,1,3,78,243
2012-10-01,1,4,0,67
2012-10-01,1,5,20,162
2012-10-01,1,6,56,206
2012-10-01,1,7,0,26
2012-10-01,1,8,526,845
2012-10-01,1,9,323,678
2012-10-01,2,1,464,422
2012-10-01,2,2,155,831
2012-10-01,2,3,61,439
2012-10-01,2,4,0,77
2012-10-01,2,5,24,290
2012-10-01,2,6,80,366
2012-10-01,2,7,0,34
2012-10-01,2,8,887,1585
2012-10-01,2,9,349,1260
2012-10-01,3,1,152,292
2012-10-01,3,2,129,573
2012-10-01,3,3,88,308
2012-10-01,3,4,0,44
2012-10-01,3,5,13,186
2012-10-01,3,6,16,240
2012-10-01,3,7,0,18
2012-10-01,3,8,385,1047
2012-10-01,3,9,246,863
2012-10-01,4,1,324,346
2012-10-01,4,2,174,680
2012-10-01,4,3,236,435
2012-10-01,4,4,0,86
2012-10-01,4,5,47,266
2012-10-01,4,6,116,316
2012-10-01,4,7,0,33
2012-10-01,4,8,686,1307
2012-10-01,4,9,540,1074
2012-10-01,5,1,289,394
2012-10-01,5,2,160,782
2012-10-01,5,3,119,392
2012-10-01,5,4,0,79
2012-10-01,5,5,31,262
2012-10-01,5,6,40,321
2012-10-01,5,7,0,24
2012-10-01,5,8,676,1449
2012-10-01,5,9,356,1148
2012-10-01,6,1,203,266
2012-10-01,6,2,157,531
2012-10-01,6,3,158,315
2012-10-01,6,4,0,71
2012-10-01,6,5,29,215
2012-10-01,6,6,80,248
2012-10-01,6,7,0,24
2012-10-01,6,8,1536,1030
2012-10-01,6,9,400,804
2012-10-01,7,1,1,5
2012-10-01,7,2,0,11
2012-10-01,7,3,0,7
2012-10-01,7,5,0,4
2012-10-01,7,6,0,5
2012-10-01,7,8,10,33
2012-10-01,7,9,0,25
2012-10-01,8,1,340,440
2012-10-01,8,2,219,872
2012-10-01,8,3,215,481
2012-10-01,8,4,0,87
2012-10-01,8,5,45,283
2012-10-01,8,6,159,405
2012-10-01,8,7,0,47
2012-10-01,8,8,1003,1632
2012-10-01,8,9,529,1328
2012-10-01,9,1,316,392
2012-10-01,9,2,206,778
2012-10-01,9,3,192,465
2012-10-01,9,4,0,79
2012-10-01,9,5,44,292
2012-10-01,9,6,109,351
2012-10-01,9,7,0,37
2012-10-01,9,8,966,1489
2012-10-01,9,9,563,1204
2012-10-01,10,1,356,366
2012-10-01,10,2,183,720
2012-10-01,10,3,95,408
2012-10-01,10,4,0,90
2012-10-01,10,5,30,273
2012-10-01,10,6,86,329
2012-10-01,10,7,0,35
2012-10-01,10,8,764,1393
2012-10-01,10,9,412,1119
2012-10-01,11,1,152,302
2012-10-01,11,2,169,600
2012-10-01,11,3,116,345
2012-10-01,11,4,0,56
2012-10-01,11,5,30,204
2012-10-01,11,6,41,280
2012-10-01,11,7,0,27
2012-10-01,11,8,674,1151
2012-10-01,11,9,444,935
2012-10-01,12,1,231,288
2012-10-01,12,2,148,573
2012-10-01,12,3,168,359
2012-10-01,12,4,0,70
2012-10-01,12,5,25,253
2012-10-01,12,6,108,270
2012-10-01,12,7,0,39
2012-10-01,12,8,1198,1115
2012-10-01,12,9,512,901
2012-10-01,13,1,136,226
2012-10-01,13,2,100,449
2012-10-01,13,3,144,295
2012-10-01,13,4,0,45
2012-10-01,13,5,23,205
2012-10-01,13,6,65,201
2012-10-01,13,7,0,36
2012-10-01,13,8,949,893
2012-10-01,13,9,333,694
2012-10-01,14,1,290,290
2012-10-01,14,2,157,578
2012-10-01,14,3,116,328
2012-10-01,14,4,0,96
2012-10-01,14,5,21,220
2012-10-01,14,6,57,273
2012-10-01,14,7,0,35
2012-10-01,14,8,779,1115
2012-10-01,14,9,431,897
2012-10-01,15,1,183,274
2012-10-01,15,2,82,537
2012-10-01,15,3,49,289
2012-10-01,15,4,0,44
2012-10-01,15,5,17,187
2012-10-01,15,6,60,222
2012-10-01,15,7,0,24
2012-10-01,15,8,396,999
2012-10-01,15,9,250,810
2012-10-01,16,1,227,300
2012-10-01,16,2,133,594
2012-10-01,16,3,89,302
2012-10-01,16,4,0,51
2012-10-01,16,5,23,195
2012-10-01,16,6,34,256
2012-10-01,16,7,0,18
2012-10-01,16,8,534,1100
2012-10-01,16,9,263,884
2012-10-01,17,1,264,322
2012-10-01,17,2,182,635
2012-10-01,17,3,105,348
2012-10-01,17,4,0,80
2012-10-01,17,5,49,214
2012-10-01,17,6,66,276
2012-10-01,17,7,0,33
2012-10-01,17,8,711,1223
2012-10-01,17,9,426,967
2012-10-01,18,1,276,284
2012-10-01,18,2,166,565
2012-10-01,18,3,85,314
2012-10-01,18,4,0,65
2012-10-01,18,5,32,218
2012-10-01,18,6,71,241
2012-10-01,18,7,0,33
2012-10-01,18,8,809,1092
2012-10-01,18,9,439,854
2012-10-01,19,1,190,246
2012-10-01,19,2,130,491
2012-10-01,19,3,162,316
2012-10-01,19,4,0,48
2012-10-01,19,5,35,213
2012-10-01,19,6,68,243
2012-10-01,19,7,0,38
2012-10-01,19,8,1256,961
2012-10-01,19,9,438,770
2012-10-01,20,1,142,206
2012-10-01,20,2,85,412
2012-10-01,20,3,107,246
2012-10-01,20,4,0,57
2012-10-01,20,5,16,185
2012-10-01,20,6,54,188
2012-10-01,20,7,0,24
2012-10-01,20,8,992,808
2012-10-01,20,9,219,622
2012-10-01,21,1,144,196
2012-10-01,21,2,83,390
2012-10-01,21,3,39,205
2012-10-01,21,4,0,35
2012-10-01,21,5,10,135
2012-10-01,21,6,21,145
2012-10-01,21,7,0,17
2012-10-01,21,8,423,716
2012-10-01,21,9,170,564
2012-10-01,22,1,346,356
2012-10-01,22,2,204,709
2012-10-01,22,3,148,445
2012-10-01,22,4,0,90
2012-10-01,22,5,36,294
2012-10-01,22,6,200,351
2012-10-01,22,7,0,53
2012-10-01,22,8,1284,1394
2012-10-01,22,9,538,1114
2012-10-01,23,1,256,338
2012-10-01,23,2,196,673
2012-10-01,23,3,124,405
2012-10-01,23,4,0,102
2012-10-01,23,5,29,253
2012-10-01,23,6,104,323
2012-10-01,23,7,0,44
2012-10-01,23,8,794,1300
2012-10-01,23,9,436,1054
2012-10-01,24,1,186,248
2012-10-01,24,2,101,490
2012-10-01,24,3,78,270
2012-10-01,24,4,0,53
2012-10-01,24,5,18,180
2012-10-01,24,6,39,219
2012-10-01,24,7,0,24
2012-10-01,24,8,441,937
2012-10-01,24,9,213,726
2012-10-01,25,1,288,328
2012-10-01,25,2,199,652
2012-10-01,25,3,146,385
2012-10-01,25,4,0,99
2012-10-01,25,5,42,242
2012-10-01,25,6,217,319
2012-10-01,25,7,0,36
2012-10-01,25,8,1162,1274
2012-10-01,25,9,563,1030
2012-10-01,26,1,272,322
2012-10-01,26,2,115,637
2012-10-01,26,3,134,338
2012-10-01,26,4,0,79
2012-10-01,26,5,32,230
2012-10-01,26,6,82,300
2012-10-01,26,7,0,26
2012-10-01,26,8,804,1220
2012-10-01,26,9,306,975
2012-10-01,27,1,207,230
2012-10-01,27,2,90,459
2012-10-01,27,3,55,213
2012-10-01,27,4,0,26
2012-10-01,27,5,16,164
2012-10-01,27,6,18,171
2012-10-01,27,7,0,22
2012-10-01,27,8,461,863
2012-10-01,27,9,148,668
2012-10-01,28,1,253,332
2012-10-01,28,2,182,662
2012-10-01,28,3,170,418
2012-10-01,28,4,0,109
2012-10-01,28,5,34,265
2012-10-01,28,6,163,327
2012-10-01,28,7,0,37
2012-10-01,28,8,1137,1290
2012-10-01,28,9,506,1035
2012-10-01,29,1,154,242
2012-10-01,29,2,108,476
2012-10-01,29,3,48,248
2012-10-01,29,4,0,28
2012-10-01,29,5,15,164
2012-10-01,29,6,38,195
2012-10-01,29,7,0,17
2012-10-01,29,8,388,896
2012-10-01,29,9,240,720
2012-10-01,30,1,244,288
2012-10-01,30,2,176,575
2012-10-01,30,3,202,346
2012-10-01,30,4,0,50
2012-10-01,30,5,28,239
2012-10-01,30,6,119,264
2012-10-01,30,7,0,39
2012-10-01,30,8,1015,1123
2012-10-01,30,9,525,892
2012-10-01,31,1,256,288
2012-10-01,31,2,137,572
2012-10-01,31,3,119,323
2012-10-01,31,4,0,68
2012-10-01,31,5,18,214
2012-10-01,31,6,106,281
2012-10-01,31,7,0,28
2012-10-01,31,8,831,1098
2012-10-01,31,9,396,890
2012-10-01,32,1,331,358
2012-10-01,32,2,164,708
2012-10-01,32,3,93,388
2012-10-01,32,4,0,78
2012-10-01,32,5,33,278
2012-10-01,32,6,126,334
2012-10-01,32,7,0,39
2012-10-01,32,8,1206,1355
2012-10-01,32,9,308,1079
2012-10-01,33,1,297,256
2012-10-01,33,2,142,511
2012-10-01,33,3,246,302
2012-10-01,33,4,0,81
2012-10-01,33,5,54,203
2012-10-01,33,6,252,232
2012-10-01,33,7,0,34
2012-10-01,33,8,3188,992
2012-10-01,33,9,582,784
2012-11-01,1,1,253,220
2012-11-01,1,2,123,433
2012-11-01,1,3,122,243
2012-11-01,1,4,0,67
2012-11-01,1,5,15,162
2012-11-01,1,6,46,206
2012-11-01,1,7,0,26
2012-11-01,1,8,545,845
2012-11-01,1,9,288,678
2012-11-01,2,1,538,422
2012-11-01,2,2,164,831
2012-11-01,2,3,74,439
2012-11-01,2,4,0,77
2012-11-01,2,5,29,290
2012-11-01,2,6,115,366
2012-11-01,2,7,0,34
2012-11-01,2,8,994,1585
2012-11-01,2,9,350,1260
2012-11-01,3,1,109,292
2012-11-01,3,2,140,573
2012-11-01,3,3,59,308
2012-11-01,3,4,0,44
2012-11-01,3,5,23,186
2012-11-01,3,6,13,240
2012-11-01,3,7,0,18
2012-11-01,3,8,360,1047
2012-11-01,3,9,243,863
2012-11-01,4,1,366,346
2012-11-01,4,2,188,680
2012-11-01,4,3,378,435
2012-11-01,4,4,0,86
2012-11-01,4,5,49,266
2012-11-01,4,6,129,316
2012-11-01,4,7,0,33
2012-11-01,4,8,623,1307
2012-11-01,4,9,501,1074
2012-11-01,5,1,295,394
2012-11-01,5,2,205,782
2012-11-01,5,3,103,392
2012-11-01,5,4,0,79
2012-11-01,5,5,19,262
2012-11-01,5,6,66,321
2012-11-01,5,7,0,24
2012-11-01,5,8,687,1449
2012-11-01,5,9,365,1148
2012-11-01,6,1,232,266
2012-11-01,6,2,162,531
2012-11-01,6,3,159,315
2012-11-01,6,4,0,71
2012-11-01,6,5,47,215
2012-11-01,6,6,102,248
2012-11-01,6,7,0,24
2012-11-01,6,8,1508,1030
2012-11-01,6,9,378,804
2012-11-01,7,1,0,5
2012-11-01,7,2,0,11
2012-11-01,7,3,0,7
2012-11-01,7,5,0,4
2012-11-01,7,6,1,5
2012-11-01,7,8,11,33
2012-11-01,7,9,1,25
2012-11-01,8,1,435,440
2012-11-01,8,2,273,872
2012-11-01,8,3,223,481
2012-11-01,8,4,0,87
2012-11-01,8,5,41,283
2012-11-01,8,6,190,405
2012-11-01,8,7,0,47
2012-11-01,8,8,996,1632
2012-11-01,8,9,517,1328
2012-11-01,9,1,419,392
2012-11-01,9,2,228,778
2012-11-01,9,3,206,465
2012-11-01,9,4,0,79
2012-11-01,9,5,45,292
2012-11-01,9,6,75,351
2012-11-01,9,7,0,37
2012-11-01,9,8,971,1489
2012-11-01,9,9,574,1204
2012-11-01,10,1,365,366
2012-11-01,10,2,173,720
2012-11-01,10,3,112,408
2012-11-01,10,4,0,90
2012-11-01,10,5,22,273
2012-11-01,10,6,70,329
2012-11-01,10,7,0,35
2012-11-01,10,8,740,1393
2012-11-01,10,9,374,1119
2012-11-01,11,1,191,302
2012-11-01,11,2,190,600
2012-11-01,11,3,75,345
2012-11-01,11,4,0,56
2012-11-01,11,5,36,204
2012-11-01,11,6,47,280
2012-11-01,11,7,0,27
2012-11-01,11,8,691,1151
2012-11-01,11,9,427,935
2012-11-01,12,1,243,288
2012-11-01,12,2,142,573
2012-11-01,12,3,143,359
2012-11-01,12,4,0,70
2012-11-01,12,5,24,253
2012-11-01,12,6,88,270
2012-11-01,12,7,0,39
2012-11-01,12,8,1114,1115
2012-11-01,12,9,455,901
2012-11-01,13,1,129,226
2012-11-01,13,2,101,449
2012-11-01,13,3,121,295
2012-11-01,13,4,0,45
2012-11-01,13,5,31,205
2012-11-01,13,6,65,201
2012-11-01,13,7,0,36
2012-11-01,13,8,942,893
2012-11-01,13,9,332,694
2012-11-01,14,1,290,290
2012-11-01,14,2,156,578
2012-11-01,14,3,102,328
2012-11-01,14,4,0,96
2012-11-01,14,5,21,220
2012-11-01,14,6,91,273
2012-11-01,14,7,0,35
2012-11-01,14,8,842,1115
2012-11-01,14,9,380,897
2012-11-01,15,1,224,274
2012-11-01,15,2,103,537
2012-11-01,15,3,58,289
2012-11-01,15,4,0,44
2012-11-01,15,5,17,187
2012-11-01,15,6,55,222
2012-11-01,15,7,0,24
2012-11-01,15,8,366,999
2012-11-01,15,9,246,810
2012-11-01,16,1,252,300
2012-11-01,16,2,140,594
2012-11-01,16,3,97,302
2012-11-01,16,4,0,51
2012-11-01,16,5,25,195
2012-11-01,16,6,36,256
2012-11-01,16,7,0,18
2012-11-01,16,8,534,1100
2012-11-01,16,9,287,884
2012-11-01,17,1,292,322
2012-11-01,17,2,181,635
2012-11-01,17,3,75,348
2012-11-01,17,4,0,80
2012-11-01,17,5,53,214
2012-11-01,17,6,64,276
2012-11-01,17,7,0,33
2012-11-01,17,8,709,1223
2012-11-01,17,9,420,967
2012-11-01,18,1,292,284
2012-11-01,18,2,146,565
2012-11-01,18,3,113,314
2012-11-01,18,4,0,65
2012-11-01,18,5,32,218
2012-11-01,18,6,67,241
2012-11-01,18,7,0,33
2012-11-01,18,8,732,1092
2012-11-01,18,9,372,854
2012-11-01,19,1,175,246
2012-11-01,19,2,139,491
2012-11-01,19,3,153,316
2012-11-01,19,4,0,48
2012-11-01,19,5,27,213
2012-11-01,19,6,104,243
2012-11-01,19,7,0,38
2012-11-01,19,8,1176,961
2012-11-01,19,9,420,770
2012-11-01,20,1,152,206
2012-11-01,20,2,75,412
2012-11-01,20,3,99,246
2012-11-01,20,4,0,57
2012-11-01,20,5,15,185
2012-11-01,20,6,40,188
2012-11-01,20,7,0,24
2012-11-01,20,8,964,808
2012-11-01,20,9,180,622
2012-11-01,21,1,152,196
2012-11-01,21,2,67,390
2012-11-01,21,3,33,205
2012-11-01,21,4,0,35
2012-11-01,21,5,10,135
2012-11-01,21,6,16,145
2012-11-01,21,7,0,17
2012-11-01,21,8,356,716
2012-11-01,21,9,193,564
2012-11-01,22,1,377,356
2012-11-01,22,2,208,709
2012-11-01,22,3,130,445
2012-11-01,22,4,0,90
2012-11-01,22,5,36,294
2012-11-01,22,6,238,351
2012-11-01,22,7,0,53
2012-11-01,22,8,1310,1394
2012-11-01,22,9,574,1114
2012-11-01,23,1,308,338
2012-11-01,23,2,181,673
2012-11-01,23,3,140,405
2012-11-01,23,4,0,102
2012-11-01,23,5,33,253
2012-11-01,23,6,122,323
2012-11-01,23,7,0,44
2012-11-01,23,8,775,1300
2012-11-01,23,9,471,1054
2012-11-01,24,1,214,248
2012-11-01,24,2,105,490
2012-11-01,24,3,57,270
2012-11-01,24,4,0,53
2012-11-01,24,5,16,180
2012-11-01,24,6,53,219
2012-11-01,24,7,0,24
2012-11-01,24,8,509,937
2012-11-01,24,9,192,726
2012-11-01,25,1,282,328
2012-11-01,25,2,184,652
2012-11-01,25,3,119,385
2012-11-01,25,4,0,99
2012-11-01,25,5,32,242
2012-11-01,25,6,230,319
2012-11-01,25,7,0,36
2012-11-01,25,8,1154,1274
2012-11-01,25,9,516,1030
2012-11-01,26,1,368,322
2012-11-01,26,2,127,637
2012-11-01,26,3,166,338
2012-11-01,26,4,0,79
2012-11-01,26,5,22,230
2012-11-01,26,6,96,300
2012-11-01,26,7,0,26
2012-11-01,26,8,834,1220
2012-11-01,26,9,365,975
2012-11-01,27,1,207,230
2012-11-01,27,2,111,459
2012-11-01,27,3,53,213
2012-11-01,27,4,0,26
2012-11-01,27,5,20,164
2012-11-01,27,6,18,171
2012-11-01,27,7,0,22
2012-11-01,27,8,381,863
2012-11-01,27,9,157,668
2012-11-01,28,1,254,332
2012-11-01,28,2,192,662
2012-11-01,28,3,177,418
2012-11-01,28,4,0,109
2012-11-01,28,5,23,265
2012-11-01,28,6,208,327
2012-11-01,28,7,0,37
2012-11-01,28,8,1221,1290
2012-11-01,28,9,504,1035
2012-11-01,29,1,163,242
2012-11-01,29,2,113,476
2012-11-01,29,3,51,248
2012-11-01,29,4,0,28
2012-11-01,29,5,12,164
2012-11-01,29,6,19,195
2012-11-01,29,7,0,17
2012-11-01,29,8,367,896
2012-11-01,29,9,203,720
2012-11-01,30,1,276,288
2012-11-01,30,2,184,575
2012-11-01,30,3,232,346
2012-11-01,30,4,0,50
2012-11-01,30,5,31,239
2012-11-01,30,6,122,264
2012-11-01,30,7,0,39
2012-11-01,30,8,927,1123
2012-11-01,30,9,491,892
2012-11-01,31,1,299,288
2012-11-01,31,2,140,572
2012-11-01,31,3,101,323
2012-11-01,31,4,0,68
2012-11-01,31,5,27,214
2012-11-01,31,6,96,281
2012-11-01,31,7,0,28
2012-11-01,31,8,945,1098
2012-11-01,31,9,337,890
2012-11-01,32,1,309,358
2012-11-01,32,2,146,708
2012-11-01,32,3,92,388
2012-11-01,32,4,0,78
2012-11-01,32,5,21,278
2012-11-01,32,6,127,334
2012-11-01,32,7,0,39
2012-11-01,32,8,1116,1355
2012-11-01,32,9,315,1079
2012-11-01,33,1,304,256
2012-11-01,33,2,171,511
2012-11-01,33,3,299,302
2012-11-01,33,4,0,81
2012-11-01,33,5,43,203
2012-11-01,33,6,246,232
2012-11-01,33,7,0,34
2012-11-01,33,8,3305,992
2012-11-01,33,9,584,784
2012-12-01,1,1,245,220
2012-12-01,1,2,136,433
2012-12-01,1,3,73,243
2012-12-01,1,4,0,67
2012-12-01,1,5,13,162
2012-12-01,1,6,49,206
2012-12-01,1,7,0,26
2012-12-01,1,8,469,845
2012-12-01,1,9,275,678
2012-12-01,2,1,372,422
2012-12-01,2,2,154,831
2012-12-01,2,3,103,439
2012-12-01,2,4,0,77
2012-12-01,2,5,28,290
2012-12-01,2,6,76,366
2012-12-01,2,7,0,34
2012-12-01,2,8,854,1585
2012-12-01,2,9,316,1260
2012-12-01,3,1,129,292
2012-12-01,3,2,98,573
2012-12-01,3,3,75,308
2012-12-01,3,4,0,44
2012-12-01,3,5,18,186
2012-12-01,3,6,14,240
2012-12-01,3,7,0,18
2012-12-01,3,8,375,1047
2012-12-01,3,9,243,863
2012-12-01,4,1,339,346
2012-12-01,4,2,147,680
2012-12-01,4,3,257,435
2012-12-01,4,4,0,86
2012-12-01,4,5,23,266
2012-12-01,4,6,114,316
2012-12-01,4,7,0,33
2012-12-01,4,8,655,1307
2012-12-01,4,9,508,1074
2012-12-01,5,1,288,394
2012-12-01,5,2,148,782
2012-12-01,5,3,89,392
2012-12-01,5,4,0,79
2012-12-01,5,5,14,262
2012-12-01,5,6,57,321
2012-12-01,5,7,0,24
2012-12-01,5,8,633,1449
2012-12-01,5,9,315,1148
2012-12-01,6,1,282,266
2012-12-01,6,2,131,531
2012-12-01,6,3,151,315
2012-12-01,6,4,0,71
2012-12-01,6,5,29,215
2012-12-01,6,6,65,248
2012-12-01,6,7,0,24
2012-12-01,6,8,1490,1030
2012-12-01,6,9,392,804
2012-12-01,7,1,0,5
2012-12-01,7,2,0,11
2012-12-01,7,3,0,7
2012-12-01,7,5,0,4
2012-12-01,7,6,0,5
2012-12-01,7,8,7,33
2012-12-01,7,9,0,25
2012-12-01,8,1,338,440
2012-12-01,8,2,221,872
2012-12-01,8,3,194,481
2012-12-01,8,4,0,87
2012-12-01,8,5,40,283
2012-12-01,8,6,196,405
2012-12-01,8,7,0,47
2012-12-01,8,8,900,1632
2012-12-01,8,9,482,1328
2012-12-01,9,1,385,392
2012-12-01,9,2,166,778
2012-12-01,9,3,168,465
2012-12-01,9,4,0,79
2012-12-01,9,5,39,292
2012-12-01,9,6,84,351
2012-12-01,9,7,0,37
2012-12-01,9,8,850,1489
2012-12-01,9,9,534,1204
2012-12-01,10,1,332,366
2012-12-01,10,2,172,720
2012-12-01,10,3,100,408
2012-12-01,10,4,0,90
2012-12-01,10,5,25,273
2012-12-01,10,6,58,329
2012-12-01,10,7,0,35
2012-12-01,10,8,680,1393
2012-12-01,10,9,340,1119
2012-12-01,11,1,161,302
2012-12-01,11,2,162,600
2012-12-01,11,3,121,345
2012-12-01,11,4,0,56
2012-12-01,11,5,24,204
2012-12-01,11,6,42,280
2012-12-01,11,7,0,27
2012-12-01,11,8,624,1151
2012-12-01,11,9,446,935
2012-12-01,12,1,234,288
2012-12-01,12,2,114,573
2012-12-01,12,3,151,359
2012-12-01,12,4,0,70
2012-12-01,12,5,21,253
2012-12-01,12,6,121,270
2012-12-01,12,7,0,39
2012-12-01,12,8,969,1115
2012-12-01,12,9,517,901
2012-12-01,13,1,118,226
2012-12-01,13,2,104,449
2012-12-01,13,3,152,295
2012-12-01,13,4,0,45
2012-12-01,13,5,22,205
2012-12-01,13,6,65,201
2012-12-01,13,7,0,36
2012-12-01,13,8,829,893
2012-12-01,13,9,338,694
2012-12-01,14,1,240,290
2012-12-01,14,2,162,578
2012-12-01,14,3,102,328
2012-12-01,14,4,0,96
2012-12-01,14,5,20,220
2012-12-01,14,6,62,273
2012-12-01,14,7,0,35
2012-12-01,14,8,741,1115
2012-12-01,14,9,330,897
2012-12-01,15,1,192,274
2012-12-01,15,2,76,537
2012-12-01,15,3,41,289
2012-12-01,15,4,0,44
2012-12-01,15,5,22,187
2012-12-01,15,6,38,222
2012-12-01,15,7,0,24
2012-12-01,15,8,367,999
2012-12-01,15,9,253,810
2012-12-01,16,1,296,300
2012-12-01,16,2,121,594
2012-12-01,16,3,115,302
2012-12-01,16,4,0,51
2012-12-01,16,5,10,195
2012-12-01,16,6,30,256
2012-12-01,16,7,0,18
2012-12-01,16,8,514,1100
2012-12-01,16,9,297,884
2012-12-01,17,1,269,322
2012-12-01,17,2,167,635
2012-12-01,17,3,68,348
2012-12-01,17,4,0,80
2012-12-01,17,5,48,214
2012-12-01,17,6,68,276
2012-12-01,17,7,0,33
2012-12-01,17,8,706,1223
2012-12-01,17,9,417,967
2012-12-01,18,1,295,284
2012-12-01,18,2,155,565
2012-12-01,18,3,116,314
2012-12-01,18,4,0,65
2012-12-01,18,5,33,218
2012-12-01,18,6,43,241
2012-12-01,18,7,0,33
2012-12-01,18,8,692,1092
2012-12-01,18,9,366,854
2012-12-01,19,1,191,246
2012-12-01,19,2,134,491
2012-12-01,19,3,142,316
2012-12-01,19,4,0,48
2012-12-01,19,5,30,213
2012-12-01,19,6,96,243
2012-12-01,19,7,0,38
2012-12-01,19,8,1084,961
2012-12-01,19,9,459,770
2012-12-01,20,1,138,206
2012-12-01,20,2,74,412
2012-12-01,20,3,82,246
2012-12-01,20,4,0,57
2012-12-01,20,5,14,185
2012-12-01,20,6,44,188
2012-12-01,20,7,0,24
2012-12-01,20,8,975,808
2012-12-01,20,9,239,622
2012-12-01,21,1,117,196
2012-12-01,21,2,75,390
2012-12-01,21,3,39,205
2012-12-01,21,4,0,35
2012-12-01,21,5,7,135
2012-12-01,21,6,21,145
2012-12-01,21,7,0,17
2012-12-01,21,8,297,716
2012-12-01,21,9,162,564
2012-12-01,22,1,285,356
2012-12-01,22,2,198,709
2012-12-01,22,3,159,445
2012-12-01,22,4,0,90
2012-12-01,22,5,19,294
2012-12-01,22,6,213,351
2012-12-01,22,7,0,53
2012-12-01,22,8,1311,1394
2012-12-01,22,9,513,1114
2012-12-01,23,1,364,338
2012-12-01,23,2,184,673
2012-12-01,23,3,78,405
2012-12-01,23,4,0,102
2012-12-01,23,5,28,253
2012-12-01,23,6,123,323
2012-12-01,23,7,0,44
2012-12-01,23,8,657,1300
2012-12-01,23,9,486,1054
2012-12-01,24,1,192,248
2012-12-01,24,2,100,490
2012-12-01,24,3,40,270
2012-12-01,24,4,0,53
2012-12-01,24,5,15,180
2012-12-01,24,6,61,219
2012-12-01,24,7,0,24
2012-12-01,24,8,409,937
2012-12-01,24,9,190,726
2012-12-01,25,1,273,328
2012-12-01,25,2,201,652
2012-12-01,25,3,103,385
2012-12-01,25,4,0,99
2012-12-01,25,5,25,242
2012-12-01,25,6,217,319
2012-12-01,25,7,0,36
2012-12-01,25,8,1068,1274
2012-12-01,25,9,558,1030
2012-12-01,26,1,327,322
2012-12-01,26,2,109,637
2012-12-01,26,3,102,338
2012-12-01,26,4,0,79
2012-12-01,26,5,23,230
2012-12-01,26,6,101,300
2012-12-01,26,7,0,26
2012-12-01,26,8,665,1220
2012-12-01,26,9,321,975
2012-12-01,27,1,172,230
2012-12-01,27,2,72,459
2012-12-01,27,3,48,213
2012-12-01,27,4,0,26
2012-12-01,27,5,18,164
2012-12-01,27,6,12,171
2012-12-01,27,7,0,22
2012-12-01,27,8,380,863
2012-12-01,27,9,166,668
2012-12-01,28,1,259,332
2012-12-01,28,2,177,662
2012-12-01,28,3,167,418
2012-12-01,28,4,0,109
2012-12-01,28,5,35,265
2012-12-01,28,6,226,327
2012-12-01,28,7,0,37
2012-12-01,28,8,1234,1290
2012-12-01,28,9,531,1035
2012-12-01,29,1,154,242
2012-12-01,29,2,117,476
2012-12-01,29,3,43,248
2012-12-01,29,4,0,28
2012-12-01,29,5,13,164
2012-12-01,29,6,35,195
2012-12-01,29,7,0,17
2012-12-01,29,8,375,896
2012-12-01,29,9,187,720
2012-12-01,30,1,219,288
2012-12-01,30,2,153,575
2012-12-01,30,3,165,346
2012-12-01,30,4,0,50
2012-12-01,30,5,25,239
2012-12-01,30,6,127,264
2012-12-01,30,7,0,39
2012-12-01,30,8,760,1123
2012-12-01,30,9,490,892
2012-12-01,31,1,259,288
2012-12-01,31,2,115,572
2012-12-01,31,3,123,323
2012-12-01,31,4,0,68
2012-12-01,31,5,25,214
2012-12-01,31,6,118,281
2012-12-01,31,7,0,28
2012-12-01,31,8,806,1098
2012-12-01,31,9,404,890
2012-12-01,32,1,287,358
2012-12-01,32,2,127,708
2012-12-01,32,3,76,388
2012-12-01,32,4,0,78
2012-12-01,32,5,22,278
2012-12-01,32,6,117,334
2012-12-01,32,7,0,39
2012-12-01,32,8,818,1355
2012-12-01,32,9,316,1079
2012-12-01,33,1,353,256
2012-12-01,33,2,171,511
2012-12-01,33,3,324,302
2012-12-01,33,4,0,81
2012-12-01,33,5,54,203
2012-12-01,33,6,209,232
2012-12-01,33,7,0,34
2012-12-01,33,8,3460,992
2012-12-01,33,9,576,784
2013-01-01,1,1,261,220
2013-01-01,1,2,138,433
2013-01-01,1,3,85,243
2013-01-01,1,4,0,67
2013-01-01,1,5,18,162
2013-01-01,1,6,66,206
2013-01-01,1,7,0,26
2013-01-01,1,8,560,845
2013-01-01,1,9,325,678
2013-01-01,2,1,469,422
2013-01-01,2,2,160,831
2013-01-01,2,3,75,439
2013-01-01,2,4,0,77
2013-01-01,2,5,17,290
2013-01-01,2,6,77,366
2013-01-01,2,7,0,34
2013-01-01,2,8,763,1585
2013-01-01,2,9,357,1260
2013-01-01,3,1,173,292
2013-01-01,3,2,115,573
2013-01-01,3,3,64,308
2013-01-01,3,4,0,44
2013-01-01,3,5,16,186
2013-01-01,3,6,26,240
2013-01-01,3,7,0,18
2013-01-01,3,8,344,1047
2013-01-01,3,9,218,863
2013-01-01,4,1,265,346
2013-01-01,4,2,169,680
2013-01-01,4,3,366,435
2013-01-01,4,4,0,86
2013-01-01,4,5,22,266
2013-01-01,4,6,83,316
2013-01-01,4,7,0,33
2013-01-01,4,8,681,1307
2013-01-01,4,9,433,1074
2013-01-01,5,1,326,394
2013-01-01,5,2,152,782
2013-01-01,5,3,91,392
2013-01-01,5,4,0,79
2013-01-01,5,5,16,262
2013-01-01,5,6,42,321
2013-01-01,5,7,0,24
2013-01-01,5,8,645,1449
2013-01-01,5,9,327,1148
2013-01-01,6,1,280,266
2013-01-01,6,2,140,531
2013-01-01,6,3,208,315
2013-01-01,6,4,0,71
2013-01-01,6,5,35,215
2013-01-01,6,6,74,248
2013-01-01,6,7,0,24
2013-01-01,6,8,1382,1030
2013-01-01,6,9,416,804
2013-01-01,7,1,1,5
2013-01-01,7,2,0,11
2013-01-01,7,3,1,7
2013-01-01,7,5,0,4
2013-01-01,7,6,0,5
2013-01-01,7,8,6,33
2013-01-01,7,9,2,25
2013-01-01,8,1,362,440
2013-01-01,8,2,212,872
2013-01-01,8,3,214,481
2013-01-01,8,4,0,87
2013-01-01,8,5,37,283
2013-01-01,8,6,201,405
2013-01-01,8,7,0,47
2013-01-01,8,8,772,1632
2013-01-01,8,9,465,1328
2013-01-01,9,1,369,392
2013-01-01,9,2,165,778
2013-01-01,9,3,178,465
2013-01-01,9,4,0,79
2013-01-01,9,5,25,292
2013-01-01,9,6,80,351
2013-01-01,9,7,0,37
2013-01-01,9,8,863,1489
2013-01-01,9,9,537,1204
2013-01-01,10,1,316,366
2013-01-01,10,2,139,720
2013-01-01,10,3,90,408
2013-01-01,10,4,0,90
2013-01-01,10,5,23,273
2013-01-01,10,6,72,329
2013-01-01,10,7,0,35
2013-01-01,10,8,663,1393
2013-01-01,10,9,320,1119
2013-01-01,11,1,218,302
2013-01-01,11,2,139,600
2013-01-01,11,3,123,345
2013-01-01,11,4,0,56
2013-01-01,11,5,25,204
2013-01-01,11,6,49,280
2013-01-01,11,7,0,27
2013-01-01,11,8,699,1151
2013-01-01,11,9,403,935
2013-01-01,12,1,212,288
2013-01-01,12,2,156,573
2013-01-01,12,3,155,359
2013-01-01,12,4,0,70
2013-01-01,12,5,23,253
2013-01-01,12,6,87,270
2013-01-01,12,7,0,39
2013-01-01,12,8,1001,1115
2013-01-01,12,9,386,901
2013-01-01,13,1,137,226
2013-01-01,13,2,107,449
2013-01-01,13,3,164,295
2013-01-01,13,4,0,45
2013-01-01,13,5,16,205
2013-01-01,13,6,50,201
2013-01-01,13,7,0,36
2013-01-01,13,8,753,893
2013-01-01,13,9,350,694
2013-01-01,14,1,257,290
2013-01-01,14,2,175,578
2013-01-01,14,3,111,328
2013-01-01,14,4,0,96
2013-01-01,14,5,25,220
2013-01-01,14,6,63,273
2013-01-01,14,7,0,35
2013-01-01,14,8,757,1115
2013-01-01,14,9,331,897
2013-01-01,15,1,233,274
2013-01-01,15,2,118,537
2013-01-01,15,3,59,289
2013-01-01,15,4,0,44
2013-01-01,15,5,17,187
2013-01-01,15,6,55,222
2013-01-01,15,7,0,24
2013-01-01,15,8,364,999
2013-01-01,15,9,226,810
2013-01-01,16,1,253,300
2013-01-01,16,2,120,594
2013-01-01,16,3,92,302
2013-01-01,16,4,0,51
2013-01-01,16,5,17,195
2013-01-01,16,6,31,256
2013-01-01,16,7,0,18
2013-01-01,16,8,533,1100
2013-01-01,16,9,271,884
2013-01-01,17,1,245,322
2013-01-01,17,2,189,635
2013-01-01,17,3,91,348
2013-01-01,17,4,0,80
2013-01-01,17,5,37,214
2013-01-01,17,6,53,276
2013-01-01,17,7,0,33
2013-01-01,17,8,723,1223
2013-01-01,17,9,389,967
2013-01-01,18,1,273,284
2013-01-01,18,2,143,565
2013-01-01,18,3,104,314
2013-01-01,18,4,0,65
2013-01-01,18,5,36,218
2013-01-01,18,6,35,241
2013-01-01,18,7,0,33
2013-01-01,18,8,743,1092
2013-01-01,18,9,369,854
2013-01-01,19,1,184,246
2013-01-01,19,2,130,491
2013-01-01,19,3,160,316
2013-01-01,19,4,0,48
2013-01-01,19,5,25,213
2013-01-01,19,6,85,243
2013-01-01,19,7,0,38
2013-01-01,19,8,1088,961
2013-01-01,19,9,408,770
2013-01-01,20,1,163,206
2013-01-01,20,2,75,412
2013-01-01,20,3,105,246
2013-01-01,20,4,0,57
2013-01-01,20,5,11,185
2013-01-01,20,6,38,188
2013-01-01,20,7,0,24
2013-01-01,20,8,940,808
2013-01-01,20,9,204,622
2013-01-01,21,1,118,196
2013-01-01,21,2,69,390
2013-01-01,21,3,33,205
2013-01-01,21,4,0,35
2013-01-01,21,5,9,135
2013-01-01,21,6,22,145
2013-01-01,21,7,0,17
2013-01-01,21,8,382,716
2013-01-01,21,9,143,564
2013-01-01,22,1,348,356
2013-01-01,22,2,171,709
2013-01-01,22,3,177,445
2013-01-01,22,4,0,90
2013-01-01,22,5,37,294
2013-01-01,22,6,231,351
2013-01-01,22,7,0,53
2013-01-01,22,8,1209,1394
2013-01-01,22,9,523,1114
2013-01-01,23,1,321,338
2013-01-01,23,2,205,673
2013-01-01,23,3,151,405
2013-01-01,23,4,0,102
2013-01-01,23,5,29,253
2013-01-01,23,6,103,323
2013-01-01,23,7,0,44
2013-01-01,23,8,723,1300
2013-01-01,23,9,405,1054
2013-01-01,24,1,179,248
2013-01-01,24,2,107,490
2013-01-01,24,3,60,270
2013-01-01,24,4,0,53
2013-01-01,24,5,15,180
2013-01-01,24,6,44,219
2013-01-01,24,7,0,24
2013-01-01,24,8,472,937
2013-01-01,24,9,230,726
2013-01-01,25,1,282,328
2013-01-01,25,2,177,652
2013-01-01,25,3,174,385
2013-01-01,25,4,0,99
2013-01-01,25,5,40,242
2013-01-01,25,6,195,319
2013-01-01,25,7,0,36
2013-01-01,25,8,1075,1274
2013-01-01,25,9,459,1030
2013-01-01,26,1,339,322
2013-01-01,26,2,107,637
2013-01-01,26,3,144,338
2013-01-01,26,4,0,79
2013-01-01,26,5,14,230
2013-01-01,26,6,77,300
2013-01-01,26,7,0,26
2013-01-01,26,8,759,1220
2013-01-01,26,9,284,975
2013-01-01,27,1,245,230
2013-01-01,27,2,104,459
2013-01-01,27,3,42,213
2013-01-01,27,4,0,26
2013-01-01,27,5,19,164
2013-01-01,27,6,20,171
2013-01-01,27,7,0,22
2013-01-01,27,8,341,863
2013-01-01,27,9,150,668
2013-01-01,28,1,325,332
2013-01-01,28,2,206,662
2013-01-01,28,3,251,418
2013-01-01,28,4,0,109
2013-01-01,28,5,31,265
2013-01-01,28,6,232,327
2013-01-01,28,7,0,37
2013-01-01,28,8,1169,1290
2013-01-01,28,9,532,1035
2013-01-01,29,1,120,242
2013-01-01,29,2,90,476
2013-01-01,29,3,38,248
2013-01-01,29,4,0,28
2013-01-01,29,5,13,164
2013-01-01,29,6,18,195
2013-01-01,29,7,0,17
2013-01-01,29,8,383,896
2013-01-01,29,9,201,720
2013-01-01,30,1,256,288
2013-01-01,30,2,141,575
2013-01-01,30,3,213,346
2013-01-01,30,4,0,50
2013-01-01,30,5,29,239
2013-01-01,30,6,116,264
2013-01-01,30,7,0,39
2013-01-01,30,8,816,1123
2013-01-01,30,9,516,892
2013-01-01,31,1,286,288
2013-01-01,31,2,165,572
2013-01-01,31,3,183,323
2013-01-01,31,4,0,68
2013-01-01,31,5,26,214
2013-01-01,31,6,112,281
2013-01-01,31,7,0,28
2013-01-01,31,8,897,1098
2013-01-01,31,9,361,890
2013-01-01,32,1,307,358
2013-01-01,32,2,124,708
2013-01-01,32,3,81,388
2013-01-01,32,4,0,78
2013-01-01,32,5,19,278
2013-01-01,32,6,116,334
2013-01-01,32,7,0,39
2013-01-01,32,8,968,1355
2013-01-01,32,9,280,1079
2013-01-01,33,1,339,256
2013-01-01,33,2,157,511
2013-01-01,33,3,353,302
2013-01-01,33,4,0,81
2013-01-01,33,5,45,203
2013-01-01,33,6,166,232
2013-01-01,33,7,0,34
2013-01-01,33,8,3152,992
2013-01-01,33,9,537,784
2013-02-01,1,1,251,220
2013-02-01,1,2,142,433
2013-02-01,1,3,95,243
2013-02-01,1,4,0,67
2013-02-01,1,5,24,162
2013-02-01,1,6,49,206
2013-02-01,1,7,0,26
2013-02-01,1,8,578,845
2013-02-01,1,9,284,678
2013-02-01,2,1,397,422
2013-02-01,2,2,148,831
2013-02-01,2,3,74,439
2013-02-01,2,4,0,77
2013-02-01,2,5,19,290
2013-02-01,2,6,71,366
2013-02-01,2,7,0,34
2013-02-01,2,8,841,1585
2013-02-01,2,9,327,1260
2013-02-01,3,1,159,292
2013-02-01,3,2,129,573
2013-02-01,3,3,60,308
2013-02-01,3,4,0,44
2013-02-01,3,5,16,186
2013-02-01,3,6,22,240
2013-02-01,3,7,0,18
2013-02-01,3,8,369,1047
2013-02-01,3,9,209,863
2013-02-01,4,1,374,346
2013-02-01,4,2,154,680
2013-02-01,4,3,273,435
2013-02-01,4,4,0,86
2013-02-01,4,5,26,266
2013-02-01,4,6,80,316
2013-02-01,4,7,0,33
2013-02-01,4,8,608,1307
2013-02-01,4,9,426,1074
2013-02-01,5,1,304,394
2013-02-01,5,2,177,782
2013-02-01,5,3,77,392
2013-02-01,5,4,0,79
2013-02-01,5,5,23,262
2013-02-01,5,6,45,321
2013-02-01,5,7,0,24
2013-02-01,5,8,605,1449
2013-02-01,5,9,298,1148
2013-02-01,6,1,242,266
2013-02-01,6,2,116,531
2013-02-01,6,3,190,315
2013-02-01,6,4,0,71
2013-02-01,6,5,36,215
2013-02-01,6,6,67,248
2013-02-01,6,7,0,24
2013-02-01,6,8,1304,1030
2013-02-01,6,9,365,804
2013-02-01,7,1,0,5
2013-02-01,7,2,1,11
2013-02-01,7,3,0,7
2013-02-01,7,5,0,4
2013-02-01,7,6,0,5
2013-02-01,7,8,6,33
2013-02-01,7,9,0,25
2013-02-01,8,1,339,440
2013-02-01,8,2,232,872
2013-02-01,8,3,181,481
2013-02-01,8,4,0,87
2013-02-01,8,5,40,283
2013-02-01,8,6,128,405
2013-02-01,8,7,0,47
2013-02-01,8,8,792,1632
2013-02-01,8,9,472,1328
2013-02-01,9,1,372,392
2013-02-01,9,2,170,778
2013-02-01,9,3,226,465
2013-02-01,9,4,0,79
2013-02-01,9,5,43,292
2013-02-01,9,6,78,351
2013-02-01,9,7,0,37
2013-02-01,9,8,864,1489
2013-02-01,9,9,478,1204
2013-02-01,10,1,305,366
2013-02-01,10,2,143,720
2013-02-01,10,3,120,408
2013-02-01,10,4,0,90
2013-02-01,10,5,24,273
2013-02-01,10,6,72,329
2013-02-01,10,7,0,35
2013-02-01,10,8,713,1393
2013-02-01,10,9,355,1119
2013-02-01,11,1,222,302
2013-02-01,11,2,206,600
2013-02-01,11,3,104,345
2013-02-01,11,4,0,56
2013-02-01,11,5,32,204
2013-02-01,11,6,32,280
2013-02-01,11,7,0,27
2013-02-01,11,8,588,1151
2013-02-01,11,9,354,935
2013-02-01,12,1,193,288
2013-02-01,12,2,134,573
2013-02-01,12,3,162,359
2013-02-01,12,4,0,70
2013-02-01,12,5,32,253
2013-02-01,12,6,72,270
2013-02-01,12,7,0,39
2013-02-01,12,8,1035,1115
2013-02-01,12,9,396,901
2013-02-01,13,1,123,226
2013-02-01,13,2,87,449
2013-02-01,13,3,144,295
2013-02-01,13,4,0,45
2013-02-01,13,5,32,205
2013-02-01,13,6,45,201
2013-02-01,13,7,0,36
2013-02-01,13,8,724,893
2013-02-01,13,9,319,694
2013-02-01,14,1,213,290
2013-02-01,14,2,118,578
2013-02-01,14,3,95,328
2013-02-01,14,4,0,96
2013-02-01,14,5,22,220
2013-02-01,14,6,58,273
2013-02-01,14,7,0,35
2013-02-01,14,8,646,1115
2013-02-01,14,9,331,897
2013-02-01,15,1,236,274
2013-02-01,15,2,111,537
2013-02-01,15,3,38,289
2013-02-01,15,4,0,44
2013-02-01,15,5,12,187
2013-02-01,15,6,53,222
2013-02-01,15,7,0,24
2013-02-01,15,8,345,999
2013-02-01,15,9,180,810
2013-02-01,16,1,270,300
2013-02-01,16,2,116,594
2013-02-01,16,3,95,302
2013-02-01,16,4,0,51
2013-02-01,16,5,22,195
2013-02-01,16,6,25,256
2013-02-01,16,7,0,18
2013-02-01,16,8,510,1100
2013-02-01,16,9,222,884
2013-02-01,17,1,254,322
2013-02-01,17,2,172,635
2013-02-01,17,3,70,348
2013-02-01,17,4,0,80
2013-02-01,17,5,42,214
2013-02-01,17,6,59,276
2013-02-01,17,7,0,33
2013-02-01,17,8,649,1223
2013-02-01,17,9,375,967
2013-02-01,18,1,267,284
2013-02-01,18,2,128,565
2013-02-01,18,3,113,314
2013-02-01,18,4,0,65
2013-02-01,18,5,33,218
2013-02-01,18,6,40,241
2013-02-01,18,7,0,33
2013-02-01,18,8,612,1092
2013-02-01,18,9,343,854
2013-02-01,19,1,183,246
2013-02-01,19,2,121,491
2013-02-01,19,3,127,316
2013-02-01,19,4,0,48
2013-02-01,19,5,49,213
2013-02-01,19,6,85,243
2013-02-01,19,7,0,38
2013-02-01,19,8,1083,961
2013-02-01,19,9,406,770
2013-02-01,20,1,131,206
2013-02-01,20,2,65,412
2013-02-01,20,3,77,246
2013-02-01,20,4,0,57
2013-02-01,20,5,14,185
2013-02-01,20,6,37,188
2013-02-01,20,7,0,24
2013-02-01,20,8,991,808
2013-02-01,20,9,204,622
2013-02-01,21,1,113,196
2013-02-01,21,2,83,390
2013-02-01,21,3,48,205
2013-02-01,21,4,0,35
2013-02-01,21,5,8,135
2013-02-01,21,6,11,145
2013-02-01,21,7,0,17
2013-02-01,21,8,338,716
2013-02-01,21,9,142,564
2013-02-01,22,1,319,356
2013-02-01,22,2,186,709
2013-02-01,22,3,156,445
2013-02-01,22,4,0,90
2013-02-01,22,5,31,294
2013-02-01,22,6,171,351
2013-02-01,22,7,0,53
2013-02-01,22,8,1089,1394
2013-02-01,22,9,407,1114
2013-02-01,23,1,316,338
2013-02-01,23,2,174,673
2013-02-01,23,3,161,405
2013-02-01,23,4,0,102
2013-02-01,23,5,24,253
2013-02-01,23,6,113,323
2013-02-01,23,7,0,44
2013-02-01,23,8,657,1300
2013-02-01,23,9,390,1054
2013-02-01,24,1,151,248
2013-02-01,24,2,109,490
2013-02-01,24,3,46,270
2013-02-01,24,4,0,53
2013-02-01,24,5,8,180
2013-02-01,24,6,43,219
2013-02-01,24,7,0,24
2013-02-01,24,8,425,937
2013-02-01,24,9,175,726
2013-02-01,25,1,251,328
2013-02-01,25,2,153,652
2013-02-01,25,3,116,385
2013-02-01,25,4,0,99
2013-02-01,25,5,30,242
2013-02-01,25,6,161,319
2013-02-01,25,7,0,36
2013-02-01,25,8,1015,1274
2013-02-01,25,9,365,1030
2013-02-01,26,1,307,322
2013-02-01,26,2,148,637
2013-02-01,26,3,140,338
2013-02-01,26,4,0,79
2013-02-01,26,5,21,230
2013-02-01,26,6,64,300
2013-02-01,26,7,0,26
2013-02-01,26,8,686,1220
2013-02-01,26,9,316,975
2013-02-01,27,1,163,230
2013-02-01,27,2,93,459
2013-02-01,27,3,53,213
2013-02-01,27,4,0,26
2013-02-01,27,5,10,164
2013-02-01,27,6,14,171
2013-02-01,27,7,0,22
2013-02-01,27,8,330,863
2013-02-01,27,9,127,668
2013-02-01,28,1,243,332
2013-02-01,28,2,229,662
2013-02-01,28,3,190,418
2013-02-01,28,4,0,109
2013-02-01,28,5,38,265
2013-02-01,28,6,176,327
2013-02-01,28,7,0,37
2013-02-01,28,8,1086,1290
2013-02-01,28,9,452,1035
2013-02-01,29,1,107,242
2013-02-01,29,2,86,476
2013-02-01,29,3,38,248
2013-02-01,29,4,0,28
2013-02-01,29,5,12,164
2013-02-01,29,6,24,195
2013-02-01,29,7,0,17
2013-02-01,29,8,339,896
2013-02-01,29,9,154,720
2013-02-01,30,1,222,288
2013-02-01,30,2,161,575
2013-02-01,30,3,208,346
2013-02-01,30,4,0,50
2013-02-01,30,5,32,239
2013-02-01,30,6,99,264
2013-02-01,30,7,0,39
2013-02-01,30,8,818,1123
2013-02-01,30,9,399,892
2013-02-01,31,1,226,288
2013-02-01,31,2,149,572
2013-02-01,31,3,149,323
2013-02-01,31,4,0,68
2013-02-01,31,5,22,214
2013-02-01,31,6,87,281
2013-02-01,31,7,0,28
2013-02-01,31,8,801,1098
2013-02-01,31,9,321,890
2013-02-01,32,1,227,358
2013-02-01,32,2,174,708
2013-02-01,32,3,124,388
2013-02-01,32,4,0,78
2013-02-01,32,5,26,278
2013-02-01,32,6,72,334
2013-02-01,32,7,0,39
2013-02-01,32,8,902,1355
2013-02-01,32,9,298,1079
2013-02-01,33,1,277,256
2013-02-01,33,2,148,511
2013-02-01,33,3,294,302
2013-02-01,33,4,0,81
2013-02-01,33,5,52,203
2013-02-01,33,6,173,232
2013-02-01,33,7,0,34
2013-02-01,33,8,3061,992
2013-02-01,33,9,426,784
2013-03-01,1,1,242,220
2013-03-01,1,2,125,433
2013-03-01,1,3,97,243
2013-03-01,1,4,0,67
2013-03-01,1,5,31,162
2013-03-01,1,6,47,206
2013-03-01,1,7,0,26
2013-03-01,1,8,547,845
2013-03-01,1,9,308,678
2013-03-01,2,1,399,422
2013-03-01,2,2,149,831
2013-03-01,2,3,89,439
2013-03-01,2,4,0,77
2013-03-01,2,5,30,290
2013-03-01,2,6,96,366
2013-03-01,2,7,0,34
2013-03-01,2,8,957,1585
2013-03-01,2,9,330,1260
2013-03-01,3,1,121,292
2013-03-01,3,2,102,573
2013-03-01,3,3,79,308
2013-03-01,3,4,0,44
2013-03-01,3,5,19,186
2013-03-01,3,6,27,240
2013-03-01,3,7,0,18
2013-03-01,3,8,356,1047
2013-03-01,3,9,238,863
2013-03-01,4,1,308,346
2013-03-01,4,2,135,680
2013-03-01,4,3,302,435
2013-03-01,4,4,0,86
2013-03-01,4,5,39,266
2013-03-01,4,6,113,316
2013-03-01,4,7,0,33
2013-03-01,4,8,696,1307
2013-03-01,4,9,460,1074
2013-03-01,5,1,245,394
2013-03-01,5,2,164,782
2013-03-01,5,3,93,392
2013-03-01,5,4,0,79
2013-03-01,5,5,26,262
2013-03-01,5,6,46,321
2013-03-01,5,7,0,24
2013-03-01,5,8,729,1449
2013-03-01,5,9,327,1148
2013-03-01,6,1,259,266
2013-03-01,6,2,112,531
2013-03-01,6,3,162,315
2013-03-01,6,4,0,71
2013-03-01,6,5,32,215
2013-03-01,6,6,57,248
2013-03-01,6,7,0,24
2013-03-01,6,8,1388,1030
2013-03-01,6,9,362,804
2013-03-01,7,1,0,5
2013-03-01,7,2,0,11
2013-03-01,7,3,0,7
2013-03-01,7,5,0,4
2013-03-01,7,6,1,5
2013-03-01,7,8,5,33
2013-03-01,7,9,1,25
2013-03-01,8,1,353,440
2013-03-01,8,2,212,872
2013-03-01,8,3,206,481
2013-03-01,8,4,0,87
2013-03-01,8,5,32,283
2013-03-01,8,6,183,405
2013-03-01,8,7,0,47
2013-03-01,8,8,825,1632
2013-03-01,8,9,498,1328
2013-03-01,9,1,301,392
2013-03-01,9,2,173,778
2013-03-01,9,3,174,465
2013-03-01,9,4,0,79
2013-03-01,9,5,37,292
2013-03-01,9,6,82,351
2013-03-01,9,7,0,37
2013-03-01,9,8,846,1489
2013-03-01,9,9,546,1204
2013-03-01,10,1,303,366
2013-03-01,10,2,165,720
2013-03-01,10,3,129,408
2013-03-01,10,4,0,90
2013-03-01,10,5,28,273
2013-03-01,10,6,61,329
2013-03-01,10,7,0,35
2013-03-01,10,8,677,1393
2013-03-01,10,9,361,1119
2013-03-01,11,1,184,302
2013-03-01,11,2,166,600
2013-03-01,11,3,98,345
2013-03-01,11,4,0,56
2013-03-01,11,5,25,204
2013-03-01,11,6,28,280
2013-03-01,11,7,0,27
2013-03-01,11,8,593,1151
2013-03-01,11,9,397,935
2013-03-01,12,1,224,288
2013-03-01,12,2,129,573
2013-03-01,12,3,162,359
2013-03-01,12,4,0,70
2013-03-01,12,5,31,253
2013-03-01,12,6,87,270
2013-03-01,12,7,0,39
2013-03-01,12,8,997,1115
2013-03-01,12,9,442,901
2013-03-01,13,1,101,226
2013-03-01,13,2,93,449
2013-03-01,13,3,179,295
2013-03-01,13,4,0,45
2013-03-01,13,5,41,205
2013-03-01,13,6,49,201
2013-03-01,13,7,0,36
2013-03-01,13,8,707,893
2013-03-01,13,9,319,694
2013-03-01,14,1,212,290
2013-03-01,14,2,140,578
2013-03-01,14,3,93,328
2013-03-01,14,4,0,96
2013-03-01,14,5,23,220
2013-03-01,14,6,83,273
2013-03-01,14,7,0,35
2013-03-01,14,8,740,1115
2013-03-01,14,9,376,897
2013-03-01,15,1,256,274
2013-03-01,15,2,97,537
2013-03-01,15,3,52,289
2013-03-01,15,4,0,44
2013-03-01,15,5,17,187
2013-03-01,15,6,44,222
2013-03-01,15,7,0,24
2013-03-01,15,8,373,999
2013-03-01,15,9,218,810
2013-03-01,16,1,260,300
2013-03-01,16,2,136,594
2013-03-01,16,3,104,302
2013-03-01,16,4,0,51
2013-03-01,16,5,21,195
2013-03-01,16,6,39,256
2013-03-01,16,7,0,18
2013-03-01,16,8,549,1100
2013-03-01,16,9,239,884
2013-03-01,17,1,258,322
2013-03-01,17,2,161,635
2013-03-01,17,3,84,348
2013-03-01,17,4,0,80
2013-03-01,17,5,60,214
2013-03-01,17,6,55,276
2013-03-01,17,7,0,33
2013-03-01,17,8,725,1223
2013-03-01,17,9,406,967
2013-03-01,18,1,268,284
2013-03-01,18,2,184,565
2013-03-01,18,3,154,314
2013-03-01,18,4,0,65
2013-03-01,18,5,22,218
2013-03-01,18,6,57,241
2013-03-01,18,7,0,33
2013-03-01,18,8,617,1092
2013-03-01,18,9,410,854
2013-03-01,19,1,209,246
2013-03-01,19,2,142,491
2013-03-01,19,3,116,316
2013-03-01,19,4,0,48
2013-03-01,19,5,37,213
2013-03-01,19,6,84,243
2013-03-01,19,7,0,38
2013-03-01,19,8,1045,961
2013-03-01,19,9,374,770
2013-03-01,20,1,114,206
2013-03-01,20,2,60,412
2013-03-01,20,3,86,246
2013-03-01,20,4,0,57
2013-03-01,20,5,18,185
2013-03-01,20,6,52,188
2013-03-01,20,7,0,24
2013-03-01,20,8,835,808
2013-03-01,20,9,203,622
2013-03-01,21,1,101,196
2013-03-01,21,2,99,390
2013-03-01,21,3,40,205
2013-03-01,21,4,0,35
2013-03-01,21,5,8,135
2013-03-01,21,6,14,145
2013-03-01,21,7,0,17
2013-03-01,21,8,349,716
2013-03-01,21,9,186,564
2013-03-01,22,1,305,356
2013-03-01,22,2,209,709
2013-03-01,22,3,157,445
2013-03-01,22,4,0,90
2013-03-01,22,5,36,294
2013-03-01,22,6,213,351
2013-03-01,22,7,0,53
2013-03-01,22,8,1207,1394
2013-03-01,22,9,531,1114
2013-03-01,23,1,335,338
2013-03-01,23,2,192,673
2013-03-01,23,3,164,405
2013-03-01,23,4,0,102
2013-03-01,23,5,31,253
2013-03-01,23,6,97,323
2013-03-01,23,7,0,44
2013-03-01,23,8,641,1300
2013-03-01,23,9,440,1054
2013-03-01,24,1,141,248
2013-03-01,24,2,107,490
2013-03-01,24,3,53,270
2013-03-01,24,4,0,53
2013-03-01,24,5,13,180
2013-03-01,24,6,46,219
2013-03-01,24,7,0,24
2013-03-01,24,8,440,937
2013-03-01,24,9,166,726
2013-03-01,25,1,245,328
2013-03-01,25,2,147,652
2013-03-01,25,3,132,385
2013-03-01,25,4,0,99
2013-03-01,25,5,27,242
2013-03-01,25,6,172,319
2013-03-01,25,7,0,36
2013-03-01,25,8,1014,1274
2013-03-01,25,9,457,1030
2013-03-01,26,1,259,322
2013-03-01,26,2,122,637
2013-03-01,26,3,174,338
2013-03-01,26,4,0,79
2013-03-01,26,5,24,230
2013-03-01,26,6,70,300
2013-03-01,26,7,0,26
2013-03-01,26,8,763,1220
2013-03-01,26,9,346,975
2013-03-01,27,1,201,230
2013-03-01,27,2,109,459
2013-03-01,27,3,58,213
2013-03-01,27,4,0,26
2013-03-01,27,5,11,164
2013-03-01,27,6,11,171
2013-03-01,27,7,0,22
2013-03-01,27,8,343,863
2013-03-01,27,9,194,668
2013-03-01,28,1,229,332
2013-03-01,28,2,136,662
2013-03-01,28,3,262,418
2013-03-01,28,4,0,109
2013-03-01,28,5,57,265
2013-03-01,28,6,210,327
2013-03-01,28,7,0,37
2013-03-01,28,8,1213,1290
2013-03-01,28,9,515,1035
2013-03-01,29,1,117,242
2013-03-01,29,2,88,476
2013-03-01,29,3,31,248
2013-03-01,29,4,0,28
2013-03-01,29,5,14,164
2013-03-01,29,6,22,195
2013-03-01,29,7,0,17
2013-03-01,29,8,384,896
2013-03-01,29,9,168,720
2013-03-01,30,1,250,288
2013-03-01,30,2,166,575
2013-03-01,30,3,309,346
2013-03-01,30,4,0,50
2013-03-01,30,5,41,239
2013-03-01,30,6,107,264
2013-03-01,30,7,0,39
2013-03-01,30,8,779,1123
2013-03-01,30,9,480,892
2013-03-01,31,1,216,288
2013-03-01,31,2,140,572
2013-03-01,31,3,147,323
2013-03-01,31,4,0,68
2013-03-01,31,5,21,214
2013-03-01,31,6,76,281
2013-03-01,31,7,0,28
2013-03-01,31,8,726,1098
2013-03-01,31,9,439,890
2013-03-01,32,1,246,358
2013-03-01,32,2,169,708
2013-03-01,32,3,116,388
2013-03-01,32,4,0,78
2013-03-01,32,5,23,278
2013-03-01,32,6,95,334
2013-03-01,32,7,0,39
2013-03-01,32,8,907,1355
2013-03-01,32,9,311,1079
2013-03-01,33,1,309,256
2013-03-01,33,2,143,511
2013-03-01,33,3,323,302
2013-03-01,33,4,0,81
2013-03-01,33,5,60,203
2013-03-01,33,6,182,232
2013-03-01,33,7,0,34
2013-03-01,33,8,2996,992
2013-03-01,33,9,564,784
2013-04-01,1,1,183,220
2013-04-01,1,2,128,433
2013-04-01,1,3,113,243
2013-04-01,1,4,0,67
2013-04-01,1,5,27,162
2013-04-01,1,6,38,206
2013-04-01,1,7,0,26
2013-04-01,1,8,519,845
2013-04-01,1,9,289,678
2013-04-01,2,1,347,422
2013-04-01,2,2,169,831
2013-04-01,2,3,57,439
2013-04-01,2,4,0,77
2013-04-01,2,5,11,290
2013-04-01,2,6,63,366
2013-04-01,2,7,0,34
2013-04-01,2,8,783,1585
2013-04-01,2,9,351,1260
2013-04-01,3,1,146,292
2013-04-01,3,2,109,573
2013-04-01,3,3,61,308
2013-04-01,3,4,0,44
2013-04-01,3,5,20,186
2013-04-01,3,6,21,240
2013-04-01,3,7,0,18
2013-04-01,3,8,368,1047
2013-04-01,3,9,189,863
2013-04-01,4,1,229,346
2013-04-01,4,2,162,680
2013-04-01,4,3,202,435
2013-04-01,4,4,0,86
2013-04-01,4,5,37,266
2013-04-01,4,6,94,316
2013-04-01,4,7,0,33
2013-04-01,4,8,591,1307
2013-04-01,4,9,486,1074
2013-04-01,5,1,270,394
2013-04-01,5,2,164,782
2013-04-01,5,3,79,392
2013-04-01,5,4,0,79
2013-04-01,5,5,19,262
2013-04-01,5,6,32,321
2013-04-01,5,7,0,24
2013-04-01,5,8,715,1449
2013-04-01,5,9,336,1148
2013-04-01,6,1,268,266
2013-04-01,6,2,154,531
2013-04-01,6,3,151,315
2013-04-01,6,4,0,71
2013-04-01,6,5,34,215
2013-04-01,6,6,67,248
2013-04-01,6,7,0,24
2013-04-01,6,8,1310,1030
2013-04-01,6,9,372,804
2013-04-01,7,1,0,5
2013-04-01,7,2,0,11
2013-04-01,7,3,0,7
2013-04-01,7,5,0,4
2013-04-01,7,6,0,5
2013-04-01,7,8,6,33
2013-04-01,7,9,1,25
2013-04-01,8,1,271,440
2013-04-01,8,2,240,872
2013-04-01,8,3,141,481
2013-04-01,8,4,0,87
2013-04-01,8,5,30,283
2013-04-01,8,6,160,405
2013-04-01,8,7,0,47
2013-04-01,8,8,894,1632
2013-04-01,8,9,437,1328
2013-04-01,9,1,251,392
2013-04-01,9,2,207,778
2013-04-01,9,3,175,465
2013-04-01,9,4,0,79
2013-04-01,9,5,27,292
2013-04-01,9,6,93,351
2013-04-01,9,7,0,37
2013-04-01,9,8,902,1489
2013-04-01,9,9,501,1204
2013-04-01,10,1,263,366
2013-04-01,10,2,162,720
2013-04-01,10,3,112,408
2013-04-01,10,4,0,90
2013-04-01,10,5,31,273
2013-04-01,10,6,78,329
2013-04-01,10,7,0,35
2013-04-01,10,8,743,1393
2013-04-01,10,9,291,1119
2013-04-01,11,1,208,302
2013-04-01,11,2,178,600
2013-04-01,11,3,105,345
2013-04-01,11,4,0,56
2013-04-01,11,5,35,204
2013-04-01,11,6,32,280
2013-04-01,11,7,0,27
2013-04-01,11,8,624,1151
2013-04-01,11,9,382,935
2013-04-01,12,1,221,288
2013-04-01,12,2,128,573
2013-04-01,12,3,148,359
2013-04-01,12,4,0,70
2013-04-01,12,5,31,253
2013-04-01,12,6,75,270
2013-04-01,12,7,0,39
2013-04-01,12,8,1000,1115
2013-04-01,12,9,514,901
2013-04-01,13,1,114,226
2013-04-01,13,2,116,449
2013-04-01,13,3,190,295
2013-04-01,13,4,0,45
2013-04-01,13,5,31,205
2013-04-01,13,6,35,201
2013-04-01,13,7,0,36
2013-04-01,13,8,734,893
2013-04-01,13,9,282,694
2013-04-01,14,1,227,290
2013-04-01,14,2,125,578
2013-04-01,14,3,117,328
2013-04-01,14,4,0,96
2013-04-01,14,5,22,220
2013-04-01,14,6,85,273
2013-04-01,14,7,0,35
2013-04-01,14,8,708,1115
2013-04-01,14,9,346,897
2013-04-01,15,1,153,274
2013-04-01,15,2,79,537
2013-04-01,15,3,67,289
2013-04-01,15,4,0,44
2013-04-01,15,5,20,187
2013-04-01,15,6,37,222
2013-04-01,15,7,0,24
2013-04-01,15,8,330,999
2013-04-01,15,9,237,810
2013-04-01,16,1,227,300
2013-04-01,16,2,113,594
2013-04-01,16,3,77,302
2013-04-01,16,4,0,51
2013-04-01,16,5,24,195
2013-04-01,16,6,20,256
2013-04-01,16,7,0,18
2013-04-01,16,8,505,1100
2013-04-01,16,9,273,884
2013-04-01,17,1,245,322
2013-04-01,17,2,190,635
2013-04-01,17,3,50,348
2013-04-01,17,4,0,80
2013-04-01,17,5,40,214
2013-04-01,17,6,62,276
2013-04-01,17,7,0,33
2013-04-01,17,8,660,1223
2013-04-01,17,9,389,967
2013-04-01,18,1,149,284
2013-04-01,18,2,174,565
2013-04-01,18,3,109,314
2013-04-01,18,4,0,65
2013-04-01,18,5,28,218
2013-04-01,18,6,45,241
2013-04-01,18,7,0,33
2013-04-01,18,8,665,1092
2013-04-01,18,9,403,854
2013-04-01,19,1,188,246
2013-04-01,19,2,139,491
2013-04-01,19,3,90,316
2013-04-01,19,4,0,48
2013-04-01,19,5,39,213
2013-04-01,19,6,58,243
2013-04-01,19,7,0,38
2013-04-01,19,8,951,961
2013-04-01,19,9,374,770
2013-04-01,20,1,159,206
2013-04-01,20,2,70,412
2013-04-01,20,3,100,246
2013-04-01,20,4,0,57
2013-04-01,20,5,18,185
2013-04-01,20,6,46,188
2013-04-01,20,7,0,24
2013-04-01,20,8,796,808
2013-04-01,20,9,206,622
2013-04-01,21,1,69,196
2013-04-01,21,2,93,390
2013-04-01,21,3,50,205
2013-04-01,21,4,0,35
2013-04-01,21,5,8,135
2013-04-01,21,6,13,145
2013-04-01,21,7,0,17
2013-04-01,21,8,318,716
2013-04-01,21,9,195,564
2013-04-01,22,1,279,356
2013-04-01,22,2,205,709
2013-04-01,22,3,125,445
2013-04-01,22,4,0,90
2013-04-01,22,5,38,294
2013-04-01,22,6,179,351
2013-04-01,22,7,0,53
2013-04-01,22,8,1195,1394
2013-04-01,22,9,498,1114
2013-04-01,23,1,329,338
2013-04-01,23,2,162,673
2013-04-01,23,3,148,405
2013-04-01,23,4,0,102
2013-04-01,23,5,43,253
2013-04-01,23,6,87,323
2013-04-01,23,7,0,44
2013-04-01,23,8,558,1300
2013-04-01,23,9,454,1054
2013-04-01,24,1,187,248
2013-04-01,24,2,133,490
2013-04-01,24,3,49,270
2013-04-01,24,4,0,53
2013-04-01,24,5,10,180
2013-04-01,24,6,31,219
2013-04-01,24,7,0,24
2013-04-01,24,8,437,937
2013-04-01,24,9,181,726
2013-04-01,25,1,264,328
2013-04-01,25,2,169,652
2013-04-01,25,3,132,385
2013-04-01,25,4,0,99
2013-04-01,25,5,41,242
2013-04-01,25,6,191,319
2013-04-01,25,7,0,36
2013-04-01,25,8,972,1274
2013-04-01,25,9,511,1030
2013-04-01,26,1,226,322
2013-04-01,26,2,115,637
2013-04-01,26,3,150,338
2013-04-01,26,4,0,79
2013-04-01,26,5,23,230
2013-04-01,26,6,85,300
2013-04-01,26,7,0,26
2013-04-01,26,8,684,1220
2013-04-01,26,9,324,975
2013-04-01,27,1,133,230
2013-04-01,27,2,121,459
2013-04-01,27,3,65,213
2013-04-01,27,4,0,26
2013-04-01,27,5,7,164
2013-04-01,27,6,23,171
2013-04-01,27,7,0,22
2013-04-01,27,8,386,863
2013-04-01,27,9,154,668
2013-04-01,28,1,289,332
2013-04-01,28,2,190,662
2013-04-01,28,3,211,418
2013-04-01,28,4,0,109
2013-04-01,28,5,44,265
2013-04-01,28,6,157,327
2013-04-01,28,7,0,37
2013-04-01,28,8,1124,1290
2013-04-01,28,9,489,1035
2013-04-01,29,1,101,242
2013-04-01,29,2,135,476
2013-04-01,29,3,32,248
2013-04-01,29,4,0,28
2013-04-01,29,5,15,164
2013-04-01,29,6,12,195
2013-04-01,29,7,0,17
2013-04-01,29,8,346,896
2013-04-01,29,9,198,720
2013-04-01,30,1,232,288
2013-04-01,30,2,184,575
2013-04-01,30,3,242,346
2013-04-01,30,4,0,50
2013-04-01,30,5,40,239
2013-04-01,30,6,93,264
2013-04-01,30,7,0,39
2013-04-01,30,8,872,1123
2013-04-01,30,9,508,892
2013-04-01,31,1,242,288
2013-04-01,31,2,140,572
2013-04-01,31,3,124,323
2013-04-01,31,4,0,68
2013-04-01,31,5,26,214
2013-04-01,31,6,72,281
2013-04-01,31,7,0,28
2013-04-01,31,8,804,1098
2013-04-01,31,9,397,890
2013-04-01,32,1,267,358
2013-04-01,32,2,177,708
2013-04-01,32,3,84,388
2013-04-01,32,4,0,78
2013-04-01,32,5,20,278
2013-04-01,32,6,58,334
2013-04-01,32,7,0,39
2013-04-01,32,8,930,1355
2013-04-01,32,9,317,1079
2013-04-01,33,1,372,256
2013-04-01,33,2,178,511
2013-04-01,33,3,417,302
2013-04-01,33,4,0,81
2013-04-01,33,5,54,203
2013-04-01,33,6,128,232
2013-04-01,33,7,0,34
2013-04-01,33,8,2789,992
2013-04-01,33,9,520,784
2013-05-01,1,1,173,220
2013-05-01,1,2,117,433
2013-05-01,1,3,87,243
2013-05-01,1,4,0,67
2013-05-01,1,5,24,162
2013-05-01,1,6,46,206
2013-05-01,1,7,0,26
2013-05-01,1,8,539,845
2013-05-01,1,9,311,678
2013-05-01,2,1,336,422
2013-05-01,2,2,172,831
2013-05-01,2,3,78,439
2013-05-01,2,4,0,77
2013-05-01,2,5,33,290
2013-05-01,2,6,66,366
2013-05-01,2,7,0,34
2013-05-01,2,8,771,1585
2013-05-01,2,9,378,1260
2013-05-01,3,1,132,292
2013-05-01,3,2,108,573
2013-05-01,3,3,65,308
2013-05-01,3,4,0,44
2013-05-01,3,5,21,186
2013-05-01,3,6,19,240
2013-05-01,3,7,0,18
2013-05-01,3,8,374,1047
2013-05-01,3,9,240,863
2013-05-01,4,1,219,346
2013-05-01,4,2,156,680
2013-05-01,4,3,282,435
2013-05-01,4,4,0,86
2013-05-01,4,5,44,266
2013-05-01,4,6,104,316
2013-05-01,4,7,0,33
2013-05-01,4,8,630,1307
2013-05-01,4,9,575,1074
2013-05-01,5,1,219,394
2013-05-01,5,2,172,782
2013-05-01,5,3,90,392
2013-05-01,5,4,0,79
2013-05-01,5,5,13,262
2013-05-01,5,6,41,321
2013-05-01,5,7,0,24
2013-05-01,5,8,627,1449
2013-05-01,5,9,347,1148
2013-05-01,6,1,278,266
2013-05-01,6,2,143,531
2013-05-01,6,3,185,315
2013-05-01,6,4,0,71
2013-05-01,6,5,39,215
2013-05-01,6,6,76,248
2013-05-01,6,7,0,24
2013-05-01,6,8,1330,1030
2013-05-01,6,9,393,804
2013-05-01,7,1,2,5
2013-05-01,7,2,0,11
2013-05-01,7,3,1,7
2013-05-01,7,5,0,4
2013-05-01,7,6,0,5
2013-05-01,7,8,7,33
2013-05-01,7,9,0,25
2013-05-01,8,1,257,440
2013-05-01,8,2,255,872
2013-05-01,8,3,189,481
2013-05-01,8,4,0,87
2013-05-01,8,5,40,283
2013-05-01,8,6,140,405
2013-05-01,8,7,0,47
2013-05-01,8,8,878,1632
2013-05-01,8,9,508,1328
2013-05-01,9,1,293,392
2013-05-01,9,2,218,778
2013-05-01,9,3,156,465
2013-05-01,9,4,0,79
2013-05-01,9,5,35,292
2013-05-01,9,6,79,351
2013-05-01,9,7,0,37
2013-05-01,9,8,862,1489
2013-05-01,9,9,500,1204
2013-05-01,10,1,298,366
2013-05-01,10,2,167,720
2013-05-01,10,3,124,408
2013-05-01,10,4,0,90
2013-05-01,10,5,23,273
2013-05-01,10,6,94,329
2013-05-01,10,7,0,35
2013-05-01,10,8,732,1393
2013-05-01,10,9,386,1119
2013-05-01,11,1,182,302
2013-05-01,11,2,185,600
2013-05-01,11,3,95,345
2013-05-01,11,4,0,56
2013-05-01,11,5,29,204
2013-05-01,11,6,54,280
2013-05-01,11,7,0,27
2013-05-01,11,8,546,1151
2013-05-01,11,9,405,935
2013-05-01,12,1,210,288
2013-05-01,12,2,141,573
2013-05-01,12,3,165,359
2013-05-01,12,4,0,70
2013-05-01,12,5,28,253
2013-05-01,12,6,84,270
2013-05-01,12,7,0,39
2013-05-01,12,8,990,1115
2013-05-01,12,9,543,901
2013-05-01,13,1,101,226
2013-05-01,13,2,136,449
2013-05-01,13,3,178,295
2013-05-01,13,4,0,45
2013-05-01,13,5,31,205
2013-05-01,13,6,44,201
2013-05-01,13,7,0,36
2013-05-01,13,8,796,893
2013-05-01,13,9,327,694
2013-05-01,14,1,225,290
2013-05-01,14,2,156,578
2013-05-01,14,3,99,328
2013-05-01,14,4,0,96
2013-05-01,14,5,22,220
2013-05-01,14,6,93,273
2013-05-01,14,7,0,35
2013-05-01,14,8,643,1115
2013-05-01,14,9,364,897
2013-05-01,15,1,166,274
2013-05-01,15,2,107,537
2013-05-01,15,3,98,289
2013-05-01,15,4,0,44
2013-05-01,15,5,25,187
2013-05-01,15,6,41,222
2013-05-01,15,7,0,24
2013-05-01,15,8,308,999
2013-05-01,15,9,267,810
2013-05-01,16,1,192,300
2013-05-01,16,2,138,594
2013-05-01,16,3,74,302
2013-05-01,16,4,0,51
2013-05-01,16,5,16,195
2013-05-01,16,6,29,256
2013-05-01,16,7,0,18
2013-05-01,16,8,543,1100
2013-05-01,16,9,305,884
2013-05-01,17,1,227,322
2013-05-01,17,2,181,635
2013-05-01,17,3,93,348
2013-05-01,17,4,0,80
2013-05-01,17,5,55,214
2013-05-01,17,6,42,276
2013-05-01,17,7,0,33
2013-05-01,17,8,717,1223
2013-05-01,17,9,405,967
2013-05-01,18,1,162,284
2013-05-01,18,2,175,565
2013-05-01,18,3,139,314
2013-05-01,18,4,0,65
2013-05-01,18,5,30,218
2013-05-01,18,6,45,241
2013-05-01,18,7,0,33
2013-05-01,18,8,659,1092
2013-05-01,18,9,431,854
2013-05-01,19,1,213,246
2013-05-01,19,2,141,491
2013-05-01,19,3,123,316
2013-05-01,19,4,0,48
2013-05-01,19,5,32,213
2013-05-01,19,6,67,243
2013-05-01,19,7,0,38
2013-05-01,19,8,1045,961
2013-05-01,19,9,413,770
2013-05-01,20,1,143,206
2013-05-01,20,2,74,412
2013-05-01,20,3,69,246
2013-05-01,20,4,0,57
2013-05-01,20,5,15,185
2013-05-01,20,6,26,188
2013-05-01,20,7,0,24
2013-05-01,20,8,824,808
2013-05-01,20,9,221,622
2013-05-01,21,1,125,196
2013-05-01,21,2,75,390
2013-05-01,21,3,75,205
2013-05-01,21,4,0,35
2013-05-01,21,5,5,135
2013-05-01,21,6,9,145
2013-05-01,21,7,0,17
2013-05-01,21,8,326,716
2013-05-01,21,9,171,564
2013-05-01,22,1,301,356
2013-05-01,22,2,220,709
2013-05-01,22,3,114,445
2013-05-01,22,4,0,90
2013-05-01,22,5,34,294
2013-05-01,22,6,200,351
2013-05-01,22,7,0,53
2013-05-01,22,8,1175,1394
2013-05-01,22,9,571,1114
2013-05-01,23,1,267,338
2013-05-01,23,2,179,673
2013-05-01,23,3,116,405
2013-05-01,23,4,0,102
2013-05-01,23,5,23,253
2013-05-01,23,6,108,323
2013-05-01,23,7,0,44
2013-05-01,23,8,603,1300
2013-05-01,23,9,450,1054
2013-05-01,24,1,144,248
2013-05-01,24,2,114,490
2013-05-01,24,3,62,270
2013-05-01,24,4,0,53
2013-05-01,24,5,9,180
2013-05-01,24,6,37,219
2013-05-01,24,7,0,24
2013-05-01,24,8,401,937
2013-05-01,24,9,218,726
2013-05-01,25,1,221,328
2013-05-01,25,2,200,652
2013-05-01,25,3,141,385
2013-05-01,25,4,0,99
2013-05-01,25,5,35,242
2013-05-01,25,6,133,319
2013-05-01,25,7,0,36
2013-05-01,25,8,935,1274
2013-05-01,25,9,477,1030
2013-05-01,26,1,195,322
2013-05-01,26,2,126,637
2013-05-01,26,3,175,338
2013-05-01,26,4,0,79
2013-05-01,26,5,28,230
2013-05-01,26,6,78,300
2013-05-01,26,7,0,26
2013-05-01,26,8,695,1220
2013-05-01,26,9,367,975
2013-05-01,27,1,125,230
2013-05-01,27,2,100,459
2013-05-01,27,3,50,213
2013-05-01,27,4,0,26
2013-05-01,27,5,8,164
2013-05-01,27,6,8,171
2013-05-01,27,7,0,22
2013-05-01,27,8,395,863
2013-05-01,27,9,164,668
2013-05-01,28,1,251,332
2013-05-01,28,2,213,662
2013-05-01,28,3,229,418
2013-05-01,28,4,0,109
2013-05-01,28,5,31,265
2013-05-01,28,6,171,327
2013-05-01,28,7,0,37
2013-05-01,28,8,1062,1290
2013-05-01,28,9,490,1035
2013-05-01,29,1,87,242
2013-05-01,29,2,92,476
2013-05-01,29,3,39,248
2013-05-01,29,4,0,28
2013-05-01,29,5,3,164
2013-05-01,29,6,28,195
2013-05-01,29,7,0,17
2013-05-01,29,8,358,896
2013-05-01,29,9,182,720
2013-05-01,30,1,243,288
2013-05-01,30,2,193,575
2013-05-01,30,3,354,346
2013-05-01,30,4,0,50
2013-05-01,30,5,56,239
2013-05-01,30,6,106,264
2013-05-01,30,7,0,39
2013-05-01,30,8,950,1123
2013-05-01,30,9,491,892
2013-05-01,31,1,202,288
2013-05-01,31,2,146,572
2013-05-01,31,3,129,323
2013-05-01,31,4,0,68
2013-05-01,31,5,29,214
2013-05-01,31,6,110,281
2013-05-01,31,7,0,28
2013-05-01,31,8,841,1098
2013-05-01,31,9,420,890
2013-05-01,32,1,267,358
2013-05-01,32,2,154,708
2013-05-01,32,3,72,388
2013-05-01,32,4,0,78
2013-05-01,32,5,30,278
2013-05-01,32,6,71,334
2013-05-01,32,7,0,39
2013-05-01,32,8,939,1355
2013-05-01,32,9,384,1079
2013-05-01,33,1,374,256
2013-05-01,33,2,202,511
2013-05-01,33,3,308,302
2013-05-01,33,4,0,81
2013-05-01,33,5,66,203
2013-05-01,33,6,148,232
2013-05-01,33,7,0,34
2013-05-01,33,8,2625,992
2013-05-01,33,9,586,784
2013-06-01,1,1,143,220
2013-06-01,1,2,131,433
2013-06-01,1,3,100,243
2013-06-01,1,4,0,67
2013-06-01,1,5,20,162
2013-06-01,1,6,28,206
2013-06-01,1,7,0,26
2013-06-01,1,8,468,845
2013-06-01,1,9,313,678
2013-06-01,2,1,270,422
2013-06-01,2,2,160,831
2013-06-01,2,3,77,439
2013-06-01,2,4,0,77
2013-06-01,2,5,21,290
2013-06-01,2,6,66,366
2013-06-01,2,7,0,34
2013-06-01,2,8,855,1585
2013-06-01,2,9,364,1260
2013-06-01,3,1,126,292
2013-06-01,3,2,121,573
2013-06-01,3,3,50,308
2013-06-01,3,4,0,44
2013-06-01,3,5,13,186
2013-06-01,3,6,20,240
2013-06-01,3,7,0,18
2013-06-01,3,8,355,1047
2013-06-01,3,9,224,863
2013-06-01,4,1,200,346
2013-06-01,4,2,178,680
2013-06-01,4,3,257,435
2013-06-01,4,4,0,86
2013-06-01,4,5,32,266
2013-06-01,4,6,91,316
2013-06-01,4,7,0,33
2013-06-01,4,8,683,1307
2013-06-01,4,9,541,1074
2013-06-01,5,1,201,394
2013-06-01,5,2,164,782
2013-06-01,5,3,91,392
2013-06-01,5,4,0,79
2013-06-01,5,5,32,262
2013-06-01,5,6,38,321
2013-06-01,5,7,0,24
2013-06-01,5,8,559,1449
2013-06-01,5,9,317,1148
2013-06-01,6,1,274,266
2013-06-01,6,2,150,531
2013-06-01,6,3,181,315
2013-06-01,6,4,0,71
2013-06-01,6,5,33,215
2013-06-01,6,6,69,248
2013-06-01,6,7,0,24
2013-06-01,6,8,1414,1030
2013-06-01,6,9,385,804
2013-06-01,7,1,0,5
2013-06-01,7,2,0,11
2013-06-01,7,3,0,7
2013-06-01,7,5,0,4
2013-06-01,7,6,0,5
2013-06-01,7,8,10,33
2013-06-01,7,9,2,25
2013-06-01,8,1,288,440
2013-06-01,8,2,247,872
2013-06-01,8,3,185,481
2013-06-01,8,4,0,87
2013-06-01,8,5,30,283
2013-06-01,8,6,133,405
2013-06-01,8,7,0,47
2013-06-01,8,8,932,1632
2013-06-01,8,9,521,1328
2013-06-01,9,1,263,392
2013-06-01,9,2,222,778
2013-06-01,9,3,160,465
2013-06-01,9,4,0,79
2013-06-01,9,5,40,292
2013-06-01,9,6,67,351
2013-06-01,9,7,0,37
2013-06-01,9,8,930,1489
2013-06-01,9,9,509,1204
2013-06-01,10,1,254,366
2013-06-01,10,2,171,720
2013-06-01,10,3,90,408
2013-06-01,10,4,0,90
2013-06-01,10,5,31,273
2013-06-01,10,6,107,329
2013-06-01,10,7,0,35
2013-06-01,10,8,830,1393
2013-06-01,10,9,418,1119
2013-06-01,11,1,157,302
2013-06-01,11,2,182,600
2013-06-01,11,3,115,345
2013-06-01,11,4,0,56
2013-06-01,11,5,31,204
2013-06-01,11,6,52,280
2013-06-01,11,7,0,27
2013-06-01,11,8,605,1151
2013-06-01,11,9,430,935
2013-06-01,12,1,227,288
2013-06-01,12,2,135,573
2013-06-01,12,3,149,359
2013-06-01,12,4,0,70
2013-06-01,12,5,34,253
2013-06-01,12,6,88,270
2013-06-01,12,7,0,39
2013-06-01,12,8,1130,1115
2013-06-01,12,9,491,901
2013-06-01,13,1,112,226
2013-06-01,13,2,98,449
2013-06-01,13,3,130,295
2013-06-01,13,4,0,45
2013-06-01,13,5,34,205
2013-06-01,13,6,52,201
2013-06-01,13,7,0,36
2013-06-01,13,8,742,893
2013-06-01,13,9,329,694
2013-06-01,14,1,190,290
2013-06-01,14,2,176,578
2013-06-01,14,3,99,328
2013-06-01,14,4,0,96
2013-06-01,14,5,24,220
2013-06-01,14,6,89,273
2013-06-01,14,7,0,35
2013-06-01,14,8,991,1115
2013-06-01,14,9,375,897
2013-06-01,15,1,149,274
2013-06-01,15,2,86,537
2013-06-01,15,3,88,289
2013-06-01,15,4,0,44
2013-06-01,15,5,13,187
2013-06-01,15,6,41,222
2013-06-01,15,7,0,24
2013-06-01,15,8,310,999
2013-06-01,15,9,291,810
2013-06-01,16,1,164,300
2013-06-01,16,2,117,594
2013-06-01,16,3,64,302
2013-06-01,16,4,0,51
2013-06-01,16,5,21,195
2013-06-01,16,6,25,256
2013-06-01,16,7,0,18
2013-06-01,16,8,487,1100
2013-06-01,16,9,279,884
2013-06-01,17,1,221,322
2013-06-01,17,2,195,635
2013-06-01,17,3,87,348
2013-06-01,17,4,0,80
2013-06-01,17,5,56,214
2013-06-01,17,6,34,276
2013-06-01,17,7,0,33
2013-06-01,17,8,623,1223
2013-06-01,17,9,417,967
2013-06-01,18,1,144,284
2013-06-01,18,2,159,565
2013-06-01,18,3,126,314
2013-06-01,18,4,0,65
2013-06-01,18,5,29,218
2013-06-01,18,6,36,241
2013-06-01,18,7,0,33
2013-06-01,18,8,664,1092
2013-06-01,18,9,423,854
2013-06-01,19,1,218,246
2013-06-01,19,2,132,491
2013-06-01,19,3,103,316
2013-06-01,19,4,0,48
2013-06-01,19,5,30,213
2013-06-01,19,6,73,243
2013-06-01,19,7,0,38
2013-06-01,19,8,952,961
2013-06-01,19,9,393,770
2013-06-01,20,1,125,206
2013-06-01,20,2,66,412
2013-06-01,20,3,71,246
2013-06-01,20,4,0,57
2013-06-01,20,5,17,185
2013-06-01,20,6,33,188
2013-06-01,20,7,0,24
2013-06-01,20,8,876,808
2013-06-01,20,9,181,622
2013-06-01,21,1,85,196
2013-06-01,21,2,85,390
2013-06-01,21,3,38,205
2013-06-01,21,4,0,35
2013-06-01,21,5,12,135
2013-06-01,21,6,6,145
2013-06-01,21,7,0,17
2013-06-01,21,8,331,716
2013-06-01,21,9,164,564
2013-06-01,22,1,367,356
2013-06-01,22,2,216,709
2013-06-01,22,3,174,445
2013-06-01,22,4,0,90
2013-06-01,22,5,23,294
2013-06-01,22,6,215,351
2013-06-01,22,7,0,53
2013-06-01,22,8,1093,1394
2013-06-01,22,9,593,1114
2013-06-01,23,1,265,338
2013-06-01,23,2,183,673
2013-06-01,23,3,152,405
2013-06-01,23,4,0,102
2013-06-01,23,5,21,253
2013-06-01,23,6,113,323
2013-06-01,23,7,0,44
2013-06-01,23,8,597,1300
2013-06-01,23,9,555,1054
2013-06-01,24,1,133,248
2013-06-01,24,2,103,490
2013-06-01,24,3,52,270
2013-06-01,24,4,0,53
2013-06-01,24,5,16,180
2013-06-01,24,6,38,219
2013-06-01,24,7,0,24
2013-06-01,24,8,407,937
2013-06-01,24,9,207,726
2013-06-01,25,1,191,328
2013-06-01,25,2,184,652
2013-06-01,25,3,129,385
2013-06-01,25,4,0,99
2013-06-01,25,5,37,242
2013-06-01,25,6,173,319
2013-06-01,25,7,0,36
2013-06-01,25,8,999,1274
2013-06-01,25,9,528,1030
2013-06-01,26,1,215,322
2013-06-01,26,2,107,637
2013-06-01,26,3,164,338
2013-06-01,26,4,0,79
2013-06-01,26,5,21,230
2013-06-01,26,6,56,300
2013-06-01,26,7,0,26
2013-06-01,26,8,617,1220
2013-06-01,26,9,366,975
2013-06-01,27,1,144,230
2013-06-01,27,2,104,459
2013-06-01,27,3,39,213
2013-06-01,27,4,0,26
2013-06-01,27,5,12,164
2013-06-01,27,6,18,171
2013-06-01,27,7,0,22
2013-06-01,27,8,438,863
2013-06-01,27,9,187,668
2013-06-01,28,1,314,332
2013-06-01,28,2,187,662
2013-06-01,28,3,219,418
2013-06-01,28,4,0,109
2013-06-01,28,5,26,265
2013-06-01,28,6,183,327
2013-06-01,28,7,0,37
2013-06-01,28,8,1182,1290
2013-06-01,28,9,506,1035
2013-06-01,29,1,106,242
2013-06-01,29,2,97,476
2013-06-01,29,3,49,248
2013-06-01,29,4,0,28
2013-06-01,29,5,13,164
2013-06-01,29,6,15,195
2013-06-01,29,7,0,17
2013-06-01,29,8,340,896
2013-06-01,29,9,207,720
2013-06-01,30,1,224,288
2013-06-01,30,2,163,575
2013-06-01,30,3,187,346
2013-06-01,30,4,0,50
2013-06-01,30,5,55,239
2013-06-01,30,6,109,264
2013-06-01,30,7,0,39
2013-06-01,30,8,868,1123
2013-06-01,30,9,503,892
2013-06-01,31,1,201,288
2013-06-01,31,2,170,572
2013-06-01,31,3,145,323
2013-06-01,31,4,0,68
2013-06-01,31,5,19,214
2013-06-01,31,6,76,281
2013-06-01,31,7,0,28
2013-06-01,31,8,714,1098
2013-06-01,31,9,455,890
2013-06-01,32,1,249,358
2013-06-01,32,2,146,708
2013-06-01,32,3,103,388
2013-06-01,32,4,0,78
2013-06-01,32,5,19,278
2013-06-01,32,6,70,334
2013-06-01,32,7,0,39
2013-06-01,32,8,961,1355
2013-06-01,32,9,338,1079
2013-06-01,33,1,307,256
2013-06-01,33,2,318,511
2013-06-01,33,3,285,302
2013-06-01,33,4,0,81
2013-06-01,33,5,78,203
2013-06-01,33,6,180,232
2013-06-01,33,7,0,34
2013-06-01,33,8,2723,992
2013-06-01,33,9,615,784
2013-07-01,1,1,158,220
2013-07-01,1,2,144,433
2013-07-01,1,3,101,243
2013-07-01,1,4,0,67
2013-07-01,1,5,25,162
2013-07-01,1,6,44,206
2013-07-01,1,7,0,26
2013-07-01,1,8,572,845
2013-07-01,1,9,370,678
2013-07-01,2,1,302,422
2013-07-01,2,2,138,831
2013-07-01,2,3,91,439
2013-07-01,2,4,0,77
2013-07-01,2,5,27,290
2013-07-01,2,6,73,366
2013-07-01,2,7,0,34
2013-07-01,2,8,933,1585
2013-07-01,2,9,361,1260
2013-07-01,3,1,109,292
2013-07-01,3,2,122,573
2013-07-01,3,3,78,308
2013-07-01,3,4,0,44
2013-07-01,3,5,11,186
2013-07-01,3,6,20,240
2013-07-01,3,7,0,18
2013-07-01,3,8,368,1047
2013-07-01,3,9,261,863
2013-07-01,4,1,225,346
2013-07-01,4,2,203,680
2013-07-01,4,3,219,435
2013-07-01,4,4,0,86
2013-07-01,4,5,30,266
2013-07-01,4,6,91,316
2013-07-01,4,7,0,33
2013-07-01,4,8,685,1307
2013-07-01,4,9,579,1074
2013-07-01,5,1,223,394
2013-07-01,5,2,164,782
2013-07-01,5,3,98,392
2013-07-01,5,4,0,79
2013-07-01,5,5,19,262
2013-07-01,5,6,66,321
2013-07-01,5,7,0,24
2013-07-01,5,8,648,1449
2013-07-01,5,9,435,1148
2013-07-01,6,1,251,266
2013-07-01,6,2,130,531
2013-07-01,6,3,200,315
2013-07-01,6,4,0,71
2013-07-01,6,5,41,215
2013-07-01,6,6,102,248
2013-07-01,6,7,0,24
2013-07-01,6,8,1418,1030
2013-07-01,6,9,391,804
2013-07-01,7,1,0,5
2013-07-01,7,2,1,11
2013-07-01,7,3,0,7
2013-07-01,7,5,2,4
2013-07-01,7,6,0,5
2013-07-01,7,8,4,33
2013-07-01,7,9,1,25
2013-07-01,8,1,313,440
2013-07-01,8,2,276,872
2013-07-01,8,3,171,481
2013-07-01,8,4,0,87
2013-07-01,8,5,40,283
2013-07-01,8,6,156,405
2013-07-01,8,7,0,47
2013-07-01,8,8,937,1632
2013-07-01,8,9,644,1328
2013-07-01,9,1,305,392
2013-07-01,9,2,237,778
2013-07-01,9,3,124,465
2013-07-01,9,4,0,79
2013-07-01,9,5,33,292
2013-07-01,9,6,93,351
2013-07-01,9,7,0,37
2013-07-01,9,8,950,1489
2013-07-01,9,9,619,1204
2013-07-01,10,1,222,366
2013-07-01,10,2,194,720
2013-07-01,10,3,78,408
2013-07-01,10,4,0,90
2013-07-01,10,5,32,273
2013-07-01,10,6,86,329
2013-07-01,10,7,0,35
2013-07-01,10,8,810,1393
2013-07-01,10,9,430,1119
2013-07-01,11,1,174,302
2013-07-01,11,2,180,600
2013-07-01,11,3,112,345
2013-07-01,11,4,0,56
2013-07-01,11,5,39,204
2013-07-01,11,6,27,280
2013-07-01,11,7,0,27
2013-07-01,11,8,607,1151
2013-07-01,11,9,523,935
2013-07-01,12,1,284,288
2013-07-01,12,2,181,573
2013-07-01,12,3,209,359
2013-07-01,12,4,0,70
2013-07-01,12,5,30,253
2013-07-01,12,6,102,270
2013-07-01,12,7,0,39
2013-07-01,12,8,1039,1115
2013-07-01,12,9,530,901
2013-07-01,13,1,143,226
2013-07-01,13,2,114,449
2013-07-01,13,3,133,295
2013-07-01,13,4,0,45
2013-07-01,13,5,31,205
2013-07-01,13,6,44,201
2013-07-01,13,7,0,36
2013-07-01,13,8,745,893
2013-07-01,13,9,347,694
2013-07-01,14,1,203,290
2013-07-01,14,2,169,578
2013-07-01,14,3,112,328
2013-07-01,14,4,0,96
2013-07-01,14,5,24,220
2013-07-01,14,6,78,273
2013-07-01,14,7,0,35
2013-07-01,14,8,846,1115
2013-07-01,14,9,450,897
2013-07-01,15,1,110,274
2013-07-01,15,2,85,537
2013-07-01,15,3,83,289
2013-07-01,15,4,0,44
2013-07-01,15,5,23,187
2013-07-01,15,6,49,222
2013-07-01,15,7,0,24
2013-07-01,15,8,334,999
2013-07-01,15,9,284,810
2013-07-01,16,1,180,300
2013-07-01,16,2,109,594
2013-07-01,16,3,87,302
2013-07-01,16,4,0,51
2013-07-01,16,5,22,195
2013-07-01,16,6,19,256
2013-07-01,16,7,0,18
2013-07-01,16,8,598,1100
2013-07-01,16,9,295,884
2013-07-01,17,1,202,322
2013-07-01,17,2,194,635
2013-07-01,17,3,67,348
2013-07-01,17,4,0,80
2013-07-01,17,5,63,214
2013-07-01,17,6,43,276
2013-07-01,17,7,0,33
2013-07-01,17,8,711,1223
2013-07-01,17,9,473,967
2013-07-01,18,1,185,284
2013-07-01,18,2,179,565
2013-07-01,18,3,151,314
2013-07-01,18,4,0,65
2013-07-01,18,5,26,218
2013-07-01,18,6,33,241
2013-07-01,18,7,0,33
2013-07-01,18,8,694,1092
2013-07-01,18,9,465,854
2013-07-01,19,1,186,246
2013-07-01,19,2,137,491
2013-07-01,19,3,126,316
2013-07-01,19,4,0,48
2013-07-01,19,5,26,213
2013-07-01,19,6,75,243
2013-07-01,19,7,0,38
2013-07-01,19,8,1048,961
2013-07-01,19,9,430,770
2013-07-01,20,1,140,206
2013-07-01,20,2,77,412
2013-07-01,20,3,72,246
2013-07-01,20,4,0,57
2013-07-01,20,5,28,185
2013-07-01,20,6,42,188
2013-07-01,20,7,0,24
2013-07-01,20,8,859,808
2013-07-01,20,9,222,622
2013-07-01,21,1,89,196
2013-07-01,21,2,75,390
2013-07-01,21,3,26,205
2013-07-01,21,4,0,35
2013-07-01,21,5,11,135
2013-07-01,21,6,12,145
2013-07-01,21,7,0,17
2013-07-01,21,8,352,716
2013-07-01,21,9,182,564
2013-07-01,22,1,305,356
2013-07-01,22,2,224,709
2013-07-01,22,3,137,445
2013-07-01,22,4,0,90
2013-07-01,22,5,31,294
2013-07-01,22,6,270,351
2013-07-01,22,7,0,53
2013-07-01,22,8,1186,1394
2013-07-01,22,9,714,1114
2013-07-01,23,1,243,338
2013-07-01,23,2,199,673
2013-07-01,23,3,187,405
2013-07-01,23,4,0,102
2013-07-01,23,5,27,253
2013-07-01,23,6,125,323
2013-07-01,23,7,0,44
2013-07-01,23,8,646,1300
2013-07-01,23,9,557,1054
2013-07-01,24,1,126,248
2013-07-01,24,2,109,490
2013-07-01,24,3,78,270
2013-07-01,24,4,0,53
2013-07-01,24,5,9,180
2013-07-01,24,6,42,219
2013-07-01,24,7,0,24
2013-07-01,24,8,436,937
2013-07-01,24,9,254,726
2013-07-01,25,1,257,328
2013-07-01,25,2,199,652
2013-07-01,25,3,120,385
2013-07-01,25,4,0,99
2013-07-01,25,5,38,242
2013-07-01,25,6,187,319
2013-07-01,25,7,0,36
2013-07-01,25,8,1120,1274
2013-07-01,25,9,653,1030
2013-07-01,26,1,158,322
2013-07-01,26,2,135,637
2013-07-01,26,3,162,338
2013-07-01,26,4,0,79
2013-07-01,26,5,29,230
2013-07-01,26,6,88,300
2013-07-01,26,7,0,26
2013-07-01,26,8,656,1220
2013-07-01,26,9,384,975
2013-07-01,27,1,155,230
2013-07-01,27,2,88,459
2013-07-01,27,3,65,213
2013-07-01,27,4,0,26
2013-07-01,27,5,9,164
2013-07-01,27,6,16,171
2013-07-01,27,7,0,22
2013-07-01,27,8,408,863
2013-07-01,27,9,166,668
2013-07-01,28,1,311,332
2013-07-01,28,2,195,662
2013-07-01,28,3,224,418
2013-07-01,28,4,0,109
2013-07-01,28,5,42,265
2013-07-01,28,6,207,327
2013-07-01,28,7,0,37
2013-07-01,28,8,1248,1290
2013-07-01,28,9,621,1035
2013-07-01,29,1,108,242
2013-07-01,29,2,112,476
2013-07-01,29,3,39,248
2013-07-01,29,4,0,28
2013-07-01,29,5,10,164
2013-07-01,29,6,20,195
2013-07-01,29,7,0,17
2013-07-01,29,8,357,896
2013-07-01,29,9,231,720
2013-07-01,30,1,212,288
2013-07-01,30,2,193,575
2013-07-01,30,3,371,346
2013-07-01,30,4,0,50
2013-07-01,30,5,49,239
2013-07-01,30,6,122,264
2013-07-01,30,7,0,39
2013-07-01,30,8,1002,1123
2013-07-01,30,9,604,892
2013-07-01,31,1,180,288
2013-07-01,31,2,139,572
2013-07-01,31,3,135,323
2013-07-01,31,4,0,68
2013-07-01,31,5,30,214
2013-07-01,31,6,82,281
2013-07-01,31,7,0,28
2013-07-01,31,8,742,1098
2013-07-01,31,9,503,890
2013-07-01,32,1,222,358
2013-07-01,32,2,143,708
2013-07-01,32,3,89,388
2013-07-01,32,4,0,78
2013-07-01,32,5,35,278
2013-07-01,32,6,91,334
2013-07-01,32,7,0,39
2013-07-01,32,8,940,1355
2013-07-01,32,9,404,1079
2013-07-01,33,1,323,256
2013-07-01,33,2,175,511
2013-07-01,33,3,434,302
2013-07-01,33,4,0,81
2013-07-01,33,5,73,203
2013-07-01,33,6,188,232
2013-07-01,33,7,0,34
2013-07-01,33,8,2953,992
2013-07-01,33,9,612,784
2013-08-01,1,1,146,220
2013-08-01,1,2,145,433
2013-08-01,1,3,79,243
2013-08-01,1,4,0,67
2013-08-01,1,5,22,162
2013-08-01,1,6,34,206
2013-08-01,1,7,0,26
2013-08-01,1,8,455,845
2013-08-01,1,9,334,678
2013-08-01,2,1,276,422
2013-08-01,2,2,160,831
2013-08-01,2,3,80,439
2013-08-01,2,4,0,77
2013-08-01,2,5,23,290
2013-08-01,2,6,43,366
2013-08-01,2,7,0,34
2013-08-01,2,8,731,1585
2013-08-01,2,9,361,1260
2013-08-01,3,1,123,292
2013-08-01,3,2,140,573
2013-08-01,3,3,63,308
2013-08-01,3,4,0,44
2013-08-01,3,5,26,186
2013-08-01,3,6,17,240
2013-08-01,3,7,0,18
2013-08-01,3,8,322,1047
2013-08-01,3,9,223,863
2013-08-01,4,1,215,346
2013-08-01,4,2,177,680
2013-08-01,4,3,278,435
2013-08-01,4,4,0,86
2013-08-01,4,5,37,266
2013-08-01,4,6,130,316
2013-08-01,4,7,0,33
2013-08-01,4,8,580,1307
2013-08-01,4,9,490,1074
2013-08-01,5,1,232,394
2013-08-01,5,2,158,782
2013-08-01,5,3,81,392
2013-08-01,5,4,0,79
2013-08-01,5,5,20,262
2013-08-01,5,6,50,321
2013-08-01,5,7,0,24
2013-08-01,5,8,578,1449
2013-08-01,5,9,338,1148
2013-08-01,6,1,303,266
2013-08-01,6,2,140,531
2013-08-01,6,3,176,315
2013-08-01,6,4,0,71
2013-08-01,6,5,32,215
2013-08-01,6,6,77,248
2013-08-01,6,7,0,24
2013-08-01,6,8,1346,1030
2013-08-01,6,9,409,804
2013-08-01,7,1,0,5
2013-08-01,7,2,1,11
2013-08-01,7,3,0,7
2013-08-01,7,5,0,4
2013-08-01,7,6,1,5
2013-08-01,7,8,12,33
2013-08-01,7,9,4,25
2013-08-01,8,1,354,440
2013-08-01,8,2,263,872
2013-08-01,8,3,152,481
2013-08-01,8,4,0,87
2013-08-01,8,5,27,283
2013-08-01,8,6,147,405
2013-08-01,8,7,0,47
2013-08-01,8,8,864,1632
2013-08-01,8,9,503,1328
2013-08-01,9,1,243,392
2013-08-01,9,2,204,778
2013-08-01,9,3,112,465
2013-08-01,9,4,0,79
2013-08-01,9,5,38,292
2013-08-01,9,6,59,351
2013-08-01,9,7,0,37
2013-08-01,9,8,854,1489
2013-08-01,9,9,551,1204
2013-08-01,10,1,246,366
2013-08-01,10,2,185,720
2013-08-01,10,3,137,408
2013-08-01,10,4,0,90
2013-08-01,10,5,36,273
2013-08-01,10,6,80,329
2013-08-01,10,7,0,35
2013-08-01,10,8,730,1393
2013-08-01,10,9,402,1119
2013-08-01,11,1,208,302
2013-08-01,11,2,166,600
2013-08-01,11,3,111,345
2013-08-01,11,4,0,56
2013-08-01,11,5,33,204
2013-08-01,11,6,42,280
2013-08-01,11,7,0,27
2013-08-01,11,8,520,1151
2013-08-01,11,9,440,935
2013-08-01,12,1,259,288
2013-08-01,12,2,158,573
2013-08-01,12,3,224,359
2013-08-01,12,4,0,70
2013-08-01,12,5,30,253
2013-08-01,12,6,92,270
2013-08-01,12,7,0,39
2013-08-01,12,8,1047,1115
2013-08-01,12,9,445,901
2013-08-01,13,1,115,226
2013-08-01,13,2,97,449
2013-08-01,13,3,156,295
2013-08-01,13,4,0,45
2013-08-01,13,5,31,205
2013-08-01,13,6,52,201
2013-08-01,13,7,0,36
2013-08-01,13,8,765,893
2013-08-01,13,9,324,694
2013-08-01,14,1,210,290
2013-08-01,14,2,174,578
2013-08-01,14,3,65,328
2013-08-01,14,4,0,96
2013-08-01,14,5,24,220
2013-08-01,14,6,73,273
2013-08-01,14,7,0,35
2013-08-01,14,8,777,1115
2013-08-01,14,9,325,897
2013-08-01,15,1,115,274
2013-08-01,15,2,111,537
2013-08-01,15,3,90,289
2013-08-01,15,4,0,44
2013-08-01,15,5,32,187
2013-08-01,15,6,50,222
2013-08-01,15,7,0,24
2013-08-01,15,8,317,999
2013-08-01,15,9,265,810
2013-08-01,16,1,167,300
2013-08-01,16,2,115,594
2013-08-01,16,3,63,302
2013-08-01,16,4,0,51
2013-08-01,16,5,18,195
2013-08-01,16,6,21,256
2013-08-01,16,7,0,18
2013-08-01,16,8,545,1100
2013-08-01,16,9,276,884
2013-08-01,17,1,175,322
2013-08-01,17,2,185,635
2013-08-01,17,3,71,348
2013-08-01,17,4,0,80
2013-08-01,17,5,51,214
2013-08-01,17,6,40,276
2013-08-01,17,7,0,33
2013-08-01,17,8,668,1223
2013-08-01,17,9,389,967
2013-08-01,18,1,211,284
2013-08-01,18,2,161,565
2013-08-01,18,3,107,314
2013-08-01,18,4,0,65
2013-08-01,18,5,18,218
2013-08-01,18,6,40,241
2013-08-01,18,7,0,33
2013-08-01,18,8,679,1092
2013-08-01,18,9,455,854
2013-08-01,19,1,174,246
2013-08-01,19,2,132,491
2013-08-01,19,3,117,316
2013-08-01,19,4,0,48
2013-08-01,19,5,26,213
2013-08-01,19,6,87,243
2013-08-01,19,7,0,38
2013-08-01,19,8,1003,961
2013-08-01,19,9,388,770
2013-08-01,20,1,150,206
2013-08-01,20,2,87,412
2013-08-01,20,3,225,246
2013-08-01,20,4,0,57
2013-08-01,20,5,29,185
2013-08-01,20,6,95,188
2013-08-01,20,7,0,24
2013-08-01,20,8,1176,808
2013-08-01,20,9,286,622
2013-08-01,21,1,77,196
2013-08-01,21,2,87,390
2013-08-01,21,3,40,205
2013-08-01,21,4,0,35
2013-08-01,21,5,6,135
2013-08-01,21,6,6,145
2013-08-01,21,7,0,17
2013-08-01,21,8,352,716
2013-08-01,21,9,173,564
2013-08-01,22,1,319,356
2013-08-01,22,2,192,709
2013-08-01,22,3,177,445
2013-08-01,22,4,0,90
2013-08-01,22,5,47,294
2013-08-01,22,6,242,351
2013-08-01,22,7,0,53
2013-08-01,22,8,1302,1394
2013-08-01,22,9,581,1114
2013-08-01,23,1,234,338
2013-08-01,23,2,186,673
2013-08-01,23,3,137,405
2013-08-01,23,4,0,102
2013-08-01,23,5,23,253
2013-08-01,23,6,110,323
2013-08-01,23,7,0,44
2013-08-01,23,8,625,1300
2013-08-01,23,9,566,1054
2013-08-01,24,1,117,248
2013-08-01,24,2,77,490
2013-08-01,24,3,57,270
2013-08-01,24,4,0,53
2013-08-01,24,5,13,180
2013-08-01,24,6,29,219
2013-08-01,24,7,0,24
2013-08-01,24,8,364,937
2013-08-01,24,9,225,726
2013-08-01,25,1,227,328
2013-08-01,25,2,165,652
2013-08-01,25,3,119,385
2013-08-01,25,4,0,99
2013-08-01,25,5,34,242
2013-08-01,25,6,194,319
2013-08-01,25,7,0,36
2013-08-01,25,8,1095,1274
2013-08-01,25,9,496,1030
2013-08-01,26,1,151,322
2013-08-01,26,2,108,637
2013-08-01,26,3,139,338
2013-08-01,26,4,0,79
2013-08-01,26,5,18,230
2013-08-01,26,6,69,300
2013-08-01,26,7,0,26
2013-08-01,26,8,668,1220
2013-08-01,26,9,324,975
2013-08-01,27,1,137,230
2013-08-01,27,2,99,459
2013-08-01,27,3,72,213
2013-08-01,27,4,0,26
2013-08-01,27,5,17,164
2013-08-01,27,6,11,171
2013-08-01,27,7,0,22
2013-08-01,27,8,403,863
2013-08-01,27,9,175,668
2013-08-01,28,1,266,332
2013-08-01,28,2,197,662
2013-08-01,28,3,228,418
2013-08-01,28,4,0,109
2013-08-01,28,5,39,265
2013-08-01,28,6,214,327
2013-08-01,28,7,0,37
2013-08-01,28,8,1082,1290
2013-08-01,28,9,560,1035
2013-08-01,29,1,113,242
2013-08-01,29,2,106,476
2013-08-01,29,3,33,248
2013-08-01,29,4,0,28
2013-08-01,29,5,11,164
2013-08-01,29,6,16,195
2013-08-01,29,7,0,17
2013-08-01,29,8,361,896
2013-08-01,29,9,203,720
2013-08-01,30,1,223,288
2013-08-01,30,2,185,575
2013-08-01,30,3,281,346
2013-08-01,30,4,0,50
2013-08-01,30,5,36,239
2013-08-01,30,6,80,264
2013-08-01,30,7,0,39
2013-08-01,30,8,888,1123
2013-08-01,30,9,585,892
2013-08-01,31,1,199,288
2013-08-01,31,2,176,572
2013-08-01,31,3,109,323
2013-08-01,31,4,0,68
2013-08-01,31,5,34,214
2013-08-01,31,6,78,281
2013-08-01,31,7,0,28
2013-08-01,31,8,760,1098
2013-08-01,31,9,492,890
2013-08-01,32,1,250,358
2013-08-01,32,2,139,708
2013-08-01,32,3,93,388
2013-08-01,32,4,0,78
2013-08-01,32,5,32,278
2013-08-01,32,6,73,334
2013-08-01,32,7,0,39
2013-08-01,32,8,1041,1355
2013-08-01,32,9,331,1079
2013-08-01,33,1,355,256
2013-08-01,33,2,140,511
2013-08-01,33,3,441,302
2013-08-01,33,4,0,81
2013-08-01,33,5,76,203
2013-08-01,33,6,238,232
2013-08-01,33,7,0,34
2013-08-01,33,8,2804,992
2013-08-01,33,9,586,784
2013-09-01,1,1,132,220
2013-09-01,1,2,130,433
2013-09-01,1,3,79,243
2013-09-01,1,4,0,67
2013-09-01,1,5,22,162
2013-09-01,1,6,47,206
2013-09-01,1,7,0,26
2013-09-01,1,8,486,845
2013-09-01,1,9,311,678
2013-09-01,2,1,301,422
2013-09-01,2,2,161,831
2013-09-01,2,3,72,439
2013-09-01,2,4,0,77
2013-09-01,2,5,31,290
2013-09-01,2,6,52,366
2013-09-01,2,7,0,34
2013-09-01,2,8,819,1585
2013-09-01,2,9,325,1260
2013-09-01,3,1,133,292
2013-09-01,3,2,114,573
2013-09-01,3,3,62,308
2013-09-01,3,4,0,44
2013-09-01,3,5,23,186
2013-09-01,3,6,22,240
2013-09-01,3,7,0,18
2013-09-01,3,8,353,1047
2013-09-01,3,9,199,863
2013-09-01,4,1,213,346
2013-09-01,4,2,173,680
2013-09-01,4,3,306,435
2013-09-01,4,4,0,86
2013-09-01,4,5,36,266
2013-09-01,4,6,110,316
2013-09-01,4,7,0,33
2013-09-01,4,8,612,1307
2013-09-01,4,9,457,1074
2013-09-01,5,1,238,394
2013-09-01,5,2,170,782
2013-09-01,5,3,60,392
2013-09-01,5,4,0,79
2013-09-01,5,5,26,262
2013-09-01,5,6,77,321
2013-09-01,5,7,0,24
2013-09-01,5,8,619,1449
2013-09-01,5,9,329,1148
2013-09-01,6,1,242,266
2013-09-01,6,2,113,531
2013-09-01,6,3,174,315
2013-09-01,6,4,0,71
2013-09-01,6,5,38,215
2013-09-01,6,6,82,248
2013-09-01,6,7,0,24
2013-09-01,6,8,1331,1030
2013-09-01,6,9,291,804
2013-09-01,7,1,0,5
2013-09-01,7,2,0,11
2013-09-01,7,3,0,7
2013-09-01,7,5,2,4
2013-09-01,7,6,0,5
2013-09-01,7,8,9,33
2013-09-01,7,9,2,25
2013-09-01,8,1,344,440
2013-09-01,8,2,173,872
2013-09-01,8,3,123,481
2013-09-01,8,4,0,87
2013-09-01,8,5,26,283
2013-09-01,8,6,154,405
2013-09-01,8,7,0,47
2013-09-01,8,8,892,1632
2013-09-01,8,9,486,1328
2013-09-01,9,1,274,392
2013-09-01,9,2,142,778
2013-09-01,9,3,146,465
2013-09-01,9,4,0,79
2013-09-01,9,5,32,292
2013-09-01,9,6,76,351
2013-09-01,9,7,0,37
2013-09-01,9,8,865,1489
2013-09-01,9,9,502,1204
2013-09-01,10,1,280,366
2013-09-01,10,2,145,720
2013-09-01,10,3,128,408
2013-09-01,10,4,0,90
2013-09-01,10,5,22,273
2013-09-01,10,6,62,329
2013-09-01,10,7,0,35
2013-09-01,10,8,770,1393
2013-09-01,10,9,404,1119
2013-09-01,11,1,212,302
2013-09-01,11,2,170,600
2013-09-01,11,3,83,345
2013-09-01,11,4,0,56
2013-09-01,11,5,38,204
2013-09-01,11,6,49,280
2013-09-01,11,7,0,27
2013-09-01,11,8,598,1151
2013-09-01,11,9,429,935
2013-09-01,12,1,242,288
2013-09-01,12,2,112,573
2013-09-01,12,3,111,359
2013-09-01,12,4,0,70
2013-09-01,12,5,30,253
2013-09-01,12,6,79,270
2013-09-01,12,7,0,39
2013-09-01,12,8,1050,1115
2013-09-01,12,9,445,901
2013-09-01,13,1,140,226
2013-09-01,13,2,73,449
2013-09-01,13,3,159,295
2013-09-01,13,4,0,45
2013-09-01,13,5,27,205
2013-09-01,13,6,54,201
2013-09-01,13,7,0,36
2013-09-01,13,8,757,893
2013-09-01,13,9,301,694
2013-09-01,14,1,206,290
2013-09-01,14,2,134,578
2013-09-01,14,3,77,328
2013-09-01,14,4,0,96
2013-09-01,14,5,20,220
2013-09-01,14,6,65,273
2013-09-01,14,7,0,35
2013-09-01,14,8,744,1115
2013-09-01,14,9,308,897
2013-09-01,15,1,128,274
2013-09-01,15,2,81,537
2013-09-01,15,3,65,289
2013-09-01,15,4,0,44
2013-09-01,15,5,13,187
2013-09-01,15,6,40,222
2013-09-01,15,7,0,24
2013-09-01,15,8,330,999
2013-09-01,15,9,265,810
2013-09-01,16,1,155,300
2013-09-01,16,2,136,594
2013-09-01,16,3,98,302
2013-09-01,16,4,0,51
2013-09-01,16,5,14,195
2013-09-01,16,6,30,256
2013-09-01,16,7,0,18
2013-09-01,16,8,491,1100
2013-09-01,16,9,287,884
2013-09-01,17,1,203,322
2013-09-01,17,2,164,635
2013-09-01,17,3,47,348
2013-09-01,17,4,0,80
2013-09-01,17,5,38,214
2013-09-01,17,6,32,276
2013-09-01,17,7,0,33
2013-09-01,17,8,645,1223
2013-09-01,17,9,446,967
2013-09-01,18,1,194,284
2013-09-01,18,2,177,565
2013-09-01,18,3,102,314
2013-09-01,18,4,0,65
2013-09-01,18,5,37,218
2013-09-01,18,6,31,241
2013-09-01,18,7,0,33
2013-09-01,18,8,651,1092
2013-09-01,18,9,459,854
2013-09-01,19,1,202,246
2013-09-01,19,2,119,491
2013-09-01,19,3,113,316
2013-09-01,19,4,0,48
2013-09-01,19,5,31,213
2013-09-01,19,6,83,243
2013-09-01,19,7,0,38
2013-09-01,19,8,1072,961
2013-09-01,19,9,377,770
2013-09-01,20,1,164,206
2013-09-01,20,2,53,412
2013-09-01,20,3,82,246
2013-09-01,20,4,0,57
2013-09-01,20,5,16,185
2013-09-01,20,6,55,188
2013-09-01,20,7,0,24
2013-09-01,20,8,855,808
2013-09-01,20,9,186,622
2013-09-01,21,1,82,196
2013-09-01,21,2,75,390
2013-09-01,21,3,42,205
2013-09-01,21,4,0,35
2013-09-01,21,5,8,135
2013-09-01,21,6,21,145
2013-09-01,21,7,0,17
2013-09-01,21,8,349,716
2013-09-01,21,9,167,564
2013-09-01,22,1,352,356
2013-09-01,22,2,207,709
2013-09-01,22,3,183,445
2013-09-01,22,4,0,90
2013-09-01,22,5,30,294
2013-09-01,22,6,196,351
2013-09-01,22,7,0,53
2013-09-01,22,8,1133,1394
2013-09-01,22,9,547,1114
2013-09-01,23,1,225,338
2013-09-01,23,2,164,673
2013-09-01,23,3,137,405
2013-09-01,23,4,0,102
2013-09-01,23,5,26,253
2013-09-01,23,6,118,323
2013-09-01,23,7,0,44
2013-09-01,23,8,551,1300
2013-09-01,23,9,539,1054
2013-09-01,24,1,115,248
2013-09-01,24,2,85,490
2013-09-01,24,3,48,270
2013-09-01,24,4,0,53
2013-09-01,24,5,19,180
2013-09-01,24,6,30,219
2013-09-01,24,7,0,24
2013-09-01,24,8,378,937
2013-09-01,24,9,212,726
2013-09-01,25,1,196,328
2013-09-01,25,2,150,652
2013-09-01,25,3,98,385
2013-09-01,25,4,0,99
2013-09-01,25,5,36,242
2013-09-01,25,6,175,319
2013-09-01,25,7,0,36
2013-09-01,25,8,930,1274
2013-09-01,25,9,479,1030
2013-09-01,26,1,174,322
2013-09-01,26,2,106,637
2013-09-01,26,3,130,338
2013-09-01,26,4,0,79
2013-09-01,26,5,33,230
2013-09-01,26,6,77,300
2013-09-01,26,7,0,26
2013-09-01,26,8,626,1220
2013-09-01,26,9,357,975
2013-09-01,27,1,171,230
2013-09-01,27,2,81,459
2013-09-01,27,3,41,213
2013-09-01,27,4,0,26
2013-09-01,27,5,20,164
2013-09-01,27,6,17,171
2013-09-01,27,7,0,22
2013-09-01,27,8,381,863
2013-09-01,27,9,154,668
2013-09-01,28,1,286,332
2013-09-01,28,2,220,662
2013-09-01,28,3,209,418
2013-09-01,28,4,0,109
2013-09-01,28,5,36,265
2013-09-01,28,6,183,327
2013-09-01,28,7,0,37
2013-09-01,28,8,1094,1290
2013-09-01,28,9,527,1035
2013-09-01,29,1,115,242
2013-09-01,29,2,111,476
2013-09-01,29,3,34,248
2013-09-01,29,4,0,28
2013-09-01,29,5,11,164
2013-09-01,29,6,27,195
2013-09-01,29,7,0,17
2013-09-01,29,8,346,896
2013-09-01,29,9,193,720
2013-09-01,30,1,239,288
2013-09-01,30,2,174,575
2013-09-01,30,3,234,346
2013-09-01,30,4,0,50
2013-09-01,30,5,46,239
2013-09-01,30,6,82,264
2013-09-01,30,7,0,39
2013-09-01,30,8,872,1123
2013-09-01,30,9,530,892
2013-09-01,31,1,218,288
2013-09-01,31,2,136,572
2013-09-01,31,3,149,323
2013-09-01,31,4,0,68
2013-09-01,31,5,27,214
2013-09-01,31,6,69,281
2013-09-01,31,7,0,28
2013-09-01,31,8,792,1098
2013-09-01,31,9,448,890
2013-09-01,32,1,242,358
2013-09-01,32,2,179,708
2013-09-01,32,3,87,388
2013-09-01,32,4,0,78
2013-09-01,32,5,37,278
2013-09-01,32,6,77,334
2013-09-01,32,7,0,39
2013-09-01,32,8,958,1355
2013-09-01,32,9,308,1079
2013-09-01,33,1,268,256
2013-09-01,33,2,152,511
2013-09-01,33,3,300,302
2013-09-01,33,4,0,81
2013-09-01,33,5,57,203
2013-09-01,33,6,188,232
2013-09-01,33,7,0,34
2013-09-01,33,8,2511,992
2013-09-01,33,9,571,784
2013-10-01,1,1,191,220
2013-10-01,1,2,138,433
2013-10-01,1,3,87,243
2013-10-01,1,4,0,67
2013-10-01,1,5,26,162
2013-10-01,1,6,52,206
2013-10-01,1,7,0,26
2013-10-01,1,8,484,845
2013-10-01,1,9,349,678
2013-10-01,2,1,328,422
2013-10-01,2,2,160,831
2013-10-01,2,3,137,439
2013-10-01,2,4,0,77
2013-10-01,2,5,29,290
2013-10-01,2,6,74,366
2013-10-01,2,7,0,34
2013-10-01,2,8,878,1585
2013-10-01,2,9,359,1260
2013-10-01,3,1,137,292
2013-10-01,3,2,115,573
2013-10-01,3,3,67,308
2013-10-01,3,4,0,44
2013-10-01,3,5,20,186
2013-10-01,3,6,26,240
2013-10-01,3,7,0,18
2013-10-01,3,8,359,1047
2013-10-01,3,9,242,863
2013-10-01,4,1,225,346
2013-10-01,4,2,164,680
2013-10-01,4,3,297,435
2013-10-01,4,4,0,86
2013-10-01,4,5,39,266
2013-10-01,4,6,95,316
2013-10-01,4,7,0,33
2013-10-01,4,8,674,1307
2013-10-01,4,9,563,1074
2013-10-01,5,1,274,394
2013-10-01,5,2,178,782
2013-10-01,5,3,101,392
2013-10-01,5,4,0,79
2013-10-01,5,5,20,262
2013-10-01,5,6,51,321
2013-10-01,5,7,0,24
2013-10-01,5,8,738,1449
2013-10-01,5,9,356,1148
2013-10-01,6,1,275,266
2013-10-01,6,2,129,531
2013-10-01,6,3,200,315
2013-10-01,6,4,0,71
2013-10-01,6,5,31,215
2013-10-01,6,6,67,248
2013-10-01,6,7,0,24
2013-10-01,6,8,1403,1030
2013-10-01,6,9,393,804
2013-10-01,7,1,0,5
2013-10-01,7,2,0,11
2013-10-01,7,3,1,7
2013-10-01,7,5,0,4
2013-10-01,7,6,0,5
2013-10-01,7,8,6,33
2013-10-01,7,9,0,25
2013-10-01,8,1,378,440
2013-10-01,8,2,264,872
2013-10-01,8,3,179,481
2013-10-01,8,4,0,87
2013-10-01,8,5,30,283
2013-10-01,8,6,113,405
2013-10-01,8,7,0,47
2013-10-01,8,8,905,1632
2013-10-01,8,9,565,1328
2013-10-01,9,1,270,392
2013-10-01,9,2,164,778
2013-10-01,9,3,172,465
2013-10-01,9,4,0,79
2013-10-01,9,5,41,292
2013-10-01,9,6,84,351
2013-10-01,9,7,0,37
2013-10-01,9,8,951,1489
2013-10-01,9,9,510,1204
2013-10-01,10,1,292,366
2013-10-01,10,2,150,720
2013-10-01,10,3,159,408
2013-10-01,10,4,0,90
2013-10-01,10,5,29,273
2013-10-01,10,6,83,329
2013-10-01,10,7,0,35
2013-10-01,10,8,760,1393
2013-10-01,10,9,403,1119
2013-10-01,11,1,221,302
2013-10-01,11,2,162,600
2013-10-01,11,3,133,345
2013-10-01,11,4,0,56
2013-10-01,11,5,44,204
2013-10-01,11,6,29,280
2013-10-01,11,7,0,27
2013-10-01,11,8,677,1151
2013-10-01,11,9,476,935
2013-10-01,12,1,268,288
2013-10-01,12,2,125,573
2013-10-01,12,3,124,359
2013-10-01,12,4,0,70
2013-10-01,12,5,36,253
2013-10-01,12,6,92,270
2013-10-01,12,7,0,39
2013-10-01,12,8,1102,1115
2013-10-01,12,9,486,901
2013-10-01,13,1,120,226
2013-10-01,13,2,82,449
2013-10-01,13,3,187,295
2013-10-01,13,4,0,45
2013-10-01,13,5,32,205
2013-10-01,13,6,54,201
2013-10-01,13,7,0,36
2013-10-01,13,8,845,893
2013-10-01,13,9,361,694
2013-10-01,14,1,227,290
2013-10-01,14,2,151,578
2013-10-01,14,3,106,328
2013-10-01,14,4,0,96
2013-10-01,14,5,30,220
2013-10-01,14,6,71,273
2013-10-01,14,7,0,35
2013-10-01,14,8,904,1115
2013-10-01,14,9,383,897
2013-10-01,15,1,165,274
2013-10-01,15,2,71,537
2013-10-01,15,3,105,289
2013-10-01,15,4,0,44
2013-10-01,15,5,12,187
2013-10-01,15,6,43,222
2013-10-01,15,7,0,24
2013-10-01,15,8,367,999
2013-10-01,15,9,240,810
2013-10-01,16,1,200,300
2013-10-01,16,2,123,594
2013-10-01,16,3,90,302
2013-10-01,16,4,0,51
2013-10-01,16,5,40,195
2013-10-01,16,6,13,256
2013-10-01,16,7,0,18
2013-10-01,16,8,559,1100
2013-10-01,16,9,271,884
2013-10-01,17,1,271,322
2013-10-01,17,2,191,635
2013-10-01,17,3,214,348
2013-10-01,17,4,0,80
2013-10-01,17,5,34,214
2013-10-01,17,6,46,276
2013-10-01,17,7,0,33
2013-10-01,17,8,766,1223
2013-10-01,17,9,453,967
2013-10-01,18,1,194,284
2013-10-01,18,2,170,565
2013-10-01,18,3,149,314
2013-10-01,18,4,0,65
2013-10-01,18,5,34,218
2013-10-01,18,6,34,241
2013-10-01,18,7,0,33
2013-10-01,18,8,697,1092
2013-10-01,18,9,432,854
2013-10-01,19,1,216,246
2013-10-01,19,2,133,491
2013-10-01,19,3,133,316
2013-10-01,19,4,0,48
2013-10-01,19,5,31,213
2013-10-01,19,6,71,243
2013-10-01,19,7,0,38
2013-10-01,19,8,1097,961
2013-10-01,19,9,440,770
2013-10-01,20,1,155,206
2013-10-01,20,2,69,412
2013-10-01,20,3,81,246
2013-10-01,20,4,0,57
2013-10-01,20,5,17,185
2013-10-01,20,6,35,188
2013-10-01,20,7,0,24
2013-10-01,20,8,881,808
2013-10-01,20,9,205,622
2013-10-01,21,1,135,196
2013-10-01,21,2,75,390
2013-10-01,21,3,68,205
2013-10-01,21,4,0,35
2013-10-01,21,5,14,135
2013-10-01,21,6,8,145
2013-10-01,21,7,0,17
2013-10-01,21,8,358,716
2013-10-01,21,9,189,564
2013-10-01,22,1,303,356
2013-10-01,22,2,232,709
2013-10-01,22,3,176,445
2013-10-01,22,4,0,90
2013-10-01,22,5,35,294
2013-10-01,22,6,228,351
2013-10-01,22,7,0,53
2013-10-01,22,8,1240,1394
2013-10-01,22,9,630,1114
2013-10-01,23,1,231,338
2013-10-01,23,2,177,673
2013-10-01,23,3,129,405
2013-10-01,23,4,0,102
2013-10-01,23,5,37,253
2013-10-01,23,6,115,323
2013-10-01,23,7,0,44
2013-10-01,23,8,593,1300
2013-10-01,23,9,569,1054
2013-10-01,24,1,163,248
2013-10-01,24,2,79,490
2013-10-01,24,3,51,270
2013-10-01,24,4,0,53
2013-10-01,24,5,17,180
2013-10-01,24,6,45,219
2013-10-01,24,7,0,24
2013-10-01,24,8,411,937
2013-10-01,24,9,201,726
2013-10-01,25,1,216,328
2013-10-01,25,2,202,652
2013-10-01,25,3,161,385
2013-10-01,25,4,0,99
2013-10-01,25,5,48,242
2013-10-01,25,6,169,319
2013-10-01,25,7,0,36
2013-10-01,25,8,1130,1274
2013-10-01,25,9,602,1030
2013-10-01,26,1,303,322
2013-10-01,26,2,132,637
2013-10-01,26,3,142,338
2013-10-01,26,4,0,79
2013-10-01,26,5,31,230
2013-10-01,26,6,76,300
2013-10-01,26,7,0,26
2013-10-01,26,8,695,1220
2013-10-01,26,9,384,975
2013-10-01,27,1,141,230
2013-10-01,27,2,75,459
2013-10-01,27,3,38,213
2013-10-01,27,4,0,26
2013-10-01,27,5,12,164
2013-10-01,27,6,31,171
2013-10-01,27,7,0,22
2013-10-01,27,8,379,863
2013-10-01,27,9,146,668
2013-10-01,28,1,334,332
2013-10-01,28,2,186,662
2013-10-01,28,3,217,418
2013-10-01,28,4,0,109
2013-10-01,28,5,37,265
2013-10-01,28,6,169,327
2013-10-01,28,7,0,37
2013-10-01,28,8,1201,1290
2013-10-01,28,9,515,1035
2013-10-01,29,1,168,242
2013-10-01,29,2,109,476
2013-10-01,29,3,58,248
2013-10-01,29,4,0,28
2013-10-01,29,5,11,164
2013-10-01,29,6,30,195
2013-10-01,29,7,0,17
2013-10-01,29,8,336,896
2013-10-01,29,9,218,720
2013-10-01,30,1,193,288
2013-10-01,30,2,175,575
2013-10-01,30,3,178,346
2013-10-01,30,4,0,50
2013-10-01,30,5,37,239
2013-10-01,30,6,100,264
2013-10-01,30,7,0,39
2013-10-01,30,8,999,1123
2013-10-01,30,9,601,892
2013-10-01,31,1,244,288
2013-10-01,31,2,145,572
2013-10-01,31,3,165,323
2013-10-01,31,4,0,68
2013-10-01,31,5,35,214
2013-10-01,31,6,86,281
2013-10-01,31,7,0,28
2013-10-01,31,8,767,1098
2013-10-01,31,9,458,890
2013-10-01,32,1,279,358
2013-10-01,32,2,143,708
2013-10-01,32,3,80,388
2013-10-01,32,4,0,78
2013-10-01,32,5,33,278
2013-10-01,32,6,74,334
2013-10-01,32,7,0,39
2013-10-01,32,8,955,1355
2013-10-01,32,9,370,1079
2013-10-01,33,1,347,256
2013-10-01,33,2,133,511
2013-10-01,33,3,340,302
2013-10-01,33,4,0,81
2013-10-01,33,5,69,203
2013-10-01,33,6,173,232
2013-10-01,33,7,0,34
2013-10-01,33,8,2861,992
2013-10-01,33,9,589,784
2013-11-01,1,1,200,220
2013-11-01,1,2,146,433
2013-11-01,1,3,84,243
2013-11-01,1,4,0,67
2013-11-01,1,5,21,162
2013-11-01,1,6,45,206
2013-11-01,1,7,0,26
2013-11-01,1,8,508,845
2013-11-01,1,9,363,678
2013-11-01,2,1,400,422
2013-11-01,2,2,155,831
2013-11-01,2,3,109,439
2013-11-01,2,4,0,77
2013-11-01,2,5,28,290
2013-11-01,2,6,61,366
2013-11-01,2,7,0,34
2013-11-01,2,8,850,1585
2013-11-01,2,9,384,1260
2013-11-01,3,1,204,292
2013-11-01,3,2,137,573
2013-11-01,3,3,91,308
2013-11-01,3,4,0,44
2013-11-01,3,5,21,186
2013-11-01,3,6,26,240
2013-11-01,3,7,0,18
2013-11-01,3,8,349,1047
2013-11-01,3,9,222,863
2013-11-01,4,1,303,346
2013-11-01,4,2,171,680
2013-11-01,4,3,328,435
2013-11-01,4,4,0,86
2013-11-01,4,5,44,266
2013-11-01,4,6,83,316
2013-11-01,4,7,0,33
2013-11-01,4,8,679,1307
2013-11-01,4,9,527,1074
2013-11-01,5,1,287,394
2013-11-01,5,2,165,782
2013-11-01,5,3,96,392
2013-11-01,5,4,0,79
2013-11-01,5,5,33,262
2013-11-01,5,6,53,321
2013-11-01,5,7,0,24
2013-11-01,5,8,647,1449
2013-11-01,5,9,407,1148
2013-11-01,6,1,202,266
2013-11-01,6,2,118,531
2013-11-01,6,3,190,315
2013-11-01,6,4,0,71
2013-11-01,6,5,31,215
2013-11-01,6,6,70,248
2013-11-01,6,7,0,24
2013-11-01,6,8,1113,1030
2013-11-01,6,9,372,804
2013-11-01,7,1,0,5
2013-11-01,7,2,0,11
2013-11-01,7,3,0,7
2013-11-01,7,5,0,4
2013-11-01,7,6,0,5
2013-11-01,7,8,3,33
2013-11-01,7,9,0,25
2013-11-01,8,1,354,440
2013-11-01,8,2,223,872
2013-11-01,8,3,192,481
2013-11-01,8,4,0,87
2013-11-01,8,5,35,283
2013-11-01,8,6,97,405
2013-11-01,8,7,0,47
2013-11-01,8,8,802,1632
2013-11-01,8,9,570,1328
2013-11-01,9,1,341,392
2013-11-01,9,2,177,778
2013-11-01,9,3,149,465
2013-11-01,9,4,0,79
2013-11-01,9,5,45,292
2013-11-01,9,6,58,351
2013-11-01,9,7,0,37
2013-11-01,9,8,899,1489
2013-11-01,9,9,516,1204
2013-11-01,10,1,318,366
2013-11-01,10,2,157,720
2013-11-01,10,3,235,408
2013-11-01,10,4,0,90
2013-11-01,10,5,30,273
2013-11-01,10,6,78,329
2013-11-01,10,7,0,35
2013-11-01,10,8,703,1393
2013-11-01,10,9,355,1119
2013-11-01,11,1,202,302
2013-11-01,11,2,134,600
2013-11-01,11,3,147,345
2013-11-01,11,4,0,56
2013-11-01,11,5,27,204
2013-11-01,11,6,40,280
2013-11-01,11,7,0,27
2013-11-01,11,8,711,1151
2013-11-01,11,9,415,935
2013-11-01,12,1,249,288
2013-11-01,12,2,137,573
2013-11-01,12,3,139,359
2013-11-01,12,4,0,70
2013-11-01,12,5,32,253
2013-11-01,12,6,87,270
2013-11-01,12,7,0,39
2013-11-01,12,8,949,1115
2013-11-01,12,9,531,901
2013-11-01,13,1,165,226
2013-11-01,13,2,112,449
2013-11-01,13,3,192,295
2013-11-01,13,4,0,45
2013-11-01,13,5,31,205
2013-11-01,13,6,43,201
2013-11-01,13,7,0,36
2013-11-01,13,8,770,893
2013-11-01,13,9,371,694
2013-11-01,14,1,281,290
2013-11-01,14,2,176,578
2013-11-01,14,3,112,328
2013-11-01,14,4,0,96
2013-11-01,14,5,23,220
2013-11-01,14,6,68,273
2013-11-01,14,7,0,35
2013-11-01,14,8,802,1115
2013-11-01,14,9,391,897
2013-11-01,15,1,200,274
2013-11-01,15,2,74,537
2013-11-01,15,3,91,289
2013-11-01,15,4,0,44
2013-11-01,15,5,21,187
2013-11-01,15,6,33,222
2013-11-01,15,7,0,24
2013-11-01,15,8,323,999
2013-11-01,15,9,285,810
2013-11-01,16,1,191,300
2013-11-01,16,2,121,594
2013-11-01,16,3,86,302
2013-11-01,16,4,0,51
2013-11-01,16,5,21,195
2013-11-01,16,6,23,256
2013-11-01,16,7,0,18
2013-11-01,16,8,509,1100
2013-11-01,16,9,265,884
2013-11-01,17,1,309,322
2013-11-01,17,2,175,635
2013-11-01,17,3,98,348
2013-11-01,17,4,0,80
2013-11-01,17,5,29,214
2013-11-01,17,6,47,276
2013-11-01,17,7,0,33
2013-11-01,17,8,684,1223
2013-11-01,17,9,404,967
2013-11-01,18,1,236,284
2013-11-01,18,2,179,565
2013-11-01,18,3,120,314
2013-11-01,18,4,0,65
2013-11-01,18,5,37,218
2013-11-01,18,6,45,241
2013-11-01,18,7,0,33
2013-11-01,18,8,652,1092
2013-11-01,18,9,446,854
2013-11-01,19,1,228,246
2013-11-01,19,2,133,491
2013-11-01,19,3,106,316
2013-11-01,19,4,0,48
2013-11-01,19,5,37,213
2013-11-01,19,6,103,243
2013-11-01,19,7,0,38
2013-11-01,19,8,966,961
2013-11-01,19,9,436,770
2013-11-01,20,1,156,206
2013-11-01,20,2,56,412
2013-11-01,20,3,86,246
2013-11-01,20,4,0,57
2013-11-01,20,5,16,185
2013-11-01,20,6,36,188
2013-11-01,20,7,0,24
2013-11-01,20,8,888,808
2013-11-01,20,9,206,622
2013-11-01,21,1,122,196
2013-11-01,21,2,67,390
2013-11-01,21,3,62,205
2013-11-01,21,4,0,35
2013-11-01,21,5,7,135
2013-11-01,21,6,20,145
2013-11-01,21,7,0,17
2013-11-01,21,8,370,716
2013-11-01,21,9,167,564
2013-11-01,22,1,357,356
2013-11-01,22,2,173,709
2013-11-01,22,3,141,445
2013-11-01,22,4,0,90
2013-11-01,22,5,35,294
2013-11-01,22,6,159,351
2013-11-01,22,7,0,53
2013-11-01,22,8,1121,1394
2013-11-01,22,9,628,1114
2013-11-01,23,1,252,338
2013-11-01,23,2,185,673
2013-11-01,23,3,137,405
2013-11-01,23,4,0,102
2013-11-01,23,5,31,253
2013-11-01,23,6,104,323
2013-11-01,23,7,0,44
2013-11-01,23,8,601,1300
2013-11-01,23,9,497,1054
2013-11-01,24,1,156,248
2013-11-01,24,2,100,490
2013-11-01,24,3,43,270
2013-11-01,24,4,0,53
2013-11-01,24,5,14,180
2013-11-01,24,6,30,219
2013-11-01,24,7,0,24
2013-11-01,24,8,407,937
2013-11-01,24,9,213,726
2013-11-01,25,1,277,328
2013-11-01,25,2,160,652
2013-11-01,25,3,157,385
2013-11-01,25,4,0,99
2013-11-01,25,5,34,242
2013-11-01,25,6,201,319
2013-11-01,25,7,0,36
2013-11-01,25,8,1054,1274
2013-11-01,25,9,577,1030
2013-11-01,26,1,346,322
2013-11-01,26,2,144,637
2013-11-01,26,3,166,338
2013-11-01,26,4,0,79
2013-11-01,26,5,23,230
2013-11-01,26,6,89,300
2013-11-01,26,7,0,26
2013-11-01,26,8,634,1220
2013-11-01,26,9,414,975
2013-11-01,27,1,169,230
2013-11-01,27,2,82,459
2013-11-01,27,3,61,213
2013-11-01,27,4,0,26
2013-11-01,27,5,9,164
2013-11-01,27,6,15,171
2013-11-01,27,7,0,22
2013-11-01,27,8,357,863
2013-11-01,27,9,157,668
2013-11-01,28,1,293,332
2013-11-01,28,2,220,662
2013-11-01,28,3,261,418
2013-11-01,28,4,0,109
2013-11-01,28,5,39,265
2013-11-01,28,6,177,327
2013-11-01,28,7,0,37
2013-11-01,28,8,1204,1290
2013-11-01,28,9,523,1035
2013-11-01,29,1,171,242
2013-11-01,29,2,114,476
2013-11-01,29,3,43,248
2013-11-01,29,4,0,28
2013-11-01,29,5,15,164
2013-11-01,29,6,14,195
2013-11-01,29,7,0,17
2013-11-01,29,8,299,896
2013-11-01,29,9,211,720
2013-11-01,30,1,238,288
2013-11-01,30,2,158,575
2013-11-01,30,3,242,346
2013-11-01,30,4,0,50
2013-11-01,30,5,29,239
2013-11-01,30,6,125,264
2013-11-01,30,7,0,39
2013-11-01,30,8,856,1123
2013-11-01,30,9,579,892
2013-11-01,31,1,245,288
2013-11-01,31,2,145,572
2013-11-01,31,3,155,323
2013-11-01,31,4,0,68
2013-11-01,31,5,28,214
2013-11-01,31,6,74,281
2013-11-01,31,7,0,28
2013-11-01,31,8,700,1098
2013-11-01,31,9,437,890
2013-11-01,32,1,242,358
2013-11-01,32,2,141,708
2013-11-01,32,3,94,388
2013-11-01,32,4,0,78
2013-11-01,32,5,22,278
2013-11-01,32,6,71,334
2013-11-01,32,7,0,39
2013-11-01,32,8,860,1355
2013-11-01,32,9,343,1079
2013-11-01,33,1,324,256
2013-11-01,33,2,153,511
2013-11-01,33,3,362,302
2013-11-01,33,4,0,81
2013-11-01,33,5,66,203
2013-11-01,33,6,232,232
2013-11-01,33,7,0,34
2013-11-01,33,8,2691,992
2013-11-01,33,9,592,784
2013-12-01,1,1,142,220
2013-12-01,1,2,135,433
2013-12-01,1,3,72,243
2013-12-01,1,4,0,67
2013-12-01,1,5,24,162
2013-12-01,1,6,30,206
2013-12-01,1,7,0,26
2013-12-01,1,8,424,845
2013-12-01,1,9,332,678
2013-12-01,2,1,437,422
2013-12-01,2,2,123,831
2013-12-01,2,3,102,439
2013-12-01,2,4,0,77
2013-12-01,2,5,31,290
2013-12-01,2,6,60,366
2013-12-01,2,7,0,34
2013-12-01,2,8,777,1585
2013-12-01,2,9,395,1260
2013-12-01,3,1,221,292
2013-12-01,3,2,120,573
2013-12-01,3,3,97,308
2013-12-01,3,4,0,44
2013-12-01,3,5,18,186
2013-12-01,3,6,22,240
2013-12-01,3,7,0,18
2013-12-01,3,8,376,1047
2013-12-01,3,9,249,863
2013-12-01,4,1,308,346
2013-12-01,4,2,152,680
2013-12-01,4,3,231,435
2013-12-01,4,4,0,86
2013-12-01,4,5,38,266
2013-12-01,4,6,69,316
2013-12-01,4,7,0,33
2013-12-01,4,8,657,1307
2013-12-01,4,9,460,1074
2013-12-01,5,1,302,394
2013-12-01,5,2,167,782
2013-12-01,5,3,89,392
2013-12-01,5,4,0,79
2013-12-01,5,5,29,262
2013-12-01,5,6,34,321
2013-12-01,5,7,0,24
2013-12-01,5,8,615,1449
2013-12-01,5,9,390,1148
2013-12-01,6,1,211,266
2013-12-01,6,2,131,531
2013-12-01,6,3,155,315
2013-12-01,6,4,0,71
2013-12-01,6,5,30,215
2013-12-01,6,6,64,248
2013-12-01,6,7,0,24
2013-12-01,6,8,1028,1030
2013-12-01,6,9,402,804
2013-12-01,7,1,0,5
2013-12-01,7,2,0,11
2013-12-01,7,3,1,7
2013-12-01,7,5,0,4
2013-12-01,7,6,1,5
2013-12-01,7,8,5,33
2013-12-01,7,9,1,25
2013-12-01,8,1,345,440
2013-12-01,8,2,224,872
2013-12-01,8,3,146,481
2013-12-01,8,4,0,87
2013-12-01,8,5,27,283
2013-12-01,8,6,87,405
2013-12-01,8,7,0,47
2013-12-01,8,8,814,1632
2013-12-01,8,9,517,1328
2013-12-01,9,1,302,392
2013-12-01,9,2,175,778
2013-12-01,9,3,125,465
2013-12-01,9,4,0,79
2013-12-01,9,5,26,292
2013-12-01,9,6,62,351
2013-12-01,9,7,0,37
2013-12-01,9,8,778,1489
2013-12-01,9,9,516,1204
2013-12-01,10,1,352,366
2013-12-01,10,2,186,720
2013-12-01,10,3,155,408
2013-12-01,10,4,0,90
2013-12-01,10,5,30,273
2013-12-01,10,6,62,329
2013-12-01,10,7,0,35
2013-12-01,10,8,683,1393
2013-12-01,10,9,391,1119
2013-12-01,11,1,181,302
2013-12-01,11,2,145,600
2013-12-01,11,3,85,345
2013-12-01,11,4,0,56
2013-12-01,11,5,29,204
2013-12-01,11,6,37,280
2013-12-01,11,7,0,27
2013-12-01,11,8,551,1151
2013-12-01,11,9,424,935
2013-12-01,12,1,195,288
2013-12-01,12,2,123,573
2013-12-01,12,3,135,359
2013-12-01,12,4,0,70
2013-12-01,12,5,28,253
2013-12-01,12,6,72,270
2013-12-01,12,7,0,39
2013-12-01,12,8,840,1115
2013-12-01,12,9,536,901
2013-12-01,13,1,143,226
2013-12-01,13,2,81,449
2013-12-01,13,3,146,295
2013-12-01,13,4,0,45
2013-12-01,13,5,31,205
2013-12-01,13,6,38,201
2013-12-01,13,7,0,36
2013-12-01,13,8,710,893
2013-12-01,13,9,331,694
2013-12-01,14,1,280,290
2013-12-01,14,2,168,578
2013-12-01,14,3,110,328
2013-12-01,14,4,0,96
2013-12-01,14,5,19,220
2013-12-01,14,6,74,273
2013-12-01,14,7,0,35
2013-12-01,14,8,747,1115
2013-12-01,14,9,453,897
2013-12-01,15,1,186,274
2013-12-01,15,2,114,537
2013-12-01,15,3,56,289
2013-12-01,15,4,0,44
2013-12-01,15,5,18,187
2013-12-01,15,6,17,222
2013-12-01,15,7,0,24
2013-12-01,15,8,356,999
2013-12-01,15,9,250,810
2013-12-01,16,1,221,300
2013-12-01,16,2,142,594
2013-12-01,16,3,76,302
2013-12-01,16,4,0,51
2013-12-01,16,5,13,195
2013-12-01,16,6,17,256
2013-12-01,16,7,0,18
2013-12-01,16,8,483,1100
2013-12-01,16,9,281,884
2013-12-01,17,1,243,322
2013-12-01,17,2,152,635
2013-12-01,17,3,59,348
2013-12-01,17,4,0,80
2013-12-01,17,5,35,214
2013-12-01,17,6,30,276
2013-12-01,17,7,0,33
2013-12-01,17,8,606,1223
2013-12-01,17,9,409,967
2013-12-01,18,1,190,284
2013-12-01,18,2,159,565
2013-12-01,18,3,119,314
2013-12-01,18,4,0,65
2013-12-01,18,5,28,218
2013-12-01,18,6,38,241
2013-12-01,18,7,0,33
2013-12-01,18,8,578,1092
2013-12-01,18,9,411,854
2013-12-01,19,1,193,246
2013-12-01,19,2,133,491
2013-12-01,19,3,96,316
2013-12-01,19,4,0,48
2013-12-01,19,5,19,213
2013-12-01,19,6,72,243
2013-12-01,19,7,0,38
2013-12-01,19,8,819,961
2013-12-01,19,9,455,770
2013-12-01,20,1,154,206
2013-12-01,20,2,72,412
2013-12-01,20,3,44,246
2013-12-01,20,4,0,57
2013-12-01,20,5,17,185
2013-12-01,20,6,43,188
2013-12-01,20,7,0,24
2013-12-01,20,8,821,808
2013-12-01,20,9,206,622
2013-12-01,21,1,74,196
2013-12-01,21,2,64,390
2013-12-01,21,3,66,205
2013-12-01,21,4,0,35
2013-12-01,21,5,8,135
2013-12-01,21,6,14,145
2013-12-01,21,7,0,17
2013-12-01,21,8,336,716
2013-12-01,21,9,166,564
2013-12-01,22,1,321,356
2013-12-01,22,2,180,709
2013-12-01,22,3,177,445
2013-12-01,22,4,0,90
2013-12-01,22,5,28,294
2013-12-01,22,6,118,351
2013-12-01,22,7,0,53
2013-12-01,22,8,1045,1394
2013-12-01,22,9,638,1114
2013-12-01,23,1,279,338
2013-12-01,23,2,182,673
2013-12-01,23,3,95,405
2013-12-01,23,4,0,102
2013-12-01,23,5,29,253
2013-12-01,23,6,78,323
2013-12-01,23,7,0,44
2013-12-01,23,8,524,1300
2013-12-01,23,9,519,1054
2013-12-01,24,1,151,248
2013-12-01,24,2,82,490
2013-12-01,24,3,39,270
2013-12-01,24,4,0,53
2013-12-01,24,5,12,180
2013-12-01,24,6,25,219
2013-12-01,24,7,0,24
2013-12-01,24,8,352,937
2013-12-01,24,9,182,726
2013-12-01,25,1,277,328
2013-12-01,25,2,175,652
2013-12-01,25,3,143,385
2013-12-01,25,4,0,99
2013-12-01,25,5,24,242
2013-12-01,25,6,170,319
2013-12-01,25,7,0,36
2013-12-01,25,8,932,1274
2013-12-01,25,9,550,1030
2013-12-01,26,1,320,322
2013-12-01,26,2,138,637
2013-12-01,26,3,110,338
2013-12-01,26,4,0,79
2013-12-01,26,5,31,230
2013-12-01,26,6,54,300
2013-12-01,26,7,0,26
2013-12-01,26,8,616,1220
2013-12-01,26,9,372,975
2013-12-01,27,1,143,230
2013-12-01,27,2,91,459
2013-12-01,27,3,44,213
2013-12-01,27,4,0,26
2013-12-01,27,5,10,164
2013-12-01,27,6,10,171
2013-12-01,27,7,0,22
2013-12-01,27,8,328,863
2013-12-01,27,9,136,668
2013-12-01,28,1,317,332
2013-12-01,28,2,191,662
2013-12-01,28,3,156,418
2013-12-01,28,4,0,109
2013-12-01,28,5,31,265
2013-12-01,28,6,170,327
2013-12-01,28,7,0,37
2013-12-01,28,8,1024,1290
2013-12-01,28,9,524,1035
2013-12-01,29,1,114,242
2013-12-01,29,2,79,476
2013-12-01,29,3,43,248
2013-12-01,29,4,0,28
2013-12-01,29,5,12,164
2013-12-01,29,6,20,195
2013-12-01,29,7,0,17
2013-12-01,29,8,324,896
2013-12-01,29,9,209,720
2013-12-01,30,1,163,288
2013-12-01,30,2,161,575
2013-12-01,30,3,200,346
2013-12-01,30,4,0,50
2013-12-01,30,5,44,239
2013-12-01,30,6,114,264
2013-12-01,30,7,0,39
2013-12-01,30,8,710,1123
2013-12-01,30,9,517,892
2013-12-01,31,1,242,288
2013-12-01,31,2,144,572
2013-12-01,31,3,102,323
2013-12-01,31,4,0,68
2013-12-01,31,5,24,214
2013-12-01,31,6,59,281
2013-12-01,31,7,0,28
2013-12-01,31,8,696,1098
2013-12-01,31,9,442,890
2013-12-01,32,1,286,358
2013-12-01,32,2,112,708
2013-12-01,32,3,48,388
2013-12-01,32,4,0,78
2013-12-01,32,5,30,278
2013-12-01,32,6,75,334
2013-12-01,32,7,0,39
2013-12-01,32,8,704,1355
2013-12-01,32,9,316,1079
2013-12-01,33,1,311,256
2013-12-01,33,2,181,511
2013-12-01,33,3,294,302
2013-12-01,33,4,0,81
2013-12-01,33,5,66,203
2013-12-01,33,6,202,232
2013-12-01,33,7,0,34
2013-12-01,33,8,2702,992
2013-12-01,33,9,689,784
2014-01-01,1,1,160,220
2014-01-01,1,2,126,433
2014-01-01,1,3,63,243
2014-01-01,1,4,0,67
2014-01-01,1,5,25,162
2014-01-01,1,6,52,206
2014-01-01,1,7,0,26
2014-01-01,1,8,445,845
2014-01-01,1,9,383,678
2014-01-01,2,1,323,422
2014-01-01,2,2,179,831
2014-01-01,2,3,113,439
2014-01-01,2,4,0,77
2014-01-01,2,5,24,290
2014-01-01,2,6,49,366
2014-01-01,2,7,0,34
2014-01-01,2,8,722,1585
2014-01-01,2,9,404,1260
2014-01-01,3,1,186,292
2014-01-01,3,2,108,573
2014-01-01,3,3,62,308
2014-01-01,3,4,0,44
2014-01-01,3,5,18,186
2014-01-01,3,6,23,240
2014-01-01,3,7,0,18
2014-01-01,3,8,331,1047
2014-01-01,3,9,198,863
2014-01-01,4,1,299,346
2014-01-01,4,2,159,680
2014-01-01,4,3,324,435
2014-01-01,4,4,0,86
2014-01-01,4,5,30,266
2014-01-01,4,6,77,316
2014-01-01,4,7,0,33
2014-01-01,4,8,615,1307
2014-01-01,4,9,551,1074
2014-01-01,5,1,312,394
2014-01-01,5,2,190,782
2014-01-01,5,3,97,392
2014-01-01,5,4,0,79
2014-01-01,5,5,24,262
2014-01-01,5,6,32,321
2014-01-01,5,7,0,24
2014-01-01,5,8,595,1449
2014-01-01,5,9,378,1148
2014-01-01,6,1,293,266
2014-01-01,6,2,134,531
2014-01-01,6,3,152,315
2014-01-01,6,4,0,71
2014-01-01,6,5,36,215
2014-01-01,6,6,87,248
2014-01-01,6,7,0,24
2014-01-01,6,8,1141,1030
2014-01-01,6,9,401,804
2014-01-01,7,1,1,5
2014-01-01,7,2,1,11
2014-01-01,7,3,0,7
2014-01-01,7,5,1,4
2014-01-01,7,6,0,5
2014-01-01,7,8,6,33
2014-01-01,7,9,2,25
2014-01-01,8,1,342,440
2014-01-01,8,2,239,872
2014-01-01,8,3,150,481
2014-01-01,8,4,0,87
2014-01-01,8,5,33,283
2014-01-01,8,6,104,405
2014-01-01,8,7,0,47
2014-01-01,8,8,941,1632
2014-01-01,8,9,595,1328
2014-01-01,9,1,271,392
2014-01-01,9,2,168,778
2014-01-01,9,3,168,465
2014-01-01,9,4,0,79
2014-01-01,9,5,38,292
2014-01-01,9,6,67,351
2014-01-01,9,7,0,37
2014-01-01,9,8,749,1489
2014-01-01,9,9,475,1204
2014-01-01,10,1,316,366
2014-01-01,10,2,182,720
2014-01-01,10,3,123,408
2014-01-01,10,4,0,90
2014-01-01,10,5,27,273
2014-01-01,10,6,58,329
2014-01-01,10,7,0,35
2014-01-01,10,8,694,1393
2014-01-01,10,9,425,1119
2014-01-01,11,1,198,302
2014-01-01,11,2,152,600
2014-01-01,11,3,114,345
2014-01-01,11,4,0,56
2014-01-01,11,5,36,204
2014-01-01,11,6,29,280
2014-01-01,11,7,0,27
2014-01-01,11,8,602,1151
2014-01-01,11,9,441,935
2014-01-01,12,1,269,288
2014-01-01,12,2,117,573
2014-01-01,12,3,122,359
2014-01-01,12,4,0,70
2014-01-01,12,5,27,253
2014-01-01,12,6,64,270
2014-01-01,12,7,0,39
2014-01-01,12,8,916,1115
2014-01-01,12,9,462,901
2014-01-01,13,1,146,226
2014-01-01,13,2,89,449
2014-01-01,13,3,171,295
2014-01-01,13,4,0,45
2014-01-01,13,5,30,205
2014-01-01,13,6,41,201
2014-01-01,13,7,0,36
2014-01-01,13,8,719,893
2014-01-01,13,9,356,694
2014-01-01,14,1,283,290
2014-01-01,14,2,142,578
2014-01-01,14,3,94,328
2014-01-01,14,4,0,96
2014-01-01,14,5,31,220
2014-01-01,14,6,64,273
2014-01-01,14,7,0,35
2014-01-01,14,8,748,1115
2014-01-01,14,9,448,897
2014-01-01,15,1,253,274
2014-01-01,15,2,92,537
2014-01-01,15,3,68,289
2014-01-01,15,4,0,44
2014-01-01,15,5,20,187
2014-01-01,15,6,16,222
2014-01-01,15,7,0,24
2014-01-01,15,8,300,999
2014-01-01,15,9,239,810
2014-01-01,16,1,257,300
2014-01-01,16,2,112,594
2014-01-01,16,3,67,302
2014-01-01,16,4,0,51
2014-01-01,16,5,18,195
2014-01-01,16,6,28,256
2014-01-01,16,7,0,18
2014-01-01,16,8,502,1100
2014-01-01,16,9,265,884
2014-01-01,17,1,270,322
2014-01-01,17,2,185,635
2014-01-01,17,3,73,348
2014-01-01,17,4,0,80
2014-01-01,17,5,35,214
2014-01-01,17,6,41,276
2014-01-01,17,7,0,33
2014-01-01,17,8,671,1223
2014-01-01,17,9,441,967
2014-01-01,18,1,200,284
2014-01-01,18,2,136,565
2014-01-01,18,3,138,314
2014-01-01,18,4,0,65
2014-01-01,18,5,34,218
2014-01-01,18,6,30,241
2014-01-01,18,7,0,33
2014-01-01,18,8,562,1092
2014-01-01,18,9,404,854
2014-01-01,19,1,217,246
2014-01-01,19,2,118,491
2014-01-01,19,3,134,316
2014-01-01,19,4,0,48
2014-01-01,19,5,37,213
2014-01-01,19,6,72,243
2014-01-01,19,7,0,38
2014-01-01,19,8,964,961
2014-01-01,19,9,459,770
2014-01-01,20,1,143,206
2014-01-01,20,2,72,412
2014-01-01,20,3,73,246
2014-01-01,20,4,0,57
2014-01-01,20,5,15,185
2014-01-01,20,6,38,188
2014-01-01,20,7,0,24
2014-01-01,20,8,791,808
2014-01-01,20,9,212,622
2014-01-01,21,1,101,196
2014-01-01,21,2,52,390
2014-01-01,21,3,56,205
2014-01-01,21,4,0,35
2014-01-01,21,5,16,135
2014-01-01,21,6,10,145
2014-01-01,21,7,0,17
2014-01-01,21,8,308,716
2014-01-01,21,9,130,564
2014-01-01,22,1,346,356
2014-01-01,22,2,215,709
2014-01-01,22,3,219,445
2014-01-01,22,4,0,90
2014-01-01,22,5,32,294
2014-01-01,22,6,160,351
2014-01-01,22,7,0,53
2014-01-01,22,8,1132,1394
2014-01-01,22,9,622,1114
2014-01-01,23,1,274,338
2014-01-01,23,2,172,673
2014-01-01,23,3,120,405
2014-01-01,23,4,0,102
2014-01-01,23,5,26,253
2014-01-01,23,6,82,323
2014-01-01,23,7,0,44
2014-01-01,23,8,593,1300
2014-01-01,23,9,487,1054
2014-01-01,24,1,163,248
2014-01-01,24,2,68,490
2014-01-01,24,3,45,270
2014-01-01,24,4,0,53
2014-01-01,24,5,15,180
2014-01-01,24,6,29,219
2014-01-01,24,7,0,24
2014-01-01,24,8,408,937
2014-01-01,24,9,173,726
2014-01-01,25,1,283,328
2014-01-01,25,2,168,652
2014-01-01,25,3,138,385
2014-01-01,25,4,0,99
2014-01-01,25,5,50,242
2014-01-01,25,6,205,319
2014-01-01,25,7,0,36
2014-01-01,25,8,897,1274
2014-01-01,25,9,585,1030
2014-01-01,26,1,298,322
2014-01-01,26,2,140,637
2014-01-01,26,3,150,338
2014-01-01,26,4,0,79
2014-01-01,26,5,37,230
2014-01-01,26,6,67,300
2014-01-01,26,7,0,26
2014-01-01,26,8,679,1220
2014-01-01,26,9,401,975
2014-01-01,27,1,198,230
2014-01-01,27,2,86,459
2014-01-01,27,3,69,213
2014-01-01,27,4,0,26
2014-01-01,27,5,11,164
2014-01-01,27,6,12,171
2014-01-01,27,7,0,22
2014-01-01,27,8,344,863
2014-01-01,27,9,179,668
2014-01-01,28,1,282,332
2014-01-01,28,2,202,662
2014-01-01,28,3,203,418
2014-01-01,28,4,0,109
2014-01-01,28,5,25,265
2014-01-01,28,6,142,327
2014-01-01,28,7,0,37
2014-01-01,28,8,893,1290
2014-01-01,28,9,513,1035
2014-01-01,29,1,122,242
2014-01-01,29,2,91,476
2014-01-01,29,3,37,248
2014-01-01,29,4,0,28
2014-01-01,29,5,14,164
2014-01-01,29,6,24,195
2014-01-01,29,7,0,17
2014-01-01,29,8,324,896
2014-01-01,29,9,219,720
2014-01-01,30,1,204,288
2014-01-01,30,2,160,575
2014-01-01,30,3,199,346
2014-01-01,30,4,0,50
2014-01-01,30,5,36,239
2014-01-01,30,6,80,264
2014-01-01,30,7,0,39
2014-01-01,30,8,729,1123
2014-01-01,30,9,530,892
2014-01-01,31,1,264,288
2014-01-01,31,2,118,572
2014-01-01,31,3,127,323
2014-01-01,31,4,0,68
2014-01-01,31,5,28,214
2014-01-01,31,6,68,281
2014-01-01,31,7,0,28
2014-01-01,31,8,703,1098
2014-01-01,31,9,418,890
2014-01-01,32,1,289,358
2014-01-01,32,2,119,708
2014-01-01,32,3,101,388
2014-01-01,32,4,0,78
2014-01-01,32,5,28,278
2014-01-01,32,6,83,334
2014-01-01,32,7,0,39
2014-01-01,32,8,771,1355
2014-01-01,32,9,336,1079
2014-01-01,33,1,347,256
2014-01-01,33,2,172,511
2014-01-01,33,3,250,302
2014-01-01,33,4,0,81
2014-01-01,33,5,73,203
2014-01-01,33,6,231,232
2014-01-01,33,7,0,34
2014-01-01,33,8,2490,992
2014-01-01,33,9,609,784
2014-02-01,1,1,166,220
2014-02-01,1,2,135,433
2014-02-01,1,3,72,243
2014-02-01,1,4,0,67
2014-02-01,1,5,25,162
2014-02-01,1,6,54,206
2014-02-01,1,7,0,26
2014-02-01,1,8,400,845
2014-02-01,1,9,352,678
2014-02-01,2,1,295,422
2014-02-01,2,2,164,831
2014-02-01,2,3,103,439
2014-02-01,2,4,0,77
2014-02-01,2,5,35,290
2014-02-01,2,6,47,366
2014-02-01,2,7,0,34
2014-02-01,2,8,722,1585
2014-02-01,2,9,392,1260
2014-02-01,3,1,128,292
2014-02-01,3,2,86,573
2014-02-01,3,3,76,308
2014-02-01,3,4,0,44
2014-02-01,3,5,16,186
2014-02-01,3,6,9,240
2014-02-01,3,7,0,18
2014-02-01,3,8,315,1047
2014-02-01,3,9,206,863
2014-02-01,4,1,214,346
2014-02-01,4,2,137,680
2014-02-01,4,3,261,435
2014-02-01,4,4,0,86
2014-02-01,4,5,30,266
2014-02-01,4,6,81,316
2014-02-01,4,7,0,33
2014-02-01,4,8,625,1307
2014-02-01,4,9,465,1074
2014-02-01,5,1,249,394
2014-02-01,5,2,170,782
2014-02-01,5,3,96,392
2014-02-01,5,4,0,79
2014-02-01,5,5,21,262
2014-02-01,5,6,24,321
2014-02-01,5,7,0,24
2014-02-01,5,8,584,1449
2014-02-01,5,9,370,1148
2014-02-01,6,1,265,266
2014-02-01,6,2,95,531
2014-02-01,6,3,135,315
2014-02-01,6,4,0,71
2014-02-01,6,5,42,215
2014-02-01,6,6,77,248
2014-02-01,6,7,0,24
2014-02-01,6,8,1105,1030
2014-02-01,6,9,356,804
2014-02-01,7,1,0,5
2014-02-01,7,2,0,11
2014-02-01,7,3,1,7
2014-02-01,7,5,1,4
2014-02-01,7,6,1,5
2014-02-01,7,8,4,33
2014-02-01,7,9,0,25
2014-02-01,8,1,262,440
2014-02-01,8,2,208,872
2014-02-01,8,3,158,481
2014-02-01,8,4,0,87
2014-02-01,8,5,37,283
2014-02-01,8,6,83,405
2014-02-01,8,7,0,47
2014-02-01,8,8,693,1632
2014-02-01,8,9,522,1328
2014-02-01,9,1,245,392
2014-02-01,9,2,179,778
2014-02-01,9,3,111,465
2014-02-01,9,4,0,79
2014-02-01,9,5,38,292
2014-02-01,9,6,48,351
2014-02-01,9,7,0,37
2014-02-01,9,8,716,1489
2014-02-01,9,9,480,1204
2014-02-01,10,1,310,366
2014-02-01,10,2,144,720
2014-02-01,10,3,135,408
2014-02-01,10,4,0,90
2014-02-01,10,5,38,273
2014-02-01,10,6,64,329
2014-02-01,10,7,0,35
2014-02-01,10,8,647,1393
2014-02-01,10,9,364,1119
2014-02-01,11,1,200,302
2014-02-01,11,2,134,600
2014-02-01,11,3,127,345
2014-02-01,11,4,0,56
2014-02-01,11,5,27,204
2014-02-01,11,6,22,280
2014-02-01,11,7,0,27
2014-02-01,11,8,498,1151
2014-02-01,11,9,472,935
2014-02-01,12,1,231,288
2014-02-01,12,2,141,573
2014-02-01,12,3,113,359
2014-02-01,12,4,0,70
2014-02-01,12,5,34,253
2014-02-01,12,6,65,270
2014-02-01,12,7,0,39
2014-02-01,12,8,813,1115
2014-02-01,12,9,455,901
2014-02-01,13,1,106,226
2014-02-01,13,2,96,449
2014-02-01,13,3,132,295
2014-02-01,13,4,0,45
2014-02-01,13,5,39,205
2014-02-01,13,6,24,201
2014-02-01,13,7,0,36
2014-02-01,13,8,597,893
2014-02-01,13,9,290,694
2014-02-01,14,1,251,290
2014-02-01,14,2,137,578
2014-02-01,14,3,96,328
2014-02-01,14,4,0,96
2014-02-01,14,5,39,220
2014-02-01,14,6,74,273
2014-02-01,14,7,0,35
2014-02-01,14,8,757,1115
2014-02-01,14,9,382,897
2014-02-01,15,1,227,274
2014-02-01,15,2,82,537
2014-02-01,15,3,84,289
2014-02-01,15,4,0,44
2014-02-01,15,5,14,187
2014-02-01,15,6,24,222
2014-02-01,15,7,0,24
2014-02-01,15,8,292,999
2014-02-01,15,9,221,810
2014-02-01,16,1,239,300
2014-02-01,16,2,102,594
2014-02-01,16,3,60,302
2014-02-01,16,4,0,51
2014-02-01,16,5,14,195
2014-02-01,16,6,29,256
2014-02-01,16,7,0,18
2014-02-01,16,8,422,1100
2014-02-01,16,9,295,884
2014-02-01,17,1,263,322
2014-02-01,17,2,182,635
2014-02-01,17,3,71,348
2014-02-01,17,4,0,80
2014-02-01,17,5,30,214
2014-02-01,17,6,29,276
2014-02-01,17,7,0,33
2014-02-01,17,8,621,1223
2014-02-01,17,9,411,967
2014-02-01,18,1,168,284
2014-02-01,18,2,146,565
2014-02-01,18,3,116,314
2014-02-01,18,4,0,65
2014-02-01,18,5,41,218
2014-02-01,18,6,37,241
2014-02-01,18,7,0,33
2014-02-01,18,8,612,1092
2014-02-01,18,9,440,854
2014-02-01,19,1,203,246
2014-02-01,19,2,143,491
2014-02-01,19,3,115,316
2014-02-01,19,4,0,48
2014-02-01,19,5,32,213
2014-02-01,19,6,69,243
2014-02-01,19,7,0,38
2014-02-01,19,8,932,961
2014-02-01,19,9,410,770
2014-02-01,20,1,132,206
2014-02-01,20,2,85,412
2014-02-01,20,3,75,246
2014-02-01,20,4,0,57
2014-02-01,20,5,21,185
2014-02-01,20,6,35,188
2014-02-01,20,7,0,24
2014-02-01,20,8,758,808
2014-02-01,20,9,219,622
2014-02-01,21,1,76,196
2014-02-01,21,2,61,390
2014-02-01,21,3,71,205
2014-02-01,21,4,0,35
2014-02-01,21,5,9,135
2014-02-01,21,6,8,145
2014-02-01,21,7,0,17
2014-02-01,21,8,319,716
2014-02-01,21,9,143,564
2014-02-01,22,1,268,356
2014-02-01,22,2,170,709
2014-02-01,22,3,191,445
2014-02-01,22,4,0,90
2014-02-01,22,5,53,294
2014-02-01,22,6,121,351
2014-02-01,22,7,0,53
2014-02-01,22,8,983,1394
2014-02-01,22,9,573,1114
2014-02-01,23,1,215,338
2014-02-01,23,2,157,673
2014-02-01,23,3,130,405
2014-02-01,23,4,0,102
2014-02-01,23,5,20,253
2014-02-01,23,6,63,323
2014-02-01,23,7,0,44
2014-02-01,23,8,552,1300
2014-02-01,23,9,483,1054
2014-02-01,24,1,92,248
2014-02-01,24,2,100,490
2014-02-01,24,3,36,270
2014-02-01,24,4,0,53
2014-02-01,24,5,8,180
2014-02-01,24,6,16,219
2014-02-01,24,7,0,24
2014-02-01,24,8,344,937
2014-02-01,24,9,199,726
2014-02-01,25,1,238,328
2014-02-01,25,2,178,652
2014-02-01,25,3,123,385
2014-02-01,25,4,0,99
2014-02-01,25,5,38,242
2014-02-01,25,6,182,319
2014-02-01,25,7,0,36
2014-02-01,25,8,969,1274
2014-02-01,25,9,576,1030
2014-02-01,26,1,254,322
2014-02-01,26,2,95,637
2014-02-01,26,3,121,338
2014-02-01,26,4,0,79
2014-02-01,26,5,30,230
2014-02-01,26,6,69,300
2014-02-01,26,7,0,26
2014-02-01,26,8,520,1220
2014-02-01,26,9,351,975
2014-02-01,27,1,150,230
2014-02-01,27,2,74,459
2014-02-01,27,3,26,213
2014-02-01,27,4,0,26
2014-02-01,27,5,11,164
2014-02-01,27,6,9,171
2014-02-01,27,7,0,22
2014-02-01,27,8,277,863
2014-02-01,27,9,133,668
2014-02-01,28,1,236,332
2014-02-01,28,2,179,662
2014-02-01,28,3,251,418
2014-02-01,28,4,0,109
2014-02-01,28,5,32,265
2014-02-01,28,6,105,327
2014-02-01,28,7,0,37
2014-02-01,28,8,875,1290
2014-02-01,28,9,510,1035
2014-02-01,29,1,114,242
2014-02-01,29,2,104,476
2014-02-01,29,3,39,248
2014-02-01,29,4,0,28
2014-02-01,29,5,7,164
2014-02-01,29,6,28,195
2014-02-01,29,7,0,17
2014-02-01,29,8,315,896
2014-02-01,29,9,195,720
2014-02-01,30,1,181,288
2014-02-01,30,2,144,575
2014-02-01,30,3,157,346
2014-02-01,30,4,0,50
2014-02-01,30,5,31,239
2014-02-01,30,6,92,264
2014-02-01,30,7,0,39
2014-02-01,30,8,685,1123
2014-02-01,30,9,503,892
2014-02-01,31,1,265,288
2014-02-01,31,2,141,572
2014-02-01,31,3,83,323
2014-02-01,31,4,0,68
2014-02-01,31,5,31,214
2014-02-01,31,6,39,281
2014-02-01,31,7,0,28
2014-02-01,31,8,674,1098
2014-02-01,31,9,411,890
2014-02-01,32,1,215,358
2014-02-01,32,2,146,708
2014-02-01,32,3,48,388
2014-02-01,32,4,0,78
2014-02-01,32,5,22,278
2014-02-01,32,6,75,334
2014-02-01,32,7,0,39
2014-02-01,32,8,700,1355
2014-02-01,32,9,337,1079
2014-02-01,33,1,309,256
2014-02-01,33,2,121,511
2014-02-01,33,3,231,302
2014-02-01,33,4,0,81
2014-02-01,33,5,59,203
2014-02-01,33,6,175,232
2014-02-01,33,7,0,34
2014-02-01,33,8,2389,992
2014-02-01,33,9,541,784
2014-03-01,1,1,189,220
2014-03-01,1,2,141,433
2014-03-01,1,3,63,243
2014-03-01,1,4,0,67
2014-03-01,1,5,35,162
2014-03-01,1,6,42,206
2014-03-01,1,7,0,26
2014-03-01,1,8,512,845
2014-03-01,1,9,436,678
2014-03-01,2,1,335,422
2014-03-01,2,2,202,831
2014-03-01,2,3,107,439
2014-03-01,2,4,0,77
2014-03-01,2,5,27,290
2014-03-01,2,6,58,366
2014-03-01,2,7,0,34
2014-03-01,2,8,792,1585
2014-03-01,2,9,449,1260
2014-03-01,3,1,129,292
2014-03-01,3,2,113,573
2014-03-01,3,3,90,308
2014-03-01,3,4,0,44
2014-03-01,3,5,27,186
2014-03-01,3,6,23,240
2014-03-01,3,7,0,18
2014-03-01,3,8,407,1047
2014-03-01,3,9,286,863
2014-03-01,4,1,204,346
2014-03-01,4,2,187,680
2014-03-01,4,3,267,435
2014-03-01,4,4,0,86
2014-03-01,4,5,39,266
2014-03-01,4,6,71,316
2014-03-01,4,7,0,33
2014-03-01,4,8,674,1307
2014-03-01,4,9,612,1074
2014-03-01,5,1,246,394
2014-03-01,5,2,171,782
2014-03-01,5,3,97,392
2014-03-01,5,4,0,79
2014-03-01,5,5,15,262
2014-03-01,5,6,38,321
2014-03-01,5,7,0,24
2014-03-01,5,8,681,1449
2014-03-01,5,9,392,1148
2014-03-01,6,1,247,266
2014-03-01,6,2,151,531
2014-03-01,6,3,167,315
2014-03-01,6,4,0,71
2014-03-01,6,5,52,215
2014-03-01,6,6,86,248
2014-03-01,6,7,0,24
2014-03-01,6,8,1215,1030
2014-03-01,6,9,440,804
2014-03-01,7,1,0,5
2014-03-01,7,2,0,11
2014-03-01,7,3,0,7
2014-03-01,7,5,0,4
2014-03-01,7,6,0,5
2014-03-01,7,8,4,33
2014-03-01,7,9,0,25
2014-03-01,8,1,280,440
2014-03-01,8,2,210,872
2014-03-01,8,3,170,481
2014-03-01,8,4,0,87
2014-03-01,8,5,30,283
2014-03-01,8,6,95,405
2014-03-01,8,7,0,47
2014-03-01,8,8,832,1632
2014-03-01,8,9,619,1328
2014-03-01,9,1,243,392
2014-03-01,9,2,198,778
2014-03-01,9,3,154,465
2014-03-01,9,4,0,79
2014-03-01,9,5,29,292
2014-03-01,9,6,50,351
2014-03-01,9,7,0,37
2014-03-01,9,8,900,1489
2014-03-01,9,9,540,1204
2014-03-01,10,1,285,366
2014-03-01,10,2,170,720
2014-03-01,10,3,166,408
2014-03-01,10,4,0,90
2014-03-01,10,5,31,273
2014-03-01,10,6,53,329
2014-03-01,10,7,0,35
2014-03-01,10,8,785,1393
2014-03-01,10,9,452,1119
2014-03-01,11,1,187,302
2014-03-01,11,2,152,600
2014-03-01,11,3,130,345
2014-03-01,11,4,0,56
2014-03-01,11,5,40,204
2014-03-01,11,6,22,280
2014-03-01,11,7,0,27
2014-03-01,11,8,572,1151
2014-03-01,11,9,502,935
2014-03-01,12,1,227,288
2014-03-01,12,2,161,573
2014-03-01,12,3,150,359
2014-03-01,12,4,0,70
2014-03-01,12,5,43,253
2014-03-01,12,6,75,270
2014-03-01,12,7,0,39
2014-03-01,12,8,942,1115
2014-03-01,12,9,545,901
2014-03-01,13,1,88,226
2014-03-01,13,2,103,449
2014-03-01,13,3,206,295
2014-03-01,13,4,0,45
2014-03-01,13,5,42,205
2014-03-01,13,6,19,201
2014-03-01,13,7,0,36
2014-03-01,13,8,661,893
2014-03-01,13,9,356,694
2014-03-01,14,1,305,290
2014-03-01,14,2,189,578
2014-03-01,14,3,108,328
2014-03-01,14,4,0,96
2014-03-01,14,5,24,220
2014-03-01,14,6,72,273
2014-03-01,14,7,0,35
2014-03-01,14,8,742,1115
2014-03-01,14,9,515,897
2014-03-01,15,1,162,274
2014-03-01,15,2,95,537
2014-03-01,15,3,102,289
2014-03-01,15,4,0,44
2014-03-01,15,5,20,187
2014-03-01,15,6,25,222
2014-03-01,15,7,0,24
2014-03-01,15,8,384,999
2014-03-01,15,9,301,810
2014-03-01,16,1,204,300
2014-03-01,16,2,127,594
2014-03-01,16,3,70,302
2014-03-01,16,4,0,51
2014-03-01,16,5,27,195
2014-03-01,16,6,16,256
2014-03-01,16,7,0,18
2014-03-01,16,8,449,1100
2014-03-01,16,9,314,884
2014-03-01,17,1,210,322
2014-03-01,17,2,210,635
2014-03-01,17,3,94,348
2014-03-01,17,4,0,80
2014-03-01,17,5,88,214
2014-03-01,17,6,46,276
2014-03-01,17,7,0,33
2014-03-01,17,8,795,1223
2014-03-01,17,9,542,967
2014-03-01,18,1,172,284
2014-03-01,18,2,142,565
2014-03-01,18,3,146,314
2014-03-01,18,4,0,65
2014-03-01,18,5,30,218
2014-03-01,18,6,31,241
2014-03-01,18,7,0,33
2014-03-01,18,8,612,1092
2014-03-01,18,9,451,854
2014-03-01,19,1,248,246
2014-03-01,19,2,162,491
2014-03-01,19,3,143,316
2014-03-01,19,4,0,48
2014-03-01,19,5,42,213
2014-03-01,19,6,49,243
2014-03-01,19,7,0,38
2014-03-01,19,8,1008,961
2014-03-01,19,9,499,770
2014-03-01,20,1,110,206
2014-03-01,20,2,73,412
2014-03-01,20,3,69,246
2014-03-01,20,4,0,57
2014-03-01,20,5,17,185
2014-03-01,20,6,36,188
2014-03-01,20,7,0,24
2014-03-01,20,8,851,808
2014-03-01,20,9,263,622
2014-03-01,21,1,72,196
2014-03-01,21,2,90,390
2014-03-01,21,3,90,205
2014-03-01,21,4,0,35
2014-03-01,21,5,8,135
2014-03-01,21,6,13,145
2014-03-01,21,7,0,17
2014-03-01,21,8,351,716
2014-03-01,21,9,185,564
2014-03-01,22,1,242,356
2014-03-01,22,2,165,709
2014-03-01,22,3,245,445
2014-03-01,22,4,0,90
2014-03-01,22,5,58,294
2014-03-01,22,6,124,351
2014-03-01,22,7,0,53
2014-03-01,22,8,1022,1394
2014-03-01,22,9,637,1114
2014-03-01,23,1,210,338
2014-03-01,23,2,147,673
2014-03-01,23,3,143,405
2014-03-01,23,4,0,102
2014-03-01,23,5,33,253
2014-03-01,23,6,55,323
2014-03-01,23,7,0,44
2014-03-01,23,8,621,1300
2014-03-01,23,9,563,1054
2014-03-01,24,1,143,248
2014-03-01,24,2,116,490
2014-03-01,24,3,43,270
2014-03-01,24,4,0,53
2014-03-01,24,5,13,180
2014-03-01,24,6,18,219
2014-03-01,24,7,0,24
2014-03-01,24,8,382,937
2014-03-01,24,9,242,726
2014-03-01,25,1,289,328
2014-03-01,25,2,178,652
2014-03-01,25,3,175,385
2014-03-01,25,4,0,99
2014-03-01,25,5,52,242
2014-03-01,25,6,155,319
2014-03-01,25,7,0,36
2014-03-01,25,8,1076,1274
2014-03-01,25,9,640,1030
2014-03-01,26,1,250,322
2014-03-01,26,2,133,637
2014-03-01,26,3,146,338
2014-03-01,26,4,0,79
2014-03-01,26,5,36,230
2014-03-01,26,6,51,300
2014-03-01,26,7,0,26
2014-03-01,26,8,600,1220
2014-03-01,26,9,458,975
2014-03-01,27,1,156,230
2014-03-01,27,2,90,459
2014-03-01,27,3,46,213
2014-03-01,27,4,0,26
2014-03-01,27,5,16,164
2014-03-01,27,6,12,171
2014-03-01,27,7,0,22
2014-03-01,27,8,356,863
2014-03-01,27,9,178,668
2014-03-01,28,1,238,332
2014-03-01,28,2,209,662
2014-03-01,28,3,242,418
2014-03-01,28,4,0,109
2014-03-01,28,5,42,265
2014-03-01,28,6,110,327
2014-03-01,28,7,0,37
2014-03-01,28,8,1011,1290
2014-03-01,28,9,564,1035
2014-03-01,29,1,110,242
2014-03-01,29,2,94,476
2014-03-01,29,3,52,248
2014-03-01,29,4,0,28
2014-03-01,29,5,13,164
2014-03-01,29,6,15,195
2014-03-01,29,7,0,17
2014-03-01,29,8,344,896
2014-03-01,29,9,262,720
2014-03-01,30,1,192,288
2014-03-01,30,2,193,575
2014-03-01,30,3,183,346
2014-03-01,30,4,0,50
2014-03-01,30,5,28,239
2014-03-01,30,6,93,264
2014-03-01,30,7,0,39
2014-03-01,30,8,841,1123
2014-03-01,30,9,590,892
2014-03-01,31,1,235,288
2014-03-01,31,2,166,572
2014-03-01,31,3,110,323
2014-03-01,31,4,0,68
2014-03-01,31,5,36,214
2014-03-01,31,6,60,281
2014-03-01,31,7,0,28
2014-03-01,31,8,635,1098
2014-03-01,31,9,484,890
2014-03-01,32,1,195,358
2014-03-01,32,2,127,708
2014-03-01,32,3,84,388
2014-03-01,32,4,0,78
2014-03-01,32,5,21,278
2014-03-01,32,6,57,334
2014-03-01,32,7,0,39
2014-03-01,32,8,741,1355
2014-03-01,32,9,395,1079
2014-03-01,33,1,317,256
2014-03-01,33,2,181,511
2014-03-01,33,3,280,302
2014-03-01,33,4,0,81
2014-03-01,33,5,74,203
2014-03-01,33,6,207,232
2014-03-01,33,7,0,34
2014-03-01,33,8,2606,992
2014-03-01,33,9,684,784
2014-04-01,1,1,128,220
2014-04-01,1,2,124,433
2014-04-01,1,3,59,243
2014-04-01,1,4,0,67
2014-04-01,1,5,23,162
2014-04-01,1,6,32,206
2014-04-01,1,7,0,26
2014-04-01,1,8,460,845
2014-04-01,1,9,357,678
2014-04-01,2,1,321,422
2014-04-01,2,2,149,831
2014-04-01,2,3,92,439
2014-04-01,2,4,0,77
2014-04-01,2,5,41,290
2014-04-01,2,6,50,366
2014-04-01,2,7,0,34
2014-04-01,2,8,774,1585
2014-04-01,2,9,463,1260
2014-04-01,3,1,144,292
2014-04-01,3,2,131,573
2014-04-01,3,3,64,308
2014-04-01,3,4,0,44
2014-04-01,3,5,18,186
2014-04-01,3,6,26,240
2014-04-01,3,7,0,18
2014-04-01,3,8,384,1047
2014-04-01,3,9,259,863
2014-04-01,4,1,185,346
2014-04-01,4,2,173,680
2014-04-01,4,3,258,435
2014-04-01,4,4,0,86
2014-04-01,4,5,37,266
2014-04-01,4,6,71,316
2014-04-01,4,7,0,33
2014-04-01,4,8,653,1307
2014-04-01,4,9,582,1074
2014-04-01,5,1,218,394
2014-04-01,5,2,178,782
2014-04-01,5,3,84,392
2014-04-01,5,4,0,79
2014-04-01,5,5,21,262
2014-04-01,5,6,24,321
2014-04-01,5,7,0,24
2014-04-01,5,8,600,1449
2014-04-01,5,9,417,1148
2014-04-01,6,1,247,266
2014-04-01,6,2,128,531
2014-04-01,6,3,202,315
2014-04-01,6,4,0,71
2014-04-01,6,5,40,215
2014-04-01,6,6,65,248
2014-04-01,6,7,0,24
2014-04-01,6,8,1045,1030
2014-04-01,6,9,384,804
2014-04-01,7,1,0,5
2014-04-01,7,2,0,11
2014-04-01,7,3,0,7
2014-04-01,7,5,0,4
2014-04-01,7,6,0,5
2014-04-01,7,8,4,33
2014-04-01,7,9,4,25
2014-04-01,8,1,222,440
2014-04-01,8,2,196,872
2014-04-01,8,3,151,481
2014-04-01,8,4,0,87
2014-04-01,8,5,41,283
2014-04-01,8,6,91,405
2014-04-01,8,7,0,47
2014-04-01,8,8,790,1632
2014-04-01,8,9,551,1328
2014-04-01,9,1,207,392
2014-04-01,9,2,172,778
2014-04-01,9,3,113,465
2014-04-01,9,4,0,79
2014-04-01,9,5,42,292
2014-04-01,9,6,54,351
2014-04-01,9,7,0,37
2014-04-01,9,8,811,1489
2014-04-01,9,9,519,1204
2014-04-01,10,1,203,366
2014-04-01,10,2,146,720
2014-04-01,10,3,115,408
2014-04-01,10,4,0,90
2014-04-01,10,5,32,273
2014-04-01,10,6,90,329
2014-04-01,10,7,0,35
2014-04-01,10,8,683,1393
2014-04-01,10,9,413,1119
2014-04-01,11,1,164,302
2014-04-01,11,2,146,600
2014-04-01,11,3,107,345
2014-04-01,11,4,0,56
2014-04-01,11,5,31,204
2014-04-01,11,6,24,280
2014-04-01,11,7,0,27
2014-04-01,11,8,615,1151
2014-04-01,11,9,478,935
2014-04-01,12,1,200,288
2014-04-01,12,2,140,573
2014-04-01,12,3,106,359
2014-04-01,12,4,0,70
2014-04-01,12,5,25,253
2014-04-01,12,6,84,270
2014-04-01,12,7,0,39
2014-04-01,12,8,871,1115
2014-04-01,12,9,534,901
2014-04-01,13,1,117,226
2014-04-01,13,2,111,449
2014-04-01,13,3,176,295
2014-04-01,13,4,0,45
2014-04-01,13,5,39,205
2014-04-01,13,6,26,201
2014-04-01,13,7,0,36
2014-04-01,13,8,688,893
2014-04-01,13,9,384,694
2014-04-01,14,1,215,290
2014-04-01,14,2,183,578
2014-04-01,14,3,128,328
2014-04-01,14,4,0,96
2014-04-01,14,5,21,220
2014-04-01,14,6,62,273
2014-04-01,14,7,0,35
2014-04-01,14,8,672,1115
2014-04-01,14,9,438,897
2014-04-01,15,1,126,274
2014-04-01,15,2,113,537
2014-04-01,15,3,88,289
2014-04-01,15,4,0,44
2014-04-01,15,5,31,187
2014-04-01,15,6,18,222
2014-04-01,15,7,0,24
2014-04-01,15,8,308,999
2014-04-01,15,9,249,810
2014-04-01,16,1,146,300
2014-04-01,16,2,153,594
2014-04-01,16,3,59,302
2014-04-01,16,4,0,51
2014-04-01,16,5,24,195
2014-04-01,16,6,15,256
2014-04-01,16,7,0,18
2014-04-01,16,8,509,1100
2014-04-01,16,9,350,884
2014-04-01,17,1,200,322
2014-04-01,17,2,203,635
2014-04-01,17,3,79,348
2014-04-01,17,4,0,80
2014-04-01,17,5,82,214
2014-04-01,17,6,57,276
2014-04-01,17,7,0,33
2014-04-01,17,8,753,1223
2014-04-01,17,9,515,967
2014-04-01,18,1,185,284
2014-04-01,18,2,133,565
2014-04-01,18,3,120,314
2014-04-01,18,4,0,65
2014-04-01,18,5,29,218
2014-04-01,18,6,32,241
2014-04-01,18,7,0,33
2014-04-01,18,8,673,1092
2014-04-01,18,9,456,854
2014-04-01,19,1,210,246
2014-04-01,19,2,146,491
2014-04-01,19,3,92,316
2014-04-01,19,4,0,48
2014-04-01,19,5,31,213
2014-04-01,19,6,68,243
2014-04-01,19,7,0,38
2014-04-01,19,8,937,961
2014-04-01,19,9,501,770
2014-04-01,20,1,149,206
2014-04-01,20,2,79,412
2014-04-01,20,3,73,246
2014-04-01,20,4,0,57
2014-04-01,20,5,17,185
2014-04-01,20,6,35,188
2014-04-01,20,7,0,24
2014-04-01,20,8,833,808
2014-04-01,20,9,260,622
2014-04-01,21,1,91,196
2014-04-01,21,2,77,390
2014-04-01,21,3,53,205
2014-04-01,21,4,0,35
2014-04-01,21,5,12,135
2014-04-01,21,6,7,145
2014-04-01,21,7,0,17
2014-04-01,21,8,304,716
2014-04-01,21,9,155,564
2014-04-01,22,1,227,356
2014-04-01,22,2,185,709
2014-04-01,22,3,241,445
2014-04-01,22,4,0,90
2014-04-01,22,5,42,294
2014-04-01,22,6,101,351
2014-04-01,22,7,0,53
2014-04-01,22,8,1051,1394
2014-04-01,22,9,632,1114
2014-04-01,23,1,215,338
2014-04-01,23,2,181,673
2014-04-01,23,3,100,405
2014-04-01,23,4,0,102
2014-04-01,23,5,30,253
2014-04-01,23,6,58,323
2014-04-01,23,7,0,44
2014-04-01,23,8,612,1300
2014-04-01,23,9,512,1054
2014-04-01,24,1,109,248
2014-04-01,24,2,102,490
2014-04-01,24,3,45,270
2014-04-01,24,4,0,53
2014-04-01,24,5,13,180
2014-04-01,24,6,19,219
2014-04-01,24,7,0,24
2014-04-01,24,8,334,937
2014-04-01,24,9,231,726
2014-04-01,25,1,208,328
2014-04-01,25,2,199,652
2014-04-01,25,3,144,385
2014-04-01,25,4,0,99
2014-04-01,25,5,43,242
2014-04-01,25,6,117,319
2014-04-01,25,7,0,36
2014-04-01,25,8,956,1274
2014-04-01,25,9,583,1030
2014-04-01,26,1,150,322
2014-04-01,26,2,122,637
2014-04-01,26,3,131,338
2014-04-01,26,4,0,79
2014-04-01,26,5,33,230
2014-04-01,26,6,67,300
2014-04-01,26,7,0,26
2014-04-01,26,8,550,1220
2014-04-01,26,9,434,975
2014-04-01,27,1,143,230
2014-04-01,27,2,87,459
2014-04-01,27,3,33,213
2014-04-01,27,4,0,26
2014-04-01,27,5,11,164
2014-04-01,27,6,12,171
2014-04-01,27,7,0,22
2014-04-01,27,8,351,863
2014-04-01,27,9,190,668
2014-04-01,28,1,206,332
2014-04-01,28,2,204,662
2014-04-01,28,3,244,418
2014-04-01,28,4,0,109
2014-04-01,28,5,37,265
2014-04-01,28,6,84,327
2014-04-01,28,7,0,37
2014-04-01,28,8,870,1290
2014-04-01,28,9,563,1035
2014-04-01,29,1,107,242
2014-04-01,29,2,115,476
2014-04-01,29,3,23,248
2014-04-01,29,4,0,28
2014-04-01,29,5,13,164
2014-04-01,29,6,11,195
2014-04-01,29,7,0,17
2014-04-01,29,8,282,896
2014-04-01,29,9,225,720
2014-04-01,30,1,171,288
2014-04-01,30,2,190,575
2014-04-01,30,3,162,346
2014-04-01,30,4,0,50
2014-04-01,30,5,47,239
2014-04-01,30,6,66,264
2014-04-01,30,7,0,39
2014-04-01,30,8,789,1123
2014-04-01,30,9,527,892
2014-04-01,31,1,204,288
2014-04-01,31,2,129,572
2014-04-01,31,3,136,323
2014-04-01,31,4,0,68
2014-04-01,31,5,24,214
2014-04-01,31,6,53,281
2014-04-01,31,7,0,28
2014-04-01,31,8,634,1098
2014-04-01,31,9,468,890
2014-04-01,32,1,199,358
2014-04-01,32,2,137,708
2014-04-01,32,3,151,388
2014-04-01,32,4,0,78
2014-04-01,32,5,28,278
2014-04-01,32,6,39,334
2014-04-01,32,7,0,39
2014-04-01,32,8,708,1355
2014-04-01,32,9,351,1079
2014-04-01,33,1,294,256
2014-04-01,33,2,171,511
2014-04-01,33,3,242,302
2014-04-01,33,4,0,81
2014-04-01,33,5,63,203
2014-04-01,33,6,165,232
2014-04-01,33,7,0,34
2014-04-01,33,8,2161,992
2014-04-01,33,9,588,784
2014-05-01,1,1,138,220
2014-05-01,1,2,131,433
2014-05-01,1,3,87,243
2014-05-01,1,4,0,67
2014-05-01,1,5,22,162
2014-05-01,1,6,34,206
2014-05-01,1,7,0,26
2014-05-01,1,8,463,845
2014-05-01,1,9,343,678
2014-05-01,2,1,254,422
2014-05-01,2,2,199,831
2014-05-01,2,3,111,439
2014-05-01,2,4,0,77
2014-05-01,2,5,29,290
2014-05-01,2,6,58,366
2014-05-01,2,7,0,34
2014-05-01,2,8,803,1585
2014-05-01,2,9,480,1260
2014-05-01,3,1,102,292
2014-05-01,3,2,131,573
2014-05-01,3,3,53,308
2014-05-01,3,4,0,44
2014-05-01,3,5,22,186
2014-05-01,3,6,13,240
2014-05-01,3,7,0,18
2014-05-01,3,8,328,1047
2014-05-01,3,9,268,863
2014-05-01,4,1,199,346
2014-05-01,4,2,196,680
2014-05-01,4,3,272,435
2014-05-01,4,4,0,86
2014-05-01,4,5,47,266
2014-05-01,4,6,84,316
2014-05-01,4,7,0,33
2014-05-01,4,8,686,1307
2014-05-01,4,9,646,1074
2014-05-01,5,1,190,394
2014-05-01,5,2,180,782
2014-05-01,5,3,96,392
2014-05-01,5,4,0,79
2014-05-01,5,5,32,262
2014-05-01,5,6,31,321
2014-05-01,5,7,0,24
2014-05-01,5,8,617,1449
2014-05-01,5,9,472,1148
2014-05-01,6,1,253,266
2014-05-01,6,2,135,531
2014-05-01,6,3,184,315
2014-05-01,6,4,0,71
2014-05-01,6,5,39,215
2014-05-01,6,6,63,248
2014-05-01,6,7,0,24
2014-05-01,6,8,1068,1030
2014-05-01,6,9,521,804
2014-05-01,7,1,0,5
2014-05-01,7,2,0,11
2014-05-01,7,3,0,7
2014-05-01,7,5,0,4
2014-05-01,7,6,1,5
2014-05-01,7,8,11,33
2014-05-01,7,9,1,25
2014-05-01,8,1,252,440
2014-05-01,8,2,201,872
2014-05-01,8,3,163,481
2014-05-01,8,4,0,87
2014-05-01,8,5,41,283
2014-05-01,8,6,74,405
2014-05-01,8,7,0,47
2014-05-01,8,8,775,1632
2014-05-01,8,9,650,1328
2014-05-01,9,1,202,392
2014-05-01,9,2,222,778
2014-05-01,9,3,123,465
2014-05-01,9,4,0,79
2014-05-01,9,5,47,292
2014-05-01,9,6,61,351
2014-05-01,9,7,0,37
2014-05-01,9,8,794,1489
2014-05-01,9,9,611,1204
2014-05-01,10,1,222,366
2014-05-01,10,2,180,720
2014-05-01,10,3,126,408
2014-05-01,10,4,0,90
2014-05-01,10,5,43,273
2014-05-01,10,6,67,329
2014-05-01,10,7,0,35
2014-05-01,10,8,721,1393
2014-05-01,10,9,533,1119
2014-05-01,11,1,145,302
2014-05-01,11,2,178,600
2014-05-01,11,3,97,345
2014-05-01,11,4,0,56
2014-05-01,11,5,39,204
2014-05-01,11,6,33,280
2014-05-01,11,7,0,27
2014-05-01,11,8,643,1151
2014-05-01,11,9,513,935
2014-05-01,12,1,240,288
2014-05-01,12,2,127,573
2014-05-01,12,3,105,359
2014-05-01,12,4,0,70
2014-05-01,12,5,36,253
2014-05-01,12,6,74,270
2014-05-01,12,7,0,39
2014-05-01,12,8,896,1115
2014-05-01,12,9,582,901
2014-05-01,13,1,143,226
2014-05-01,13,2,116,449
2014-05-01,13,3,196,295
2014-05-01,13,4,0,45
2014-05-01,13,5,31,205
2014-05-01,13,6,32,201
2014-05-01,13,7,0,36
2014-05-01,13,8,770,893
2014-05-01,13,9,449,694
2014-05-01,14,1,247,290
2014-05-01,14,2,181,578
2014-05-01,14,3,81,328
2014-05-01,14,4,0,96
2014-05-01,14,5,28,220
2014-05-01,14,6,95,273
2014-05-01,14,7,0,35
2014-05-01,14,8,797,1115
2014-05-01,14,9,498,897
2014-05-01,15,1,85,274
2014-05-01,15,2,88,537
2014-05-01,15,3,78,289
2014-05-01,15,4,0,44
2014-05-01,15,5,24,187
2014-05-01,15,6,33,222
2014-05-01,15,7,0,24
2014-05-01,15,8,361,999
2014-05-01,15,9,305,810
2014-05-01,16,1,142,300
2014-05-01,16,2,137,594
2014-05-01,16,3,69,302
2014-05-01,16,4,0,51
2014-05-01,16,5,21,195
2014-05-01,16,6,23,256
2014-05-01,16,7,0,18
2014-05-01,16,8,558,1100
2014-05-01,16,9,320,884
2014-05-01,17,1,205,322
2014-05-01,17,2,208,635
2014-05-01,17,3,95,348
2014-05-01,17,4,0,80
2014-05-01,17,5,76,214
2014-05-01,17,6,51,276
2014-05-01,17,7,0,33
2014-05-01,17,8,739,1223
2014-05-01,17,9,634,967
2014-05-01,18,1,140,284
2014-05-01,18,2,165,565
2014-05-01,18,3,137,314
2014-05-01,18,4,0,65
2014-05-01,18,5,48,218
2014-05-01,18,6,38,241
2014-05-01,18,7,0,33
2014-05-01,18,8,676,1092
2014-05-01,18,9,485,854
2014-05-01,19,1,187,246
2014-05-01,19,2,189,491
2014-05-01,19,3,106,316
2014-05-01,19,4,0,48
2014-05-01,19,5,39,213
2014-05-01,19,6,65,243
2014-05-01,19,7,0,38
2014-05-01,19,8,872,961
2014-05-01,19,9,555,770
2014-05-01,20,1,117,206
2014-05-01,20,2,66,412
2014-05-01,20,3,46,246
2014-05-01,20,4,0,57
2014-05-01,20,5,15,185
2014-05-01,20,6,35,188
2014-05-01,20,7,0,24
2014-05-01,20,8,879,808
2014-05-01,20,9,282,622
2014-05-01,21,1,74,196
2014-05-01,21,2,82,390
2014-05-01,21,3,77,205
2014-05-01,21,4,0,35
2014-05-01,21,5,10,135
2014-05-01,21,6,7,145
2014-05-01,21,7,0,17
2014-05-01,21,8,318,716
2014-05-01,21,9,194,564
2014-05-01,22,1,251,356
2014-05-01,22,2,189,709
2014-05-01,22,3,240,445
2014-05-01,22,4,0,90
2014-05-01,22,5,48,294
2014-05-01,22,6,93,351
2014-05-01,22,7,0,53
2014-05-01,22,8,986,1394
2014-05-01,22,9,712,1114
2014-05-01,23,1,213,338
2014-05-01,23,2,220,673
2014-05-01,23,3,113,405
2014-05-01,23,4,0,102
2014-05-01,23,5,30,253
2014-05-01,23,6,40,323
2014-05-01,23,7,0,44
2014-05-01,23,8,573,1300
2014-05-01,23,9,549,1054
2014-05-01,24,1,118,248
2014-05-01,24,2,110,490
2014-05-01,24,3,70,270
2014-05-01,24,4,0,53
2014-05-01,24,5,14,180
2014-05-01,24,6,24,219
2014-05-01,24,7,0,24
2014-05-01,24,8,439,937
2014-05-01,24,9,251,726
2014-05-01,25,1,187,328
2014-05-01,25,2,202,652
2014-05-01,25,3,170,385
2014-05-01,25,4,0,99
2014-05-01,25,5,50,242
2014-05-01,25,6,122,319
2014-05-01,25,7,0,36
2014-05-01,25,8,933,1274
2014-05-01,25,9,671,1030
2014-05-01,26,1,157,322
2014-05-01,26,2,134,637
2014-05-01,26,3,160,338
2014-05-01,26,4,0,79
2014-05-01,26,5,26,230
2014-05-01,26,6,64,300
2014-05-01,26,7,0,26
2014-05-01,26,8,616,1220
2014-05-01,26,9,450,975
2014-05-01,27,1,158,230
2014-05-01,27,2,89,459
2014-05-01,27,3,45,213
2014-05-01,27,4,0,26
2014-05-01,27,5,19,164
2014-05-01,27,6,8,171
2014-05-01,27,7,0,22
2014-05-01,27,8,388,863
2014-05-01,27,9,197,668
2014-05-01,28,1,231,332
2014-05-01,28,2,172,662
2014-05-01,28,3,201,418
2014-05-01,28,4,0,109
2014-05-01,28,5,60,265
2014-05-01,28,6,122,327
2014-05-01,28,7,0,37
2014-05-01,28,8,853,1290
2014-05-01,28,9,675,1035
2014-05-01,29,1,97,242
2014-05-01,29,2,96,476
2014-05-01,29,3,31,248
2014-05-01,29,4,0,28
2014-05-01,29,5,8,164
2014-05-01,29,6,16,195
2014-05-01,29,7,0,17
2014-05-01,29,8,299,896
2014-05-01,29,9,245,720
2014-05-01,30,1,189,288
2014-05-01,30,2,177,575
2014-05-01,30,3,193,346
2014-05-01,30,4,0,50
2014-05-01,30,5,33,239
2014-05-01,30,6,105,264
2014-05-01,30,7,0,39
2014-05-01,30,8,788,1123
2014-05-01,30,9,622,892
2014-05-01,31,1,184,288
2014-05-01,31,2,139,572
2014-05-01,31,3,126,323
2014-05-01,31,4,0,68
2014-05-01,31,5,27,214
2014-05-01,31,6,67,281
2014-05-01,31,7,0,28
2014-05-01,31,8,598,1098
2014-05-01,31,9,571,890
2014-05-01,32,1,239,358
2014-05-01,32,2,161,708
2014-05-01,32,3,70,388
2014-05-01,32,4,0,78
2014-05-01,32,5,38,278
2014-05-01,32,6,31,334
2014-05-01,32,7,0,39
2014-05-01,32,8,789,1355
2014-05-01,32,9,395,1079
2014-05-01,33,1,271,256
2014-05-01,33,2,144,511
2014-05-01,33,3,207,302
2014-05-01,33,4,0,81
2014-05-01,33,5,63,203
2014-05-01,33,6,150,232
2014-05-01,33,7,0,34
2014-05-01,33,8,2320,992
2014-05-01,33,9,666,784
2014-06-01,1,1,130,220
2014-06-01,1,2,138,433
2014-06-01,1,3,74,243
2014-06-01,1,4,0,67
2014-06-01,1,5,21,162
2014-06-01,1,6,34,206
2014-06-01,1,7,0,26
2014-06-01,1,8,419,845
2014-06-01,1,9,453,678
2014-06-01,2,1,238,422
2014-06-01,2,2,168,831
2014-06-01,2,3,68,439
2014-06-01,2,4,0,77
2014-06-01,2,5,26,290
2014-06-01,2,6,43,366
2014-06-01,2,7,0,34
2014-06-01,2,8,710,1585
2014-06-01,2,9,472,1260
2014-06-01,3,1,135,292
2014-06-01,3,2,110,573
2014-06-01,3,3,74,308
2014-06-01,3,4,0,44
2014-06-01,3,5,13,186
2014-06-01,3,6,17,240
2014-06-01,3,7,0,18
2014-06-01,3,8,372,1047
2014-06-01,3,9,305,863
2014-06-01,4,1,176,346
2014-06-01,4,2,197,680
2014-06-01,4,3,232,435
2014-06-01,4,4,0,86
2014-06-01,4,5,34,266
2014-06-01,4,6,96,316
2014-06-01,4,7,0,33
2014-06-01,4,8,766,1307
2014-06-01,4,9,684,1074
2014-06-01,5,1,169,394
2014-06-01,5,2,185,782
2014-06-01,5,3,84,392
2014-06-01,5,4,0,79
2014-06-01,5,5,24,262
2014-06-01,5,6,34,321
2014-06-01,5,7,0,24
2014-06-01,5,8,682,1449
2014-06-01,5,9,468,1148
2014-06-01,6,1,206,266
2014-06-01,6,2,145,531
2014-06-01,6,3,183,315
2014-06-01,6,4,0,71
2014-06-01,6,5,37,215
2014-06-01,6,6,63,248
2014-06-01,6,7,0,24
2014-06-01,6,8,1096,1030
2014-06-01,6,9,512,804
2014-06-01,7,1,0,5
2014-06-01,7,2,0,11
2014-06-01,7,3,0,7
2014-06-01,7,5,0,4
2014-06-01,7,6,0,5
2014-06-01,7,8,4,33
2014-06-01,7,9,0,25
2014-06-01,8,1,220,440
2014-06-01,8,2,271,872
2014-06-01,8,3,129,481
2014-06-01,8,4,0,87
2014-06-01,8,5,47,283
2014-06-01,8,6,107,405
2014-06-01,8,7,0,47
2014-06-01,8,8,787,1632
2014-06-01,8,9,719,1328
2014-06-01,9,1,222,392
2014-06-01,9,2,172,778
2014-06-01,9,3,120,465
2014-06-01,9,4,0,79
2014-06-01,9,5,27,292
2014-06-01,9,6,64,351
2014-06-01,9,7,0,37
2014-06-01,9,8,852,1489
2014-06-01,9,9,715,1204
2014-06-01,10,1,206,366
2014-06-01,10,2,179,720
2014-06-01,10,3,79,408
2014-06-01,10,4,0,90
2014-06-01,10,5,40,273
2014-06-01,10,6,62,329
2014-06-01,10,7,0,35
2014-06-01,10,8,708,1393
2014-06-01,10,9,490,1119
2014-06-01,11,1,164,302
2014-06-01,11,2,191,600
2014-06-01,11,3,112,345
2014-06-01,11,4,0,56
2014-06-01,11,5,44,204
2014-06-01,11,6,37,280
2014-06-01,11,7,0,27
2014-06-01,11,8,678,1151
2014-06-01,11,9,583,935
2014-06-01,12,1,228,288
2014-06-01,12,2,158,573
2014-06-01,12,3,110,359
2014-06-01,12,4,0,70
2014-06-01,12,5,32,253
2014-06-01,12,6,100,270
2014-06-01,12,7,0,39
2014-06-01,12,8,864,1115
2014-06-01,12,9,671,901
2014-06-01,13,1,101,226
2014-06-01,13,2,116,449
2014-06-01,13,3,152,295
2014-06-01,13,4,0,45
2014-06-01,13,5,34,205
2014-06-01,13,6,30,201
2014-06-01,13,7,0,36
2014-06-01,13,8,712,893
2014-06-01,13,9,467,694
2014-06-01,14,1,210,290
2014-06-01,14,2,193,578
2014-06-01,14,3,123,328
2014-06-01,14,4,0,96
2014-06-01,14,5,37,220
2014-06-01,14,6,88,273
2014-06-01,14,7,0,35
2014-06-01,14,8,740,1115
2014-06-01,14,9,557,897
2014-06-01,15,1,94,274
2014-06-01,15,2,103,537
2014-06-01,15,3,67,289
2014-06-01,15,4,0,44
2014-06-01,15,5,20,187
2014-06-01,15,6,22,222
2014-06-01,15,7,0,24
2014-06-01,15,8,285,999
2014-06-01,15,9,311,810
2014-06-01,16,1,111,300
2014-06-01,16,2,130,594
2014-06-01,16,3,53,302
2014-06-01,16,4,0,51
2014-06-01,16,5,29,195
2014-06-01,16,6,15,256
2014-06-01,16,7,0,18
2014-06-01,16,8,408,1100
2014-06-01,16,9,345,884
2014-06-01,17,1,173,322
2014-06-01,17,2,215,635
2014-06-01,17,3,70,348
2014-06-01,17,4,0,80
2014-06-01,17,5,57,214
2014-06-01,17,6,38,276
2014-06-01,17,7,0,33
2014-06-01,17,8,844,1223
2014-06-01,17,9,613,967
2014-06-01,18,1,130,284
2014-06-01,18,2,212,565
2014-06-01,18,3,125,314
2014-06-01,18,4,0,65
2014-06-01,18,5,45,218
2014-06-01,18,6,39,241
2014-06-01,18,7,0,33
2014-06-01,18,8,626,1092
2014-06-01,18,9,568,854
2014-06-01,19,1,157,246
2014-06-01,19,2,149,491
2014-06-01,19,3,112,316
2014-06-01,19,4,0,48
2014-06-01,19,5,39,213
2014-06-01,19,6,72,243
2014-06-01,19,7,0,38
2014-06-01,19,8,849,961
2014-06-01,19,9,549,770
2014-06-01,20,1,138,206
2014-06-01,20,2,80,412
2014-06-01,20,3,64,246
2014-06-01,20,4,0,57
2014-06-01,20,5,18,185
2014-06-01,20,6,36,188
2014-06-01,20,7,0,24
2014-06-01,20,8,785,808
2014-06-01,20,9,274,622
2014-06-01,21,1,65,196
2014-06-01,21,2,81,390
2014-06-01,21,3,65,205
2014-06-01,21,4,0,35
2014-06-01,21,5,10,135
2014-06-01,21,6,10,145
2014-06-01,21,7,0,17
2014-06-01,21,8,303,716
2014-06-01,21,9,236,564
2014-06-01,22,1,221,356
2014-06-01,22,2,239,709
2014-06-01,22,3,195,445
2014-06-01,22,4,0,90
2014-06-01,22,5,29,294
2014-06-01,22,6,111,351
2014-06-01,22,7,0,53
2014-06-01,22,8,1077,1394
2014-06-01,22,9,872,1114
2014-06-01,23,1,161,338
2014-06-01,23,2,188,673
2014-06-01,23,3,95,405
2014-06-01,23,4,0,102
2014-06-01,23,5,27,253
2014-06-01,23,6,65,323
2014-06-01,23,7,0,44
2014-06-01,23,8,608,1300
2014-06-01,23,9,562,1054
2014-06-01,24,1,120,248
2014-06-01,24,2,103,490
2014-06-01,24,3,49,270
2014-06-01,24,4,0,53
2014-06-01,24,5,12,180
2014-06-01,24,6,33,219
2014-06-01,24,7,0,24
2014-06-01,24,8,399,937
2014-06-01,24,9,282,726
2014-06-01,25,1,164,328
2014-06-01,25,2,192,652
2014-06-01,25,3,135,385
2014-06-01,25,4,0,99
2014-06-01,25,5,45,242
2014-06-01,25,6,106,319
2014-06-01,25,7,0,36
2014-06-01,25,8,929,1274
2014-06-01,25,9,699,1030
2014-06-01,26,1,194,322
2014-06-01,26,2,132,637
2014-06-01,26,3,114,338
2014-06-01,26,4,0,79
2014-06-01,26,5,30,230
2014-06-01,26,6,48,300
2014-06-01,26,7,0,26
2014-06-01,26,8,620,1220
2014-06-01,26,9,539,975
2014-06-01,27,1,134,230
2014-06-01,27,2,100,459
2014-06-01,27,3,39,213
2014-06-01,27,4,0,26
2014-06-01,27,5,18,164
2014-06-01,27,6,6,171
2014-06-01,27,7,0,22
2014-06-01,27,8,416,863
2014-06-01,27,9,196,668
2014-06-01,28,1,233,332
2014-06-01,28,2,225,662
2014-06-01,28,3,241,418
2014-06-01,28,4,0,109
2014-06-01,28,5,25,265
2014-06-01,28,6,89,327
2014-06-01,28,7,0,37
2014-06-01,28,8,907,1290
2014-06-01,28,9,680,1035
2014-06-01,29,1,113,242
2014-06-01,29,2,100,476
2014-06-01,29,3,50,248
2014-06-01,29,4,0,28
2014-06-01,29,5,9,164
2014-06-01,29,6,8,195
2014-06-01,29,7,0,17
2014-06-01,29,8,347,896
2014-06-01,29,9,262,720
2014-06-01,30,1,186,288
2014-06-01,30,2,186,575
2014-06-01,30,3,309,346
2014-06-01,30,4,0,50
2014-06-01,30,5,43,239
2014-06-01,30,6,70,264
2014-06-01,30,7,0,39
2014-06-01,30,8,858,1123
2014-06-01,30,9,648,892
2014-06-01,31,1,176,288
2014-06-01,31,2,167,572
2014-06-01,31,3,113,323
2014-06-01,31,4,0,68
2014-06-01,31,5,28,214
2014-06-01,31,6,50,281
2014-06-01,31,7,0,28
2014-06-01,31,8,631,1098
2014-06-01,31,9,557,890
2014-06-01,32,1,191,358
2014-06-01,32,2,125,708
2014-06-01,32,3,78,388
2014-06-01,32,4,0,78
2014-06-01,32,5,38,278
2014-06-01,32,6,56,334
2014-06-01,32,7,0,39
2014-06-01,32,8,905,1355
2014-06-01,32,9,459,1079
2014-06-01,33,1,225,256
2014-06-01,33,2,160,511
2014-06-01,33,3,249,302
2014-06-01,33,4,0,81
2014-06-01,33,5,73,203
2014-06-01,33,6,193,232
2014-06-01,33,7,0,34
2014-06-01,33,8,2254,992
2014-06-01,33,9,733,784
2014-07-01,1,1,155,220
2014-07-01,1,2,148,433
2014-07-01,1,3,59,243
2014-07-01,1,4,0,67
2014-07-01,1,5,34,162
2014-07-01,1,6,35,206
2014-07-01,1,7,0,26
2014-07-01,1,8,419,845
2014-07-01,1,9,488,678
2014-07-01,2,1,272,422
2014-07-01,2,2,175,831
2014-07-01,2,3,84,439
2014-07-01,2,4,0,77
2014-07-01,2,5,37,290
2014-07-01,2,6,33,366
2014-07-01,2,7,0,34
2014-07-01,2,8,783,1585
2014-07-01,2,9,545,1260
2014-07-01,3,1,146,292
2014-07-01,3,2,129,573
2014-07-01,3,3,57,308
2014-07-01,3,4,0,44
2014-07-01,3,5,25,186
2014-07-01,3,6,13,240
2014-07-01,3,7,0,18
2014-07-01,3,8,405,1047
2014-07-01,3,9,338,863
2014-07-01,4,1,186,346
2014-07-01,4,2,199,680
2014-07-01,4,3,330,435
2014-07-01,4,4,0,86
2014-07-01,4,5,52,266
2014-07-01,4,6,71,316
2014-07-01,4,7,0,33
2014-07-01,4,8,628,1307
2014-07-01,4,9,674,1074
2014-07-01,5,1,268,394
2014-07-01,5,2,200,782
2014-07-01,5,3,73,392
2014-07-01,5,4,0,79
2014-07-01,5,5,30,262
2014-07-01,5,6,34,321
2014-07-01,5,7,0,24
2014-07-01,5,8,656,1449
2014-07-01,5,9,541,1148
2014-07-01,6,1,200,266
2014-07-01,6,2,138,531
2014-07-01,6,3,149,315
2014-07-01,6,4,0,71
2014-07-01,6,5,44,215
2014-07-01,6,6,55,248
2014-07-01,6,7,0,24
2014-07-01,6,8,1135,1030
2014-07-01,6,9,490,804
2014-07-01,7,1,0,5
2014-07-01,7,2,0,11
2014-07-01,7,3,0,7
2014-07-01,7,5,0,4
2014-07-01,7,6,2,5
2014-07-01,7,8,4,33
2014-07-01,7,9,0,25
2014-07-01,8,1,214,440
2014-07-01,8,2,257,872
2014-07-01,8,3,112,481
2014-07-01,8,4,0,87
2014-07-01,8,5,57,283
2014-07-01,8,6,55,405
2014-07-01,8,7,0,47
2014-07-01,8,8,849,1632
2014-07-01,8,9,798,1328
2014-07-01,9,1,209,392
2014-07-01,9,2,207,778
2014-07-01,9,3,139,465
2014-07-01,9,4,0,79
2014-07-01,9,5,41,292
2014-07-01,9,6,56,351
2014-07-01,9,7,0,37
2014-07-01,9,8,917,1489
2014-07-01,9,9,734,1204
2014-07-01,10,1,209,366
2014-07-01,10,2,182,720
2014-07-01,10,3,115,408
2014-07-01,10,4,0,90
2014-07-01,10,5,44,273
2014-07-01,10,6,62,329
2014-07-01,10,7,0,35
2014-07-01,10,8,663,1393
2014-07-01,10,9,592,1119
2014-07-01,11,1,183,302
2014-07-01,11,2,180,600
2014-07-01,11,3,116,345
2014-07-01,11,4,0,56
2014-07-01,11,5,41,204
2014-07-01,11,6,29,280
2014-07-01,11,7,0,27
2014-07-01,11,8,713,1151
2014-07-01,11,9,610,935
2014-07-01,12,1,196,288
2014-07-01,12,2,148,573
2014-07-01,12,3,97,359
2014-07-01,12,4,0,70
2014-07-01,12,5,49,253
2014-07-01,12,6,78,270
2014-07-01,12,7,0,39
2014-07-01,12,8,872,1115
2014-07-01,12,9,707,901
2014-07-01,13,1,107,226
2014-07-01,13,2,130,449
2014-07-01,13,3,135,295
2014-07-01,13,4,0,45
2014-07-01,13,5,38,205
2014-07-01,13,6,21,201
2014-07-01,13,7,0,36
2014-07-01,13,8,721,893
2014-07-01,13,9,421,694
2014-07-01,14,1,219,290
2014-07-01,14,2,187,578
2014-07-01,14,3,68,328
2014-07-01,14,4,0,96
2014-07-01,14,5,29,220
2014-07-01,14,6,92,273
2014-07-01,14,7,0,35
2014-07-01,14,8,724,1115
2014-07-01,14,9,572,897
2014-07-01,15,1,102,274
2014-07-01,15,2,127,537
2014-07-01,15,3,75,289
2014-07-01,15,4,0,44
2014-07-01,15,5,18,187
2014-07-01,15,6,37,222
2014-07-01,15,7,0,24
2014-07-01,15,8,342,999
2014-07-01,15,9,333,810
2014-07-01,16,1,135,300
2014-07-01,16,2,103,594
2014-07-01,16,3,72,302
2014-07-01,16,4,0,51
2014-07-01,16,5,19,195
2014-07-01,16,6,17,256
2014-07-01,16,7,0,18
2014-07-01,16,8,486,1100
2014-07-01,16,9,354,884
2014-07-01,17,1,152,322
2014-07-01,17,2,210,635
2014-07-01,17,3,82,348
2014-07-01,17,4,0,80
2014-07-01,17,5,114,214
2014-07-01,17,6,48,276
2014-07-01,17,7,0,33
2014-07-01,17,8,778,1223
2014-07-01,17,9,705,967
2014-07-01,18,1,129,284
2014-07-01,18,2,162,565
2014-07-01,18,3,145,314
2014-07-01,18,4,0,65
2014-07-01,18,5,34,218
2014-07-01,18,6,29,241
2014-07-01,18,7,0,33
2014-07-01,18,8,617,1092
2014-07-01,18,9,577,854
2014-07-01,19,1,161,246
2014-07-01,19,2,159,491
2014-07-01,19,3,112,316
2014-07-01,19,4,0,48
2014-07-01,19,5,34,213
2014-07-01,19,6,64,243
2014-07-01,19,7,0,38
2014-07-01,19,8,903,961
2014-07-01,19,9,582,770
2014-07-01,20,1,126,206
2014-07-01,20,2,78,412
2014-07-01,20,3,32,246
2014-07-01,20,4,0,57
2014-07-01,20,5,18,185
2014-07-01,20,6,33,188
2014-07-01,20,7,0,24
2014-07-01,20,8,826,808
2014-07-01,20,9,293,622
2014-07-01,21,1,71,196
2014-07-01,21,2,75,390
2014-07-01,21,3,56,205
2014-07-01,21,4,0,35
2014-07-01,21,5,14,135
2014-07-01,21,6,8,145
2014-07-01,21,7,0,17
2014-07-01,21,8,307,716
2014-07-01,21,9,201,564
2014-07-01,22,1,231,356
2014-07-01,22,2,241,709
2014-07-01,22,3,218,445
2014-07-01,22,4,0,90
2014-07-01,22,5,61,294
2014-07-01,22,6,96,351
2014-07-01,22,7,0,53
2014-07-01,22,8,1014,1394
2014-07-01,22,9,831,1114
2014-07-01,23,1,183,338
2014-07-01,23,2,217,673
2014-07-01,23,3,117,405
2014-07-01,23,4,0,102
2014-07-01,23,5,48,253
2014-07-01,23,6,83,323
2014-07-01,23,7,0,44
2014-07-01,23,8,631,1300
2014-07-01,23,9,687,1054
2014-07-01,24,1,118,248
2014-07-01,24,2,100,490
2014-07-01,24,3,39,270
2014-07-01,24,4,0,53
2014-07-01,24,5,15,180
2014-07-01,24,6,19,219
2014-07-01,24,7,0,24
2014-07-01,24,8,366,937
2014-07-01,24,9,270,726
2014-07-01,25,1,168,328
2014-07-01,25,2,183,652
2014-07-01,25,3,150,385
2014-07-01,25,4,0,99
2014-07-01,25,5,39,242
2014-07-01,25,6,102,319
2014-07-01,25,7,0,36
2014-07-01,25,8,979,1274
2014-07-01,25,9,741,1030
2014-07-01,26,1,177,322
2014-07-01,26,2,132,637
2014-07-01,26,3,131,338
2014-07-01,26,4,0,79
2014-07-01,26,5,37,230
2014-07-01,26,6,71,300
2014-07-01,26,7,0,26
2014-07-01,26,8,652,1220
2014-07-01,26,9,532,975
2014-07-01,27,1,136,230
2014-07-01,27,2,90,459
2014-07-01,27,3,40,213
2014-07-01,27,4,0,26
2014-07-01,27,5,22,164
2014-07-01,27,6,7,171
2014-07-01,27,7,0,22
2014-07-01,27,8,386,863
2014-07-01,27,9,249,668
2014-07-01,28,1,249,332
2014-07-01,28,2,235,662
2014-07-01,28,3,263,418
2014-07-01,28,4,0,109
2014-07-01,28,5,45,265
2014-07-01,28,6,91,327
2014-07-01,28,7,0,37
2014-07-01,28,8,933,1290
2014-07-01,28,9,734,1035
2014-07-01,29,1,115,242
2014-07-01,29,2,101,476
2014-07-01,29,3,47,248
2014-07-01,29,4,0,28
2014-07-01,29,5,17,164
2014-07-01,29,6,20,195
2014-07-01,29,7,0,17
2014-07-01,29,8,343,896
2014-07-01,29,9,312,720
2014-07-01,30,1,223,288
2014-07-01,30,2,205,575
2014-07-01,30,3,155,346
2014-07-01,30,4,0,50
2014-07-01,30,5,58,239
2014-07-01,30,6,90,264
2014-07-01,30,7,0,39
2014-07-01,30,8,901,1123
2014-07-01,30,9,673,892
2014-07-01,31,1,191,288
2014-07-01,31,2,154,572
2014-07-01,31,3,108,323
2014-07-01,31,4,0,68
2014-07-01,31,5,40,214
2014-07-01,31,6,47,281
2014-07-01,31,7,0,28
2014-07-01,31,8,622,1098
2014-07-01,31,9,606,890
2014-07-01,32,1,221,358
2014-07-01,32,2,151,708
2014-07-01,32,3,65,388
2014-07-01,32,4,0,78
2014-07-01,32,5,40,278
2014-07-01,32,6,47,334
2014-07-01,32,7,0,39
2014-07-01,32,8,848,1355
2014-07-01,32,9,510,1079
2014-07-01,33,1,249,256
2014-07-01,33,2,161,511
2014-07-01,33,3,222,302
2014-07-01,33,4,0,81
2014-07-01,33,5,63,203
2014-07-01,33,6,142,232
2014-07-01,33,7,0,34
2014-07-01,33,8,2237,992
2014-07-01,33,9,732,784
2014-08-01,1,1,158,220
2014-08-01,1,2,169,433
2014-08-01,1,3,66,243
2014-08-01,1,4,0,67
2014-08-01,1,5,25,162
2014-08-01,1,6,36,206
2014-08-01,1,7,0,26
2014-08-01,1,8,409,845
2014-08-01,1,9,373,678
2014-08-01,2,1,281,422
2014-08-01,2,2,164,831
2014-08-01,2,3,74,439
2014-08-01,2,4,0,77
2014-08-01,2,5,22,290
2014-08-01,2,6,39,366
2014-08-01,2,7,0,34
2014-08-01,2,8,751,1585
2014-08-01,2,9,523,1260
2014-08-01,3,1,106,292
2014-08-01,3,2,130,573
2014-08-01,3,3,44,308
2014-08-01,3,4,0,44
2014-08-01,3,5,11,186
2014-08-01,3,6,19,240
2014-08-01,3,7,0,18
2014-08-01,3,8,345,1047
2014-08-01,3,9,283,863
2014-08-01,4,1,196,346
2014-08-01,4,2,165,680
2014-08-01,4,3,252,435
2014-08-01,4,4,0,86
2014-08-01,4,5,40,266
2014-08-01,4,6,70,316
2014-08-01,4,7,0,33
2014-08-01,4,8,594,1307
2014-08-01,4,9,616,1074
2014-08-01,5,1,229,394
2014-08-01,5,2,191,782
2014-08-01,5,3,63,392
2014-08-01,5,4,0,79
2014-08-01,5,5,22,262
2014-08-01,5,6,48,321
2014-08-01,5,7,0,24
2014-08-01,5,8,560,1449
2014-08-01,5,9,473,1148
2014-08-01,6,1,211,266
2014-08-01,6,2,145,531
2014-08-01,6,3,136,315
2014-08-01,6,4,0,71
2014-08-01,6,5,27,215
2014-08-01,6,6,55,248
2014-08-01,6,7,0,24
2014-08-01,6,8,1029,1030
2014-08-01,6,9,450,804
2014-08-01,7,1,0,5
2014-08-01,7,2,1,11
2014-08-01,7,3,1,7
2014-08-01,7,5,0,4
2014-08-01,7,6,0,5
2014-08-01,7,8,6,33
2014-08-01,7,9,1,25
2014-08-01,8,1,246,440
2014-08-01,8,2,224,872
2014-08-01,8,3,133,481
2014-08-01,8,4,0,87
2014-08-01,8,5,34,283
2014-08-01,8,6,72,405
2014-08-01,8,7,0,47
2014-08-01,8,8,797,1632
2014-08-01,8,9,723,1328
2014-08-01,9,1,207,392
2014-08-01,9,2,184,778
2014-08-01,9,3,157,465
2014-08-01,9,4,0,79
2014-08-01,9,5,25,292
2014-08-01,9,6,48,351
2014-08-01,9,7,0,37
2014-08-01,9,8,778,1489
2014-08-01,9,9,639,1204
2014-08-01,10,1,222,366
2014-08-01,10,2,184,720
2014-08-01,10,3,130,408
2014-08-01,10,4,0,90
2014-08-01,10,5,42,273
2014-08-01,10,6,40,329
2014-08-01,10,7,0,35
2014-08-01,10,8,591,1393
2014-08-01,10,9,520,1119
2014-08-01,11,1,154,302
2014-08-01,11,2,148,600
2014-08-01,11,3,79,345
2014-08-01,11,4,0,56
2014-08-01,11,5,34,204
2014-08-01,11,6,34,280
2014-08-01,11,7,0,27
2014-08-01,11,8,578,1151
2014-08-01,11,9,533,935
2014-08-01,12,1,235,288
2014-08-01,12,2,154,573
2014-08-01,12,3,98,359
2014-08-01,12,4,0,70
2014-08-01,12,5,23,253
2014-08-01,12,6,95,270
2014-08-01,12,7,0,39
2014-08-01,12,8,839,1115
2014-08-01,12,9,604,901
2014-08-01,13,1,131,226
2014-08-01,13,2,95,449
2014-08-01,13,3,154,295
2014-08-01,13,4,0,45
2014-08-01,13,5,26,205
2014-08-01,13,6,23,201
2014-08-01,13,7,0,36
2014-08-01,13,8,755,893
2014-08-01,13,9,423,694
2014-08-01,14,1,234,290
2014-08-01,14,2,200,578
2014-08-01,14,3,102,328
2014-08-01,14,4,0,96
2014-08-01,14,5,32,220
2014-08-01,14,6,74,273
2014-08-01,14,7,0,35
2014-08-01,14,8,715,1115
2014-08-01,14,9,555,897
2014-08-01,15,1,123,274
2014-08-01,15,2,96,537
2014-08-01,15,3,87,289
2014-08-01,15,4,0,44
2014-08-01,15,5,15,187
2014-08-01,15,6,18,222
2014-08-01,15,7,0,24
2014-08-01,15,8,328,999
2014-08-01,15,9,292,810
2014-08-01,16,1,182,300
2014-08-01,16,2,134,594
2014-08-01,16,3,62,302
2014-08-01,16,4,0,51
2014-08-01,16,5,51,195
2014-08-01,16,6,17,256
2014-08-01,16,7,0,18
2014-08-01,16,8,498,1100
2014-08-01,16,9,339,884
2014-08-01,17,1,207,322
2014-08-01,17,2,181,635
2014-08-01,17,3,79,348
2014-08-01,17,4,0,80
2014-08-01,17,5,110,214
2014-08-01,17,6,40,276
2014-08-01,17,7,0,33
2014-08-01,17,8,696,1223
2014-08-01,17,9,577,967
2014-08-01,18,1,131,284
2014-08-01,18,2,171,565
2014-08-01,18,3,91,314
2014-08-01,18,4,0,65
2014-08-01,18,5,44,218
2014-08-01,18,6,26,241
2014-08-01,18,7,0,33
2014-08-01,18,8,628,1092
2014-08-01,18,9,533,854
2014-08-01,19,1,174,246
2014-08-01,19,2,157,491
2014-08-01,19,3,76,316
2014-08-01,19,4,0,48
2014-08-01,19,5,27,213
2014-08-01,19,6,57,243
2014-08-01,19,7,0,38
2014-08-01,19,8,862,961
2014-08-01,19,9,547,770
2014-08-01,20,1,127,206
2014-08-01,20,2,95,412
2014-08-01,20,3,118,246
2014-08-01,20,4,0,57
2014-08-01,20,5,32,185
2014-08-01,20,6,78,188
2014-08-01,20,7,0,24
2014-08-01,20,8,1112,808
2014-08-01,20,9,445,622
2014-08-01,21,1,76,196
2014-08-01,21,2,98,390
2014-08-01,21,3,53,205
2014-08-01,21,4,0,35
2014-08-01,21,5,14,135
2014-08-01,21,6,9,145
2014-08-01,21,7,0,17
2014-08-01,21,8,319,716
2014-08-01,21,9,186,564
2014-08-01,22,1,256,356
2014-08-01,22,2,217,709
2014-08-01,22,3,252,445
2014-08-01,22,4,0,90
2014-08-01,22,5,38,294
2014-08-01,22,6,125,351
2014-08-01,22,7,0,53
2014-08-01,22,8,1112,1394
2014-08-01,22,9,797,1114
2014-08-01,23,1,174,338
2014-08-01,23,2,168,673
2014-08-01,23,3,105,405
2014-08-01,23,4,0,102
2014-08-01,23,5,28,253
2014-08-01,23,6,71,323
2014-08-01,23,7,0,44
2014-08-01,23,8,524,1300
2014-08-01,23,9,570,1054
2014-08-01,24,1,137,248
2014-08-01,24,2,98,490
2014-08-01,24,3,45,270
2014-08-01,24,4,0,53
2014-08-01,24,5,10,180
2014-08-01,24,6,18,219
2014-08-01,24,7,0,24
2014-08-01,24,8,344,937
2014-08-01,24,9,259,726
2014-08-01,25,1,190,328
2014-08-01,25,2,175,652
2014-08-01,25,3,138,385
2014-08-01,25,4,0,99
2014-08-01,25,5,49,242
2014-08-01,25,6,89,319
2014-08-01,25,7,0,36
2014-08-01,25,8,937,1274
2014-08-01,25,9,594,1030
2014-08-01,26,1,185,322
2014-08-01,26,2,136,637
2014-08-01,26,3,120,338
2014-08-01,26,4,0,79
2014-08-01,26,5,43,230
2014-08-01,26,6,55,300
2014-08-01,26,7,0,26
2014-08-01,26,8,534,1220
2014-08-01,26,9,495,975
2014-08-01,27,1,125,230
2014-08-01,27,2,90,459
2014-08-01,27,3,33,213
2014-08-01,27,4,0,26
2014-08-01,27,5,12,164
2014-08-01,27,6,11,171
2014-08-01,27,7,0,22
2014-08-01,27,8,368,863
2014-08-01,27,9,196,668
2014-08-01,28,1,224,332
2014-08-01,28,2,192,662
2014-08-01,28,3,217,418
2014-08-01,28,4,0,109
2014-08-01,28,5,35,265
2014-08-01,28,6,100,327
2014-08-01,28,7,0,37
2014-08-01,28,8,969,1290
2014-08-01,28,9,638,1035
2014-08-01,29,1,85,242
2014-08-01,29,2,91,476
2014-08-01,29,3,29,248
2014-08-01,29,4,0,28
2014-08-01,29,5,14,164
2014-08-01,29,6,9,195
2014-08-01,29,7,0,17
2014-08-01,29,8,279,896
2014-08-01,29,9,227,720
2014-08-01,30,1,218,288
2014-08-01,30,2,165,575
2014-08-01,30,3,151,346
2014-08-01,30,4,0,50
2014-08-01,30,5,43,239
2014-08-01,30,6,96,264
2014-08-01,30,7,0,39
2014-08-01,30,8,769,1123
2014-08-01,30,9,623,892
2014-08-01,31,1,197,288
2014-08-01,31,2,163,572
2014-08-01,31,3,94,323
2014-08-01,31,4,0,68
2014-08-01,31,5,26,214
2014-08-01,31,6,68,281
2014-08-01,31,7,0,28
2014-08-01,31,8,614,1098
2014-08-01,31,9,515,890
2014-08-01,32,1,208,358
2014-08-01,32,2,159,708
2014-08-01,32,3,63,388
2014-08-01,32,4,0,78
2014-08-01,32,5,33,278
2014-08-01,32,6,42,334
2014-08-01,32,7,0,39
2014-08-01,32,8,813,1355
2014-08-01,32,9,482,1079
2014-08-01,33,1,264,256
2014-08-01,33,2,185,511
2014-08-01,33,3,267,302
2014-08-01,33,4,0,81
2014-08-01,33,5,81,203
2014-08-01,33,6,162,232
2014-08-01,33,7,0,34
2014-08-01,33,8,2186,992
2014-08-01,33,9,772,784
2014-09-01,1,1,129,220
2014-09-01,1,2,135,433
2014-09-01,1,3,60,243
2014-09-01,1,4,0,67
2014-09-01,1,5,30,162
2014-09-01,1,6,45,206
2014-09-01,1,7,0,26
2014-09-01,1,8,460,845
2014-09-01,1,9,476,678
2014-09-01,2,1,292,422
2014-09-01,2,2,158,831
2014-09-01,2,3,67,439
2014-09-01,2,4,0,77
2014-09-01,2,5,31,290
2014-09-01,2,6,41,366
2014-09-01,2,7,0,34
2014-09-01,2,8,750,1585
2014-09-01,2,9,484,1260
2014-09-01,3,1,104,292
2014-09-01,3,2,107,573
2014-09-01,3,3,57,308
2014-09-01,3,4,0,44
2014-09-01,3,5,17,186
2014-09-01,3,6,9,240
2014-09-01,3,7,0,18
2014-09-01,3,8,336,1047
2014-09-01,3,9,295,863
2014-09-01,4,1,205,346
2014-09-01,4,2,169,680
2014-09-01,4,3,194,435
2014-09-01,4,4,0,86
2014-09-01,4,5,51,266
2014-09-01,4,6,77,316
2014-09-01,4,7,0,33
2014-09-01,4,8,651,1307
2014-09-01,4,9,692,1074
2014-09-01,5,1,181,394
2014-09-01,5,2,198,782
2014-09-01,5,3,61,392
2014-09-01,5,4,0,79
2014-09-01,5,5,30,262
2014-09-01,5,6,28,321
2014-09-01,5,7,0,24
2014-09-01,5,8,578,1449
2014-09-01,5,9,496,1148
2014-09-01,6,1,263,266
2014-09-01,6,2,136,531
2014-09-01,6,3,106,315
2014-09-01,6,4,0,71
2014-09-01,6,5,40,215
2014-09-01,6,6,84,248
2014-09-01,6,7,0,24
2014-09-01,6,8,1106,1030
2014-09-01,6,9,504,804
2014-09-01,7,1,0,5
2014-09-01,7,2,0,11
2014-09-01,7,3,1,7
2014-09-01,7,5,0,4
2014-09-01,7,6,0,5
2014-09-01,7,8,8,33
2014-09-01,7,9,2,25
2014-09-01,8,1,240,440
2014-09-01,8,2,228,872
2014-09-01,8,3,128,481
2014-09-01,8,4,0,87
2014-09-01,8,5,56,283
2014-09-01,8,6,56,405
2014-09-01,8,7,0,47
2014-09-01,8,8,832,1632
2014-09-01,8,9,771,1328
2014-09-01,9,1,212,392
2014-09-01,9,2,230,778
2014-09-01,9,3,130,465
2014-09-01,9,4,0,79
2014-09-01,9,5,45,292
2014-09-01,9,6,38,351
2014-09-01,9,7,0,37
2014-09-01,9,8,779,1489
2014-09-01,9,9,650,1204
2014-09-01,10,1,256,366
2014-09-01,10,2,164,720
2014-09-01,10,3,102,408
2014-09-01,10,4,0,90
2014-09-01,10,5,33,273
2014-09-01,10,6,76,329
2014-09-01,10,7,0,35
2014-09-01,10,8,664,1393
2014-09-01,10,9,521,1119
2014-09-01,11,1,193,302
2014-09-01,11,2,182,600
2014-09-01,11,3,97,345
2014-09-01,11,4,0,56
2014-09-01,11,5,41,204
2014-09-01,11,6,28,280
2014-09-01,11,7,0,27
2014-09-01,11,8,627,1151
2014-09-01,11,9,621,935
2014-09-01,12,1,228,288
2014-09-01,12,2,179,573
2014-09-01,12,3,99,359
2014-09-01,12,4,0,70
2014-09-01,12,5,43,253
2014-09-01,12,6,73,270
2014-09-01,12,7,0,39
2014-09-01,12,8,835,1115
2014-09-01,12,9,615,901
2014-09-01,13,1,100,226
2014-09-01,13,2,124,449
2014-09-01,13,3,102,295
2014-09-01,13,4,0,45
2014-09-01,13,5,42,205
2014-09-01,13,6,27,201
2014-09-01,13,7,0,36
2014-09-01,13,8,802,893
2014-09-01,13,9,387,694
2014-09-01,14,1,236,290
2014-09-01,14,2,161,578
2014-09-01,14,3,74,328
2014-09-01,14,4,0,96
2014-09-01,14,5,39,220
2014-09-01,14,6,107,273
2014-09-01,14,7,0,35
2014-09-01,14,8,799,1115
2014-09-01,14,9,571,897
2014-09-01,15,1,119,274
2014-09-01,15,2,101,537
2014-09-01,15,3,67,289
2014-09-01,15,4,0,44
2014-09-01,15,5,14,187
2014-09-01,15,6,16,222
2014-09-01,15,7,0,24
2014-09-01,15,8,338,999
2014-09-01,15,9,321,810
2014-09-01,16,1,132,300
2014-09-01,16,2,141,594
2014-09-01,16,3,54,302
2014-09-01,16,4,0,51
2014-09-01,16,5,33,195
2014-09-01,16,6,22,256
2014-09-01,16,7,0,18
2014-09-01,16,8,452,1100
2014-09-01,16,9,346,884
2014-09-01,17,1,170,322
2014-09-01,17,2,196,635
2014-09-01,17,3,62,348
2014-09-01,17,4,0,80
2014-09-01,17,5,93,214
2014-09-01,17,6,42,276
2014-09-01,17,7,0,33
2014-09-01,17,8,689,1223
2014-09-01,17,9,627,967
2014-09-01,18,1,125,284
2014-09-01,18,2,153,565
2014-09-01,18,3,97,314
2014-09-01,18,4,0,65
2014-09-01,18,5,46,218
2014-09-01,18,6,32,241
2014-09-01,18,7,0,33
2014-09-01,18,8,609,1092
2014-09-01,18,9,547,854
2014-09-01,19,1,202,246
2014-09-01,19,2,160,491
2014-09-01,19,3,94,316
2014-09-01,19,4,0,48
2014-09-01,19,5,37,213
2014-09-01,19,6,88,243
2014-09-01,19,7,0,38
2014-09-01,19,8,968,961
2014-09-01,19,9,620,770
2014-09-01,20,1,125,206
2014-09-01,20,2,82,412
2014-09-01,20,3,60,246
2014-09-01,20,4,0,57
2014-09-01,20,5,20,185
2014-09-01,20,6,27,188
2014-09-01,20,7,0,24
2014-09-01,20,8,768,808
2014-09-01,20,9,305,622
2014-09-01,21,1,79,196
2014-09-01,21,2,88,390
2014-09-01,21,3,64,205
2014-09-01,21,4,0,35
2014-09-01,21,5,8,135
2014-09-01,21,6,9,145
2014-09-01,21,7,0,17
2014-09-01,21,8,333,716
2014-09-01,21,9,259,564
2014-09-01,22,1,229,356
2014-09-01,22,2,250,709
2014-09-01,22,3,193,445
2014-09-01,22,4,0,90
2014-09-01,22,5,71,294
2014-09-01,22,6,125,351
2014-09-01,22,7,0,53
2014-09-01,22,8,1089,1394
2014-09-01,22,9,804,1114
2014-09-01,23,1,186,338
2014-09-01,23,2,179,673
2014-09-01,23,3,100,405
2014-09-01,23,4,0,102
2014-09-01,23,5,47,253
2014-09-01,23,6,64,323
2014-09-01,23,7,0,44
2014-09-01,23,8,633,1300
2014-09-01,23,9,631,1054
2014-09-01,24,1,136,248
2014-09-01,24,2,110,490
2014-09-01,24,3,51,270
2014-09-01,24,4,0,53
2014-09-01,24,5,13,180
2014-09-01,24,6,35,219
2014-09-01,24,7,0,24
2014-09-01,24,8,387,937
2014-09-01,24,9,285,726
2014-09-01,25,1,166,328
2014-09-01,25,2,177,652
2014-09-01,25,3,137,385
2014-09-01,25,4,0,99
2014-09-01,25,5,57,242
2014-09-01,25,6,143,319
2014-09-01,25,7,0,36
2014-09-01,25,8,941,1274
2014-09-01,25,9,694,1030
2014-09-01,26,1,171,322
2014-09-01,26,2,138,637
2014-09-01,26,3,126,338
2014-09-01,26,4,0,79
2014-09-01,26,5,23,230
2014-09-01,26,6,57,300
2014-09-01,26,7,0,26
2014-09-01,26,8,518,1220
2014-09-01,26,9,454,975
2014-09-01,27,1,146,230
2014-09-01,27,2,95,459
2014-09-01,27,3,29,213
2014-09-01,27,4,0,26
2014-09-01,27,5,21,164
2014-09-01,27,6,16,171
2014-09-01,27,7,0,22
2014-09-01,27,8,418,863
2014-09-01,27,9,191,668
2014-09-01,28,1,196,332
2014-09-01,28,2,221,662
2014-09-01,28,3,214,418
2014-09-01,28,4,0,109
2014-09-01,28,5,50,265
2014-09-01,28,6,78,327
2014-09-01,28,7,0,37
2014-09-01,28,8,1072,1290
2014-09-01,28,9,749,1035
2014-09-01,29,1,122,242
2014-09-01,29,2,97,476
2014-09-01,29,3,25,248
2014-09-01,29,4,0,28
2014-09-01,29,5,11,164
2014-09-01,29,6,17,195
2014-09-01,29,7,0,17
2014-09-01,29,8,290,896
2014-09-01,29,9,272,720
2014-09-01,30,1,224,288
2014-09-01,30,2,199,575
2014-09-01,30,3,157,346
2014-09-01,30,4,0,50
2014-09-01,30,5,53,239
2014-09-01,30,6,84,264
2014-09-01,30,7,0,39
2014-09-01,30,8,794,1123
2014-09-01,30,9,709,892
2014-09-01,31,1,154,288
2014-09-01,31,2,163,572
2014-09-01,31,3,100,323
2014-09-01,31,4,0,68
2014-09-01,31,5,45,214
2014-09-01,31,6,56,281
2014-09-01,31,7,0,28
2014-09-01,31,8,592,1098
2014-09-01,31,9,539,890
2014-09-01,32,1,203,358
2014-09-01,32,2,172,708
2014-09-01,32,3,63,388
2014-09-01,32,4,0,78
2014-09-01,32,5,30,278
2014-09-01,32,6,34,334
2014-09-01,32,7,0,39
2014-09-01,32,8,889,1355
2014-09-01,32,9,509,1079
2014-09-01,33,1,243,256
2014-09-01,33,2,202,511
2014-09-01,33,3,206,302
2014-09-01,33,4,0,81
2014-09-01,33,5,75,203
2014-09-01,33,6,109,232
2014-09-01,33,7,0,34
2014-09-01,33,8,2154,992
2014-09-01,33,9,798,784
2014-10-01,1,1,153,220
2014-10-01,1,2,155,433
2014-10-01,1,3,76,243
2014-10-01,1,4,0,67
2014-10-01,1,5,28,162
2014-10-01,1,6,50,206
2014-10-01,1,7,0,26
2014-10-01,1,8,406,845
2014-10-01,1,9,428,678
2014-10-01,2,1,322,422
2014-10-01,2,2,199,831
2014-10-01,2,3,75,439
2014-10-01,2,4,0,77
2014-10-01,2,5,30,290
2014-10-01,2,6,46,366
2014-10-01,2,7,0,34
2014-10-01,2,8,801,1585
2014-10-01,2,9,540,1260
2014-10-01,3,1,104,292
2014-10-01,3,2,144,573
2014-10-01,3,3,83,308
2014-10-01,3,4,0,44
2014-10-01,3,5,27,186
2014-10-01,3,6,14,240
2014-10-01,3,7,0,18
2014-10-01,3,8,345,1047
2014-10-01,3,9,313,863
2014-10-01,4,1,268,346
2014-10-01,4,2,195,680
2014-10-01,4,3,175,435
2014-10-01,4,4,0,86
2014-10-01,4,5,35,266
2014-10-01,4,6,70,316
2014-10-01,4,7,0,33
2014-10-01,4,8,683,1307
2014-10-01,4,9,758,1074
2014-10-01,5,1,178,394
2014-10-01,5,2,214,782
2014-10-01,5,3,90,392
2014-10-01,5,4,0,79
2014-10-01,5,5,39,262
2014-10-01,5,6,42,321
2014-10-01,5,7,0,24
2014-10-01,5,8,656,1449
2014-10-01,5,9,489,1148
2014-10-01,6,1,252,266
2014-10-01,6,2,139,531
2014-10-01,6,3,174,315
2014-10-01,6,4,0,71
2014-10-01,6,5,46,215
2014-10-01,6,6,88,248
2014-10-01,6,7,0,24
2014-10-01,6,8,1235,1030
2014-10-01,6,9,547,804
2014-10-01,7,1,0,5
2014-10-01,7,2,0,11
2014-10-01,7,3,0,7
2014-10-01,7,5,0,4
2014-10-01,7,6,0,5
2014-10-01,7,8,6,33
2014-10-01,7,9,3,25
2014-10-01,8,1,263,440
2014-10-01,8,2,261,872
2014-10-01,8,3,151,481
2014-10-01,8,4,0,87
2014-10-01,8,5,37,283
2014-10-01,8,6,83,405
2014-10-01,8,7,0,47
2014-10-01,8,8,921,1632
2014-10-01,8,9,757,1328
2014-10-01,9,1,311,392
2014-10-01,9,2,194,778
2014-10-01,9,3,123,465
2014-10-01,9,4,0,79
2014-10-01,9,5,56,292
2014-10-01,9,6,54,351
2014-10-01,9,7,0,37
2014-10-01,9,8,872,1489
2014-10-01,9,9,683,1204
2014-10-01,10,1,288,366
2014-10-01,10,2,197,720
2014-10-01,10,3,118,408
2014-10-01,10,4,0,90
2014-10-01,10,5,37,273
2014-10-01,10,6,72,329
2014-10-01,10,7,0,35
2014-10-01,10,8,636,1393
2014-10-01,10,9,528,1119
2014-10-01,11,1,195,302
2014-10-01,11,2,172,600
2014-10-01,11,3,75,345
2014-10-01,11,4,0,56
2014-10-01,11,5,34,204
2014-10-01,11,6,49,280
2014-10-01,11,7,0,27
2014-10-01,11,8,599,1151
2014-10-01,11,9,603,935
2014-10-01,12,1,219,288
2014-10-01,12,2,170,573
2014-10-01,12,3,96,359
2014-10-01,12,4,0,70
2014-10-01,12,5,48,253
2014-10-01,12,6,80,270
2014-10-01,12,7,0,39
2014-10-01,12,8,919,1115
2014-10-01,12,9,681,901
2014-10-01,13,1,114,226
2014-10-01,13,2,132,449
2014-10-01,13,3,146,295
2014-10-01,13,4,0,45
2014-10-01,13,5,37,205
2014-10-01,13,6,34,201
2014-10-01,13,7,0,36
2014-10-01,13,8,829,893
2014-10-01,13,9,430,694
2014-10-01,14,1,218,290
2014-10-01,14,2,211,578
2014-10-01,14,3,91,328
2014-10-01,14,4,0,96
2014-10-01,14,5,34,220
2014-10-01,14,6,111,273
2014-10-01,14,7,0,35
2014-10-01,14,8,784,1115
2014-10-01,14,9,610,897
2014-10-01,15,1,197,274
2014-10-01,15,2,103,537
2014-10-01,15,3,74,289
2014-10-01,15,4,0,44
2014-10-01,15,5,23,187
2014-10-01,15,6,33,222
2014-10-01,15,7,0,24
2014-10-01,15,8,357,999
2014-10-01,15,9,322,810
2014-10-01,16,1,137,300
2014-10-01,16,2,156,594
2014-10-01,16,3,67,302
2014-10-01,16,4,0,51
2014-10-01,16,5,29,195
2014-10-01,16,6,32,256
2014-10-01,16,7,0,18
2014-10-01,16,8,524,1100
2014-10-01,16,9,366,884
2014-10-01,17,1,298,322
2014-10-01,17,2,227,635
2014-10-01,17,3,72,348
2014-10-01,17,4,0,80
2014-10-01,17,5,58,214
2014-10-01,17,6,27,276
2014-10-01,17,7,0,33
2014-10-01,17,8,809,1223
2014-10-01,17,9,599,967
2014-10-01,18,1,176,284
2014-10-01,18,2,195,565
2014-10-01,18,3,168,314
2014-10-01,18,4,0,65
2014-10-01,18,5,35,218
2014-10-01,18,6,37,241
2014-10-01,18,7,0,33
2014-10-01,18,8,697,1092
2014-10-01,18,9,555,854
2014-10-01,19,1,201,246
2014-10-01,19,2,230,491
2014-10-01,19,3,92,316
2014-10-01,19,4,0,48
2014-10-01,19,5,40,213
2014-10-01,19,6,74,243
2014-10-01,19,7,0,38
2014-10-01,19,8,959,961
2014-10-01,19,9,615,770
2014-10-01,20,1,105,206
2014-10-01,20,2,84,412
2014-10-01,20,3,55,246
2014-10-01,20,4,0,57
2014-10-01,20,5,19,185
2014-10-01,20,6,34,188
2014-10-01,20,7,0,24
2014-10-01,20,8,897,808
2014-10-01,20,9,372,622
2014-10-01,21,1,102,196
2014-10-01,21,2,99,390
2014-10-01,21,3,40,205
2014-10-01,21,4,0,35
2014-10-01,21,5,14,135
2014-10-01,21,6,9,145
2014-10-01,21,7,0,17
2014-10-01,21,8,352,716
2014-10-01,21,9,217,564
2014-10-01,22,1,245,356
2014-10-01,22,2,245,709
2014-10-01,22,3,270,445
2014-10-01,22,4,0,90
2014-10-01,22,5,60,294
2014-10-01,22,6,113,351
2014-10-01,22,7,0,53
2014-10-01,22,8,1102,1394
2014-10-01,22,9,896,1114
2014-10-01,23,1,191,338
2014-10-01,23,2,181,673
2014-10-01,23,3,106,405
2014-10-01,23,4,0,102
2014-10-01,23,5,32,253
2014-10-01,23,6,64,323
2014-10-01,23,7,0,44
2014-10-01,23,8,631,1300
2014-10-01,23,9,641,1054
2014-10-01,24,1,158,248
2014-10-01,24,2,114,490
2014-10-01,24,3,33,270
2014-10-01,24,4,0,53
2014-10-01,24,5,11,180
2014-10-01,24,6,28,219
2014-10-01,24,7,0,24
2014-10-01,24,8,418,937
2014-10-01,24,9,288,726
2014-10-01,25,1,172,328
2014-10-01,25,2,195,652
2014-10-01,25,3,160,385
2014-10-01,25,4,0,99
2014-10-01,25,5,52,242
2014-10-01,25,6,135,319
2014-10-01,25,7,0,36
2014-10-01,25,8,902,1274
2014-10-01,25,9,728,1030
2014-10-01,26,1,219,322
2014-10-01,26,2,143,637
2014-10-01,26,3,140,338
2014-10-01,26,4,0,79
2014-10-01,26,5,45,230
2014-10-01,26,6,44,300
2014-10-01,26,7,0,26
2014-10-01,26,8,626,1220
2014-10-01,26,9,524,975
2014-10-01,27,1,118,230
2014-10-01,27,2,95,459
2014-10-01,27,3,50,213
2014-10-01,27,4,0,26
2014-10-01,27,5,18,164
2014-10-01,27,6,16,171
2014-10-01,27,7,0,22
2014-10-01,27,8,413,863
2014-10-01,27,9,206,668
2014-10-01,28,1,248,332
2014-10-01,28,2,241,662
2014-10-01,28,3,210,418
2014-10-01,28,4,0,109
2014-10-01,28,5,46,265
2014-10-01,28,6,113,327
2014-10-01,28,7,0,37
2014-10-01,28,8,1088,1290
2014-10-01,28,9,759,1035
2014-10-01,29,1,136,242
2014-10-01,29,2,128,476
2014-10-01,29,3,55,248
2014-10-01,29,4,0,28
2014-10-01,29,5,7,164
2014-10-01,29,6,24,195
2014-10-01,29,7,0,17
2014-10-01,29,8,353,896
2014-10-01,29,9,278,720
2014-10-01,30,1,159,288
2014-10-01,30,2,212,575
2014-10-01,30,3,177,346
2014-10-01,30,4,0,50
2014-10-01,30,5,50,239
2014-10-01,30,6,100,264
2014-10-01,30,7,0,39
2014-10-01,30,8,810,1123
2014-10-01,30,9,729,892
2014-10-01,31,1,217,288
2014-10-01,31,2,135,572
2014-10-01,31,3,137,323
2014-10-01,31,4,0,68
2014-10-01,31,5,30,214
2014-10-01,31,6,72,281
2014-10-01,31,7,0,28
2014-10-01,31,8,622,1098
2014-10-01,31,9,505,890
2014-10-01,32,1,236,358
2014-10-01,32,2,149,708
2014-10-01,32,3,65,388
2014-10-01,32,4,0,78
2014-10-01,32,5,26,278
2014-10-01,32,6,57,334
2014-10-01,32,7,0,39
2014-10-01,32,8,916,1355
2014-10-01,32,9,523,1079
2014-10-01,33,1,283,256
2014-10-01,33,2,176,511
2014-10-01,33,3,227,302
2014-10-01,33,4,0,81
2014-10-01,33,5,64,203
2014-10-01,33,6,136,232
2014-10-01,33,7,0,34
2014-10-01,33,8,2339,992
2014-10-01,33,9,804,784
2014-11-01,1,1,221,220
2014-11-01,1,2,128,433
2014-11-01,1,3,73,243
2014-11-01,1,4,0,67
2014-11-01,1,5,36,162
2014-11-01,1,6,38,206
2014-11-01,1,7,0,26
2014-11-01,1,8,465,845
2014-11-01,1,9,473,678
2014-11-01,2,1,366,422
2014-11-01,2,2,160,831
2014-11-01,2,3,90,439
2014-11-01,2,4,0,77
2014-11-01,2,5,30,290
2014-11-01,2,6,47,366
2014-11-01,2,7,0,34
2014-11-01,2,8,724,1585
2014-11-01,2,9,541,1260
2014-11-01,3,1,131,292
2014-11-01,3,2,149,573
2014-11-01,3,3,52,308
2014-11-01,3,4,0,44
2014-11-01,3,5,22,186
2014-11-01,3,6,15,240
2014-11-01,3,7,0,18
2014-11-01,3,8,346,1047
2014-11-01,3,9,301,863
2014-11-01,4,1,276,346
2014-11-01,4,2,196,680
2014-11-01,4,3,168,435
2014-11-01,4,4,0,86
2014-11-01,4,5,46,266
2014-11-01,4,6,53,316
2014-11-01,4,7,0,33
2014-11-01,4,8,554,1307
2014-11-01,4,9,741,1074
2014-11-01,5,1,226,394
2014-11-01,5,2,207,782
2014-11-01,5,3,75,392
2014-11-01,5,4,0,79
2014-11-01,5,5,44,262
2014-11-01,5,6,32,321
2014-11-01,5,7,0,24
2014-11-01,5,8,621,1449
2014-11-01,5,9,513,1148
2014-11-01,6,1,245,266
2014-11-01,6,2,183,531
2014-11-01,6,3,165,315
2014-11-01,6,4,0,71
2014-11-01,6,5,42,215
2014-11-01,6,6,61,248
2014-11-01,6,7,0,24
2014-11-01,6,8,1263,1030
2014-11-01,6,9,536,804
2014-11-01,7,1,0,5
2014-11-01,7,2,2,11
2014-11-01,7,3,0,7
2014-11-01,7,5,0,4
2014-11-01,7,6,0,5
2014-11-01,7,8,9,33
2014-11-01,7,9,3,25
2014-11-01,8,1,281,440
2014-11-01,8,2,267,872
2014-11-01,8,3,210,481
2014-11-01,8,4,0,87
2014-11-01,8,5,49,283
2014-11-01,8,6,68,405
2014-11-01,8,7,0,47
2014-11-01,8,8,812,1632
2014-11-01,8,9,762,1328
2014-11-01,9,1,284,392
2014-11-01,9,2,186,778
2014-11-01,9,3,154,465
2014-11-01,9,4,0,79
2014-11-01,9,5,39,292
2014-11-01,9,6,60,351
2014-11-01,9,7,0,37
2014-11-01,9,8,725,1489
2014-11-01,9,9,665,1204
2014-11-01,10,1,233,366
2014-11-01,10,2,187,720
2014-11-01,10,3,123,408
2014-11-01,10,4,0,90
2014-11-01,10,5,34,273
2014-11-01,10,6,64,329
2014-11-01,10,7,0,35
2014-11-01,10,8,637,1393
2014-11-01,10,9,544,1119
2014-11-01,11,1,186,302
2014-11-01,11,2,168,600
2014-11-01,11,3,101,345
2014-11-01,11,4,0,56
2014-11-01,11,5,35,204
2014-11-01,11,6,55,280
2014-11-01,11,7,0,27
2014-11-01,11,8,556,1151
2014-11-01,11,9,571,935
2014-11-01,12,1,217,288
2014-11-01,12,2,237,573
2014-11-01,12,3,102,359
2014-11-01,12,4,0,70
2014-11-01,12,5,43,253
2014-11-01,12,6,95,270
2014-11-01,12,7,0,39
2014-11-01,12,8,904,1115
2014-11-01,12,9,653,901
2014-11-01,13,1,155,226
2014-11-01,13,2,130,449
2014-11-01,13,3,127,295
2014-11-01,13,4,0,45
2014-11-01,13,5,37,205
2014-11-01,13,6,46,201
2014-11-01,13,7,0,36
2014-11-01,13,8,881,893
2014-11-01,13,9,444,694
2014-11-01,14,1,261,290
2014-11-01,14,2,197,578
2014-11-01,14,3,113,328
2014-11-01,14,4,0,96
2014-11-01,14,5,41,220
2014-11-01,14,6,66,273
2014-11-01,14,7,0,35
2014-11-01,14,8,731,1115
2014-11-01,14,9,585,897
2014-11-01,15,1,181,274
2014-11-01,15,2,99,537
2014-11-01,15,3,78,289
2014-11-01,15,4,0,44
2014-11-01,15,5,20,187
2014-11-01,15,6,27,222
2014-11-01,15,7,0,24
2014-11-01,15,8,339,999
2014-11-01,15,9,319,810
2014-11-01,16,1,211,300
2014-11-01,16,2,119,594
2014-11-01,16,3,60,302
2014-11-01,16,4,0,51
2014-11-01,16,5,25,195
2014-11-01,16,6,46,256
2014-11-01,16,7,0,18
2014-11-01,16,8,441,1100
2014-11-01,16,9,340,884
2014-11-01,17,1,319,322
2014-11-01,17,2,232,635
2014-11-01,17,3,94,348
2014-11-01,17,4,0,80
2014-11-01,17,5,82,214
2014-11-01,17,6,41,276
2014-11-01,17,7,0,33
2014-11-01,17,8,739,1223
2014-11-01,17,9,592,967
2014-11-01,18,1,170,284
2014-11-01,18,2,156,565
2014-11-01,18,3,118,314
2014-11-01,18,4,0,65
2014-11-01,18,5,31,218
2014-11-01,18,6,38,241
2014-11-01,18,7,0,33
2014-11-01,18,8,719,1092
2014-11-01,18,9,525,854
2014-11-01,19,1,191,246
2014-11-01,19,2,161,491
2014-11-01,19,3,123,316
2014-11-01,19,4,0,48
2014-11-01,19,5,46,213
2014-11-01,19,6,88,243
2014-11-01,19,7,0,38
2014-11-01,19,8,1041,961
2014-11-01,19,9,575,770
2014-11-01,20,1,131,206
2014-11-01,20,2,77,412
2014-11-01,20,3,76,246
2014-11-01,20,4,0,57
2014-11-01,20,5,24,185
2014-11-01,20,6,35,188
2014-11-01,20,7,0,24
2014-11-01,20,8,843,808
2014-11-01,20,9,325,622
2014-11-01,21,1,95,196
2014-11-01,21,2,99,390
2014-11-01,21,3,61,205
2014-11-01,21,4,0,35
2014-11-01,21,5,14,135
2014-11-01,21,6,8,145
2014-11-01,21,7,0,17
2014-11-01,21,8,368,716
2014-11-01,21,9,246,564
2014-11-01,22,1,225,356
2014-11-01,22,2,222,709
2014-11-01,22,3,198,445
2014-11-01,22,4,0,90
2014-11-01,22,5,52,294
2014-11-01,22,6,111,351
2014-11-01,22,7,0,53
2014-11-01,22,8,1105,1394
2014-11-01,22,9,795,1114
2014-11-01,23,1,153,338
2014-11-01,23,2,177,673
2014-11-01,23,3,101,405
2014-11-01,23,4,0,102
2014-11-01,23,5,28,253
2014-11-01,23,6,62,323
2014-11-01,23,7,0,44
2014-11-01,23,8,589,1300
2014-11-01,23,9,599,1054
2014-11-01,24,1,197,248
2014-11-01,24,2,111,490
2014-11-01,24,3,52,270
2014-11-01,24,4,0,53
2014-11-01,24,5,25,180
2014-11-01,24,6,28,219
2014-11-01,24,7,0,24
2014-11-01,24,8,401,937
2014-11-01,24,9,293,726
2014-11-01,25,1,193,328
2014-11-01,25,2,191,652
2014-11-01,25,3,138,385
2014-11-01,25,4,0,99
2014-11-01,25,5,51,242
2014-11-01,25,6,127,319
2014-11-01,25,7,0,36
2014-11-01,25,8,978,1274
2014-11-01,25,9,727,1030
2014-11-01,26,1,270,322
2014-11-01,26,2,155,637
2014-11-01,26,3,116,338
2014-11-01,26,4,0,79
2014-11-01,26,5,33,230
2014-11-01,26,6,60,300
2014-11-01,26,7,0,26
2014-11-01,26,8,558,1220
2014-11-01,26,9,522,975
2014-11-01,27,1,157,230
2014-11-01,27,2,88,459
2014-11-01,27,3,27,213
2014-11-01,27,4,0,26
2014-11-01,27,5,18,164
2014-11-01,27,6,13,171
2014-11-01,27,7,0,22
2014-11-01,27,8,398,863
2014-11-01,27,9,254,668
2014-11-01,28,1,241,332
2014-11-01,28,2,205,662
2014-11-01,28,3,237,418
2014-11-01,28,4,0,109
2014-11-01,28,5,45,265
2014-11-01,28,6,132,327
2014-11-01,28,7,0,37
2014-11-01,28,8,1053,1290
2014-11-01,28,9,698,1035
2014-11-01,29,1,144,242
2014-11-01,29,2,126,476
2014-11-01,29,3,31,248
2014-11-01,29,4,0,28
2014-11-01,29,5,14,164
2014-11-01,29,6,20,195
2014-11-01,29,7,0,17
2014-11-01,29,8,362,896
2014-11-01,29,9,309,720
2014-11-01,30,1,177,288
2014-11-01,30,2,199,575
2014-11-01,30,3,211,346
2014-11-01,30,4,0,50
2014-11-01,30,5,45,239
2014-11-01,30,6,112,264
2014-11-01,30,7,0,39
2014-11-01,30,8,850,1123
2014-11-01,30,9,714,892
2014-11-01,31,1,187,288
2014-11-01,31,2,137,572
2014-11-01,31,3,122,323
2014-11-01,31,4,0,68
2014-11-01,31,5,26,214
2014-11-01,31,6,60,281
2014-11-01,31,7,0,28
2014-11-01,31,8,599,1098
2014-11-01,31,9,576,890
2014-11-01,32,1,245,358
2014-11-01,32,2,153,708
2014-11-01,32,3,56,388
2014-11-01,32,4,0,78
2014-11-01,32,5,31,278
2014-11-01,32,6,42,334
2014-11-01,32,7,0,39
2014-11-01,32,8,812,1355
2014-11-01,32,9,584,1079
2014-11-01,33,1,304,256
2014-11-01,33,2,177,511
2014-11-01,33,3,222,302
2014-11-01,33,4,0,81
2014-11-01,33,5,58,203
2014-11-01,33,6,138,232
2014-11-01,33,7,0,34
2014-11-01,33,8,2306,992
2014-11-01,33,9,768,784
2014-12-01,1,1,167,220
2014-12-01,1,2,123,433
2014-12-01,1,3,51,243
2014-12-01,1,4,0,67
2014-12-01,1,5,24,162
2014-12-01,1,6,42,206
2014-12-01,1,7,0,26
2014-12-01,1,8,431,845
2014-12-01,1,9,403,678
2014-12-01,2,1,322,422
2014-12-01,2,2,178,831
2014-12-01,2,3,58,439
2014-12-01,2,4,0,77
2014-12-01,2,5,29,290
2014-12-01,2,6,49,366
2014-12-01,2,7,0,34
2014-12-01,2,8,762,1585
2014-12-01,2,9,506,1260
2014-12-01,3,1,124,292
2014-12-01,3,2,122,573
2014-12-01,3,3,50,308
2014-12-01,3,4,0,44
2014-12-01,3,5,32,186
2014-12-01,3,6,23,240
2014-12-01,3,7,0,18
2014-12-01,3,8,371,1047
2014-12-01,3,9,294,863
2014-12-01,4,1,231,346
2014-12-01,4,2,163,680
2014-12-01,4,3,158,435
2014-12-01,4,4,0,86
2014-12-01,4,5,31,266
2014-12-01,4,6,55,316
2014-12-01,4,7,0,33
2014-12-01,4,8,592,1307
2014-12-01,4,9,670,1074
2014-12-01,5,1,220,394
2014-12-01,5,2,189,782
2014-12-01,5,3,74,392
2014-12-01,5,4,0,79
2014-12-01,5,5,26,262
2014-12-01,5,6,23,321
2014-12-01,5,7,0,24
2014-12-01,5,8,659,1449
2014-12-01,5,9,503,1148
2014-12-01,6,1,243,266
2014-12-01,6,2,141,531
2014-12-01,6,3,166,315
2014-12-01,6,4,0,71
2014-12-01,6,5,32,215
2014-12-01,6,6,96,248
2014-12-01,6,7,0,24
2014-12-01,6,8,1202,1030
2014-12-01,6,9,546,804
2014-12-01,7,1,0,5
2014-12-01,7,2,0,11
2014-12-01,7,3,0,7
2014-12-01,7,5,0,4
2014-12-01,7,6,0,5
2014-12-01,7,8,17,33
2014-12-01,7,9,2,25
2014-12-01,8,1,317,440
2014-12-01,8,2,268,872
2014-12-01,8,3,213,481
2014-12-01,8,4,0,87
2014-12-01,8,5,44,283
2014-12-01,8,6,84,405
2014-12-01,8,7,0,47
2014-12-01,8,8,765,1632
2014-12-01,8,9,781,1328
2014-12-01,9,1,292,392
2014-12-01,9,2,214,778
2014-12-01,9,3,114,465
2014-12-01,9,4,0,79
2014-12-01,9,5,45,292
2014-12-01,9,6,48,351
2014-12-01,9,7,0,37
2014-12-01,9,8,735,1489
2014-12-01,9,9,682,1204
2014-12-01,10,1,295,366
2014-12-01,10,2,153,720
2014-12-01,10,3,88,408
2014-12-01,10,4,0,90
2014-12-01,10,5,39,273
2014-12-01,10,6,59,329
2014-12-01,10,7,0,35
2014-12-01,10,8,566,1393
2014-12-01,10,9,583,1119
2014-12-01,11,1,176,302
2014-12-01,11,2,173,600
2014-12-01,11,3,80,345
2014-12-01,11,4,0,56
2014-12-01,11,5,43,204
2014-12-01,11,6,37,280
2014-12-01,11,7,0,27
2014-12-01,11,8,569,1151
2014-12-01,11,9,517,935
2014-12-01,12,1,179,288
2014-12-01,12,2,187,573
2014-12-01,12,3,100,359
2014-12-01,12,4,0,70
2014-12-01,12,5,29,253
2014-12-01,12,6,76,270
2014-12-01,12,7,0,39
2014-12-01,12,8,829,1115
2014-12-01,12,9,607,901
2014-12-01,13,1,141,226
2014-12-01,13,2,121,449
2014-12-01,13,3,110,295
2014-12-01,13,4,0,45
2014-12-01,13,5,34,205
2014-12-01,13,6,47,201
2014-12-01,13,7,0,36
2014-12-01,13,8,794,893
2014-12-01,13,9,431,694
2014-12-01,14,1,203,290
2014-12-01,14,2,162,578
2014-12-01,14,3,90,328
2014-12-01,14,4,0,96
2014-12-01,14,5,39,220
2014-12-01,14,6,74,273
2014-12-01,14,7,0,35
2014-12-01,14,8,747,1115
2014-12-01,14,9,520,897
2014-12-01,15,1,164,274
2014-12-01,15,2,86,537
2014-12-01,15,3,66,289
2014-12-01,15,4,0,44
2014-12-01,15,5,16,187
2014-12-01,15,6,37,222
2014-12-01,15,7,0,24
2014-12-01,15,8,315,999
2014-12-01,15,9,254,810
2014-12-01,16,1,226,300
2014-12-01,16,2,141,594
2014-12-01,16,3,56,302
2014-12-01,16,4,0,51
2014-12-01,16,5,30,195
2014-12-01,16,6,27,256
2014-12-01,16,7,0,18
2014-12-01,16,8,487,1100
2014-12-01,16,9,331,884
2014-12-01,17,1,214,322
2014-12-01,17,2,174,635
2014-12-01,17,3,53,348
2014-12-01,17,4,0,80
2014-12-01,17,5,66,214
2014-12-01,17,6,43,276
2014-12-01,17,7,0,33
2014-12-01,17,8,725,1223
2014-12-01,17,9,591,967
2014-12-01,18,1,195,284
2014-12-01,18,2,169,565
2014-12-01,18,3,113,314
2014-12-01,18,4,0,65
2014-12-01,18,5,38,218
2014-12-01,18,6,28,241
2014-12-01,18,7,0,33
2014-12-01,18,8,695,1092
2014-12-01,18,9,511,854
2014-12-01,19,1,206,246
2014-12-01,19,2,180,491
2014-12-01,19,3,113,316
2014-12-01,19,4,0,48
2014-12-01,19,5,44,213
2014-12-01,19,6,71,243
2014-12-01,19,7,0,38
2014-12-01,19,8,969,961
2014-12-01,19,9,595,770
2014-12-01,20,1,170,206
2014-12-01,20,2,99,412
2014-12-01,20,3,45,246
2014-12-01,20,4,0,57
2014-12-01,20,5,30,185
2014-12-01,20,6,34,188
2014-12-01,20,7,0,24
2014-12-01,20,8,886,808
2014-12-01,20,9,330,622
2014-12-01,21,1,91,196
2014-12-01,21,2,80,390
2014-12-01,21,3,64,205
2014-12-01,21,4,0,35
2014-12-01,21,5,15,135
2014-12-01,21,6,9,145
2014-12-01,21,7,0,17
2014-12-01,21,8,345,716
2014-12-01,21,9,233,564
2014-12-01,22,1,278,356
2014-12-01,22,2,205,709
2014-12-01,22,3,175,445
2014-12-01,22,4,0,90
2014-12-01,22,5,39,294
2014-12-01,22,6,103,351
2014-12-01,22,7,0,53
2014-12-01,22,8,974,1394
2014-12-01,22,9,782,1114
2014-12-01,23,1,163,338
2014-12-01,23,2,199,673
2014-12-01,23,3,91,405
2014-12-01,23,4,0,102
2014-12-01,23,5,22,253
2014-12-01,23,6,79,323
2014-12-01,23,7,0,44
2014-12-01,23,8,581,1300
2014-12-01,23,9,667,1054
2014-12-01,24,1,188,248
2014-12-01,24,2,123,490
2014-12-01,24,3,53,270
2014-12-01,24,4,0,53
2014-12-01,24,5,21,180
2014-12-01,24,6,18,219
2014-12-01,24,7,0,24
2014-12-01,24,8,401,937
2014-12-01,24,9,250,726
2014-12-01,25,1,222,328
2014-12-01,25,2,185,652
2014-12-01,25,3,113,385
2014-12-01,25,4,0,99
2014-12-01,25,5,49,242
2014-12-01,25,6,144,319
2014-12-01,25,7,0,36
2014-12-01,25,8,1002,1274
2014-12-01,25,9,642,1030
2014-12-01,26,1,306,322
2014-12-01,26,2,155,637
2014-12-01,26,3,83,338
2014-12-01,26,4,0,79
2014-12-01,26,5,27,230
2014-12-01,26,6,61,300
2014-12-01,26,7,0,26
2014-12-01,26,8,552,1220
2014-12-01,26,9,507,975
2014-12-01,27,1,136,230
2014-12-01,27,2,103,459
2014-12-01,27,3,20,213
2014-12-01,27,4,0,26
2014-12-01,27,5,14,164
2014-12-01,27,6,9,171
2014-12-01,27,7,0,22
2014-12-01,27,8,334,863
2014-12-01,27,9,215,668
2014-12-01,28,1,247,332
2014-12-01,28,2,173,662
2014-12-01,28,3,200,418
2014-12-01,28,4,0,109
2014-12-01,28,5,38,265
2014-12-01,28,6,106,327
2014-12-01,28,7,0,37
2014-12-01,28,8,853,1290
2014-12-01,28,9,688,1035
2014-12-01,29,1,132,242
2014-12-01,29,2,114,476
2014-12-01,29,3,37,248
2014-12-01,29,4,0,28
2014-12-01,29,5,7,164
2014-12-01,29,6,10,195
2014-12-01,29,7,0,17
2014-12-01,29,8,329,896
2014-12-01,29,9,324,720
2014-12-01,30,1,195,288
2014-12-01,30,2,203,575
2014-12-01,30,3,137,346
2014-12-01,30,4,0,50
2014-12-01,30,5,46,239
2014-12-01,30,6,122,264
2014-12-01,30,7,0,39
2014-12-01,30,8,769,1123
2014-12-01,30,9,687,892
2014-12-01,31,1,198,288
2014-12-01,31,2,118,572
2014-12-01,31,3,104,323
2014-12-01,31,4,0,68
2014-12-01,31,5,34,214
2014-12-01,31,6,74,281
2014-12-01,31,7,0,28
2014-12-01,31,8,555,1098
2014-12-01,31,9,491,890
2014-12-01,32,1,235,358
2014-12-01,32,2,152,708
2014-12-01,32,3,41,388
2014-12-01,32,4,0,78
2014-12-01,32,5,37,278
2014-12-01,32,6,35,334
2014-12-01,32,7,0,39
2014-12-01,32,8,804,1355
2014-12-01,32,9,505,1079
2014-12-01,33,1,329,256
2014-12-01,33,2,166,511
2014-12-01,33,3,201,302
2014-12-01,33,4,0,81
2014-12-01,33,5,54,203
2014-12-01,33,6,125,232
2014-12-01,33,7,0,34
2014-12-01,33,8,2702,992
2014-12-01,33,9,737,784
2015-01-01,1,1,182,220
2015-01-01,1,2,121,433
2015-01-01,1,3,85,243
2015-01-01,1,4,0,67
2015-01-01,1,5,20,162
2015-01-01,1,6,51,206
2015-01-01,1,7,0,26
2015-01-01,1,8,364,845
2015-01-01,1,9,428,678
2015-01-01,2,1,371,422
2015-01-01,2,2,170,831
2015-01-01,2,3,59,439
2015-01-01,2,4,0,77
2015-01-01,2,5,34,290
2015-01-01,2,6,42,366
2015-01-01,2,7,0,34
2015-01-01,2,8,784,1585
2015-01-01,2,9,503,1260
2015-01-01,3,1,92,292
2015-01-01,3,2,143,573
2015-01-01,3,3,65,308
2015-01-01,3,4,0,44
2015-01-01,3,5,15,186
2015-01-01,3,6,13,240
2015-01-01,3,7,0,18
2015-01-01,3,8,372,1047
2015-01-01,3,9,331,863
2015-01-01,4,1,240,346
2015-01-01,4,2,194,680
2015-01-01,4,3,214,435
2015-01-01,4,4,0,86
2015-01-01,4,5,31,266
2015-01-01,4,6,71,316
2015-01-01,4,7,0,33
2015-01-01,4,8,554,1307
2015-01-01,4,9,631,1074
2015-01-01,5,1,195,394
2015-01-01,5,2,193,782
2015-01-01,5,3,73,392
2015-01-01,5,4,0,79
2015-01-01,5,5,20,262
2015-01-01,5,6,21,321
2015-01-01,5,7,0,24
2015-01-01,5,8,688,1449
2015-01-01,5,9,497,1148
2015-01-01,6,1,261,266
2015-01-01,6,2,121,531
2015-01-01,6,3,212,315
2015-01-01,6,4,0,71
2015-01-01,6,5,30,215
2015-01-01,6,6,107,248
2015-01-01,6,7,0,24
2015-01-01,6,8,1144,1030
2015-01-01,6,9,510,804
2015-01-01,7,1,0,5
2015-01-01,7,2,0,11
2015-01-01,7,3,1,7
2015-01-01,7,5,0,4
2015-01-01,7,6,0,5
2015-01-01,7,8,7,33
2015-01-01,7,9,1,25
2015-01-01,8,1,307,440
2015-01-01,8,2,235,872
2015-01-01,8,3,145,481
2015-01-01,8,4,0,87
2015-01-01,8,5,34,283
2015-01-01,8,6,70,405
2015-01-01,8,7,0,47
2015-01-01,8,8,813,1632
2015-01-01,8,9,772,1328
2015-01-01,9,1,258,392
2015-01-01,9,2,175,778
2015-01-01,9,3,132,465
2015-01-01,9,4,0,79
2015-01-01,9,5,49,292
2015-01-01,9,6,44,351
2015-01-01,9,7,0,37
2015-01-01,9,8,762,1489
2015-01-01,9,9,623,1204
2015-01-01,10,1,268,366
2015-01-01,10,2,178,720
2015-01-01,10,3,108,408
2015-01-01,10,4,0,90
2015-01-01,10,5,33,273
2015-01-01,10,6,61,329
2015-01-01,10,7,0,35
2015-01-01,10,8,685,1393
2015-01-01,10,9,471,1119
2015-01-01,11,1,201,302
2015-01-01,11,2,166,600
2015-01-01,11,3,101,345
2015-01-01,11,4,0,56
2015-01-01,11,5,39,204
2015-01-01,11,6,36,280
2015-01-01,11,7,0,27
2015-01-01,11,8,627,1151
2015-01-01,11,9,609,935
2015-01-01,12,1,175,288
2015-01-01,12,2,161,573
2015-01-01,12,3,93,359
2015-01-01,12,4,0,70
2015-01-01,12,5,39,253
2015-01-01,12,6,62,270
2015-01-01,12,7,0,39
2015-01-01,12,8,905,1115
2015-01-01,12,9,678,901
2015-01-01,13,1,129,226
2015-01-01,13,2,127,449
2015-01-01,13,3,107,295
2015-01-01,13,4,0,45
2015-01-01,13,5,39,205
2015-01-01,13,6,47,201
2015-01-01,13,7,0,36
2015-01-01,13,8,784,893
2015-01-01,13,9,401,694
2015-01-01,14,1,229,290
2015-01-01,14,2,170,578
2015-01-01,14,3,93,328
2015-01-01,14,4,0,96
2015-01-01,14,5,33,220
2015-01-01,14,6,97,273
2015-01-01,14,7,0,35
2015-01-01,14,8,690,1115
2015-01-01,14,9,551,897
2015-01-01,15,1,152,274
2015-01-01,15,2,87,537
2015-01-01,15,3,61,289
2015-01-01,15,4,0,44
2015-01-01,15,5,18,187
2015-01-01,15,6,23,222
2015-01-01,15,7,0,24
2015-01-01,15,8,317,999
2015-01-01,15,9,315,810
2015-01-01,16,1,196,300
2015-01-01,16,2,140,594
2015-01-01,16,3,63,302
2015-01-01,16,4,0,51
2015-01-01,16,5,17,195
2015-01-01,16,6,19,256
2015-01-01,16,7,0,18
2015-01-01,16,8,428,1100
2015-01-01,16,9,378,884
2015-01-01,17,1,242,322
2015-01-01,17,2,151,635
2015-01-01,17,3,78,348
2015-01-01,17,4,0,80
2015-01-01,17,5,72,214
2015-01-01,17,6,29,276
2015-01-01,17,7,0,33
2015-01-01,17,8,729,1223
2015-01-01,17,9,580,967
2015-01-01,18,1,164,284
2015-01-01,18,2,153,565
2015-01-01,18,3,130,314
2015-01-01,18,4,0,65
2015-01-01,18,5,44,218
2015-01-01,18,6,41,241
2015-01-01,18,7,0,33
2015-01-01,18,8,627,1092
2015-01-01,18,9,543,854
2015-01-01,19,1,161,246
2015-01-01,19,2,167,491
2015-01-01,19,3,92,316
2015-01-01,19,4,0,48
2015-01-01,19,5,37,213
2015-01-01,19,6,67,243
2015-01-01,19,7,0,38
2015-01-01,19,8,1045,961
2015-01-01,19,9,528,770
2015-01-01,20,1,139,206
2015-01-01,20,2,94,412
2015-01-01,20,3,64,246
2015-01-01,20,4,0,57
2015-01-01,20,5,19,185
2015-01-01,20,6,44,188
2015-01-01,20,7,0,24
2015-01-01,20,8,828,808
2015-01-01,20,9,339,622
2015-01-01,21,1,98,196
2015-01-01,21,2,86,390
2015-01-01,21,3,77,205
2015-01-01,21,4,0,35
2015-01-01,21,5,16,135
2015-01-01,21,6,5,145
2015-01-01,21,7,0,17
2015-01-01,21,8,274,716
2015-01-01,21,9,200,564
2015-01-01,22,1,185,356
2015-01-01,22,2,191,709
2015-01-01,22,3,214,445
2015-01-01,22,4,0,90
2015-01-01,22,5,43,294
2015-01-01,22,6,111,351
2015-01-01,22,7,0,53
2015-01-01,22,8,906,1394
2015-01-01,22,9,765,1114
2015-01-01,23,1,183,338
2015-01-01,23,2,154,673
2015-01-01,23,3,119,405
2015-01-01,23,4,0,102
2015-01-01,23,5,26,253
2015-01-01,23,6,62,323
2015-01-01,23,7,0,44
2015-01-01,23,8,540,1300
2015-01-01,23,9,646,1054
2015-01-01,24,1,153,248
2015-01-01,24,2,145,490
2015-01-01,24,3,47,270
2015-01-01,24,4,0,53
2015-01-01,24,5,15,180
2015-01-01,24,6,27,219
2015-01-01,24,7,0,24
2015-01-01,24,8,362,937
2015-01-01,24,9,294,726
2015-01-01,25,1,212,328
2015-01-01,25,2,155,652
2015-01-01,25,3,173,385
2015-01-01,25,4,0,99
2015-01-01,25,5,53,242
2015-01-01,25,6,126,319
2015-01-01,25,7,0,36
2015-01-01,25,8,1087,1274
2015-01-01,25,9,672,1030
2015-01-01,26,1,251,322
2015-01-01,26,2,122,637
2015-01-01,26,3,127,338
2015-01-01,26,4,0,79
2015-01-01,26,5,31,230
2015-01-01,26,6,59,300
2015-01-01,26,7,0,26
2015-01-01,26,8,578,1220
2015-01-01,26,9,413,975
2015-01-01,27,1,163,230
2015-01-01,27,2,73,459
2015-01-01,27,3,38,213
2015-01-01,27,4,0,26
2015-01-01,27,5,16,164
2015-01-01,27,6,13,171
2015-01-01,27,7,0,22
2015-01-01,27,8,331,863
2015-01-01,27,9,219,668
2015-01-01,28,1,236,332
2015-01-01,28,2,174,662
2015-01-01,28,3,275,418
2015-01-01,28,4,0,109
2015-01-01,28,5,49,265
2015-01-01,28,6,111,327
2015-01-01,28,7,0,37
2015-01-01,28,8,946,1290
2015-01-01,28,9,674,1035
2015-01-01,29,1,103,242
2015-01-01,29,2,111,476
2015-01-01,29,3,39,248
2015-01-01,29,4,0,28
2015-01-01,29,5,17,164
2015-01-01,29,6,16,195
2015-01-01,29,7,0,17
2015-01-01,29,8,278,896
2015-01-01,29,9,271,720
2015-01-01,30,1,228,288
2015-01-01,30,2,219,575
2015-01-01,30,3,219,346
2015-01-01,30,4,0,50
2015-01-01,30,5,42,239
2015-01-01,30,6,94,264
2015-01-01,30,7,0,39
2015-01-01,30,8,723,1123
2015-01-01,30,9,638,892
2015-01-01,31,1,221,288
2015-01-01,31,2,148,572
2015-01-01,31,3,114,323
2015-01-01,31,4,0,68
2015-01-01,31,5,18,214
2015-01-01,31,6,47,281
2015-01-01,31,7,0,28
2015-01-01,31,8,591,1098
2015-01-01,31,9,527,890
2015-01-01,32,1,212,358
2015-01-01,32,2,144,708
2015-01-01,32,3,74,388
2015-01-01,32,4,0,78
2015-01-01,32,5,40,278
2015-01-01,32,6,26,334
2015-01-01,32,7,0,39
2015-01-01,32,8,792,1355
2015-01-01,32,9,491,1079
2015-01-01,33,1,314,256
2015-01-01,33,2,155,511
2015-01-01,33,3,198,302
2015-01-01,33,4,0,81
2015-01-01,33,5,65,203
2015-01-01,33,6,153,232
2015-01-01,33,7,0,34
2015-01-01,33,8,2424,992
2015-01-01,33,9,688,784
2015-02-01,1,1,138,220
2015-02-01,1,2,123,433
2015-02-01,1,3,72,243
2015-02-01,1,4,0,67
2015-02-01,1,5,26,162
2015-02-01,1,6,37,206
2015-02-01,1,7,0,26
2015-02-01,1,8,394,845
2015-02-01,1,9,375,678
2015-02-01,2,1,305,422
2015-02-01,2,2,159,831
2015-02-01,2,3,63,439
2015-02-01,2,4,0,77
2015-02-01,2,5,29,290
2015-02-01,2,6,44,366
2015-02-01,2,7,0,34
2015-02-01,2,8,702,1585
2015-02-01,2,9,520,1260
2015-02-01,3,1,129,292
2015-02-01,3,2,79,573
2015-02-01,3,3,72,308
2015-02-01,3,4,0,44
2015-02-01,3,5,22,186
2015-02-01,3,6,15,240
2015-02-01,3,7,0,18
2015-02-01,3,8,276,1047
2015-02-01,3,9,258,863
2015-02-01,4,1,221,346
2015-02-01,4,2,139,680
2015-02-01,4,3,191,435
2015-02-01,4,4,0,86
2015-02-01,4,5,46,266
2015-02-01,4,6,52,316
2015-02-01,4,7,0,33
2015-02-01,4,8,581,1307
2015-02-01,4,9,605,1074
2015-02-01,5,1,210,394
2015-02-01,5,2,180,782
2015-02-01,5,3,70,392
2015-02-01,5,4,0,79
2015-02-01,5,5,29,262
2015-02-01,5,6,34,321
2015-02-01,5,7,0,24
2015-02-01,5,8,547,1449
2015-02-01,5,9,507,1148
2015-02-01,6,1,259,266
2015-02-01,6,2,119,531
2015-02-01,6,3,134,315
2015-02-01,6,4,0,71
2015-02-01,6,5,23,215
2015-02-01,6,6,76,248
2015-02-01,6,7,0,24
2015-02-01,6,8,1154,1030
2015-02-01,6,9,473,804
2015-02-01,7,1,0,5
2015-02-01,7,2,0,11
2015-02-01,7,3,0,7
2015-02-01,7,5,0,4
2015-02-01,7,6,0,5
2015-02-01,7,8,8,33
2015-02-01,7,9,1,25
2015-02-01,8,1,224,440
2015-02-01,8,2,236,872
2015-02-01,8,3,162,481
2015-02-01,8,4,0,87
2015-02-01,8,5,37,283
2015-02-01,8,6,51,405
2015-02-01,8,7,0,47
2015-02-01,8,8,705,1632
2015-02-01,8,9,686,1328
2015-02-01,9,1,235,392
2015-02-01,9,2,174,778
2015-02-01,9,3,126,465
2015-02-01,9,4,0,79
2015-02-01,9,5,39,292
2015-02-01,9,6,38,351
2015-02-01,9,7,0,37
2015-02-01,9,8,697,1489
2015-02-01,9,9,579,1204
2015-02-01,10,1,260,366
2015-02-01,10,2,170,720
2015-02-01,10,3,95,408
2015-02-01,10,4,0,90
2015-02-01,10,5,27,273
2015-02-01,10,6,67,329
2015-02-01,10,7,0,35
2015-02-01,10,8,577,1393
2015-02-01,10,9,464,1119
2015-02-01,11,1,148,302
2015-02-01,11,2,159,600
2015-02-01,11,3,62,345
2015-02-01,11,4,0,56
2015-02-01,11,5,31,204
2015-02-01,11,6,39,280
2015-02-01,11,7,0,27
2015-02-01,11,8,555,1151
2015-02-01,11,9,539,935
2015-02-01,12,1,181,288
2015-02-01,12,2,130,573
2015-02-01,12,3,101,359
2015-02-01,12,4,0,70
2015-02-01,12,5,30,253
2015-02-01,12,6,80,270
2015-02-01,12,7,0,39
2015-02-01,12,8,940,1115
2015-02-01,12,9,624,901
2015-02-01,13,1,94,226
2015-02-01,13,2,122,449
2015-02-01,13,3,124,295
2015-02-01,13,4,0,45
2015-02-01,13,5,42,205
2015-02-01,13,6,26,201
2015-02-01,13,7,0,36
2015-02-01,13,8,662,893
2015-02-01,13,9,380,694
2015-02-01,14,1,271,290
2015-02-01,14,2,166,578
2015-02-01,14,3,75,328
2015-02-01,14,4,0,96
2015-02-01,14,5,31,220
2015-02-01,14,6,96,273
2015-02-01,14,7,0,35
2015-02-01,14,8,652,1115
2015-02-01,14,9,514,897
2015-02-01,15,1,121,274
2015-02-01,15,2,100,537
2015-02-01,15,3,59,289
2015-02-01,15,4,0,44
2015-02-01,15,5,10,187
2015-02-01,15,6,13,222
2015-02-01,15,7,0,24
2015-02-01,15,8,388,999
2015-02-01,15,9,321,810
2015-02-01,16,1,188,300
2015-02-01,16,2,137,594
2015-02-01,16,3,50,302
2015-02-01,16,4,0,51
2015-02-01,16,5,26,195
2015-02-01,16,6,21,256
2015-02-01,16,7,0,18
2015-02-01,16,8,424,1100
2015-02-01,16,9,307,884
2015-02-01,17,1,200,322
2015-02-01,17,2,150,635
2015-02-01,17,3,116,348
2015-02-01,17,4,0,80
2015-02-01,17,5,77,214
2015-02-01,17,6,27,276
2015-02-01,17,7,0,33
2015-02-01,17,8,699,1223
2015-02-01,17,9,563,967
2015-02-01,18,1,127,284
2015-02-01,18,2,158,565
2015-02-01,18,3,123,314
2015-02-01,18,4,0,65
2015-02-01,18,5,40,218
2015-02-01,18,6,33,241
2015-02-01,18,7,0,33
2015-02-01,18,8,676,1092
2015-02-01,18,9,513,854
2015-02-01,19,1,177,246
2015-02-01,19,2,135,491
2015-02-01,19,3,83,316
2015-02-01,19,4,0,48
2015-02-01,19,5,35,213
2015-02-01,19,6,92,243
2015-02-01,19,7,0,38
2015-02-01,19,8,1034,961
2015-02-01,19,9,538,770
2015-02-01,20,1,107,206
2015-02-01,20,2,82,412
2015-02-01,20,3,44,246
2015-02-01,20,4,0,57
2015-02-01,20,5,21,185
2015-02-01,20,6,22,188
2015-02-01,20,7,0,24
2015-02-01,20,8,732,808
2015-02-01,20,9,359,622
2015-02-01,21,1,82,196
2015-02-01,21,2,74,390
2015-02-01,21,3,84,205
2015-02-01,21,4,0,35
2015-02-01,21,5,19,135
2015-02-01,21,6,8,145
2015-02-01,21,7,0,17
2015-02-01,21,8,266,716
2015-02-01,21,9,228,564
2015-02-01,22,1,229,356
2015-02-01,22,2,204,709
2015-02-01,22,3,219,445
2015-02-01,22,4,0,90
2015-02-01,22,5,43,294
2015-02-01,22,6,95,351
2015-02-01,22,7,0,53
2015-02-01,22,8,910,1394
2015-02-01,22,9,719,1114
2015-02-01,23,1,194,338
2015-02-01,23,2,211,673
2015-02-01,23,3,124,405
2015-02-01,23,4,0,102
2015-02-01,23,5,33,253
2015-02-01,23,6,61,323
2015-02-01,23,7,0,44
2015-02-01,23,8,530,1300
2015-02-01,23,9,613,1054
2015-02-01,24,1,163,248
2015-02-01,24,2,107,490
2015-02-01,24,3,49,270
2015-02-01,24,4,0,53
2015-02-01,24,5,19,180
2015-02-01,24,6,21,219
2015-02-01,24,7,0,24
2015-02-01,24,8,320,937
2015-02-01,24,9,236,726
2015-02-01,25,1,174,328
2015-02-01,25,2,163,652
2015-02-01,25,3,155,385
2015-02-01,25,4,0,99
2015-02-01,25,5,44,242
2015-02-01,25,6,120,319
2015-02-01,25,7,0,36
2015-02-01,25,8,974,1274
2015-02-01,25,9,639,1030
2015-02-01,26,1,252,322
2015-02-01,26,2,115,637
2015-02-01,26,3,106,338
2015-02-01,26,4,0,79
2015-02-01,26,5,38,230
2015-02-01,26,6,37,300
2015-02-01,26,7,0,26
2015-02-01,26,8,514,1220
2015-02-01,26,9,407,975
2015-02-01,27,1,126,230
2015-02-01,27,2,85,459
2015-02-01,27,3,32,213
2015-02-01,27,4,0,26
2015-02-01,27,5,13,164
2015-02-01,27,6,10,171
2015-02-01,27,7,0,22
2015-02-01,27,8,319,863
2015-02-01,27,9,168,668
2015-02-01,28,1,243,332
2015-02-01,28,2,204,662
2015-02-01,28,3,211,418
2015-02-01,28,4,0,109
2015-02-01,28,5,41,265
2015-02-01,28,6,95,327
2015-02-01,28,7,0,37
2015-02-01,28,8,760,1290
2015-02-01,28,9,681,1035
2015-02-01,29,1,109,242
2015-02-01,29,2,123,476
2015-02-01,29,3,49,248
2015-02-01,29,4,0,28
2015-02-01,29,5,8,164
2015-02-01,29,6,16,195
2015-02-01,29,7,0,17
2015-02-01,29,8,329,896
2015-02-01,29,9,284,720
2015-02-01,30,1,194,288
2015-02-01,30,2,188,575
2015-02-01,30,3,136,346
2015-02-01,30,4,0,50
2015-02-01,30,5,51,239
2015-02-01,30,6,104,264
2015-02-01,30,7,0,39
2015-02-01,30,8,774,1123
2015-02-01,30,9,589,892
2015-02-01,31,1,152,288
2015-02-01,31,2,132,572
2015-02-01,31,3,113,323
2015-02-01,31,4,0,68
2015-02-01,31,5,26,214
2015-02-01,31,6,65,281
2015-02-01,31,7,0,28
2015-02-01,31,8,522,1098
2015-02-01,31,9,494,890
2015-02-01,32,1,219,358
2015-02-01,32,2,172,708
2015-02-01,32,3,66,388
2015-02-01,32,4,0,78
2015-02-01,32,5,56,278
2015-02-01,32,6,36,334
2015-02-01,32,7,0,39
2015-02-01,32,8,666,1355
2015-02-01,32,9,505,1079
2015-02-01,33,1,242,256
2015-02-01,33,2,132,511
2015-02-01,33,3,136,302
2015-02-01,33,4,0,81
2015-02-01,33,5,55,203
2015-02-01,33,6,113,232
2015-02-01,33,7,0,34
2015-02-01,33,8,1956,992
2015-02-01,33,9,769,784
2015-03-01,1,1,169,220
2015-03-01,1,2,162,433
2015-03-01,1,3,77,243
2015-03-01,1,4,0,67
2015-03-01,1,5,36,162
2015-03-01,1,6,46,206
2015-03-01,1,7,0,26
2015-03-01,1,8,458,845
2015-03-01,1,9,523,678
2015-03-01,2,1,339,422
2015-03-01,2,2,211,831
2015-03-01,2,3,71,439
2015-03-01,2,4,0,77
2015-03-01,2,5,35,290
2015-03-01,2,6,48,366
2015-03-01,2,7,0,34
2015-03-01,2,8,735,1585
2015-03-01,2,9,498,1260
2015-03-01,3,1,84,292
2015-03-01,3,2,140,573
2015-03-01,3,3,55,308
2015-03-01,3,4,0,44
2015-03-01,3,5,34,186
2015-03-01,3,6,21,240
2015-03-01,3,7,0,18
2015-03-01,3,8,370,1047
2015-03-01,3,9,335,863
2015-03-01,4,1,207,346
2015-03-01,4,2,180,680
2015-03-01,4,3,165,435
2015-03-01,4,4,0,86
2015-03-01,4,5,40,266
2015-03-01,4,6,69,316
2015-03-01,4,7,0,33
2015-03-01,4,8,715,1307
2015-03-01,4,9,708,1074
2015-03-01,5,1,229,394
2015-03-01,5,2,179,782
2015-03-01,5,3,85,392
2015-03-01,5,4,0,79
2015-03-01,5,5,37,262
2015-03-01,5,6,29,321
2015-03-01,5,7,0,24
2015-03-01,5,8,637,1449
2015-03-01,5,9,543,1148
2015-03-01,6,1,257,266
2015-03-01,6,2,151,531
2015-03-01,6,3,151,315
2015-03-01,6,4,0,71
2015-03-01,6,5,40,215
2015-03-01,6,6,68,248
2015-03-01,6,7,0,24
2015-03-01,6,8,1332,1030
2015-03-01,6,9,530,804
2015-03-01,7,1,0,5
2015-03-01,7,2,0,11
2015-03-01,7,3,0,7
2015-03-01,7,5,0,4
2015-03-01,7,6,0,5
2015-03-01,7,8,8,33
2015-03-01,7,9,2,25
2015-03-01,8,1,279,440
2015-03-01,8,2,274,872
2015-03-01,8,3,138,481
2015-03-01,8,4,0,87
2015-03-01,8,5,40,283
2015-03-01,8,6,95,405
2015-03-01,8,7,0,47
2015-03-01,8,8,843,1632
2015-03-01,8,9,825,1328
2015-03-01,9,1,267,392
2015-03-01,9,2,211,778
2015-03-01,9,3,104,465
2015-03-01,9,4,0,79
2015-03-01,9,5,40,292
2015-03-01,9,6,43,351
2015-03-01,9,7,0,37
2015-03-01,9,8,779,1489
2015-03-01,9,9,716,1204
2015-03-01,10,1,277,366
2015-03-01,10,2,171,720
2015-03-01,10,3,82,408
2015-03-01,10,4,0,90
2015-03-01,10,5,27,273
2015-03-01,10,6,92,329
2015-03-01,10,7,0,35
2015-03-01,10,8,652,1393
2015-03-01,10,9,573,1119
2015-03-01,11,1,155,302
2015-03-01,11,2,210,600
2015-03-01,11,3,80,345
2015-03-01,11,4,0,56
2015-03-01,11,5,35,204
2015-03-01,11,6,32,280
2015-03-01,11,7,0,27
2015-03-01,11,8,650,1151
2015-03-01,11,9,609,935
2015-03-01,12,1,241,288
2015-03-01,12,2,183,573
2015-03-01,12,3,100,359
2015-03-01,12,4,0,70
2015-03-01,12,5,47,253
2015-03-01,12,6,89,270
2015-03-01,12,7,0,39
2015-03-01,12,8,1001,1115
2015-03-01,12,9,652,901
2015-03-01,13,1,141,226
2015-03-01,13,2,120,449
2015-03-01,13,3,121,295
2015-03-01,13,4,0,45
2015-03-01,13,5,40,205
2015-03-01,13,6,29,201
2015-03-01,13,7,0,36
2015-03-01,13,8,776,893
2015-03-01,13,9,474,694
2015-03-01,14,1,277,290
2015-03-01,14,2,189,578
2015-03-01,14,3,77,328
2015-03-01,14,4,0,96
2015-03-01,14,5,31,220
2015-03-01,14,6,106,273
2015-03-01,14,7,0,35
2015-03-01,14,8,787,1115
2015-03-01,14,9,628,897
2015-03-01,15,1,97,274
2015-03-01,15,2,96,537
2015-03-01,15,3,63,289
2015-03-01,15,4,0,44
2015-03-01,15,5,18,187
2015-03-01,15,6,16,222
2015-03-01,15,7,0,24
2015-03-01,15,8,405,999
2015-03-01,15,9,341,810
2015-03-01,16,1,182,300
2015-03-01,16,2,120,594
2015-03-01,16,3,41,302
2015-03-01,16,4,0,51
2015-03-01,16,5,30,195
2015-03-01,16,6,39,256
2015-03-01,16,7,0,18
2015-03-01,16,8,480,1100
2015-03-01,16,9,385,884
2015-03-01,17,1,204,322
2015-03-01,17,2,207,635
2015-03-01,17,3,121,348
2015-03-01,17,4,0,80
2015-03-01,17,5,76,214
2015-03-01,17,6,34,276
2015-03-01,17,7,0,33
2015-03-01,17,8,760,1223
2015-03-01,17,9,553,967
2015-03-01,18,1,168,284
2015-03-01,18,2,168,565
2015-03-01,18,3,99,314
2015-03-01,18,4,0,65
2015-03-01,18,5,34,218
2015-03-01,18,6,22,241
2015-03-01,18,7,0,33
2015-03-01,18,8,691,1092
2015-03-01,18,9,537,854
2015-03-01,19,1,217,246
2015-03-01,19,2,156,491
2015-03-01,19,3,87,316
2015-03-01,19,4,0,48
2015-03-01,19,5,31,213
2015-03-01,19,6,114,243
2015-03-01,19,7,0,38
2015-03-01,19,8,1179,961
2015-03-01,19,9,585,770
2015-03-01,20,1,133,206
2015-03-01,20,2,97,412
2015-03-01,20,3,59,246
2015-03-01,20,4,0,57
2015-03-01,20,5,18,185
2015-03-01,20,6,23,188
2015-03-01,20,7,0,24
2015-03-01,20,8,857,808
2015-03-01,20,9,370,622
2015-03-01,21,1,76,196
2015-03-01,21,2,86,390
2015-03-01,21,3,71,205
2015-03-01,21,4,0,35
2015-03-01,21,5,14,135
2015-03-01,21,6,6,145
2015-03-01,21,7,0,17
2015-03-01,21,8,297,716
2015-03-01,21,9,249,564
2015-03-01,22,1,234,356
2015-03-01,22,2,229,709
2015-03-01,22,3,207,445
2015-03-01,22,4,0,90
2015-03-01,22,5,51,294
2015-03-01,22,6,93,351
2015-03-01,22,7,0,53
2015-03-01,22,8,1093,1394
2015-03-01,22,9,850,1114
2015-03-01,23,1,176,338
2015-03-01,23,2,207,673
2015-03-01,23,3,124,405
2015-03-01,23,4,0,102
2015-03-01,23,5,39,253
2015-03-01,23,6,67,323
2015-03-01,23,7,0,44
2015-03-01,23,8,619,1300
2015-03-01,23,9,677,1054
2015-03-01,24,1,136,248
2015-03-01,24,2,116,490
2015-03-01,24,3,43,270
2015-03-01,24,4,0,53
2015-03-01,24,5,18,180
2015-03-01,24,6,26,219
2015-03-01,24,7,0,24
2015-03-01,24,8,362,937
2015-03-01,24,9,279,726
2015-03-01,25,1,180,328
2015-03-01,25,2,200,652
2015-03-01,25,3,149,385
2015-03-01,25,4,0,99
2015-03-01,25,5,55,242
2015-03-01,25,6,147,319
2015-03-01,25,7,0,36
2015-03-01,25,8,1105,1274
2015-03-01,25,9,732,1030
2015-03-01,26,1,202,322
2015-03-01,26,2,157,637
2015-03-01,26,3,100,338
2015-03-01,26,4,0,79
2015-03-01,26,5,35,230
2015-03-01,26,6,58,300
2015-03-01,26,7,0,26
2015-03-01,26,8,597,1220
2015-03-01,26,9,499,975
2015-03-01,27,1,140,230
2015-03-01,27,2,74,459
2015-03-01,27,3,40,213
2015-03-01,27,4,0,26
2015-03-01,27,5,5,164
2015-03-01,27,6,20,171
2015-03-01,27,7,0,22
2015-03-01,27,8,388,863
2015-03-01,27,9,257,668
2015-03-01,28,1,219,332
2015-03-01,28,2,192,662
2015-03-01,28,3,207,418
2015-03-01,28,4,0,109
2015-03-01,28,5,36,265
2015-03-01,28,6,110,327
2015-03-01,28,7,0,37
2015-03-01,28,8,915,1290
2015-03-01,28,9,745,1035
2015-03-01,29,1,157,242
2015-03-01,29,2,139,476
2015-03-01,29,3,52,248
2015-03-01,29,4,0,28
2015-03-01,29,5,21,164
2015-03-01,29,6,11,195
2015-03-01,29,7,0,17
2015-03-01,29,8,283,896
2015-03-01,29,9,299,720
2015-03-01,30,1,222,288
2015-03-01,30,2,200,575
2015-03-01,30,3,122,346
2015-03-01,30,4,0,50
2015-03-01,30,5,47,239
2015-03-01,30,6,81,264
2015-03-01,30,7,0,39
2015-03-01,30,8,845,1123
2015-03-01,30,9,756,892
2015-03-01,31,1,193,288
2015-03-01,31,2,169,572
2015-03-01,31,3,151,323
2015-03-01,31,4,0,68
2015-03-01,31,5,36,214
2015-03-01,31,6,73,281
2015-03-01,31,7,0,28
2015-03-01,31,8,612,1098
2015-03-01,31,9,565,890
2015-03-01,32,1,211,358
2015-03-01,32,2,174,708
2015-03-01,32,3,53,388
2015-03-01,32,4,0,78
2015-03-01,32,5,27,278
2015-03-01,32,6,36,334
2015-03-01,32,7,0,39
2015-03-01,32,8,870,1355
2015-03-01,32,9,578,1079
2015-03-01,33,1,267,256
2015-03-01,33,2,196,511
2015-03-01,33,3,142,302
2015-03-01,33,4,0,81
2015-03-01,33,5,74,203
2015-03-01,33,6,119,232
2015-03-01,33,7,0,34
2015-03-01,33,8,2389,992
2015-03-01,33,9,787,784
2015-04-01,1,1,106,220
2015-04-01,1,2,143,433
2015-04-01,1,3,74,243
2015-04-01,1,4,0,67
2015-04-01,1,5,22,162
2015-04-01,1,6,42,206
2015-04-01,1,7,0,26
2015-04-01,1,8,428,845
2015-04-01,1,9,463,678
2015-04-01,2,1,303,422
2015-04-01,2,2,215,831
2015-04-01,2,3,49,439
2015-04-01,2,4,0,77
2015-04-01,2,5,28,290
2015-04-01,2,6,72,366
2015-04-01,2,7,0,34
2015-04-01,2,8,676,1585
2015-04-01,2,9,543,1260
2015-04-01,3,1,75,292
2015-04-01,3,2,130,573
2015-04-01,3,3,43,308
2015-04-01,3,4,0,44
2015-04-01,3,5,20,186
2015-04-01,3,6,22,240
2015-04-01,3,7,0,18
2015-04-01,3,8,315,1047
2015-04-01,3,9,293,863
2015-04-01,4,1,209,346
2015-04-01,4,2,197,680
2015-04-01,4,3,120,435
2015-04-01,4,4,0,86
2015-04-01,4,5,30,266
2015-04-01,4,6,75,316
2015-04-01,4,7,0,33
2015-04-01,4,8,680,1307
2015-04-01,4,9,623,1074
2015-04-01,5,1,215,394
2015-04-01,5,2,194,782
2015-04-01,5,3,58,392
2015-04-01,5,4,0,79
2015-04-01,5,5,30,262
2015-04-01,5,6,37,321
2015-04-01,5,7,0,24
2015-04-01,5,8,634,1449
2015-04-01,5,9,516,1148
2015-04-01,6,1,222,266
2015-04-01,6,2,168,531
2015-04-01,6,3,128,315
2015-04-01,6,4,0,71
2015-04-01,6,5,31,215
2015-04-01,6,6,105,248
2015-04-01,6,7,0,24
2015-04-01,6,8,1237,1030
2015-04-01,6,9,543,804
2015-04-01,7,1,0,5
2015-04-01,7,2,0,11
2015-04-01,7,3,2,7
2015-04-01,7,5,0,4
2015-04-01,7,6,2,5
2015-04-01,7,8,8,33
2015-04-01,7,9,3,25
2015-04-01,8,1,221,440
2015-04-01,8,2,271,872
2015-04-01,8,3,141,481
2015-04-01,8,4,0,87
2015-04-01,8,5,54,283
2015-04-01,8,6,45,405
2015-04-01,8,7,0,47
2015-04-01,8,8,776,1632
2015-04-01,8,9,795,1328
2015-04-01,9,1,196,392
2015-04-01,9,2,214,778
2015-04-01,9,3,106,465
2015-04-01,9,4,0,79
2015-04-01,9,5,29,292
2015-04-01,9,6,40,351
2015-04-01,9,7,0,37
2015-04-01,9,8,793,1489
2015-04-01,9,9,671,1204
2015-04-01,10,1,219,366
2015-04-01,10,2,184,720
2015-04-01,10,3,85,408
2015-04-01,10,4,0,90
2015-04-01,10,5,38,273
2015-04-01,10,6,78,329
2015-04-01,10,7,0,35
2015-04-01,10,8,590,1393
2015-04-01,10,9,507,1119
2015-04-01,11,1,152,302
2015-04-01,11,2,206,600
2015-04-01,11,3,75,345
2015-04-01,11,4,0,56
2015-04-01,11,5,42,204
2015-04-01,11,6,39,280
2015-04-01,11,7,0,27
2015-04-01,11,8,588,1151
2015-04-01,11,9,576,935
2015-04-01,12,1,188,288
2015-04-01,12,2,161,573
2015-04-01,12,3,120,359
2015-04-01,12,4,0,70
2015-04-01,12,5,47,253
2015-04-01,12,6,79,270
2015-04-01,12,7,0,39
2015-04-01,12,8,964,1115
2015-04-01,12,9,631,901
2015-04-01,13,1,160,226
2015-04-01,13,2,111,449
2015-04-01,13,3,112,295
2015-04-01,13,4,0,45
2015-04-01,13,5,31,205
2015-04-01,13,6,28,201
2015-04-01,13,7,0,36
2015-04-01,13,8,782,893
2015-04-01,13,9,450,694
2015-04-01,14,1,212,290
2015-04-01,14,2,173,578
2015-04-01,14,3,103,328
2015-04-01,14,4,0,96
2015-04-01,14,5,28,220
2015-04-01,14,6,93,273
2015-04-01,14,7,0,35
2015-04-01,14,8,839,1115
2015-04-01,14,9,572,897
2015-04-01,15,1,94,274
2015-04-01,15,2,81,537
2015-04-01,15,3,55,289
2015-04-01,15,4,0,44
2015-04-01,15,5,15,187
2015-04-01,15,6,36,222
2015-04-01,15,7,0,24
2015-04-01,15,8,317,999
2015-04-01,15,9,357,810
2015-04-01,16,1,131,300
2015-04-01,16,2,122,594
2015-04-01,16,3,39,302
2015-04-01,16,4,0,51
2015-04-01,16,5,29,195
2015-04-01,16,6,30,256
2015-04-01,16,7,0,18
2015-04-01,16,8,453,1100
2015-04-01,16,9,365,884
2015-04-01,17,1,165,322
2015-04-01,17,2,200,635
2015-04-01,17,3,76,348
2015-04-01,17,4,0,80
2015-04-01,17,5,75,214
2015-04-01,17,6,20,276
2015-04-01,17,7,0,33
2015-04-01,17,8,711,1223
2015-04-01,17,9,558,967
2015-04-01,18,1,138,284
2015-04-01,18,2,176,565
2015-04-01,18,3,81,314
2015-04-01,18,4,0,65
2015-04-01,18,5,49,218
2015-04-01,18,6,30,241
2015-04-01,18,7,0,33
2015-04-01,18,8,600,1092
2015-04-01,18,9,530,854
2015-04-01,19,1,164,246
2015-04-01,19,2,165,491
2015-04-01,19,3,117,316
2015-04-01,19,4,0,48
2015-04-01,19,5,39,213
2015-04-01,19,6,84,243
2015-04-01,19,7,0,38
2015-04-01,19,8,1197,961
2015-04-01,19,9,529,770
2015-04-01,20,1,135,206
2015-04-01,20,2,95,412
2015-04-01,20,3,64,246
2015-04-01,20,4,0,57
2015-04-01,20,5,22,185
2015-04-01,20,6,38,188
2015-04-01,20,7,0,24
2015-04-01,20,8,762,808
2015-04-01,20,9,314,622
2015-04-01,21,1,57,196
2015-04-01,21,2,83,390
2015-04-01,21,3,47,205
2015-04-01,21,4,0,35
2015-04-01,21,5,14,135
2015-04-01,21,6,4,145
2015-04-01,21,7,0,17
2015-04-01,21,8,311,716
2015-04-01,21,9,245,564
2015-04-01,22,1,209,356
2015-04-01,22,2,220,709
2015-04-01,22,3,219,445
2015-04-01,22,4,0,90
2015-04-01,22,5,63,294
2015-04-01,22,6,113,351
2015-04-01,22,7,0,53
2015-04-01,22,8,1035,1394
2015-04-01,22,9,771,1114
2015-04-01,23,1,169,338
2015-04-01,23,2,235,673
2015-04-01,23,3,119,405
2015-04-01,23,4,0,102
2015-04-01,23,5,37,253
2015-04-01,23,6,76,323
2015-04-01,23,7,0,44
2015-04-01,23,8,645,1300
2015-04-01,23,9,635,1054
2015-04-01,24,1,81,248
2015-04-01,24,2,125,490
2015-04-01,24,3,44,270
2015-04-01,24,4,0,53
2015-04-01,24,5,12,180
2015-04-01,24,6,23,219
2015-04-01,24,7,0,24
2015-04-01,24,8,373,937
2015-04-01,24,9,272,726
2015-04-01,25,1,158,328
2015-04-01,25,2,205,652
2015-04-01,25,3,120,385
2015-04-01,25,4,0,99
2015-04-01,25,5,45,242
2015-04-01,25,6,125,319
2015-04-01,25,7,0,36
2015-04-01,25,8,820,1274
2015-04-01,25,9,692,1030
2015-04-01,26,1,177,322
2015-04-01,26,2,132,637
2015-04-01,26,3,87,338
2015-04-01,26,4,0,79
2015-04-01,26,5,42,230
2015-04-01,26,6,49,300
2015-04-01,26,7,0,26
2015-04-01,26,8,557,1220
2015-04-01,26,9,429,975
2015-04-01,27,1,120,230
2015-04-01,27,2,101,459
2015-04-01,27,3,36,213
2015-04-01,27,4,0,26
2015-04-01,27,5,26,164
2015-04-01,27,6,9,171
2015-04-01,27,7,0,22
2015-04-01,27,8,356,863
2015-04-01,27,9,210,668
2015-04-01,28,1,260,332
2015-04-01,28,2,211,662
2015-04-01,28,3,151,418
2015-04-01,28,4,0,109
2015-04-01,28,5,34,265
2015-04-01,28,6,105,327
2015-04-01,28,7,0,37
2015-04-01,28,8,998,1290
2015-04-01,28,9,676,1035
2015-04-01,29,1,118,242
2015-04-01,29,2,119,476
2015-04-01,29,3,31,248
2015-04-01,29,4,0,28
2015-04-01,29,5,20,164
2015-04-01,29,6,13,195
2015-04-01,29,7,0,17
2015-04-01,29,8,293,896
2015-04-01,29,9,319,720
2015-04-01,30,1,191,288
2015-04-01,30,2,194,575
2015-04-01,30,3,130,346
2015-04-01,30,4,0,50
2015-04-01,30,5,49,239
2015-04-01,30,6,64,264
2015-04-01,30,7,0,39
2015-04-01,30,8,785,1123
2015-04-01,30,9,658,892
2015-04-01,31,1,185,288
2015-04-01,31,2,155,572
2015-04-01,31,3,126,323
2015-04-01,31,4,0,68
2015-04-01,31,5,42,214
2015-04-01,31,6,56,281
2015-04-01,31,7,0,28
2015-04-01,31,8,605,1098
2015-04-01,31,9,531,890
2015-04-01,32,1,172,358
2015-04-01,32,2,144,708
2015-04-01,32,3,58,388
2015-04-01,32,4,0,78
2015-04-01,32,5,43,278
2015-04-01,32,6,38,334
2015-04-01,32,7,0,39
2015-04-01,32,8,815,1355
2015-04-01,32,9,564,1079
2015-04-01,33,1,235,256
2015-04-01,33,2,154,511
2015-04-01,33,3,241,302
2015-04-01,33,4,0,81
2015-04-01,33,5,49,203
2015-04-01,33,6,112,232
2015-04-01,33,7,0,34
2015-04-01,33,8,2228,992
2015-04-01,33,9,738,784
2015-05-01,1,1,100,220
2015-05-01,1,2,187,433
2015-05-01,1,3,85,243
2015-05-01,1,4,0,67
2015-05-01,1,5,30,162
2015-05-01,1,6,51,206
2015-05-01,1,7,0,26
2015-05-01,1,8,435,845
2015-05-01,1,9,548,678
2015-05-01,2,1,306,422
2015-05-01,2,2,179,831
2015-05-01,2,3,57,439
2015-05-01,2,4,0,77
2015-05-01,2,5,26,290
2015-05-01,2,6,66,366
2015-05-01,2,7,0,34
2015-05-01,2,8,716,1585
2015-05-01,2,9,582,1260
2015-05-01,3,1,81,292
2015-05-01,3,2,162,573
2015-05-01,3,3,43,308
2015-05-01,3,4,0,44
2015-05-01,3,5,18,186
2015-05-01,3,6,8,240
2015-05-01,3,7,0,18
2015-05-01,3,8,404,1047
2015-05-01,3,9,347,863
2015-05-01,4,1,243,346
2015-05-01,4,2,165,680
2015-05-01,4,3,120,435
2015-05-01,4,4,0,86
2015-05-01,4,5,31,266
2015-05-01,4,6,74,316
2015-05-01,4,7,0,33
2015-05-01,4,8,686,1307
2015-05-01,4,9,816,1074
2015-05-01,5,1,242,394
2015-05-01,5,2,190,782
2015-05-01,5,3,75,392
2015-05-01,5,4,0,79
2015-05-01,5,5,34,262
2015-05-01,5,6,36,321
2015-05-01,5,7,0,24
2015-05-01,5,8,617,1449
2015-05-01,5,9,566,1148
2015-05-01,6,1,232,266
2015-05-01,6,2,205,531
2015-05-01,6,3,126,315
2015-05-01,6,4,0,71
2015-05-01,6,5,35,215
2015-05-01,6,6,97,248
2015-05-01,6,7,0,24
2015-05-01,6,8,1435,1030
2015-05-01,6,9,586,804
2015-05-01,7,1,0,5
2015-05-01,7,2,0,11
2015-05-01,7,3,0,7
2015-05-01,7,5,0,4
2015-05-01,7,6,2,5
2015-05-01,7,8,15,33
2015-05-01,7,9,3,25
2015-05-01,8,1,229,440
2015-05-01,8,2,282,872
2015-05-01,8,3,130,481
2015-05-01,8,4,0,87
2015-05-01,8,5,49,283
2015-05-01,8,6,63,405
2015-05-01,8,7,0,47
2015-05-01,8,8,862,1632
2015-05-01,8,9,891,1328
2015-05-01,9,1,181,392
2015-05-01,9,2,229,778
2015-05-01,9,3,105,465
2015-05-01,9,4,0,79
2015-05-01,9,5,45,292
2015-05-01,9,6,55,351
2015-05-01,9,7,0,37
2015-05-01,9,8,915,1489
2015-05-01,9,9,819,1204
2015-05-01,10,1,266,366
2015-05-01,10,2,175,720
2015-05-01,10,3,73,408
2015-05-01,10,4,0,90
2015-05-01,10,5,38,273
2015-05-01,10,6,73,329
2015-05-01,10,7,0,35
2015-05-01,10,8,631,1393
2015-05-01,10,9,589,1119
2015-05-01,11,1,162,302
2015-05-01,11,2,190,600
2015-05-01,11,3,79,345
2015-05-01,11,4,0,56
2015-05-01,11,5,53,204
2015-05-01,11,6,30,280
2015-05-01,11,7,0,27
2015-05-01,11,8,598,1151
2015-05-01,11,9,670,935
2015-05-01,12,1,184,288
2015-05-01,12,2,195,573
2015-05-01,12,3,114,359
2015-05-01,12,4,0,70
2015-05-01,12,5,35,253
2015-05-01,12,6,104,270
2015-05-01,12,7,0,39
2015-05-01,12,8,1034,1115
2015-05-01,12,9,739,901
2015-05-01,13,1,106,226
2015-05-01,13,2,141,449
2015-05-01,13,3,86,295
2015-05-01,13,4,0,45
2015-05-01,13,5,32,205
2015-05-01,13,6,27,201
2015-05-01,13,7,0,36
2015-05-01,13,8,831,893
2015-05-01,13,9,521,694
2015-05-01,14,1,211,290
2015-05-01,14,2,166,578
2015-05-01,14,3,123,328
2015-05-01,14,4,0,96
2015-05-01,14,5,29,220
2015-05-01,14,6,82,273
2015-05-01,14,7,0,35
2015-05-01,14,8,720,1115
2015-05-01,14,9,614,897
2015-05-01,15,1,107,274
2015-05-01,15,2,113,537
2015-05-01,15,3,59,289
2015-05-01,15,4,0,44
2015-05-01,15,5,20,187
2015-05-01,15,6,40,222
2015-05-01,15,7,0,24
2015-05-01,15,8,378,999
2015-05-01,15,9,380,810
2015-05-01,16,1,127,300
2015-05-01,16,2,132,594
2015-05-01,16,3,60,302
2015-05-01,16,4,0,51
2015-05-01,16,5,27,195
2015-05-01,16,6,28,256
2015-05-01,16,7,0,18
2015-05-01,16,8,467,1100
2015-05-01,16,9,405,884
2015-05-01,17,1,157,322
2015-05-01,17,2,192,635
2015-05-01,17,3,73,348
2015-05-01,17,4,0,80
2015-05-01,17,5,94,214
2015-05-01,17,6,23,276
2015-05-01,17,7,0,33
2015-05-01,17,8,763,1223
2015-05-01,17,9,681,967
2015-05-01,18,1,118,284
2015-05-01,18,2,182,565
2015-05-01,18,3,86,314
2015-05-01,18,4,0,65
2015-05-01,18,5,58,218
2015-05-01,18,6,29,241
2015-05-01,18,7,0,33
2015-05-01,18,8,720,1092
2015-05-01,18,9,595,854
2015-05-01,19,1,202,246
2015-05-01,19,2,174,491
2015-05-01,19,3,96,316
2015-05-01,19,4,0,48
2015-05-01,19,5,40,213
2015-05-01,19,6,105,243
2015-05-01,19,7,0,38
2015-05-01,19,8,1171,961
2015-05-01,19,9,607,770
2015-05-01,20,1,100,206
2015-05-01,20,2,85,412
2015-05-01,20,3,76,246
2015-05-01,20,4,0,57
2015-05-01,20,5,21,185
2015-05-01,20,6,38,188
2015-05-01,20,7,0,24
2015-05-01,20,8,869,808
2015-05-01,20,9,401,622
2015-05-01,21,1,65,196
2015-05-01,21,2,81,390
2015-05-01,21,3,107,205
2015-05-01,21,4,0,35
2015-05-01,21,5,12,135
2015-05-01,21,6,6,145
2015-05-01,21,7,0,17
2015-05-01,21,8,295,716
2015-05-01,21,9,249,564
2015-05-01,22,1,207,356
2015-05-01,22,2,237,709
2015-05-01,22,3,225,445
2015-05-01,22,4,0,90
2015-05-01,22,5,51,294
2015-05-01,22,6,115,351
2015-05-01,22,7,0,53
2015-05-01,22,8,1095,1394
2015-05-01,22,9,1001,1114
2015-05-01,23,1,176,338
2015-05-01,23,2,238,673
2015-05-01,23,3,122,405
2015-05-01,23,4,0,102
2015-05-01,23,5,39,253
2015-05-01,23,6,88,323
2015-05-01,23,7,0,44
2015-05-01,23,8,710,1300
2015-05-01,23,9,664,1054
2015-05-01,24,1,103,248
2015-05-01,24,2,136,490
2015-05-01,24,3,34,270
2015-05-01,24,4,0,53
2015-05-01,24,5,17,180
2015-05-01,24,6,28,219
2015-05-01,24,7,0,24
2015-05-01,24,8,422,937
2015-05-01,24,9,364,726
2015-05-01,25,1,184,328
2015-05-01,25,2,190,652
2015-05-01,25,3,129,385
2015-05-01,25,4,0,99
2015-05-01,25,5,54,242
2015-05-01,25,6,117,319
2015-05-01,25,7,0,36
2015-05-01,25,8,858,1274
2015-05-01,25,9,804,1030
2015-05-01,26,1,155,322
2015-05-01,26,2,118,637
2015-05-01,26,3,98,338
2015-05-01,26,4,0,79
2015-05-01,26,5,26,230
2015-05-01,26,6,46,300
2015-05-01,26,7,0,26
2015-05-01,26,8,552,1220
2015-05-01,26,9,465,975
2015-05-01,27,1,125,230
2015-05-01,27,2,90,459
2015-05-01,27,3,32,213
2015-05-01,27,4,0,26
2015-05-01,27,5,20,164
2015-05-01,27,6,10,171
2015-05-01,27,7,0,22
2015-05-01,27,8,433,863
2015-05-01,27,9,249,668
2015-05-01,28,1,249,332
2015-05-01,28,2,272,662
2015-05-01,28,3,168,418
2015-05-01,28,4,0,109
2015-05-01,28,5,32,265
2015-05-01,28,6,105,327
2015-05-01,28,7,0,37
2015-05-01,28,8,1181,1290
2015-05-01,28,9,765,1035
2015-05-01,29,1,110,242
2015-05-01,29,2,100,476
2015-05-01,29,3,43,248
2015-05-01,29,4,0,28
2015-05-01,29,5,16,164
2015-05-01,29,6,10,195
2015-05-01,29,7,0,17
2015-05-01,29,8,279,896
2015-05-01,29,9,291,720
2015-05-01,30,1,212,288
2015-05-01,30,2,205,575
2015-05-01,30,3,143,346
2015-05-01,30,4,0,50
2015-05-01,30,5,60,239
2015-05-01,30,6,110,264
2015-05-01,30,7,0,39
2015-05-01,30,8,883,1123
2015-05-01,30,9,759,892
2015-05-01,31,1,180,288
2015-05-01,31,2,156,572
2015-05-01,31,3,111,323
2015-05-01,31,4,0,68
2015-05-01,31,5,33,214
2015-05-01,31,6,53,281
2015-05-01,31,7,0,28
2015-05-01,31,8,521,1098
2015-05-01,31,9,585,890
2015-05-01,32,1,196,358
2015-05-01,32,2,161,708
2015-05-01,32,3,60,388
2015-05-01,32,4,0,78
2015-05-01,32,5,42,278
2015-05-01,32,6,38,334
2015-05-01,32,7,0,39
2015-05-01,32,8,869,1355
2015-05-01,32,9,613,1079
2015-05-01,33,1,243,256
2015-05-01,33,2,211,511
2015-05-01,33,3,144,302
2015-05-01,33,4,0,81
2015-05-01,33,5,52,203
2015-05-01,33,6,132,232
2015-05-01,33,7,0,34
2015-05-01,33,8,2453,992
2015-05-01,33,9,813,784
2015-06-01,1,1,94,220
2015-06-01,1,2,145,433
2015-06-01,1,3,95,243
2015-06-01,1,4,0,67
2015-06-01,1,5,25,162
2015-06-01,1,6,41,206
2015-06-01,1,7,0,26
2015-06-01,1,8,445,845
2015-06-01,1,9,517,678
2015-06-01,2,1,262,422
2015-06-01,2,2,190,831
2015-06-01,2,3,54,439
2015-06-01,2,4,0,77
2015-06-01,2,5,29,290
2015-06-01,2,6,61,366
2015-06-01,2,7,0,34
2015-06-01,2,8,854,1585
2015-06-01,2,9,606,1260
2015-06-01,3,1,78,292
2015-06-01,3,2,125,573
2015-06-01,3,3,71,308
2015-06-01,3,4,0,44
2015-06-01,3,5,33,186
2015-06-01,3,6,14,240
2015-06-01,3,7,0,18
2015-06-01,3,8,385,1047
2015-06-01,3,9,327,863
2015-06-01,4,1,165,346
2015-06-01,4,2,200,680
2015-06-01,4,3,118,435
2015-06-01,4,4,0,86
2015-06-01,4,5,34,266
2015-06-01,4,6,68,316
2015-06-01,4,7,0,33
2015-06-01,4,8,754,1307
2015-06-01,4,9,755,1074
2015-06-01,5,1,173,394
2015-06-01,5,2,204,782
2015-06-01,5,3,85,392
2015-06-01,5,4,0,79
2015-06-01,5,5,35,262
2015-06-01,5,6,21,321
2015-06-01,5,7,0,24
2015-06-01,5,8,708,1449
2015-06-01,5,9,568,1148
2015-06-01,6,1,202,266
2015-06-01,6,2,174,531
2015-06-01,6,3,161,315
2015-06-01,6,4,0,71
2015-06-01,6,5,51,215
2015-06-01,6,6,84,248
2015-06-01,6,7,0,24
2015-06-01,6,8,1236,1030
2015-06-01,6,9,658,804
2015-06-01,7,1,1,5
2015-06-01,7,2,1,11
2015-06-01,7,3,0,7
2015-06-01,7,5,0,4
2015-06-01,7,6,0,5
2015-06-01,7,8,6,33
2015-06-01,7,9,5,25
2015-06-01,8,1,236,440
2015-06-01,8,2,294,872
2015-06-01,8,3,160,481
2015-06-01,8,4,0,87
2015-06-01,8,5,60,283
2015-06-01,8,6,45,405
2015-06-01,8,7,0,47
2015-06-01,8,8,862,1632
2015-06-01,8,9,896,1328
2015-06-01,9,1,196,392
2015-06-01,9,2,232,778
2015-06-01,9,3,132,465
2015-06-01,9,4,0,79
2015-06-01,9,5,46,292
2015-06-01,9,6,71,351
2015-06-01,9,7,0,37
2015-06-01,9,8,903,1489
2015-06-01,9,9,796,1204
2015-06-01,10,1,178,366
2015-06-01,10,2,161,720
2015-06-01,10,3,95,408
2015-06-01,10,4,0,90
2015-06-01,10,5,38,273
2015-06-01,10,6,66,329
2015-06-01,10,7,0,35
2015-06-01,10,8,655,1393
2015-06-01,10,9,585,1119
2015-06-01,11,1,156,302
2015-06-01,11,2,184,600
2015-06-01,11,3,73,345
2015-06-01,11,4,0,56
2015-06-01,11,5,55,204
2015-06-01,11,6,38,280
2015-06-01,11,7,0,27
2015-06-01,11,8,606,1151
2015-06-01,11,9,630,935
2015-06-01,12,1,214,288
2015-06-01,12,2,195,573
2015-06-01,12,3,114,359
2015-06-01,12,4,0,70
2015-06-01,12,5,40,253
2015-06-01,12,6,114,270
2015-06-01,12,7,0,39
2015-06-01,12,8,978,1115
2015-06-01,12,9,803,901
2015-06-01,13,1,126,226
2015-06-01,13,2,116,449
2015-06-01,13,3,86,295
2015-06-01,13,4,0,45
2015-06-01,13,5,42,205
2015-06-01,13,6,19,201
2015-06-01,13,7,0,36
2015-06-01,13,8,717,893
2015-06-01,13,9,486,694
2015-06-01,14,1,200,290
2015-06-01,14,2,197,578
2015-06-01,14,3,105,328
2015-06-01,14,4,0,96
2015-06-01,14,5,38,220
2015-06-01,14,6,96,273
2015-06-01,14,7,0,35
2015-06-01,14,8,778,1115
2015-06-01,14,9,604,897
2015-06-01,15,1,116,274
2015-06-01,15,2,113,537
2015-06-01,15,3,41,289
2015-06-01,15,4,0,44
2015-06-01,15,5,15,187
2015-06-01,15,6,25,222
2015-06-01,15,7,0,24
2015-06-01,15,8,352,999
2015-06-01,15,9,343,810
2015-06-01,16,1,149,300
2015-06-01,16,2,137,594
2015-06-01,16,3,69,302
2015-06-01,16,4,0,51
2015-06-01,16,5,32,195
2015-06-01,16,6,27,256
2015-06-01,16,7,0,18
2015-06-01,16,8,529,1100
2015-06-01,16,9,443,884
2015-06-01,17,1,168,322
2015-06-01,17,2,207,635
2015-06-01,17,3,87,348
2015-06-01,17,4,0,80
2015-06-01,17,5,111,214
2015-06-01,17,6,22,276
2015-06-01,17,7,0,33
2015-06-01,17,8,752,1223
2015-06-01,17,9,702,967
2015-06-01,18,1,118,284
2015-06-01,18,2,198,565
2015-06-01,18,3,78,314
2015-06-01,18,4,0,65
2015-06-01,18,5,47,218
2015-06-01,18,6,27,241
2015-06-01,18,7,0,33
2015-06-01,18,8,714,1092
2015-06-01,18,9,613,854
2015-06-01,19,1,217,246
2015-06-01,19,2,161,491
2015-06-01,19,3,129,316
2015-06-01,19,4,0,48
2015-06-01,19,5,37,213
2015-06-01,19,6,80,243
2015-06-01,19,7,0,38
2015-06-01,19,8,1046,961
2015-06-01,19,9,650,770
2015-06-01,20,1,128,206
2015-06-01,20,2,69,412
2015-06-01,20,3,94,246
2015-06-01,20,4,0,57
2015-06-01,20,5,21,185
2015-06-01,20,6,24,188
2015-06-01,20,7,0,24
2015-06-01,20,8,870,808
2015-06-01,20,9,385,622
2015-06-01,21,1,67,196
2015-06-01,21,2,93,390
2015-06-01,21,3,79,205
2015-06-01,21,4,0,35
2015-06-01,21,5,25,135
2015-06-01,21,6,7,145
2015-06-01,21,7,0,17
2015-06-01,21,8,337,716
2015-06-01,21,9,257,564
2015-06-01,22,1,177,356
2015-06-01,22,2,248,709
2015-06-01,22,3,203,445
2015-06-01,22,4,0,90
2015-06-01,22,5,43,294
2015-06-01,22,6,72,351
2015-06-01,22,7,0,53
2015-06-01,22,8,1082,1394
2015-06-01,22,9,910,1114
2015-06-01,23,1,169,338
2015-06-01,23,2,199,673
2015-06-01,23,3,165,405
2015-06-01,23,4,0,102
2015-06-01,23,5,33,253
2015-06-01,23,6,70,323
2015-06-01,23,7,0,44
2015-06-01,23,8,697,1300
2015-06-01,23,9,709,1054
2015-06-01,24,1,87,248
2015-06-01,24,2,117,490
2015-06-01,24,3,52,270
2015-06-01,24,4,0,53
2015-06-01,24,5,16,180
2015-06-01,24,6,20,219
2015-06-01,24,7,0,24
2015-06-01,24,8,406,937
2015-06-01,24,9,324,726
2015-06-01,25,1,158,328
2015-06-01,25,2,214,652
2015-06-01,25,3,141,385
2015-06-01,25,4,0,99
2015-06-01,25,5,62,242
2015-06-01,25,6,125,319
2015-06-01,25,7,0,36
2015-06-01,25,8,935,1274
2015-06-01,25,9,840,1030
2015-06-01,26,1,166,322
2015-06-01,26,2,140,637
2015-06-01,26,3,110,338
2015-06-01,26,4,0,79
2015-06-01,26,5,33,230
2015-06-01,26,6,67,300
2015-06-01,26,7,0,26
2015-06-01,26,8,597,1220
2015-06-01,26,9,589,975
2015-06-01,27,1,125,230
2015-06-01,27,2,84,459
2015-06-01,27,3,23,213
2015-06-01,27,4,0,26
2015-06-01,27,5,12,164
2015-06-01,27,6,13,171
2015-06-01,27,7,0,22
2015-06-01,27,8,368,863
2015-06-01,27,9,245,668
2015-06-01,28,1,263,332
2015-06-01,28,2,229,662
2015-06-01,28,3,129,418
2015-06-01,28,4,0,109
2015-06-01,28,5,45,265
2015-06-01,28,6,96,327
2015-06-01,28,7,0,37
2015-06-01,28,8,1072,1290
2015-06-01,28,9,779,1035
2015-06-01,29,1,121,242
2015-06-01,29,2,96,476
2015-06-01,29,3,37,248
2015-06-01,29,4,0,28
2015-06-01,29,5,9,164
2015-06-01,29,6,17,195
2015-06-01,29,7,0,17
2015-06-01,29,8,340,896
2015-06-01,29,9,382,720
2015-06-01,30,1,175,288
2015-06-01,30,2,210,575
2015-06-01,30,3,119,346
2015-06-01,30,4,0,50
2015-06-01,30,5,47,239
2015-06-01,30,6,89,264
2015-06-01,30,7,0,39
2015-06-01,30,8,883,1123
2015-06-01,30,9,755,892
2015-06-01,31,1,157,288
2015-06-01,31,2,194,572
2015-06-01,31,3,134,323
2015-06-01,31,4,0,68
2015-06-01,31,5,49,214
2015-06-01,31,6,52,281
2015-06-01,31,7,0,28
2015-06-01,31,8,712,1098
2015-06-01,31,9,573,890
2015-06-01,32,1,201,358
2015-06-01,32,2,174,708
2015-06-01,32,3,59,388
2015-06-01,32,4,0,78
2015-06-01,32,5,51,278
2015-06-01,32,6,38,334
2015-06-01,32,7,0,39
2015-06-01,32,8,791,1355
2015-06-01,32,9,600,1079
2015-06-01,33,1,246,256
2015-06-01,33,2,160,511
2015-06-01,33,3,150,302
2015-06-01,33,4,0,81
2015-06-01,33,5,54,203
2015-06-01,33,6,102,232
2015-06-01,33,7,0,34
2015-06-01,33,8,2258,992
2015-06-01,33,9,820,784
2015-07-01,1,1,131,220
2015-07-01,1,2,175,433
2015-07-01,1,3,78,243
2015-07-01,1,4,0,67
2015-07-01,1,5,20,162
2015-07-01,1,6,47,206
2015-07-01,1,7,0,26
2015-07-01,1,8,489,845
2015-07-01,1,9,554,678
2015-07-01,2,1,267,422
2015-07-01,2,2,190,831
2015-07-01,2,3,88,439
2015-07-01,2,4,0,77
2015-07-01,2,5,35,290
2015-07-01,2,6,57,366
2015-07-01,2,7,0,34
2015-07-01,2,8,866,1585
2015-07-01,2,9,624,1260
2015-07-01,3,1,105,292
2015-07-01,3,2,133,573
2015-07-01,3,3,50,308
2015-07-01,3,4,0,44
2015-07-01,3,5,34,186
2015-07-01,3,6,19,240
2015-07-01,3,7,0,18
2015-07-01,3,8,313,1047
2015-07-01,3,9,336,863
2015-07-01,4,1,168,346
2015-07-01,4,2,179,680
2015-07-01,4,3,135,435
2015-07-01,4,4,0,86
2015-07-01,4,5,36,266
2015-07-01,4,6,69,316
2015-07-01,4,7,0,33
2015-07-01,4,8,667,1307
2015-07-01,4,9,747,1074
2015-07-01,5,1,189,394
2015-07-01,5,2,195,782
2015-07-01,5,3,72,392
2015-07-01,5,4,0,79
2015-07-01,5,5,37,262
2015-07-01,5,6,30,321
2015-07-01,5,7,0,24
2015-07-01,5,8,653,1449
2015-07-01,5,9,601,1148
2015-07-01,6,1,216,266
2015-07-01,6,2,176,531
2015-07-01,6,3,139,315
2015-07-01,6,4,0,71
2015-07-01,6,5,37,215
2015-07-01,6,6,108,248
2015-07-01,6,7,0,24
2015-07-01,6,8,1193,1030
2015-07-01,6,9,623,804
2015-07-01,7,1,1,5
2015-07-01,7,2,1,11
2015-07-01,7,3,2,7
2015-07-01,7,5,0,4
2015-07-01,7,6,0,5
2015-07-01,7,8,8,33
2015-07-01,7,9,4,25
2015-07-01,8,1,198,440
2015-07-01,8,2,240,872
2015-07-01,8,3,130,481
2015-07-01,8,4,0,87
2015-07-01,8,5,52,283
2015-07-01,8,6,49,405
2015-07-01,8,7,0,47
2015-07-01,8,8,797,1632
2015-07-01,8,9,910,1328
2015-07-01,9,1,179,392
2015-07-01,9,2,224,778
2015-07-01,9,3,133,465
2015-07-01,9,4,0,79
2015-07-01,9,5,51,292
2015-07-01,9,6,70,351
2015-07-01,9,7,0,37
2015-07-01,9,8,810,1489
2015-07-01,9,9,859,1204
2015-07-01,10,1,162,366
2015-07-01,10,2,202,720
2015-07-01,10,3,104,408
2015-07-01,10,4,0,90
2015-07-01,10,5,41,273
2015-07-01,10,6,87,329
2015-07-01,10,7,0,35
2015-07-01,10,8,758,1393
2015-07-01,10,9,631,1119
2015-07-01,11,1,162,302
2015-07-01,11,2,206,600
2015-07-01,11,3,63,345
2015-07-01,11,4,0,56
2015-07-01,11,5,47,204
2015-07-01,11,6,44,280
2015-07-01,11,7,0,27
2015-07-01,11,8,645,1151
2015-07-01,11,9,671,935
2015-07-01,12,1,197,288
2015-07-01,12,2,202,573
2015-07-01,12,3,128,359
2015-07-01,12,4,0,70
2015-07-01,12,5,45,253
2015-07-01,12,6,87,270
2015-07-01,12,7,0,39
2015-07-01,12,8,949,1115
2015-07-01,12,9,821,901
2015-07-01,13,1,127,226
2015-07-01,13,2,143,449
2015-07-01,13,3,108,295
2015-07-01,13,4,0,45
2015-07-01,13,5,27,205
2015-07-01,13,6,26,201
2015-07-01,13,7,0,36
2015-07-01,13,8,781,893
2015-07-01,13,9,474,694
2015-07-01,14,1,208,290
2015-07-01,14,2,181,578
2015-07-01,14,3,124,328
2015-07-01,14,4,0,96
2015-07-01,14,5,53,220
2015-07-01,14,6,137,273
2015-07-01,14,7,0,35
2015-07-01,14,8,854,1115
2015-07-01,14,9,656,897
2015-07-01,15,1,110,274
2015-07-01,15,2,100,537
2015-07-01,15,3,62,289
2015-07-01,15,4,0,44
2015-07-01,15,5,16,187
2015-07-01,15,6,23,222
2015-07-01,15,7,0,24
2015-07-01,15,8,306,999
2015-07-01,15,9,319,810
2015-07-01,16,1,137,300
2015-07-01,16,2,158,594
2015-07-01,16,3,60,302
2015-07-01,16,4,0,51
2015-07-01,16,5,36,195
2015-07-01,16,6,34,256
2015-07-01,16,7,0,18
2015-07-01,16,8,545,1100
2015-07-01,16,9,467,884
2015-07-01,17,1,161,322
2015-07-01,17,2,207,635
2015-07-01,17,3,93,348
2015-07-01,17,4,0,80
2015-07-01,17,5,80,214
2015-07-01,17,6,18,276
2015-07-01,17,7,0,33
2015-07-01,17,8,727,1223
2015-07-01,17,9,628,967
2015-07-01,18,1,146,284
2015-07-01,18,2,207,565
2015-07-01,18,3,111,314
2015-07-01,18,4,0,65
2015-07-01,18,5,40,218
2015-07-01,18,6,44,241
2015-07-01,18,7,0,33
2015-07-01,18,8,705,1092
2015-07-01,18,9,676,854
2015-07-01,19,1,205,246
2015-07-01,19,2,178,491
2015-07-01,19,3,169,316
2015-07-01,19,4,0,48
2015-07-01,19,5,48,213
2015-07-01,19,6,89,243
2015-07-01,19,7,0,38
2015-07-01,19,8,976,961
2015-07-01,19,9,632,770
2015-07-01,20,1,150,206
2015-07-01,20,2,79,412
2015-07-01,20,3,56,246
2015-07-01,20,4,0,57
2015-07-01,20,5,30,185
2015-07-01,20,6,31,188
2015-07-01,20,7,0,24
2015-07-01,20,8,849,808
2015-07-01,20,9,406,622
2015-07-01,21,1,80,196
2015-07-01,21,2,74,390
2015-07-01,21,3,79,205
2015-07-01,21,4,0,35
2015-07-01,21,5,19,135
2015-07-01,21,6,9,145
2015-07-01,21,7,0,17
2015-07-01,21,8,314,716
2015-07-01,21,9,266,564
2015-07-01,22,1,198,356
2015-07-01,22,2,212,709
2015-07-01,22,3,205,445
2015-07-01,22,4,0,90
2015-07-01,22,5,62,294
2015-07-01,22,6,91,351
2015-07-01,22,7,0,53
2015-07-01,22,8,1163,1394
2015-07-01,22,9,1026,1114
2015-07-01,23,1,144,338
2015-07-01,23,2,221,673
2015-07-01,23,3,145,405
2015-07-01,23,4,0,102
2015-07-01,23,5,41,253
2015-07-01,23,6,52,323
2015-07-01,23,7,0,44
2015-07-01,23,8,687,1300
2015-07-01,23,9,758,1054
2015-07-01,24,1,101,248
2015-07-01,24,2,109,490
2015-07-01,24,3,41,270
2015-07-01,24,4,0,53
2015-07-01,24,5,17,180
2015-07-01,24,6,19,219
2015-07-01,24,7,0,24
2015-07-01,24,8,453,937
2015-07-01,24,9,378,726
2015-07-01,25,1,168,328
2015-07-01,25,2,229,652
2015-07-01,25,3,196,385
2015-07-01,25,4,0,99
2015-07-01,25,5,70,242
2015-07-01,25,6,95,319
2015-07-01,25,7,0,36
2015-07-01,25,8,945,1274
2015-07-01,25,9,913,1030
2015-07-01,26,1,147,322
2015-07-01,26,2,156,637
2015-07-01,26,3,99,338
2015-07-01,26,4,0,79
2015-07-01,26,5,36,230
2015-07-01,26,6,52,300
2015-07-01,26,7,0,26
2015-07-01,26,8,563,1220
2015-07-01,26,9,550,975
2015-07-01,27,1,110,230
2015-07-01,27,2,106,459
2015-07-01,27,3,26,213
2015-07-01,27,4,0,26
2015-07-01,27,5,24,164
2015-07-01,27,6,10,171
2015-07-01,27,7,0,22
2015-07-01,27,8,328,863
2015-07-01,27,9,246,668
2015-07-01,28,1,265,332
2015-07-01,28,2,238,662
2015-07-01,28,3,195,418
2015-07-01,28,4,0,109
2015-07-01,28,5,55,265
2015-07-01,28,6,74,327
2015-07-01,28,7,0,37
2015-07-01,28,8,1008,1290
2015-07-01,28,9,757,1035
2015-07-01,29,1,84,242
2015-07-01,29,2,100,476
2015-07-01,29,3,37,248
2015-07-01,29,4,0,28
2015-07-01,29,5,17,164
2015-07-01,29,6,12,195
2015-07-01,29,7,0,17
2015-07-01,29,8,262,896
2015-07-01,29,9,300,720
2015-07-01,30,1,247,288
2015-07-01,30,2,236,575
2015-07-01,30,3,153,346
2015-07-01,30,4,0,50
2015-07-01,30,5,46,239
2015-07-01,30,6,112,264
2015-07-01,30,7,0,39
2015-07-01,30,8,960,1123
2015-07-01,30,9,843,892
2015-07-01,31,1,183,288
2015-07-01,31,2,171,572
2015-07-01,31,3,142,323
2015-07-01,31,4,0,68
2015-07-01,31,5,30,214
2015-07-01,31,6,44,281
2015-07-01,31,7,0,28
2015-07-01,31,8,688,1098
2015-07-01,31,9,629,890
2015-07-01,32,1,192,358
2015-07-01,32,2,189,708
2015-07-01,32,3,66,388
2015-07-01,32,4,0,78
2015-07-01,32,5,36,278
2015-07-01,32,6,32,334
2015-07-01,32,7,0,39
2015-07-01,32,8,757,1355
2015-07-01,32,9,616,1079
2015-07-01,33,1,262,256
2015-07-01,33,2,180,511
2015-07-01,33,3,178,302
2015-07-01,33,4,0,81
2015-07-01,33,5,73,203
2015-07-01,33,6,118,232
2015-07-01,33,7,0,34
2015-07-01,33,8,2305,992
2015-07-01,33,9,817,784
2015-08-01,1,1,145,220
2015-08-01,1,2,144,433
2015-08-01,1,3,65,243
2015-08-01,1,4,0,67
2015-08-01,1,5,35,162
2015-08-01,1,6,44,206
2015-08-01,1,7,0,26
2015-08-01,1,8,431,845
2015-08-01,1,9,474,678
2015-08-01,2,1,253,422
2015-08-01,2,2,183,831
2015-08-01,2,3,67,439
2015-08-01,2,4,0,77
2015-08-01,2,5,42,290
2015-08-01,2,6,51,366
2015-08-01,2,7,0,34
2015-08-01,2,8,793,1585
2015-08-01,2,9,584,1260
2015-08-01,3,1,69,292
2015-08-01,3,2,108,573
2015-08-01,3,3,39,308
2015-08-01,3,4,0,44
2015-08-01,3,5,15,186
2015-08-01,3,6,8,240
2015-08-01,3,7,0,18
2015-08-01,3,8,315,1047
2015-08-01,3,9,292,863
2015-08-01,4,1,224,346
2015-08-01,4,2,168,680
2015-08-01,4,3,143,435
2015-08-01,4,4,0,86
2015-08-01,4,5,35,266
2015-08-01,4,6,55,316
2015-08-01,4,7,0,33
2015-08-01,4,8,650,1307
2015-08-01,4,9,675,1074
2015-08-01,5,1,200,394
2015-08-01,5,2,199,782
2015-08-01,5,3,57,392
2015-08-01,5,4,0,79
2015-08-01,5,5,40,262
2015-08-01,5,6,27,321
2015-08-01,5,7,0,24
2015-08-01,5,8,604,1449
2015-08-01,5,9,580,1148
2015-08-01,6,1,223,266
2015-08-01,6,2,150,531
2015-08-01,6,3,128,315
2015-08-01,6,4,0,71
2015-08-01,6,5,37,215
2015-08-01,6,6,93,248
2015-08-01,6,7,0,24
2015-08-01,6,8,1014,1030
2015-08-01,6,9,606,804
2015-08-01,7,1,2,5
2015-08-01,7,2,0,11
2015-08-01,7,3,0,7
2015-08-01,7,5,0,4
2015-08-01,7,6,0,5
2015-08-01,7,8,14,33
2015-08-01,7,9,0,25
2015-08-01,8,1,183,440
2015-08-01,8,2,244,872
2015-08-01,8,3,131,481
2015-08-01,8,4,0,87
2015-08-01,8,5,54,283
2015-08-01,8,6,37,405
2015-08-01,8,7,0,47
2015-08-01,8,8,767,1632
2015-08-01,8,9,816,1328
2015-08-01,9,1,176,392
2015-08-01,9,2,206,778
2015-08-01,9,3,139,465
2015-08-01,9,4,0,79
2015-08-01,9,5,58,292
2015-08-01,9,6,53,351
2015-08-01,9,7,0,37
2015-08-01,9,8,746,1489
2015-08-01,9,9,729,1204
2015-08-01,10,1,178,366
2015-08-01,10,2,174,720
2015-08-01,10,3,108,408
2015-08-01,10,4,0,90
2015-08-01,10,5,35,273
2015-08-01,10,6,73,329
2015-08-01,10,7,0,35
2015-08-01,10,8,682,1393
2015-08-01,10,9,585,1119
2015-08-01,11,1,127,302
2015-08-01,11,2,205,600
2015-08-01,11,3,102,345
2015-08-01,11,4,0,56
2015-08-01,11,5,38,204
2015-08-01,11,6,45,280
2015-08-01,11,7,0,27
2015-08-01,11,8,557,1151
2015-08-01,11,9,677,935
2015-08-01,12,1,208,288
2015-08-01,12,2,170,573
2015-08-01,12,3,115,359
2015-08-01,12,4,0,70
2015-08-01,12,5,43,253
2015-08-01,12,6,96,270
2015-08-01,12,7,0,39
2015-08-01,12,8,857,1115
2015-08-01,12,9,730,901
2015-08-01,13,1,135,226
2015-08-01,13,2,108,449
2015-08-01,13,3,119,295
2015-08-01,13,4,0,45
2015-08-01,13,5,38,205
2015-08-01,13,6,43,201
2015-08-01,13,7,0,36
2015-08-01,13,8,644,893
2015-08-01,13,9,473,694
2015-08-01,14,1,178,290
2015-08-01,14,2,185,578
2015-08-01,14,3,145,328
2015-08-01,14,4,0,96
2015-08-01,14,5,43,220
2015-08-01,14,6,116,273
2015-08-01,14,7,0,35
2015-08-01,14,8,713,1115
2015-08-01,14,9,691,897
2015-08-01,15,1,100,274
2015-08-01,15,2,96,537
2015-08-01,15,3,53,289
2015-08-01,15,4,0,44
2015-08-01,15,5,22,187
2015-08-01,15,6,16,222
2015-08-01,15,7,0,24
2015-08-01,15,8,365,999
2015-08-01,15,9,352,810
2015-08-01,16,1,141,300
2015-08-01,16,2,109,594
2015-08-01,16,3,60,302
2015-08-01,16,4,0,51
2015-08-01,16,5,34,195
2015-08-01,16,6,32,256
2015-08-01,16,7,0,18
2015-08-01,16,8,519,1100
2015-08-01,16,9,391,884
2015-08-01,17,1,171,322
2015-08-01,17,2,176,635
2015-08-01,17,3,89,348
2015-08-01,17,4,0,80
2015-08-01,17,5,90,214
2015-08-01,17,6,26,276
2015-08-01,17,7,0,33
2015-08-01,17,8,628,1223
2015-08-01,17,9,633,967
2015-08-01,18,1,141,284
2015-08-01,18,2,192,565
2015-08-01,18,3,83,314
2015-08-01,18,4,0,65
2015-08-01,18,5,34,218
2015-08-01,18,6,27,241
2015-08-01,18,7,0,33
2015-08-01,18,8,688,1092
2015-08-01,18,9,560,854
2015-08-01,19,1,203,246
2015-08-01,19,2,160,491
2015-08-01,19,3,137,316
2015-08-01,19,4,0,48
2015-08-01,19,5,50,213
2015-08-01,19,6,78,243
2015-08-01,19,7,0,38
2015-08-01,19,8,849,961
2015-08-01,19,9,664,770
2015-08-01,20,1,140,206
2015-08-01,20,2,94,412
2015-08-01,20,3,169,246
2015-08-01,20,4,0,57
2015-08-01,20,5,29,185
2015-08-01,20,6,36,188
2015-08-01,20,7,0,24
2015-08-01,20,8,745,808
2015-08-01,20,9,452,622
2015-08-01,21,1,63,196
2015-08-01,21,2,84,390
2015-08-01,21,3,59,205
2015-08-01,21,4,0,35
2015-08-01,21,5,10,135
2015-08-01,21,6,13,145
2015-08-01,21,7,0,17
2015-08-01,21,8,296,716
2015-08-01,21,9,259,564
2015-08-01,22,1,210,356
2015-08-01,22,2,227,709
2015-08-01,22,3,213,445
2015-08-01,22,4,0,90
2015-08-01,22,5,64,294
2015-08-01,22,6,96,351
2015-08-01,22,7,0,53
2015-08-01,22,8,1232,1394
2015-08-01,22,9,902,1114
2015-08-01,23,1,200,338
2015-08-01,23,2,196,673
2015-08-01,23,3,121,405
2015-08-01,23,4,0,102
2015-08-01,23,5,39,253
2015-08-01,23,6,70,323
2015-08-01,23,7,0,44
2015-08-01,23,8,640,1300
2015-08-01,23,9,708,1054
2015-08-01,24,1,101,248
2015-08-01,24,2,130,490
2015-08-01,24,3,32,270
2015-08-01,24,4,0,53
2015-08-01,24,5,17,180
2015-08-01,24,6,13,219
2015-08-01,24,7,0,24
2015-08-01,24,8,368,937
2015-08-01,24,9,365,726
2015-08-01,25,1,183,328
2015-08-01,25,2,218,652
2015-08-01,25,3,135,385
2015-08-01,25,4,0,99
2015-08-01,25,5,39,242
2015-08-01,25,6,99,319
2015-08-01,25,7,0,36
2015-08-01,25,8,899,1274
2015-08-01,25,9,786,1030
2015-08-01,26,1,130,322
2015-08-01,26,2,113,637
2015-08-01,26,3,103,338
2015-08-01,26,4,0,79
2015-08-01,26,5,28,230
2015-08-01,26,6,52,300
2015-08-01,26,7,0,26
2015-08-01,26,8,532,1220
2015-08-01,26,9,472,975
2015-08-01,27,1,125,230
2015-08-01,27,2,92,459
2015-08-01,27,3,40,213
2015-08-01,27,4,0,26
2015-08-01,27,5,18,164
2015-08-01,27,6,14,171
2015-08-01,27,7,0,22
2015-08-01,27,8,355,863
2015-08-01,27,9,236,668
2015-08-01,28,1,246,332
2015-08-01,28,2,218,662
2015-08-01,28,3,189,418
2015-08-01,28,4,0,109
2015-08-01,28,5,45,265
2015-08-01,28,6,124,327
2015-08-01,28,7,0,37
2015-08-01,28,8,987,1290
2015-08-01,28,9,722,1035
2015-08-01,29,1,86,242
2015-08-01,29,2,130,476
2015-08-01,29,3,36,248
2015-08-01,29,4,0,28
2015-08-01,29,5,8,164
2015-08-01,29,6,11,195
2015-08-01,29,7,0,17
2015-08-01,29,8,283,896
2015-08-01,29,9,291,720
2015-08-01,30,1,205,288
2015-08-01,30,2,228,575
2015-08-01,30,3,156,346
2015-08-01,30,4,0,50
2015-08-01,30,5,53,239
2015-08-01,30,6,88,264
2015-08-01,30,7,0,39
2015-08-01,30,8,826,1123
2015-08-01,30,9,759,892
2015-08-01,31,1,186,288
2015-08-01,31,2,168,572
2015-08-01,31,3,141,323
2015-08-01,31,4,0,68
2015-08-01,31,5,29,214
2015-08-01,31,6,52,281
2015-08-01,31,7,0,28
2015-08-01,31,8,618,1098
2015-08-01,31,9,568,890
2015-08-01,32,1,165,358
2015-08-01,32,2,132,708
2015-08-01,32,3,74,388
2015-08-01,32,4,0,78
2015-08-01,32,5,38,278
2015-08-01,32,6,36,334
2015-08-01,32,7,0,39
2015-08-01,32,8,740,1355
2015-08-01,32,9,587,1079
2015-08-01,33,1,275,256
2015-08-01,33,2,156,511
2015-08-01,33,3,203,302
2015-08-01,33,4,0,81
2015-08-01,33,5,63,203
2015-08-01,33,6,134,232
2015-08-01,33,7,0,34
2015-08-01,33,8,2254,992
2015-08-01,33,9,859,784
2015-09-01,1,1,127,220
2015-09-01,1,2,147,433
2015-09-01,1,3,80,243
2015-09-01,1,4,0,67
2015-09-01,1,5,34,162
2015-09-01,1,6,52,206
2015-09-01,1,7,0,26
2015-09-01,1,8,418,845
2015-09-01,1,9,517,678
2015-09-01,2,1,290,422
2015-09-01,2,2,189,831
2015-09-01,2,3,57,439
2015-09-01,2,4,0,77
2015-09-01,2,5,32,290
2015-09-01,2,6,51,366
2015-09-01,2,7,0,34
2015-09-01,2,8,738,1585
2015-09-01,2,9,569,1260
2015-09-01,3,1,55,292
2015-09-01,3,2,121,573
2015-09-01,3,3,54,308
2015-09-01,3,4,0,44
2015-09-01,3,5,66,186
2015-09-01,3,6,9,240
2015-09-01,3,7,0,18
2015-09-01,3,8,332,1047
2015-09-01,3,9,329,863
2015-09-01,4,1,202,346
2015-09-01,4,2,183,680
2015-09-01,4,3,134,435
2015-09-01,4,4,0,86
2015-09-01,4,5,40,266
2015-09-01,4,6,67,316
2015-09-01,4,7,0,33
2015-09-01,4,8,724,1307
2015-09-01,4,9,690,1074
2015-09-01,5,1,200,394
2015-09-01,5,2,205,782
2015-09-01,5,3,61,392
2015-09-01,5,4,0,79
2015-09-01,5,5,43,262
2015-09-01,5,6,34,321
2015-09-01,5,7,0,24
2015-09-01,5,8,606,1449
2015-09-01,5,9,583,1148
2015-09-01,6,1,219,266
2015-09-01,6,2,148,531
2015-09-01,6,3,99,315
2015-09-01,6,4,0,71
2015-09-01,6,5,39,215
2015-09-01,6,6,76,248
2015-09-01,6,7,0,24
2015-09-01,6,8,1134,1030
2015-09-01,6,9,653,804
2015-09-01,7,1,1,5
2015-09-01,7,2,0,11
2015-09-01,7,3,0,7
2015-09-01,7,5,0,4
2015-09-01,7,6,0,5
2015-09-01,7,8,12,33
2015-09-01,7,9,3,25
2015-09-01,8,1,193,440
2015-09-01,8,2,238,872
2015-09-01,8,3,120,481
2015-09-01,8,4,0,87
2015-09-01,8,5,47,283
2015-09-01,8,6,58,405
2015-09-01,8,7,0,47
2015-09-01,8,8,784,1632
2015-09-01,8,9,755,1328
2015-09-01,9,1,209,392
2015-09-01,9,2,170,778
2015-09-01,9,3,99,465
2015-09-01,9,4,0,79
2015-09-01,9,5,54,292
2015-09-01,9,6,56,351
2015-09-01,9,7,0,37
2015-09-01,9,8,816,1489
2015-09-01,9,9,778,1204
2015-09-01,10,1,192,366
2015-09-01,10,2,176,720
2015-09-01,10,3,119,408
2015-09-01,10,4,0,90
2015-09-01,10,5,36,273
2015-09-01,10,6,71,329
2015-09-01,10,7,0,35
2015-09-01,10,8,669,1393
2015-09-01,10,9,527,1119
2015-09-01,11,1,138,302
2015-09-01,11,2,187,600
2015-09-01,11,3,79,345
2015-09-01,11,4,0,56
2015-09-01,11,5,52,204
2015-09-01,11,6,32,280
2015-09-01,11,7,0,27
2015-09-01,11,8,537,1151
2015-09-01,11,9,670,935
2015-09-01,12,1,176,288
2015-09-01,12,2,147,573
2015-09-01,12,3,130,359
2015-09-01,12,4,0,70
2015-09-01,12,5,35,253
2015-09-01,12,6,67,270
2015-09-01,12,7,0,39
2015-09-01,12,8,839,1115
2015-09-01,12,9,683,901
2015-09-01,13,1,117,226
2015-09-01,13,2,109,449
2015-09-01,13,3,127,295
2015-09-01,13,4,0,45
2015-09-01,13,5,34,205
2015-09-01,13,6,24,201
2015-09-01,13,7,0,36
2015-09-01,13,8,682,893
2015-09-01,13,9,467,694
2015-09-01,14,1,179,290
2015-09-01,14,2,143,578
2015-09-01,14,3,124,328
2015-09-01,14,4,0,96
2015-09-01,14,5,51,220
2015-09-01,14,6,114,273
2015-09-01,14,7,0,35
2015-09-01,14,8,761,1115
2015-09-01,14,9,642,897
2015-09-01,15,1,145,274
2015-09-01,15,2,96,537
2015-09-01,15,3,43,289
2015-09-01,15,4,0,44
2015-09-01,15,5,18,187
2015-09-01,15,6,30,222
2015-09-01,15,7,0,24
2015-09-01,15,8,382,999
2015-09-01,15,9,371,810
2015-09-01,16,1,139,300
2015-09-01,16,2,138,594
2015-09-01,16,3,72,302
2015-09-01,16,4,0,51
2015-09-01,16,5,25,195
2015-09-01,16,6,28,256
2015-09-01,16,7,0,18
2015-09-01,16,8,490,1100
2015-09-01,16,9,388,884
2015-09-01,17,1,177,322
2015-09-01,17,2,173,635
2015-09-01,17,3,106,348
2015-09-01,17,4,0,80
2015-09-01,17,5,69,214
2015-09-01,17,6,30,276
2015-09-01,17,7,0,33
2015-09-01,17,8,723,1223
2015-09-01,17,9,613,967
2015-09-01,18,1,142,284
2015-09-01,18,2,181,565
2015-09-01,18,3,75,314
2015-09-01,18,4,0,65
2015-09-01,18,5,46,218
2015-09-01,18,6,42,241
2015-09-01,18,7,0,33
2015-09-01,18,8,667,1092
2015-09-01,18,9,584,854
2015-09-01,19,1,182,246
2015-09-01,19,2,157,491
2015-09-01,19,3,132,316
2015-09-01,19,4,0,48
2015-09-01,19,5,50,213
2015-09-01,19,6,58,243
2015-09-01,19,7,0,38
2015-09-01,19,8,865,961
2015-09-01,19,9,643,770
2015-09-01,20,1,125,206
2015-09-01,20,2,93,412
2015-09-01,20,3,131,246
2015-09-01,20,4,0,57
2015-09-01,20,5,28,185
2015-09-01,20,6,50,188
2015-09-01,20,7,0,24
2015-09-01,20,8,925,808
2015-09-01,20,9,393,622
2015-09-01,21,1,67,196
2015-09-01,21,2,87,390
2015-09-01,21,3,65,205
2015-09-01,21,4,0,35
2015-09-01,21,5,18,135
2015-09-01,21,6,8,145
2015-09-01,21,7,0,17
2015-09-01,21,8,265,716
2015-09-01,21,9,265,564
2015-09-01,22,1,222,356
2015-09-01,22,2,208,709
2015-09-01,22,3,224,445
2015-09-01,22,4,0,90
2015-09-01,22,5,61,294
2015-09-01,22,6,112,351
2015-09-01,22,7,0,53
2015-09-01,22,8,1042,1394
2015-09-01,22,9,823,1114
2015-09-01,23,1,181,338
2015-09-01,23,2,210,673
2015-09-01,23,3,130,405
2015-09-01,23,4,0,102
2015-09-01,23,5,26,253
2015-09-01,23,6,58,323
2015-09-01,23,7,0,44
2015-09-01,23,8,599,1300
2015-09-01,23,9,729,1054
2015-09-01,24,1,93,248
2015-09-01,24,2,101,490
2015-09-01,24,3,32,270
2015-09-01,24,4,0,53
2015-09-01,24,5,21,180
2015-09-01,24,6,19,219
2015-09-01,24,7,0,24
2015-09-01,24,8,337,937
2015-09-01,24,9,320,726
2015-09-01,25,1,233,328
2015-09-01,25,2,212,652
2015-09-01,25,3,115,385
2015-09-01,25,4,0,99
2015-09-01,25,5,41,242
2015-09-01,25,6,97,319
2015-09-01,25,7,0,36
2015-09-01,25,8,902,1274
2015-09-01,25,9,827,1030
2015-09-01,26,1,167,322
2015-09-01,26,2,129,637
2015-09-01,26,3,123,338
2015-09-01,26,4,0,79
2015-09-01,26,5,42,230
2015-09-01,26,6,70,300
2015-09-01,26,7,0,26
2015-09-01,26,8,511,1220
2015-09-01,26,9,484,975
2015-09-01,27,1,105,230
2015-09-01,27,2,79,459
2015-09-01,27,3,36,213
2015-09-01,27,4,0,26
2015-09-01,27,5,25,164
2015-09-01,27,6,7,171
2015-09-01,27,7,0,22
2015-09-01,27,8,356,863
2015-09-01,27,9,265,668
2015-09-01,28,1,226,332
2015-09-01,28,2,174,662
2015-09-01,28,3,222,418
2015-09-01,28,4,0,109
2015-09-01,28,5,27,265
2015-09-01,28,6,107,327
2015-09-01,28,7,0,37
2015-09-01,28,8,935,1290
2015-09-01,28,9,675,1035
2015-09-01,29,1,89,242
2015-09-01,29,2,95,476
2015-09-01,29,3,31,248
2015-09-01,29,4,0,28
2015-09-01,29,5,12,164
2015-09-01,29,6,21,195
2015-09-01,29,7,0,17
2015-09-01,29,8,252,896
2015-09-01,29,9,316,720
2015-09-01,30,1,209,288
2015-09-01,30,2,163,575
2015-09-01,30,3,180,346
2015-09-01,30,4,0,50
2015-09-01,30,5,45,239
2015-09-01,30,6,66,264
2015-09-01,30,7,0,39
2015-09-01,30,8,875,1123
2015-09-01,30,9,724,892
2015-09-01,31,1,156,288
2015-09-01,31,2,142,572
2015-09-01,31,3,105,323
2015-09-01,31,4,0,68
2015-09-01,31,5,42,214
2015-09-01,31,6,43,281
2015-09-01,31,7,0,28
2015-09-01,31,8,587,1098
2015-09-01,31,9,525,890
2015-09-01,32,1,212,358
2015-09-01,32,2,148,708
2015-09-01,32,3,48,388
2015-09-01,32,4,0,78
2015-09-01,32,5,46,278
2015-09-01,32,6,44,334
2015-09-01,32,7,0,39
2015-09-01,32,8,767,1355
2015-09-01,32,9,614,1079
2015-09-01,33,1,251,256
2015-09-01,33,2,154,511
2015-09-01,33,3,210,302
2015-09-01,33,4,0,81
2015-09-01,33,5,61,203
2015-09-01,33,6,120,232
2015-09-01,33,7,0,34
2015-09-01,33,8,2070,992
2015-09-01,33,9,865,784
2015-10-01,1,1,138,220
2015-10-01,1,2,124,433
2015-10-01,1,3,78,243
2015-10-01,1,4,0,67
2015-10-01,1,5,34,162
2015-10-01,1,6,50,206
2015-10-01,1,7,0,26
2015-10-01,1,8,410,845
2015-10-01,1,9,495,678
2015-10-01,2,1,374,422
2015-10-01,2,2,197,831
2015-10-01,2,3,86,439
2015-10-01,2,4,0,77
2015-10-01,2,5,39,290
2015-10-01,2,6,46,366
2015-10-01,2,7,0,34
2015-10-01,2,8,796,1585
2015-10-01,2,9,660,1260
2015-10-01,3,1,101,292
2015-10-01,3,2,148,573
2015-10-01,3,3,69,308
2015-10-01,3,4,0,44
2015-10-01,3,5,84,186
2015-10-01,3,6,10,240
2015-10-01,3,7,0,18
2015-10-01,3,8,364,1047
2015-10-01,3,9,386,863
2015-10-01,4,1,265,346
2015-10-01,4,2,173,680
2015-10-01,4,3,157,435
2015-10-01,4,4,0,86
2015-10-01,4,5,30,266
2015-10-01,4,6,83,316
2015-10-01,4,7,0,33
2015-10-01,4,8,890,1307
2015-10-01,4,9,738,1074
2015-10-01,5,1,197,394
2015-10-01,5,2,168,782
2015-10-01,5,3,71,392
2015-10-01,5,4,0,79
2015-10-01,5,5,33,262
2015-10-01,5,6,37,321
2015-10-01,5,7,0,24
2015-10-01,5,8,678,1449
2015-10-01,5,9,560,1148
2015-10-01,6,1,237,266
2015-10-01,6,2,151,531
2015-10-01,6,3,154,315
2015-10-01,6,4,0,71
2015-10-01,6,5,39,215
2015-10-01,6,6,87,248
2015-10-01,6,7,0,24
2015-10-01,6,8,1248,1030
2015-10-01,6,9,662,804
2015-10-01,7,1,0,5
2015-10-01,7,2,1,11
2015-10-01,7,3,0,7
2015-10-01,7,5,0,4
2015-10-01,7,6,0,5
2015-10-01,7,8,5,33
2015-10-01,7,9,3,25
2015-10-01,8,1,170,440
2015-10-01,8,2,264,872
2015-10-01,8,3,127,481
2015-10-01,8,4,0,87
2015-10-01,8,5,55,283
2015-10-01,8,6,54,405
2015-10-01,8,7,0,47
2015-10-01,8,8,774,1632
2015-10-01,8,9,826,1328
2015-10-01,9,1,237,392
2015-10-01,9,2,229,778
2015-10-01,9,3,114,465
2015-10-01,9,4,0,79
2015-10-01,9,5,41,292
2015-10-01,9,6,51,351
2015-10-01,9,7,0,37
2015-10-01,9,8,794,1489
2015-10-01,9,9,815,1204
2015-10-01,10,1,231,366
2015-10-01,10,2,196,720
2015-10-01,10,3,136,408
2015-10-01,10,4,0,90
2015-10-01,10,5,35,273
2015-10-01,10,6,75,329
2015-10-01,10,7,0,35
2015-10-01,10,8,614,1393
2015-10-01,10,9,607,1119
2015-10-01,11,1,118,302
2015-10-01,11,2,203,600
2015-10-01,11,3,83,345
2015-10-01,11,4,0,56
2015-10-01,11,5,44,204
2015-10-01,11,6,49,280
2015-10-01,11,7,0,27
2015-10-01,11,8,598,1151
2015-10-01,11,9,670,935
2015-10-01,12,1,204,288
2015-10-01,12,2,202,573
2015-10-01,12,3,118,359
2015-10-01,12,4,0,70
2015-10-01,12,5,32,253
2015-10-01,12,6,84,270
2015-10-01,12,7,0,39
2015-10-01,12,8,908,1115
2015-10-01,12,9,762,901
2015-10-01,13,1,140,226
2015-10-01,13,2,122,449
2015-10-01,13,3,148,295
2015-10-01,13,4,0,45
2015-10-01,13,5,29,205
2015-10-01,13,6,33,201
2015-10-01,13,7,0,36
2015-10-01,13,8,778,893
2015-10-01,13,9,541,694
2015-10-01,14,1,159,290
2015-10-01,14,2,194,578
2015-10-01,14,3,123,328
2015-10-01,14,4,0,96
2015-10-01,14,5,27,220
2015-10-01,14,6,134,273
2015-10-01,14,7,0,35
2015-10-01,14,8,842,1115
2015-10-01,14,9,697,897
2015-10-01,15,1,199,274
2015-10-01,15,2,104,537
2015-10-01,15,3,51,289
2015-10-01,15,4,0,44
2015-10-01,15,5,16,187
2015-10-01,15,6,31,222
2015-10-01,15,7,0,24
2015-10-01,15,8,402,999
2015-10-01,15,9,358,810
2015-10-01,16,1,211,300
2015-10-01,16,2,155,594
2015-10-01,16,3,67,302
2015-10-01,16,4,0,51
2015-10-01,16,5,36,195
2015-10-01,16,6,18,256
2015-10-01,16,7,0,18
2015-10-01,16,8,485,1100
2015-10-01,16,9,513,884
2015-10-01,17,1,176,322
2015-10-01,17,2,189,635
2015-10-01,17,3,114,348
2015-10-01,17,4,0,80
2015-10-01,17,5,92,214
2015-10-01,17,6,28,276
2015-10-01,17,7,0,33
2015-10-01,17,8,804,1223
2015-10-01,17,9,678,967
2015-10-01,18,1,146,284
2015-10-01,18,2,181,565
2015-10-01,18,3,90,314
2015-10-01,18,4,0,65
2015-10-01,18,5,52,218
2015-10-01,18,6,32,241
2015-10-01,18,7,0,33
2015-10-01,18,8,743,1092
2015-10-01,18,9,641,854
2015-10-01,19,1,192,246
2015-10-01,19,2,175,491
2015-10-01,19,3,118,316
2015-10-01,19,4,0,48
2015-10-01,19,5,42,213
2015-10-01,19,6,59,243
2015-10-01,19,7,0,38
2015-10-01,19,8,1053,961
2015-10-01,19,9,663,770
2015-10-01,20,1,142,206
2015-10-01,20,2,91,412
2015-10-01,20,3,102,246
2015-10-01,20,4,0,57
2015-10-01,20,5,25,185
2015-10-01,20,6,35,188
2015-10-01,20,7,0,24
2015-10-01,20,8,903,808
2015-10-01,20,9,417,622
2015-10-01,21,1,74,196
2015-10-01,21,2,89,390
2015-10-01,21,3,84,205
2015-10-01,21,4,0,35
2015-10-01,21,5,19,135
2015-10-01,21,6,14,145
2015-10-01,21,7,0,17
2015-10-01,21,8,286,716
2015-10-01,21,9,272,564
2015-10-01,22,1,226,356
2015-10-01,22,2,250,709
2015-10-01,22,3,265,445
2015-10-01,22,4,0,90
2015-10-01,22,5,61,294
2015-10-01,22,6,94,351
2015-10-01,22,7,0,53
2015-10-01,22,8,1137,1394
2015-10-01,22,9,945,1114
2015-10-01,23,1,174,338
2015-10-01,23,2,207,673
2015-10-01,23,3,138,405
2015-10-01,23,4,0,102
2015-10-01,23,5,32,253
2015-10-01,23,6,55,323
2015-10-01,23,7,0,44
2015-10-01,23,8,654,1300
2015-10-01,23,9,755,1054
2015-10-01,24,1,121,248
2015-10-01,24,2,112,490
2015-10-01,24,3,42,270
2015-10-01,24,4,0,53
2015-10-01,24,5,24,180
2015-10-01,24,6,24,219
2015-10-01,24,7,0,24
2015-10-01,24,8,382,937
2015-10-01,24,9,371,726
2015-10-01,25,1,236,328
2015-10-01,25,2,212,652
2015-10-01,25,3,145,385
2015-10-01,25,4,0,99
2015-10-01,25,5,49,242
2015-10-01,25,6,115,319
2015-10-01,25,7,0,36
2015-10-01,25,8,955,1274
2015-10-01,25,9,905,1030
2015-10-01,26,1,168,322
2015-10-01,26,2,153,637
2015-10-01,26,3,100,338
2015-10-01,26,4,0,79
2015-10-01,26,5,25,230
2015-10-01,26,6,68,300
2015-10-01,26,7,0,26
2015-10-01,26,8,601,1220
2015-10-01,26,9,529,975
2015-10-01,27,1,101,230
2015-10-01,27,2,87,459
2015-10-01,27,3,29,213
2015-10-01,27,4,0,26
2015-10-01,27,5,16,164
2015-10-01,27,6,10,171
2015-10-01,27,7,0,22
2015-10-01,27,8,386,863
2015-10-01,27,9,284,668
2015-10-01,28,1,257,332
2015-10-01,28,2,216,662
2015-10-01,28,3,224,418
2015-10-01,28,4,0,109
2015-10-01,28,5,44,265
2015-10-01,28,6,81,327
2015-10-01,28,7,0,37
2015-10-01,28,8,947,1290
2015-10-01,28,9,781,1035
2015-10-01,29,1,94,242
2015-10-01,29,2,110,476
2015-10-01,29,3,55,248
2015-10-01,29,4,0,28
2015-10-01,29,5,17,164
2015-10-01,29,6,16,195
2015-10-01,29,7,0,17
2015-10-01,29,8,311,896
2015-10-01,29,9,335,720
2015-10-01,30,1,212,288
2015-10-01,30,2,188,575
2015-10-01,30,3,166,346
2015-10-01,30,4,0,50
2015-10-01,30,5,58,239
2015-10-01,30,6,93,264
2015-10-01,30,7,0,39
2015-10-01,30,8,872,1123
2015-10-01,30,9,811,892
2015-10-01,31,1,168,288
2015-10-01,31,2,168,572
2015-10-01,31,3,114,323
2015-10-01,31,4,0,68
2015-10-01,31,5,34,214
2015-10-01,31,6,52,281
2015-10-01,31,7,0,28
2015-10-01,31,8,592,1098
2015-10-01,31,9,643,890
2015-10-01,32,1,241,358
2015-10-01,32,2,160,708
2015-10-01,32,3,46,388
2015-10-01,32,4,0,78
2015-10-01,32,5,35,278
2015-10-01,32,6,47,334
2015-10-01,32,7,0,39
2015-10-01,32,8,787,1355
2015-10-01,32,9,654,1079
2015-10-01,33,1,232,256
2015-10-01,33,2,164,511
2015-10-01,33,3,204,302
2015-10-01,33,4,0,81
2015-10-01,33,5,60,203
2015-10-01,33,6,147,232
2015-10-01,33,7,0,34
2015-10-01,33,8,2476,992
2015-10-01,33,9,896,784
2015-11-01,1,1,148,220
2015-11-01,1,2,169,433
2015-11-01,1,3,76,243
2015-11-01,1,4,0,67
2015-11-01,1,5,28,162
2015-11-01,1,6,41,206
2015-11-01,1,7,0,26
2015-11-01,1,8,475,845
2015-11-01,1,9,500,678
2015-11-01,2,1,435,422
2015-11-01,2,2,163,831
2015-11-01,2,3,74,439
2015-11-01,2,4,0,77
2015-11-01,2,5,30,290
2015-11-01,2,6,48,366
2015-11-01,2,7,0,34
2015-11-01,2,8,787,1585
2015-11-01,2,9,607,1260
2015-11-01,3,1,111,292
2015-11-01,3,2,146,573
2015-11-01,3,3,50,308
2015-11-01,3,4,0,44
2015-11-01,3,5,22,186
2015-11-01,3,6,12,240
2015-11-01,3,7,0,18
2015-11-01,3,8,380,1047
2015-11-01,3,9,359,863
2015-11-01,4,1,293,346
2015-11-01,4,2,182,680
2015-11-01,4,3,161,435
2015-11-01,4,4,0,86
2015-11-01,4,5,34,266
2015-11-01,4,6,121,316
2015-11-01,4,7,0,33
2015-11-01,4,8,854,1307
2015-11-01,4,9,749,1074
2015-11-01,5,1,236,394
2015-11-01,5,2,184,782
2015-11-01,5,3,103,392
2015-11-01,5,4,0,79
2015-11-01,5,5,31,262
2015-11-01,5,6,31,321
2015-11-01,5,7,0,24
2015-11-01,5,8,583,1449
2015-11-01,5,9,548,1148
2015-11-01,6,1,281,266
2015-11-01,6,2,177,531
2015-11-01,6,3,142,315
2015-11-01,6,4,0,71
2015-11-01,6,5,45,215
2015-11-01,6,6,61,248
2015-11-01,6,7,0,24
2015-11-01,6,8,1154,1030
2015-11-01,6,9,661,804
2015-11-01,7,1,0,5
2015-11-01,7,2,0,11
2015-11-01,7,3,0,7
2015-11-01,7,5,0,4
2015-11-01,7,6,0,5
2015-11-01,7,8,9,33
2015-11-01,7,9,2,25
2015-11-01,8,1,250,440
2015-11-01,8,2,288,872
2015-11-01,8,3,94,481
2015-11-01,8,4,0,87
2015-11-01,8,5,46,283
2015-11-01,8,6,84,405
2015-11-01,8,7,0,47
2015-11-01,8,8,794,1632
2015-11-01,8,9,895,1328
2015-11-01,9,1,260,392
2015-11-01,9,2,194,778
2015-11-01,9,3,101,465
2015-11-01,9,4,0,79
2015-11-01,9,5,45,292
2015-11-01,9,6,54,351
2015-11-01,9,7,0,37
2015-11-01,9,8,821,1489
2015-11-01,9,9,750,1204
2015-11-01,10,1,299,366
2015-11-01,10,2,158,720
2015-11-01,10,3,117,408
2015-11-01,10,4,0,90
2015-11-01,10,5,40,273
2015-11-01,10,6,95,329
2015-11-01,10,7,0,35
2015-11-01,10,8,666,1393
2015-11-01,10,9,596,1119
2015-11-01,11,1,180,302
2015-11-01,11,2,182,600
2015-11-01,11,3,80,345
2015-11-01,11,4,0,56
2015-11-01,11,5,43,204
2015-11-01,11,6,36,280
2015-11-01,11,7,0,27
2015-11-01,11,8,616,1151
2015-11-01,11,9,709,935
2015-11-01,12,1,286,288
2015-11-01,12,2,136,573
2015-11-01,12,3,85,359
2015-11-01,12,4,0,70
2015-11-01,12,5,47,253
2015-11-01,12,6,105,270
2015-11-01,12,7,0,39
2015-11-01,12,8,897,1115
2015-11-01,12,9,669,901
2015-11-01,13,1,156,226
2015-11-01,13,2,120,449
2015-11-01,13,3,149,295
2015-11-01,13,4,0,45
2015-11-01,13,5,36,205
2015-11-01,13,6,30,201
2015-11-01,13,7,0,36
2015-11-01,13,8,791,893
2015-11-01,13,9,479,694
2015-11-01,14,1,240,290
2015-11-01,14,2,196,578
2015-11-01,14,3,118,328
2015-11-01,14,4,0,96
2015-11-01,14,5,54,220
2015-11-01,14,6,77,273
2015-11-01,14,7,0,35
2015-11-01,14,8,877,1115
2015-11-01,14,9,683,897
2015-11-01,15,1,227,274
2015-11-01,15,2,99,537
2015-11-01,15,3,38,289
2015-11-01,15,4,0,44
2015-11-01,15,5,20,187
2015-11-01,15,6,32,222
2015-11-01,15,7,0,24
2015-11-01,15,8,405,999
2015-11-01,15,9,377,810
2015-11-01,16,1,164,300
2015-11-01,16,2,172,594
2015-11-01,16,3,68,302
2015-11-01,16,4,0,51
2015-11-01,16,5,33,195
2015-11-01,16,6,21,256
2015-11-01,16,7,0,18
2015-11-01,16,8,530,1100
2015-11-01,16,9,478,884
2015-11-01,17,1,192,322
2015-11-01,17,2,237,635
2015-11-01,17,3,85,348
2015-11-01,17,4,0,80
2015-11-01,17,5,81,214
2015-11-01,17,6,35,276
2015-11-01,17,7,0,33
2015-11-01,17,8,768,1223
2015-11-01,17,9,612,967
2015-11-01,18,1,181,284
2015-11-01,18,2,184,565
2015-11-01,18,3,74,314
2015-11-01,18,4,0,65
2015-11-01,18,5,59,218
2015-11-01,18,6,31,241
2015-11-01,18,7,0,33
2015-11-01,18,8,702,1092
2015-11-01,18,9,664,854
2015-11-01,19,1,224,246
2015-11-01,19,2,187,491
2015-11-01,19,3,118,316
2015-11-01,19,4,0,48
2015-11-01,19,5,34,213
2015-11-01,19,6,65,243
2015-11-01,19,7,0,38
2015-11-01,19,8,962,961
2015-11-01,19,9,713,770
2015-11-01,20,1,135,206
2015-11-01,20,2,93,412
2015-11-01,20,3,77,246
2015-11-01,20,4,0,57
2015-11-01,20,5,22,185
2015-11-01,20,6,36,188
2015-11-01,20,7,0,24
2015-11-01,20,8,894,808
2015-11-01,20,9,362,622
2015-11-01,21,1,94,196
2015-11-01,21,2,76,390
2015-11-01,21,3,67,205
2015-11-01,21,4,0,35
2015-11-01,21,5,20,135
2015-11-01,21,6,13,145
2015-11-01,21,7,0,17
2015-11-01,21,8,309,716
2015-11-01,21,9,269,564
2015-11-01,22,1,252,356
2015-11-01,22,2,255,709
2015-11-01,22,3,227,445
2015-11-01,22,4,0,90
2015-11-01,22,5,42,294
2015-11-01,22,6,87,351
2015-11-01,22,7,0,53
2015-11-01,22,8,1203,1394
2015-11-01,22,9,907,1114
2015-11-01,23,1,193,338
2015-11-01,23,2,194,673
2015-11-01,23,3,151,405
2015-11-01,23,4,0,102
2015-11-01,23,5,26,253
2015-11-01,23,6,82,323
2015-11-01,23,7,0,44
2015-11-01,23,8,635,1300
2015-11-01,23,9,770,1054
2015-11-01,24,1,142,248
2015-11-01,24,2,123,490
2015-11-01,24,3,29,270
2015-11-01,24,4,0,53
2015-11-01,24,5,10,180
2015-11-01,24,6,25,219
2015-11-01,24,7,0,24
2015-11-01,24,8,428,937
2015-11-01,24,9,338,726
2015-11-01,25,1,215,328
2015-11-01,25,2,213,652
2015-11-01,25,3,128,385
2015-11-01,25,4,0,99
2015-11-01,25,5,63,242
2015-11-01,25,6,132,319
2015-11-01,25,7,0,36
2015-11-01,25,8,986,1274
2015-11-01,25,9,810,1030
2015-11-01,26,1,205,322
2015-11-01,26,2,142,637
2015-11-01,26,3,99,338
2015-11-01,26,4,0,79
2015-11-01,26,5,30,230
2015-11-01,26,6,46,300
2015-11-01,26,7,0,26
2015-11-01,26,8,635,1220
2015-11-01,26,9,532,975
2015-11-01,27,1,114,230
2015-11-01,27,2,104,459
2015-11-01,27,3,24,213
2015-11-01,27,4,0,26
2015-11-01,27,5,18,164
2015-11-01,27,6,18,171
2015-11-01,27,7,0,22
2015-11-01,27,8,332,863
2015-11-01,27,9,220,668
2015-11-01,28,1,270,332
2015-11-01,28,2,226,662
2015-11-01,28,3,151,418
2015-11-01,28,4,0,109
2015-11-01,28,5,31,265
2015-11-01,28,6,101,327
2015-11-01,28,7,0,37
2015-11-01,28,8,1117,1290
2015-11-01,28,9,838,1035
2015-11-01,29,1,100,242
2015-11-01,29,2,93,476
2015-11-01,29,3,49,248
2015-11-01,29,4,0,28
2015-11-01,29,5,15,164
2015-11-01,29,6,12,195
2015-11-01,29,7,0,17
2015-11-01,29,8,269,896
2015-11-01,29,9,294,720
2015-11-01,30,1,214,288
2015-11-01,30,2,185,575
2015-11-01,30,3,155,346
2015-11-01,30,4,0,50
2015-11-01,30,5,65,239
2015-11-01,30,6,101,264
2015-11-01,30,7,0,39
2015-11-01,30,8,840,1123
2015-11-01,30,9,766,892
2015-11-01,31,1,236,288
2015-11-01,31,2,188,572
2015-11-01,31,3,95,323
2015-11-01,31,4,0,68
2015-11-01,31,5,33,214
2015-11-01,31,6,66,281
2015-11-01,31,7,0,28
2015-11-01,31,8,637,1098
2015-11-01,31,9,657,890
2015-11-01,32,1,188,358
2015-11-01,32,2,173,708
2015-11-01,32,3,62,388
2015-11-01,32,4,0,78
2015-11-01,32,5,35,278
2015-11-01,32,6,43,334
2015-11-01,32,7,0,39
2015-11-01,32,8,854,1355
2015-11-01,32,9,552,1079
2015-11-01,33,1,262,256
2015-11-01,33,2,196,511
2015-11-01,33,3,184,302
2015-11-01,33,4,0,81
2015-11-01,33,5,58,203
2015-11-01,33,6,123,232
2015-11-01,33,7,0,34
2015-11-01,33,8,2509,992
2015-11-01,33,9,893,784
2015-12-01,1,1,151,220
2015-12-01,1,2,182,433
2015-12-01,1,3,79,243
2015-12-01,1,4,0,67
2015-12-01,1,5,23,162
2015-12-01,1,6,51,206
2015-12-01,1,7,0,26
2015-12-01,1,8,430,845
2015-12-01,1,9,494,678
2015-12-01,2,1,348,422
2015-12-01,2,2,206,831
2015-12-01,2,3,84,439
2015-12-01,2,4,0,77
2015-12-01,2,5,30,290
2015-12-01,2,6,38,366
2015-12-01,2,7,0,34
2015-12-01,2,8,757,1585
2015-12-01,2,9,609,1260
2015-12-01,3,1,105,292
2015-12-01,3,2,130,573
2015-12-01,3,3,67,308
2015-12-01,3,4,0,44
2015-12-01,3,5,24,186
2015-12-01,3,6,20,240
2015-12-01,3,7,0,18
2015-12-01,3,8,339,1047
2015-12-01,3,9,346,863
2015-12-01,4,1,264,346
2015-12-01,4,2,168,680
2015-12-01,4,3,150,435
2015-12-01,4,4,0,86
2015-12-01,4,5,24,266
2015-12-01,4,6,79,316
2015-12-01,4,7,0,33
2015-12-01,4,8,712,1307
2015-12-01,4,9,748,1074
2015-12-01,5,1,238,394
2015-12-01,5,2,204,782
2015-12-01,5,3,60,392
2015-12-01,5,4,0,79
2015-12-01,5,5,35,262
2015-12-01,5,6,26,321
2015-12-01,5,7,0,24
2015-12-01,5,8,618,1449
2015-12-01,5,9,539,1148
2015-12-01,6,1,221,266
2015-12-01,6,2,156,531
2015-12-01,6,3,108,315
2015-12-01,6,4,0,71
2015-12-01,6,5,31,215
2015-12-01,6,6,68,248
2015-12-01,6,7,0,24
2015-12-01,6,8,1174,1030
2015-12-01,6,9,641,804
2015-12-01,7,1,0,5
2015-12-01,7,2,0,11
2015-12-01,7,3,1,7
2015-12-01,7,5,0,4
2015-12-01,7,6,1,5
2015-12-01,7,8,4,33
2015-12-01,7,9,1,25
2015-12-01,8,1,228,440
2015-12-01,8,2,247,872
2015-12-01,8,3,90,481
2015-12-01,8,4,0,87
2015-12-01,8,5,51,283
2015-12-01,8,6,78,405
2015-12-01,8,7,0,47
2015-12-01,8,8,725,1632
2015-12-01,8,9,813,1328
2015-12-01,9,1,236,392
2015-12-01,9,2,216,778
2015-12-01,9,3,119,465
2015-12-01,9,4,0,79
2015-12-01,9,5,50,292
2015-12-01,9,6,61,351
2015-12-01,9,7,0,37
2015-12-01,9,8,767,1489
2015-12-01,9,9,812,1204
2015-12-01,10,1,279,366
2015-12-01,10,2,181,720
2015-12-01,10,3,109,408
2015-12-01,10,4,0,90
2015-12-01,10,5,39,273
2015-12-01,10,6,101,329
2015-12-01,10,7,0,35
2015-12-01,10,8,648,1393
2015-12-01,10,9,582,1119
2015-12-01,11,1,165,302
2015-12-01,11,2,183,600
2015-12-01,11,3,68,345
2015-12-01,11,4,0,56
2015-12-01,11,5,34,204
2015-12-01,11,6,44,280
2015-12-01,11,7,0,27
2015-12-01,11,8,529,1151
2015-12-01,11,9,726,935
2015-12-01,12,1,260,288
2015-12-01,12,2,151,573
2015-12-01,12,3,99,359
2015-12-01,12,4,0,70
2015-12-01,12,5,29,253
2015-12-01,12,6,76,270
2015-12-01,12,7,0,39
2015-12-01,12,8,852,1115
2015-12-01,12,9,649,901
2015-12-01,13,1,140,226
2015-12-01,13,2,132,449
2015-12-01,13,3,129,295
2015-12-01,13,4,0,45
2015-12-01,13,5,31,205
2015-12-01,13,6,25,201
2015-12-01,13,7,0,36
2015-12-01,13,8,728,893
2015-12-01,13,9,510,694
2015-12-01,14,1,204,290
2015-12-01,14,2,181,578
2015-12-01,14,3,125,328
2015-12-01,14,4,0,96
2015-12-01,14,5,27,220
2015-12-01,14,6,87,273
2015-12-01,14,7,0,35
2015-12-01,14,8,855,1115
2015-12-01,14,9,682,897
2015-12-01,15,1,203,274
2015-12-01,15,2,95,537
2015-12-01,15,3,38,289
2015-12-01,15,4,0,44
2015-12-01,15,5,19,187
2015-12-01,15,6,26,222
2015-12-01,15,7,0,24
2015-12-01,15,8,394,999
2015-12-01,15,9,364,810
2015-12-01,16,1,175,300
2015-12-01,16,2,140,594
2015-12-01,16,3,56,302
2015-12-01,16,4,0,51
2015-12-01,16,5,34,195
2015-12-01,16,6,26,256
2015-12-01,16,7,0,18
2015-12-01,16,8,500,1100
2015-12-01,16,9,513,884
2015-12-01,17,1,203,322
2015-12-01,17,2,224,635
2015-12-01,17,3,65,348
2015-12-01,17,4,0,80
2015-12-01,17,5,91,214
2015-12-01,17,6,30,276
2015-12-01,17,7,0,33
2015-12-01,17,8,758,1223
2015-12-01,17,9,649,967
2015-12-01,18,1,191,284
2015-12-01,18,2,184,565
2015-12-01,18,3,67,314
2015-12-01,18,4,0,65
2015-12-01,18,5,30,218
2015-12-01,18,6,21,241
2015-12-01,18,7,0,33
2015-12-01,18,8,705,1092
2015-12-01,18,9,639,854
2015-12-01,19,1,205,246
2015-12-01,19,2,166,491
2015-12-01,19,3,108,316
2015-12-01,19,4,0,48
2015-12-01,19,5,37,213
2015-12-01,19,6,88,243
2015-12-01,19,7,0,38
2015-12-01,19,8,1089,961
2015-12-01,19,9,639,770
2015-12-01,20,1,156,206
2015-12-01,20,2,81,412
2015-12-01,20,3,90,246
2015-12-01,20,4,0,57
2015-12-01,20,5,31,185
2015-12-01,20,6,33,188
2015-12-01,20,7,0,24
2015-12-01,20,8,934,808
2015-12-01,20,9,338,622
2015-12-01,21,1,104,196
2015-12-01,21,2,115,390
2015-12-01,21,3,82,205
2015-12-01,21,4,0,35
2015-12-01,21,5,15,135
2015-12-01,21,6,16,145
2015-12-01,21,7,0,17
2015-12-01,21,8,308,716
2015-12-01,21,9,255,564
2015-12-01,22,1,220,356
2015-12-01,22,2,211,709
2015-12-01,22,3,231,445
2015-12-01,22,4,0,90
2015-12-01,22,5,55,294
2015-12-01,22,6,79,351
2015-12-01,22,7,0,53
2015-12-01,22,8,1065,1394
2015-12-01,22,9,872,1114
2015-12-01,23,1,187,338
2015-12-01,23,2,194,673
2015-12-01,23,3,137,405
2015-12-01,23,4,0,102
2015-12-01,23,5,42,253
2015-12-01,23,6,70,323
2015-12-01,23,7,0,44
2015-12-01,23,8,610,1300
2015-12-01,23,9,776,1054
2015-12-01,24,1,147,248
2015-12-01,24,2,104,490
2015-12-01,24,3,31,270
2015-12-01,24,4,0,53
2015-12-01,24,5,18,180
2015-12-01,24,6,16,219
2015-12-01,24,7,0,24
2015-12-01,24,8,369,937
2015-12-01,24,9,356,726
2015-12-01,25,1,173,328
2015-12-01,25,2,186,652
2015-12-01,25,3,96,385
2015-12-01,25,4,0,99
2015-12-01,25,5,55,242
2015-12-01,25,6,101,319
2015-12-01,25,7,0,36
2015-12-01,25,8,955,1274
2015-12-01,25,9,794,1030
2015-12-01,26,1,225,322
2015-12-01,26,2,150,637
2015-12-01,26,3,120,338
2015-12-01,26,4,0,79
2015-12-01,26,5,31,230
2015-12-01,26,6,53,300
2015-12-01,26,7,0,26
2015-12-01,26,8,569,1220
2015-12-01,26,9,524,975
2015-12-01,27,1,97,230
2015-12-01,27,2,99,459
2015-12-01,27,3,40,213
2015-12-01,27,4,0,26
2015-12-01,27,5,24,164
2015-12-01,27,6,15,171
2015-12-01,27,7,0,22
2015-12-01,27,8,313,863
2015-12-01,27,9,262,668
2015-12-01,28,1,257,332
2015-12-01,28,2,218,662
2015-12-01,28,3,150,418
2015-12-01,28,4,0,109
2015-12-01,28,5,32,265
2015-12-01,28,6,111,327
2015-12-01,28,7,0,37
2015-12-01,28,8,989,1290
2015-12-01,28,9,786,1035
2015-12-01,29,1,108,242
2015-12-01,29,2,105,476
2015-12-01,29,3,41,248
2015-12-01,29,4,0,28
2015-12-01,29,5,22,164
2015-12-01,29,6,8,195
2015-12-01,29,7,0,17
2015-12-01,29,8,278,896
2015-12-01,29,9,314,720
2015-12-01,30,1,251,288
2015-12-01,30,2,210,575
2015-12-01,30,3,133,346
2015-12-01,30,4,0,50
2015-12-01,30,5,50,239
2015-12-01,30,6,108,264
2015-12-01,30,7,0,39
2015-12-01,30,8,877,1123
2015-12-01,30,9,771,892
2015-12-01,31,1,213,288
2015-12-01,31,2,196,572
2015-12-01,31,3,102,323
2015-12-01,31,4,0,68
2015-12-01,31,5,40,214
2015-12-01,31,6,40,281
2015-12-01,31,7,0,28
2015-12-01,31,8,651,1098
2015-12-01,31,9,616,890
2015-12-01,32,1,181,358
2015-12-01,32,2,157,708
2015-12-01,32,3,52,388
2015-12-01,32,4,0,78
2015-12-01,32,5,38,278
2015-12-01,32,6,36,334
2015-12-01,32,7,0,39
2015-12-01,32,8,796,1355
2015-12-01,32,9,550,1079
2015-12-01,33,1,323,256
2015-12-01,33,2,224,511
2015-12-01,33,3,112,302
2015-12-01,33,4,0,81
2015-12-01,33,5,62,203
2015-12-01,33,6,124,232
2015-12-01,33,7,0,34
2015-12-01,33,8,2658,992
2015-12-01,33,9,911,784
2016-01-01,1,1,147,220
2016-01-01,1,2,166,433
2016-01-01,1,3,83,243
2016-01-01,1,4,0,67
2016-01-01,1,5,30,162
2016-01-01,1,6,50,206
2016-01-01,1,7,0,26
2016-01-01,1,8,423,845
2016-01-01,1,9,477,678
2016-01-01,2,1,390,422
2016-01-01,2,2,176,831
2016-01-01,2,3,83,439
2016-01-01,2,4,0,77
2016-01-01,2,5,39,290
2016-01-01,2,6,57,366
2016-01-01,2,7,0,34
2016-01-01,2,8,660,1585
2016-01-01,2,9,577,1260
2016-01-01,3,1,118,292
2016-01-01,3,2,145,573
2016-01-01,3,3,60,308
2016-01-01,3,4,0,44
2016-01-01,3,5,13,186
2016-01-01,3,6,18,240
2016-01-01,3,7,0,18
2016-01-01,3,8,408,1047
2016-01-01,3,9,358,863
2016-01-01,4,1,206,346
2016-01-01,4,2,164,680
2016-01-01,4,3,190,435
2016-01-01,4,4,0,86
2016-01-01,4,5,34,266
2016-01-01,4,6,97,316
2016-01-01,4,7,0,33
2016-01-01,4,8,673,1307
2016-01-01,4,9,760,1074
2016-01-01,5,1,217,394
2016-01-01,5,2,176,782
2016-01-01,5,3,75,392
2016-01-01,5,4,0,79
2016-01-01,5,5,38,262
2016-01-01,5,6,27,321
2016-01-01,5,7,0,24
2016-01-01,5,8,639,1449
2016-01-01,5,9,520,1148
2016-01-01,6,1,286,266
2016-01-01,6,2,154,531
2016-01-01,6,3,123,315
2016-01-01,6,4,0,71
2016-01-01,6,5,26,215
2016-01-01,6,6,84,248
2016-01-01,6,7,0,24
2016-01-01,6,8,1068,1030
2016-01-01,6,9,594,804
2016-01-01,7,1,0,5
2016-01-01,7,2,0,11
2016-01-01,7,3,0,7
2016-01-01,7,5,0,4
2016-01-01,7,6,0,5
2016-01-01,7,8,6,33
2016-01-01,7,9,4,25
2016-01-01,8,1,259,440
2016-01-01,8,2,224,872
2016-01-01,8,3,103,481
2016-01-01,8,4,0,87
2016-01-01,8,5,59,283
2016-01-01,8,6,61,405
2016-01-01,8,7,0,47
2016-01-01,8,8,719,1632
2016-01-01,8,9,823,1328
2016-01-01,9,1,237,392
2016-01-01,9,2,214,778
2016-01-01,9,3,148,465
2016-01-01,9,4,0,79
2016-01-01,9,5,48,292
2016-01-01,9,6,55,351
2016-01-01,9,7,0,37
2016-01-01,9,8,681,1489
2016-01-01,9,9,765,1204
2016-01-01,10,1,220,366
2016-01-01,10,2,166,720
2016-01-01,10,3,118,408
2016-01-01,10,4,0,90
2016-01-01,10,5,28,273
2016-01-01,10,6,59,329
2016-01-01,10,7,0,35
2016-01-01,10,8,568,1393
2016-01-01,10,9,580,1119
2016-01-01,11,1,192,302
2016-01-01,11,2,202,600
2016-01-01,11,3,85,345
2016-01-01,11,4,0,56
2016-01-01,11,5,38,204
2016-01-01,11,6,39,280
2016-01-01,11,7,0,27
2016-01-01,11,8,607,1151
2016-01-01,11,9,700,935
2016-01-01,12,1,246,288
2016-01-01,12,2,166,573
2016-01-01,12,3,121,359
2016-01-01,12,4,0,70
2016-01-01,12,5,49,253
2016-01-01,12,6,60,270
2016-01-01,12,7,0,39
2016-01-01,12,8,807,1115
2016-01-01,12,9,675,901
2016-01-01,13,1,137,226
2016-01-01,13,2,90,449
2016-01-01,13,3,128,295
2016-01-01,13,4,0,45
2016-01-01,13,5,54,205
2016-01-01,13,6,36,201
2016-01-01,13,7,0,36
2016-01-01,13,8,674,893
2016-01-01,13,9,468,694
2016-01-01,14,1,221,290
2016-01-01,14,2,165,578
2016-01-01,14,3,170,328
2016-01-01,14,4,0,96
2016-01-01,14,5,57,220
2016-01-01,14,6,55,273
2016-01-01,14,7,0,35
2016-01-01,14,8,684,1115
2016-01-01,14,9,639,897
2016-01-01,15,1,216,274
2016-01-01,15,2,86,537
2016-01-01,15,3,41,289
2016-01-01,15,4,0,44
2016-01-01,15,5,9,187
2016-01-01,15,6,41,222
2016-01-01,15,7,0,24
2016-01-01,15,8,308,999
2016-01-01,15,9,374,810
2016-01-01,16,1,160,300
2016-01-01,16,2,149,594
2016-01-01,16,3,64,302
2016-01-01,16,4,0,51
2016-01-01,16,5,30,195
2016-01-01,16,6,25,256
2016-01-01,16,7,0,18
2016-01-01,16,8,456,1100
2016-01-01,16,9,446,884
2016-01-01,17,1,193,322
2016-01-01,17,2,209,635
2016-01-01,17,3,205,348
2016-01-01,17,4,0,80
2016-01-01,17,5,96,214
2016-01-01,17,6,27,276
2016-01-01,17,7,0,33
2016-01-01,17,8,656,1223
2016-01-01,17,9,578,967
2016-01-01,18,1,142,284
2016-01-01,18,2,182,565
2016-01-01,18,3,83,314
2016-01-01,18,4,0,65
2016-01-01,18,5,46,218
2016-01-01,18,6,37,241
2016-01-01,18,7,0,33
2016-01-01,18,8,627,1092
2016-01-01,18,9,619,854
2016-01-01,19,1,255,246
2016-01-01,19,2,160,491
2016-01-01,19,3,147,316
2016-01-01,19,4,0,48
2016-01-01,19,5,38,213
2016-01-01,19,6,96,243
2016-01-01,19,7,0,38
2016-01-01,19,8,1016,961
2016-01-01,19,9,626,770
2016-01-01,20,1,113,206
2016-01-01,20,2,87,412
2016-01-01,20,3,116,246
2016-01-01,20,4,0,57
2016-01-01,20,5,27,185
2016-01-01,20,6,45,188
2016-01-01,20,7,0,24
2016-01-01,20,8,808,808
2016-01-01,20,9,315,622
2016-01-01,21,1,74,196
2016-01-01,21,2,58,390
2016-01-01,21,3,62,205
2016-01-01,21,4,0,35
2016-01-01,21,5,19,135
2016-01-01,21,6,11,145
2016-01-01,21,7,0,17
2016-01-01,21,8,312,716
2016-01-01,21,9,271,564
2016-01-01,22,1,265,356
2016-01-01,22,2,203,709
2016-01-01,22,3,315,445
2016-01-01,22,4,0,90
2016-01-01,22,5,60,294
2016-01-01,22,6,86,351
2016-01-01,22,7,0,53
2016-01-01,22,8,1064,1394
2016-01-01,22,9,759,1114
2016-01-01,23,1,187,338
2016-01-01,23,2,158,673
2016-01-01,23,3,197,405
2016-01-01,23,4,0,102
2016-01-01,23,5,49,253
2016-01-01,23,6,85,323
2016-01-01,23,7,0,44
2016-01-01,23,8,582,1300
2016-01-01,23,9,731,1054
2016-01-01,24,1,110,248
2016-01-01,24,2,134,490
2016-01-01,24,3,49,270
2016-01-01,24,4,0,53
2016-01-01,24,5,26,180
2016-01-01,24,6,20,219
2016-01-01,24,7,0,24
2016-01-01,24,8,363,937
2016-01-01,24,9,313,726
2016-01-01,25,1,195,328
2016-01-01,25,2,224,652
2016-01-01,25,3,165,385
2016-01-01,25,4,0,99
2016-01-01,25,5,61,242
2016-01-01,25,6,109,319
2016-01-01,25,7,0,36
2016-01-01,25,8,927,1274
2016-01-01,25,9,741,1030
2016-01-01,26,1,155,322
2016-01-01,26,2,122,637
2016-01-01,26,3,109,338
2016-01-01,26,4,0,79
2016-01-01,26,5,30,230
2016-01-01,26,6,46,300
2016-01-01,26,7,0,26
2016-01-01,26,8,537,1220
2016-01-01,26,9,490,975
2016-01-01,27,1,126,230
2016-01-01,27,2,95,459
2016-01-01,27,3,19,213
2016-01-01,27,4,0,26
2016-01-01,27,5,14,164
2016-01-01,27,6,11,171
2016-01-01,27,7,0,22
2016-01-01,27,8,305,863
2016-01-01,27,9,265,668
2016-01-01,28,1,214,332
2016-01-01,28,2,208,662
2016-01-01,28,3,174,418
2016-01-01,28,4,0,109
2016-01-01,28,5,49,265
2016-01-01,28,6,100,327
2016-01-01,28,7,0,37
2016-01-01,28,8,950,1290
2016-01-01,28,9,785,1035
2016-01-01,29,1,130,242
2016-01-01,29,2,85,476
2016-01-01,29,3,51,248
2016-01-01,29,4,0,28
2016-01-01,29,5,17,164
2016-01-01,29,6,12,195
2016-01-01,29,7,0,17
2016-01-01,29,8,276,896
2016-01-01,29,9,324,720
2016-01-01,30,1,248,288
2016-01-01,30,2,195,575
2016-01-01,30,3,222,346
2016-01-01,30,4,0,50
2016-01-01,30,5,58,239
2016-01-01,30,6,98,264
2016-01-01,30,7,0,39
2016-01-01,30,8,768,1123
2016-01-01,30,9,756,892
2016-01-01,31,1,148,288
2016-01-01,31,2,166,572
2016-01-01,31,3,132,323
2016-01-01,31,4,0,68
2016-01-01,31,5,37,214
2016-01-01,31,6,44,281
2016-01-01,31,7,0,28
2016-01-01,31,8,592,1098
2016-01-01,31,9,584,890
2016-01-01,32,1,219,358
2016-01-01,32,2,137,708
2016-01-01,32,3,52,388
2016-01-01,32,4,0,78
2016-01-01,32,5,33,278
2016-01-01,32,6,54,334
2016-01-01,32,7,0,39
2016-01-01,32,8,752,1355
2016-01-01,32,9,553,1079
2016-01-01,33,1,276,256
2016-01-01,33,2,183,511
2016-01-01,33,3,138,302
2016-01-01,33,4,0,81
2016-01-01,33,5,64,203
2016-01-01,33,6,165,232
2016-01-01,33,7,0,34
2016-01-01,33,8,2400,992
2016-01-01,33,9,796,784
2016-02-01,1,1,139,220
2016-02-01,1,2,181,433
2016-02-01,1,3,84,243
2016-02-01,1,4,0,67
2016-02-01,1,5,33,162
2016-02-01,1,6,49,206
2016-02-01,1,7,0,26
2016-02-01,1,8,422,845
2016-02-01,1,9,463,678
2016-02-01,2,1,324,422
2016-02-01,2,2,166,831
2016-02-01,2,3,63,439
2016-02-01,2,4,0,77
2016-02-01,2,5,51,290
2016-02-01,2,6,32,366
2016-02-01,2,7,0,34
2016-02-01,2,8,711,1585
2016-02-01,2,9,578,1260
2016-02-01,3,1,106,292
2016-02-01,3,2,121,573
2016-02-01,3,3,64,308
2016-02-01,3,4,0,44
2016-02-01,3,5,20,186
2016-02-01,3,6,16,240
2016-02-01,3,7,0,18
2016-02-01,3,8,362,1047
2016-02-01,3,9,330,863
2016-02-01,4,1,214,346
2016-02-01,4,2,180,680
2016-02-01,4,3,182,435
2016-02-01,4,4,0,86
2016-02-01,4,5,43,266
2016-02-01,4,6,86,316
2016-02-01,4,7,0,33
2016-02-01,4,8,638,1307
2016-02-01,4,9,714,1074
2016-02-01,5,1,222,394
2016-02-01,5,2,170,782
2016-02-01,5,3,75,392
2016-02-01,5,4,0,79
2016-02-01,5,5,29,262
2016-02-01,5,6,34,321
2016-02-01,5,7,0,24
2016-02-01,5,8,576,1449
2016-02-01,5,9,541,1148
2016-02-01,6,1,227,266
2016-02-01,6,2,154,531
2016-02-01,6,3,131,315
2016-02-01,6,4,0,71
2016-02-01,6,5,45,215
2016-02-01,6,6,67,248
2016-02-01,6,7,0,24
2016-02-01,6,8,1138,1030
2016-02-01,6,9,601,804
2016-02-01,7,1,0,5
2016-02-01,7,2,0,11
2016-02-01,7,3,0,7
2016-02-01,7,5,0,4
2016-02-01,7,6,2,5
2016-02-01,7,8,6,33
2016-02-01,7,9,2,25
2016-02-01,8,1,227,440
2016-02-01,8,2,257,872
2016-02-01,8,3,113,481
2016-02-01,8,4,0,87
2016-02-01,8,5,49,283
2016-02-01,8,6,68,405
2016-02-01,8,7,0,47
2016-02-01,8,8,706,1632
2016-02-01,8,9,734,1328
2016-02-01,9,1,173,392
2016-02-01,9,2,175,778
2016-02-01,9,3,89,465
2016-02-01,9,4,0,79
2016-02-01,9,5,35,292
2016-02-01,9,6,49,351
2016-02-01,9,7,0,37
2016-02-01,9,8,687,1489
2016-02-01,9,9,643,1204
2016-02-01,10,1,268,366
2016-02-01,10,2,154,720
2016-02-01,10,3,119,408
2016-02-01,10,4,0,90
2016-02-01,10,5,29,273
2016-02-01,10,6,45,329
2016-02-01,10,7,0,35
2016-02-01,10,8,581,1393
2016-02-01,10,9,527,1119
2016-02-01,11,1,139,302
2016-02-01,11,2,204,600
2016-02-01,11,3,63,345
2016-02-01,11,4,0,56
2016-02-01,11,5,36,204
2016-02-01,11,6,33,280
2016-02-01,11,7,0,27
2016-02-01,11,8,553,1151
2016-02-01,11,9,653,935
2016-02-01,12,1,227,288
2016-02-01,12,2,163,573
2016-02-01,12,3,130,359
2016-02-01,12,4,0,70
2016-02-01,12,5,35,253
2016-02-01,12,6,59,270
2016-02-01,12,7,0,39
2016-02-01,12,8,812,1115
2016-02-01,12,9,615,901
2016-02-01,13,1,122,226
2016-02-01,13,2,96,449
2016-02-01,13,3,149,295
2016-02-01,13,4,0,45
2016-02-01,13,5,33,205
2016-02-01,13,6,27,201
2016-02-01,13,7,0,36
2016-02-01,13,8,666,893
2016-02-01,13,9,494,694
2016-02-01,14,1,220,290
2016-02-01,14,2,184,578
2016-02-01,14,3,167,328
2016-02-01,14,4,0,96
2016-02-01,14,5,49,220
2016-02-01,14,6,80,273
2016-02-01,14,7,0,35
2016-02-01,14,8,752,1115
2016-02-01,14,9,658,897
2016-02-01,15,1,182,274
2016-02-01,15,2,92,537
2016-02-01,15,3,33,289
2016-02-01,15,4,0,44
2016-02-01,15,5,22,187
2016-02-01,15,6,22,222
2016-02-01,15,7,0,24
2016-02-01,15,8,295,999
2016-02-01,15,9,330,810
2016-02-01,16,1,158,300
2016-02-01,16,2,134,594
2016-02-01,16,3,56,302
2016-02-01,16,4,0,51
2016-02-01,16,5,29,195
2016-02-01,16,6,43,256
2016-02-01,16,7,0,18
2016-02-01,16,8,501,1100
2016-02-01,16,9,465,884
2016-02-01,17,1,208,322
2016-02-01,17,2,188,635
2016-02-01,17,3,97,348
2016-02-01,17,4,0,80
2016-02-01,17,5,87,214
2016-02-01,17,6,30,276
2016-02-01,17,7,0,33
2016-02-01,17,8,659,1223
2016-02-01,17,9,635,967
2016-02-01,18,1,143,284
2016-02-01,18,2,212,565
2016-02-01,18,3,83,314
2016-02-01,18,4,0,65
2016-02-01,18,5,51,218
2016-02-01,18,6,21,241
2016-02-01,18,7,0,33
2016-02-01,18,8,660,1092
2016-02-01,18,9,553,854
2016-02-01,19,1,181,246
2016-02-01,19,2,138,491
2016-02-01,19,3,187,316
2016-02-01,19,4,0,48
2016-02-01,19,5,33,213
2016-02-01,19,6,69,243
2016-02-01,19,7,0,38
2016-02-01,19,8,935,961
2016-02-01,19,9,618,770
2016-02-01,20,1,116,206
2016-02-01,20,2,84,412
2016-02-01,20,3,100,246
2016-02-01,20,4,0,57
2016-02-01,20,5,19,185
2016-02-01,20,6,34,188
2016-02-01,20,7,0,24
2016-02-01,20,8,697,808
2016-02-01,20,9,342,622
2016-02-01,21,1,69,196
2016-02-01,21,2,100,390
2016-02-01,21,3,68,205
2016-02-01,21,4,0,35
2016-02-01,21,5,17,135
2016-02-01,21,6,9,145
2016-02-01,21,7,0,17
2016-02-01,21,8,288,716
2016-02-01,21,9,250,564
2016-02-01,22,1,242,356
2016-02-01,22,2,187,709
2016-02-01,22,3,212,445
2016-02-01,22,4,0,90
2016-02-01,22,5,26,294
2016-02-01,22,6,97,351
2016-02-01,22,7,0,53
2016-02-01,22,8,1013,1394
2016-02-01,22,9,804,1114
2016-02-01,23,1,173,338
2016-02-01,23,2,179,673
2016-02-01,23,3,181,405
2016-02-01,23,4,0,102
2016-02-01,23,5,32,253
2016-02-01,23,6,54,323
2016-02-01,23,7,0,44
2016-02-01,23,8,570,1300
2016-02-01,23,9,667,1054
2016-02-01,24,1,144,248
2016-02-01,24,2,110,490
2016-02-01,24,3,38,270
2016-02-01,24,4,0,53
2016-02-01,24,5,21,180
2016-02-01,24,6,22,219
2016-02-01,24,7,0,24
2016-02-01,24,8,376,937
2016-02-01,24,9,310,726
2016-02-01,25,1,156,328
2016-02-01,25,2,203,652
2016-02-01,25,3,120,385
2016-02-01,25,4,0,99
2016-02-01,25,5,60,242
2016-02-01,25,6,120,319
2016-02-01,25,7,0,36
2016-02-01,25,8,897,1274
2016-02-01,25,9,752,1030
2016-02-01,26,1,167,322
2016-02-01,26,2,151,637
2016-02-01,26,3,94,338
2016-02-01,26,4,0,79
2016-02-01,26,5,29,230
2016-02-01,26,6,34,300
2016-02-01,26,7,0,26
2016-02-01,26,8,602,1220
2016-02-01,26,9,509,975
2016-02-01,27,1,91,230
2016-02-01,27,2,75,459
2016-02-01,27,3,20,213
2016-02-01,27,4,0,26
2016-02-01,27,5,20,164
2016-02-01,27,6,6,171
2016-02-01,27,7,0,22
2016-02-01,27,8,370,863
2016-02-01,27,9,227,668
2016-02-01,28,1,236,332
2016-02-01,28,2,186,662
2016-02-01,28,3,160,418
2016-02-01,28,4,0,109
2016-02-01,28,5,28,265
2016-02-01,28,6,120,327
2016-02-01,28,7,0,37
2016-02-01,28,8,951,1290
2016-02-01,28,9,748,1035
2016-02-01,29,1,113,242
2016-02-01,29,2,142,476
2016-02-01,29,3,32,248
2016-02-01,29,4,0,28
2016-02-01,29,5,14,164
2016-02-01,29,6,17,195
2016-02-01,29,7,0,17
2016-02-01,29,8,276,896
2016-02-01,29,9,320,720
2016-02-01,30,1,187,288
2016-02-01,30,2,158,575
2016-02-01,30,3,151,346
2016-02-01,30,4,0,50
2016-02-01,30,5,47,239
2016-02-01,30,6,107,264
2016-02-01,30,7,0,39
2016-02-01,30,8,777,1123
2016-02-01,30,9,659,892
2016-02-01,31,1,201,288
2016-02-01,31,2,177,572
2016-02-01,31,3,112,323
2016-02-01,31,4,0,68
2016-02-01,31,5,36,214
2016-02-01,31,6,45,281
2016-02-01,31,7,0,28
2016-02-01,31,8,533,1098
2016-02-01,31,9,592,890
2016-02-01,32,1,186,358
2016-02-01,32,2,123,708
2016-02-01,32,3,72,388
2016-02-01,32,4,0,78
2016-02-01,32,5,23,278
2016-02-01,32,6,41,334
2016-02-01,32,7,0,39
2016-02-01,32,8,783,1355
2016-02-01,32,9,546,1079
2016-02-01,33,1,280,256
2016-02-01,33,2,166,511
2016-02-01,33,3,152,302
2016-02-01,33,4,0,81
2016-02-01,33,5,52,203
2016-02-01,33,6,108,232
2016-02-01,33,7,0,34
2016-02-01,33,8,2235,992
2016-02-01,33,9,762,784
2016-03-01,1,1,106,220
2016-03-01,1,2,173,433
2016-03-01,1,3,70,243
2016-03-01,1,4,0,67
2016-03-01,1,5,28,162
2016-03-01,1,6,53,206
2016-03-01,1,7,0,26
2016-03-01,1,8,505,845
2016-03-01,1,9,556,678
2016-03-01,2,1,318,422
2016-03-01,2,2,186,831
2016-03-01,2,3,80,439
2016-03-01,2,4,0,77
2016-03-01,2,5,46,290
2016-03-01,2,6,42,366
2016-03-01,2,7,0,34
2016-03-01,2,8,857,1585
2016-03-01,2,9,577,1260
2016-03-01,3,1,94,292
2016-03-01,3,2,134,573
2016-03-01,3,3,69,308
2016-03-01,3,4,0,44
2016-03-01,3,5,25,186
2016-03-01,3,6,12,240
2016-03-01,3,7,0,18
2016-03-01,3,8,331,1047
2016-03-01,3,9,400,863
2016-03-01,4,1,258,346
2016-03-01,4,2,183,680
2016-03-01,4,3,186,435
2016-03-01,4,4,0,86
2016-03-01,4,5,50,266
2016-03-01,4,6,77,316
2016-03-01,4,7,0,33
2016-03-01,4,8,697,1307
2016-03-01,4,9,675,1074
2016-03-01,5,1,234,394
2016-03-01,5,2,179,782
2016-03-01,5,3,63,392
2016-03-01,5,4,0,79
2016-03-01,5,5,28,262
2016-03-01,5,6,25,321
2016-03-01,5,7,0,24
2016-03-01,5,8,633,1449
2016-03-01,5,9,533,1148
2016-03-01,6,1,235,266
2016-03-01,6,2,130,531
2016-03-01,6,3,109,315
2016-03-01,6,4,0,71
2016-03-01,6,5,34,215
2016-03-01,6,6,72,248
2016-03-01,6,7,0,24
2016-03-01,6,8,1103,1030
2016-03-01,6,9,607,804
2016-03-01,7,1,0,5
2016-03-01,7,2,0,11
2016-03-01,7,3,3,7
2016-03-01,7,5,0,4
2016-03-01,7,6,1,5
2016-03-01,7,8,7,33
2016-03-01,7,9,1,25
2016-03-01,8,1,214,440
2016-03-01,8,2,233,872
2016-03-01,8,3,107,481
2016-03-01,8,4,0,87
2016-03-01,8,5,58,283
2016-03-01,8,6,69,405
2016-03-01,8,7,0,47
2016-03-01,8,8,747,1632
2016-03-01,8,9,771,1328
2016-03-01,9,1,195,392
2016-03-01,9,2,197,778
2016-03-01,9,3,102,465
2016-03-01,9,4,0,79
2016-03-01,9,5,51,292
2016-03-01,9,6,47,351
2016-03-01,9,7,0,37
2016-03-01,9,8,797,1489
2016-03-01,9,9,724,1204
2016-03-01,10,1,246,366
2016-03-01,10,2,179,720
2016-03-01,10,3,114,408
2016-03-01,10,4,0,90
2016-03-01,10,5,35,273
2016-03-01,10,6,67,329
2016-03-01,10,7,0,35
2016-03-01,10,8,701,1393
2016-03-01,10,9,619,1119
2016-03-01,11,1,135,302
2016-03-01,11,2,223,600
2016-03-01,11,3,79,345
2016-03-01,11,4,0,56
2016-03-01,11,5,44,204
2016-03-01,11,6,43,280
2016-03-01,11,7,0,27
2016-03-01,11,8,616,1151
2016-03-01,11,9,696,935
2016-03-01,12,1,209,288
2016-03-01,12,2,150,573
2016-03-01,12,3,146,359
2016-03-01,12,4,0,70
2016-03-01,12,5,37,253
2016-03-01,12,6,88,270
2016-03-01,12,7,0,39
2016-03-01,12,8,895,1115
2016-03-01,12,9,701,901
2016-03-01,13,1,119,226
2016-03-01,13,2,118,449
2016-03-01,13,3,118,295
2016-03-01,13,4,0,45
2016-03-01,13,5,33,205
2016-03-01,13,6,29,201
2016-03-01,13,7,0,36
2016-03-01,13,8,726,893
2016-03-01,13,9,510,694
2016-03-01,14,1,246,290
2016-03-01,14,2,174,578
2016-03-01,14,3,133,328
2016-03-01,14,4,0,96
2016-03-01,14,5,52,220
2016-03-01,14,6,89,273
2016-03-01,14,7,0,35
2016-03-01,14,8,816,1115
2016-03-01,14,9,709,897
2016-03-01,15,1,191,274
2016-03-01,15,2,102,537
2016-03-01,15,3,41,289
2016-03-01,15,4,0,44
2016-03-01,15,5,24,187
2016-03-01,15,6,40,222
2016-03-01,15,7,0,24
2016-03-01,15,8,385,999
2016-03-01,15,9,347,810
2016-03-01,16,1,148,300
2016-03-01,16,2,156,594
2016-03-01,16,3,74,302
2016-03-01,16,4,0,51
2016-03-01,16,5,35,195
2016-03-01,16,6,27,256
2016-03-01,16,7,0,18
2016-03-01,16,8,501,1100
2016-03-01,16,9,497,884
2016-03-01,17,1,163,322
2016-03-01,17,2,171,635
2016-03-01,17,3,71,348
2016-03-01,17,4,0,80
2016-03-01,17,5,79,214
2016-03-01,17,6,35,276
2016-03-01,17,7,0,33
2016-03-01,17,8,724,1223
2016-03-01,17,9,608,967
2016-03-01,18,1,145,284
2016-03-01,18,2,150,565
2016-03-01,18,3,94,314
2016-03-01,18,4,0,65
2016-03-01,18,5,43,218
2016-03-01,18,6,31,241
2016-03-01,18,7,0,33
2016-03-01,18,8,639,1092
2016-03-01,18,9,617,854
2016-03-01,19,1,179,246
2016-03-01,19,2,176,491
2016-03-01,19,3,132,316
2016-03-01,19,4,0,48
2016-03-01,19,5,45,213
2016-03-01,19,6,56,243
2016-03-01,19,7,0,38
2016-03-01,19,8,848,961
2016-03-01,19,9,655,770
2016-03-01,20,1,121,206
2016-03-01,20,2,85,412
2016-03-01,20,3,126,246
2016-03-01,20,4,0,57
2016-03-01,20,5,24,185
2016-03-01,20,6,36,188
2016-03-01,20,7,0,24
2016-03-01,20,8,746,808
2016-03-01,20,9,393,622
2016-03-01,21,1,69,196
2016-03-01,21,2,81,390
2016-03-01,21,3,65,205
2016-03-01,21,4,0,35
2016-03-01,21,5,18,135
2016-03-01,21,6,10,145
2016-03-01,21,7,0,17
2016-03-01,21,8,313,716
2016-03-01,21,9,226,564
2016-03-01,22,1,223,356
2016-03-01,22,2,250,709
2016-03-01,22,3,227,445
2016-03-01,22,4,0,90
2016-03-01,22,5,45,294
2016-03-01,22,6,91,351
2016-03-01,22,7,0,53
2016-03-01,22,8,1042,1394
2016-03-01,22,9,843,1114
2016-03-01,23,1,188,338
2016-03-01,23,2,187,673
2016-03-01,23,3,172,405
2016-03-01,23,4,0,102
2016-03-01,23,5,46,253
2016-03-01,23,6,45,323
2016-03-01,23,7,0,44
2016-03-01,23,8,599,1300
2016-03-01,23,9,729,1054
2016-03-01,24,1,157,248
2016-03-01,24,2,122,490
2016-03-01,24,3,37,270
2016-03-01,24,4,0,53
2016-03-01,24,5,10,180
2016-03-01,24,6,21,219
2016-03-01,24,7,0,24
2016-03-01,24,8,410,937
2016-03-01,24,9,367,726
2016-03-01,25,1,190,328
2016-03-01,25,2,204,652
2016-03-01,25,3,110,385
2016-03-01,25,4,0,99
2016-03-01,25,5,54,242
2016-03-01,25,6,96,319
2016-03-01,25,7,0,36
2016-03-01,25,8,869,1274
2016-03-01,25,9,858,1030
2016-03-01,26,1,137,322
2016-03-01,26,2,145,637
2016-03-01,26,3,83,338
2016-03-01,26,4,0,79
2016-03-01,26,5,37,230
2016-03-01,26,6,51,300
2016-03-01,26,7,0,26
2016-03-01,26,8,628,1220
2016-03-01,26,9,570,975
2016-03-01,27,1,91,230
2016-03-01,27,2,83,459
2016-03-01,27,3,26,213
2016-03-01,27,4,0,26
2016-03-01,27,5,23,164
2016-03-01,27,6,13,171
2016-03-01,27,7,0,22
2016-03-01,27,8,363,863
2016-03-01,27,9,260,668
2016-03-01,28,1,218,332
2016-03-01,28,2,173,662
2016-03-01,28,3,174,418
2016-03-01,28,4,0,109
2016-03-01,28,5,44,265
2016-03-01,28,6,90,327
2016-03-01,28,7,0,37
2016-03-01,28,8,1041,1290
2016-03-01,28,9,736,1035
2016-03-01,29,1,101,242
2016-03-01,29,2,136,476
2016-03-01,29,3,40,248
2016-03-01,29,4,0,28
2016-03-01,29,5,26,164
2016-03-01,29,6,6,195
2016-03-01,29,7,0,17
2016-03-01,29,8,329,896
2016-03-01,29,9,304,720
2016-03-01,30,1,195,288
2016-03-01,30,2,172,575
2016-03-01,30,3,156,346
2016-03-01,30,4,0,50
2016-03-01,30,5,58,239
2016-03-01,30,6,75,264
2016-03-01,30,7,0,39
2016-03-01,30,8,750,1123
2016-03-01,30,9,772,892
2016-03-01,31,1,162,288
2016-03-01,31,2,170,572
2016-03-01,31,3,83,323
2016-03-01,31,4,0,68
2016-03-01,31,5,36,214
2016-03-01,31,6,43,281
2016-03-01,31,7,0,28
2016-03-01,31,8,607,1098
2016-03-01,31,9,659,890
2016-03-01,32,1,213,358
2016-03-01,32,2,122,708
2016-03-01,32,3,84,388
2016-03-01,32,4,0,78
2016-03-01,32,5,32,278
2016-03-01,32,6,72,334
2016-03-01,32,7,0,39
2016-03-01,32,8,812,1355
2016-03-01,32,9,537,1079
2016-03-01,33,1,304,256
2016-03-01,33,2,148,511
2016-03-01,33,3,150,302
2016-03-01,33,4,0,81
2016-03-01,33,5,56,203
2016-03-01,33,6,159,232
2016-03-01,33,7,0,34
2016-03-01,33,8,2080,992
2016-03-01,33,9,806,784
2016-04-01,1,1,89,220
2016-04-01,1,2,144,433
2016-04-01,1,3,85,243
2016-04-01,1,4,0,67
2016-04-01,1,5,26,162
2016-04-01,1,6,36,206
2016-04-01,1,7,0,26
2016-04-01,1,8,487,845
2016-04-01,1,9,472,678
2016-04-01,2,1,236,422
2016-04-01,2,2,208,831
2016-04-01,2,3,100,439
2016-04-01,2,4,0,77
2016-04-01,2,5,49,290
2016-04-01,2,6,32,366
2016-04-01,2,7,0,34
2016-04-01,2,8,846,1585
2016-04-01,2,9,635,1260
2016-04-01,3,1,60,292
2016-04-01,3,2,115,573
2016-04-01,3,3,57,308
2016-04-01,3,4,0,44
2016-04-01,3,5,33,186
2016-04-01,3,6,20,240
2016-04-01,3,7,0,18
2016-04-01,3,8,322,1047
2016-04-01,3,9,308,863
2016-04-01,4,1,170,346
2016-04-01,4,2,185,680
2016-04-01,4,3,195,435
2016-04-01,4,4,0,86
2016-04-01,4,5,41,266
2016-04-01,4,6,65,316
2016-04-01,4,7,0,33
2016-04-01,4,8,694,1307
2016-04-01,4,9,766,1074
2016-04-01,5,1,194,394
2016-04-01,5,2,165,782
2016-04-01,5,3,62,392
2016-04-01,5,4,0,79
2016-04-01,5,5,42,262
2016-04-01,5,6,15,321
2016-04-01,5,7,0,24
2016-04-01,5,8,576,1449
2016-04-01,5,9,476,1148
2016-04-01,6,1,168,266
2016-04-01,6,2,161,531
2016-04-01,6,3,123,315
2016-04-01,6,4,0,71
2016-04-01,6,5,44,215
2016-04-01,6,6,62,248
2016-04-01,6,7,0,24
2016-04-01,6,8,1096,1030
2016-04-01,6,9,600,804
2016-04-01,7,1,0,5
2016-04-01,7,2,0,11
2016-04-01,7,3,2,7
2016-04-01,7,5,2,4
2016-04-01,7,6,0,5
2016-04-01,7,8,7,33
2016-04-01,7,9,4,25
2016-04-01,8,1,236,440
2016-04-01,8,2,273,872
2016-04-01,8,3,132,481
2016-04-01,8,4,0,87
2016-04-01,8,5,60,283
2016-04-01,8,6,50,405
2016-04-01,8,7,0,47
2016-04-01,8,8,769,1632
2016-04-01,8,9,814,1328
2016-04-01,9,1,202,392
2016-04-01,9,2,224,778
2016-04-01,9,3,132,465
2016-04-01,9,4,0,79
2016-04-01,9,5,47,292
2016-04-01,9,6,42,351
2016-04-01,9,7,0,37
2016-04-01,9,8,835,1489
2016-04-01,9,9,794,1204
2016-04-01,10,1,210,366
2016-04-01,10,2,168,720
2016-04-01,10,3,96,408
2016-04-01,10,4,0,90
2016-04-01,10,5,34,273
2016-04-01,10,6,60,329
2016-04-01,10,7,0,35
2016-04-01,10,8,712,1393
2016-04-01,10,9,600,1119
2016-04-01,11,1,137,302
2016-04-01,11,2,206,600
2016-04-01,11,3,66,345
2016-04-01,11,4,0,56
2016-04-01,11,5,44,204
2016-04-01,11,6,56,280
2016-04-01,11,7,0,27
2016-04-01,11,8,609,1151
2016-04-01,11,9,690,935
2016-04-01,12,1,255,288
2016-04-01,12,2,149,573
2016-04-01,12,3,112,359
2016-04-01,12,4,0,70
2016-04-01,12,5,37,253
2016-04-01,12,6,78,270
2016-04-01,12,7,0,39
2016-04-01,12,8,864,1115
2016-04-01,12,9,717,901
2016-04-01,13,1,99,226
2016-04-01,13,2,106,449
2016-04-01,13,3,145,295
2016-04-01,13,4,0,45
2016-04-01,13,5,38,205
2016-04-01,13,6,27,201
2016-04-01,13,7,0,36
2016-04-01,13,8,768,893
2016-04-01,13,9,506,694
2016-04-01,14,1,180,290
2016-04-01,14,2,177,578
2016-04-01,14,3,115,328
2016-04-01,14,4,0,96
2016-04-01,14,5,44,220
2016-04-01,14,6,93,273
2016-04-01,14,7,0,35
2016-04-01,14,8,868,1115
2016-04-01,14,9,707,897
2016-04-01,15,1,137,274
2016-04-01,15,2,102,537
2016-04-01,15,3,44,289
2016-04-01,15,4,0,44
2016-04-01,15,5,22,187
2016-04-01,15,6,22,222
2016-04-01,15,7,0,24
2016-04-01,15,8,364,999
2016-04-01,15,9,357,810
2016-04-01,16,1,162,300
2016-04-01,16,2,173,594
2016-04-01,16,3,65,302
2016-04-01,16,4,0,51
2016-04-01,16,5,25,195
2016-04-01,16,6,28,256
2016-04-01,16,7,0,18
2016-04-01,16,8,490,1100
2016-04-01,16,9,482,884
2016-04-01,17,1,142,322
2016-04-01,17,2,196,635
2016-04-01,17,3,59,348
2016-04-01,17,4,0,80
2016-04-01,17,5,111,214
2016-04-01,17,6,27,276
2016-04-01,17,7,0,33
2016-04-01,17,8,646,1223
2016-04-01,17,9,611,967
2016-04-01,18,1,169,284
2016-04-01,18,2,203,565
2016-04-01,18,3,73,314
2016-04-01,18,4,0,65
2016-04-01,18,5,55,218
2016-04-01,18,6,35,241
2016-04-01,18,7,0,33
2016-04-01,18,8,629,1092
2016-04-01,18,9,579,854
2016-04-01,19,1,183,246
2016-04-01,19,2,155,491
2016-04-01,19,3,209,316
2016-04-01,19,4,0,48
2016-04-01,19,5,38,213
2016-04-01,19,6,58,243
2016-04-01,19,7,0,38
2016-04-01,19,8,813,961
2016-04-01,19,9,666,770
2016-04-01,20,1,113,206
2016-04-01,20,2,86,412
2016-04-01,20,3,101,246
2016-04-01,20,4,0,57
2016-04-01,20,5,29,185
2016-04-01,20,6,36,188
2016-04-01,20,7,0,24
2016-04-01,20,8,724,808
2016-04-01,20,9,325,622
2016-04-01,21,1,76,196
2016-04-01,21,2,97,390
2016-04-01,21,3,63,205
2016-04-01,21,4,0,35
2016-04-01,21,5,17,135
2016-04-01,21,6,9,145
2016-04-01,21,7,0,17
2016-04-01,21,8,321,716
2016-04-01,21,9,278,564
2016-04-01,22,1,236,356
2016-04-01,22,2,227,709
2016-04-01,22,3,224,445
2016-04-01,22,4,0,90
2016-04-01,22,5,55,294
2016-04-01,22,6,76,351
2016-04-01,22,7,0,53
2016-04-01,22,8,1078,1394
2016-04-01,22,9,856,1114
2016-04-01,23,1,152,338
2016-04-01,23,2,210,673
2016-04-01,23,3,125,405
2016-04-01,23,4,0,102
2016-04-01,23,5,36,253
2016-04-01,23,6,58,323
2016-04-01,23,7,0,44
2016-04-01,23,8,631,1300
2016-04-01,23,9,675,1054
2016-04-01,24,1,114,248
2016-04-01,24,2,123,490
2016-04-01,24,3,35,270
2016-04-01,24,4,0,53
2016-04-01,24,5,25,180
2016-04-01,24,6,26,219
2016-04-01,24,7,0,24
2016-04-01,24,8,403,937
2016-04-01,24,9,311,726
2016-04-01,25,1,177,328
2016-04-01,25,2,210,652
2016-04-01,25,3,123,385
2016-04-01,25,4,0,99
2016-04-01,25,5,54,242
2016-04-01,25,6,83,319
2016-04-01,25,7,0,36
2016-04-01,25,8,898,1274
2016-04-01,25,9,802,1030
2016-04-01,26,1,138,322
2016-04-01,26,2,140,637
2016-04-01,26,3,100,338
2016-04-01,26,4,0,79
2016-04-01,26,5,32,230
2016-04-01,26,6,36,300
2016-04-01,26,7,0,26
2016-04-01,26,8,642,1220
2016-04-01,26,9,542,975
2016-04-01,27,1,92,230
2016-04-01,27,2,83,459
2016-04-01,27,3,24,213
2016-04-01,27,4,0,26
2016-04-01,27,5,15,164
2016-04-01,27,6,11,171
2016-04-01,27,7,0,22
2016-04-01,27,8,363,863
2016-04-01,27,9,257,668
2016-04-01,28,1,256,332
2016-04-01,28,2,239,662
2016-04-01,28,3,137,418
2016-04-01,28,4,0,109
2016-04-01,28,5,37,265
2016-04-01,28,6,88,327
2016-04-01,28,7,0,37
2016-04-01,28,8,1048,1290
2016-04-01,28,9,767,1035
2016-04-01,29,1,100,242
2016-04-01,29,2,122,476
2016-04-01,29,3,56,248
2016-04-01,29,4,0,28
2016-04-01,29,5,14,164
2016-04-01,29,6,11,195
2016-04-01,29,7,0,17
2016-04-01,29,8,299,896
2016-04-01,29,9,302,720
2016-04-01,30,1,244,288
2016-04-01,30,2,161,575
2016-04-01,30,3,135,346
2016-04-01,30,4,0,50
2016-04-01,30,5,63,239
2016-04-01,30,6,90,264
2016-04-01,30,7,0,39
2016-04-01,30,8,844,1123
2016-04-01,30,9,786,892
2016-04-01,31,1,140,288
2016-04-01,31,2,144,572
2016-04-01,31,3,86,323
2016-04-01,31,4,0,68
2016-04-01,31,5,39,214
2016-04-01,31,6,50,281
2016-04-01,31,7,0,28
2016-04-01,31,8,581,1098
2016-04-01,31,9,613,890
2016-04-01,32,1,194,358
2016-04-01,32,2,121,708
2016-04-01,32,3,87,388
2016-04-01,32,4,0,78
2016-04-01,32,5,42,278
2016-04-01,32,6,65,334
2016-04-01,32,7,0,39
2016-04-01,32,8,801,1355
2016-04-01,32,9,578,1079
2016-04-01,33,1,274,256
2016-04-01,33,2,151,511
2016-04-01,33,3,221,302
2016-04-01,33,4,0,81
2016-04-01,33,5,52,203
2016-04-01,33,6,125,232
2016-04-01,33,7,0,34
2016-04-01,33,8,2121,992
2016-04-01,33,9,792,784
2016-05-01,1,1,119,220
2016-05-01,1,2,201,433
2016-05-01,1,3,78,243
2016-05-01,1,4,0,67
2016-05-01,1,5,48,162
2016-05-01,1,6,52,206
2016-05-01,1,7,0,26
2016-05-01,1,8,500,845
2016-05-01,1,9,557,678
2016-05-01,2,1,265,422
2016-05-01,2,2,211,831
2016-05-01,2,3,73,439
2016-05-01,2,4,0,77
2016-05-01,2,5,43,290
2016-05-01,2,6,33,366
2016-05-01,2,7,0,34
2016-05-01,2,8,836,1585
2016-05-01,2,9,698,1260
2016-05-01,3,1,57,292
2016-05-01,3,2,131,573
2016-05-01,3,3,56,308
2016-05-01,3,4,0,44
2016-05-01,3,5,28,186
2016-05-01,3,6,22,240
2016-05-01,3,7,0,18
2016-05-01,3,8,336,1047
2016-05-01,3,9,368,863
2016-05-01,4,1,213,346
2016-05-01,4,2,222,680
2016-05-01,4,3,176,435
2016-05-01,4,4,0,86
2016-05-01,4,5,51,266
2016-05-01,4,6,75,316
2016-05-01,4,7,0,33
2016-05-01,4,8,811,1307
2016-05-01,4,9,858,1074
2016-05-01,5,1,173,394
2016-05-01,5,2,219,782
2016-05-01,5,3,62,392
2016-05-01,5,4,0,79
2016-05-01,5,5,42,262
2016-05-01,5,6,23,321
2016-05-01,5,7,0,24
2016-05-01,5,8,623,1449
2016-05-01,5,9,566,1148
2016-05-01,6,1,198,266
2016-05-01,6,2,194,531
2016-05-01,6,3,147,315
2016-05-01,6,4,0,71
2016-05-01,6,5,43,215
2016-05-01,6,6,67,248
2016-05-01,6,7,0,24
2016-05-01,6,8,1172,1030
2016-05-01,6,9,680,804
2016-05-01,7,1,0,5
2016-05-01,7,2,0,11
2016-05-01,7,3,0,7
2016-05-01,7,5,0,4
2016-05-01,7,6,0,5
2016-05-01,7,8,7,33
2016-05-01,7,9,2,25
2016-05-01,8,1,240,440
2016-05-01,8,2,289,872
2016-05-01,8,3,105,481
2016-05-01,8,4,0,87
2016-05-01,8,5,60,283
2016-05-01,8,6,84,405
2016-05-01,8,7,0,47
2016-05-01,8,8,891,1632
2016-05-01,8,9,922,1328
2016-05-01,9,1,201,392
2016-05-01,9,2,226,778
2016-05-01,9,3,119,465
2016-05-01,9,4,0,79
2016-05-01,9,5,51,292
2016-05-01,9,6,69,351
2016-05-01,9,7,0,37
2016-05-01,9,8,944,1489
2016-05-01,9,9,841,1204
2016-05-01,10,1,175,366
2016-05-01,10,2,222,720
2016-05-01,10,3,106,408
2016-05-01,10,4,0,90
2016-05-01,10,5,67,273
2016-05-01,10,6,77,329
2016-05-01,10,7,0,35
2016-05-01,10,8,681,1393
2016-05-01,10,9,721,1119
2016-05-01,11,1,140,302
2016-05-01,11,2,227,600
2016-05-01,11,3,74,345
2016-05-01,11,4,0,56
2016-05-01,11,5,52,204
2016-05-01,11,6,52,280
2016-05-01,11,7,0,27
2016-05-01,11,8,613,1151
2016-05-01,11,9,710,935
2016-05-01,12,1,226,288
2016-05-01,12,2,166,573
2016-05-01,12,3,123,359
2016-05-01,12,4,0,70
2016-05-01,12,5,47,253
2016-05-01,12,6,79,270
2016-05-01,12,7,0,39
2016-05-01,12,8,961,1115
2016-05-01,12,9,774,901
2016-05-01,13,1,133,226
2016-05-01,13,2,130,449
2016-05-01,13,3,120,295
2016-05-01,13,4,0,45
2016-05-01,13,5,60,205
2016-05-01,13,6,29,201
2016-05-01,13,7,0,36
2016-05-01,13,8,866,893
2016-05-01,13,9,566,694
2016-05-01,14,1,184,290
2016-05-01,14,2,163,578
2016-05-01,14,3,118,328
2016-05-01,14,4,0,96
2016-05-01,14,5,46,220
2016-05-01,14,6,125,273
2016-05-01,14,7,0,35
2016-05-01,14,8,949,1115
2016-05-01,14,9,814,897
2016-05-01,15,1,136,274
2016-05-01,15,2,119,537
2016-05-01,15,3,29,289
2016-05-01,15,4,0,44
2016-05-01,15,5,23,187
2016-05-01,15,6,42,222
2016-05-01,15,7,0,24
2016-05-01,15,8,411,999
2016-05-01,15,9,345,810
2016-05-01,16,1,175,300
2016-05-01,16,2,186,594
2016-05-01,16,3,76,302
2016-05-01,16,4,0,51
2016-05-01,16,5,30,195
2016-05-01,16,6,23,256
2016-05-01,16,7,0,18
2016-05-01,16,8,505,1100
2016-05-01,16,9,522,884
2016-05-01,17,1,196,322
2016-05-01,17,2,282,635
2016-05-01,17,3,82,348
2016-05-01,17,4,0,80
2016-05-01,17,5,129,214
2016-05-01,17,6,19,276
2016-05-01,17,7,0,33
2016-05-01,17,8,792,1223
2016-05-01,17,9,738,967
2016-05-01,18,1,128,284
2016-05-01,18,2,210,565
2016-05-01,18,3,109,314
2016-05-01,18,4,0,65
2016-05-01,18,5,61,218
2016-05-01,18,6,35,241
2016-05-01,18,7,0,33
2016-05-01,18,8,768,1092
2016-05-01,18,9,632,854
2016-05-01,19,1,132,246
2016-05-01,19,2,198,491
2016-05-01,19,3,158,316
2016-05-01,19,4,0,48
2016-05-01,19,5,41,213
2016-05-01,19,6,75,243
2016-05-01,19,7,0,38
2016-05-01,19,8,907,961
2016-05-01,19,9,657,770
2016-05-01,20,1,112,206
2016-05-01,20,2,99,412
2016-05-01,20,3,132,246
2016-05-01,20,4,0,57
2016-05-01,20,5,25,185
2016-05-01,20,6,39,188
2016-05-01,20,7,0,24
2016-05-01,20,8,832,808
2016-05-01,20,9,385,622
2016-05-01,21,1,84,196
2016-05-01,21,2,80,390
2016-05-01,21,3,60,205
2016-05-01,21,4,0,35
2016-05-01,21,5,25,135
2016-05-01,21,6,10,145
2016-05-01,21,7,0,17
2016-05-01,21,8,361,716
2016-05-01,21,9,258,564
2016-05-01,22,1,246,356
2016-05-01,22,2,249,709
2016-05-01,22,3,211,445
2016-05-01,22,4,0,90
2016-05-01,22,5,63,294
2016-05-01,22,6,99,351
2016-05-01,22,7,0,53
2016-05-01,22,8,1229,1394
2016-05-01,22,9,992,1114
2016-05-01,23,1,182,338
2016-05-01,23,2,209,673
2016-05-01,23,3,108,405
2016-05-01,23,4,0,102
2016-05-01,23,5,46,253
2016-05-01,23,6,79,323
2016-05-01,23,7,0,44
2016-05-01,23,8,767,1300
2016-05-01,23,9,789,1054
2016-05-01,24,1,146,248
2016-05-01,24,2,101,490
2016-05-01,24,3,34,270
2016-05-01,24,4,0,53
2016-05-01,24,5,24,180
2016-05-01,24,6,27,219
2016-05-01,24,7,0,24
2016-05-01,24,8,403,937
2016-05-01,24,9,382,726
2016-05-01,25,1,164,328
2016-05-01,25,2,236,652
2016-05-01,25,3,163,385
2016-05-01,25,4,0,99
2016-05-01,25,5,60,242
2016-05-01,25,6,74,319
2016-05-01,25,7,0,36
2016-05-01,25,8,920,1274
2016-05-01,25,9,857,1030
2016-05-01,26,1,164,322
2016-05-01,26,2,155,637
2016-05-01,26,3,87,338
2016-05-01,26,4,0,79
2016-05-01,26,5,30,230
2016-05-01,26,6,45,300
2016-05-01,26,7,0,26
2016-05-01,26,8,606,1220
2016-05-01,26,9,564,975
2016-05-01,27,1,110,230
2016-05-01,27,2,112,459
2016-05-01,27,3,22,213
2016-05-01,27,4,0,26
2016-05-01,27,5,27,164
2016-05-01,27,6,10,171
2016-05-01,27,7,0,22
2016-05-01,27,8,480,863
2016-05-01,27,9,300,668
2016-05-01,28,1,238,332
2016-05-01,28,2,282,662
2016-05-01,28,3,162,418
2016-05-01,28,4,0,109
2016-05-01,28,5,53,265
2016-05-01,28,6,77,327
2016-05-01,28,7,0,37
2016-05-01,28,8,1255,1290
2016-05-01,28,9,848,1035
2016-05-01,29,1,98,242
2016-05-01,29,2,97,476
2016-05-01,29,3,28,248
2016-05-01,29,4,0,28
2016-05-01,29,5,30,164
2016-05-01,29,6,12,195
2016-05-01,29,7,0,17
2016-05-01,29,8,308,896
2016-05-01,29,9,359,720
2016-05-01,30,1,189,288
2016-05-01,30,2,225,575
2016-05-01,30,3,107,346
2016-05-01,30,4,0,50
2016-05-01,30,5,60,239
2016-05-01,30,6,103,264
2016-05-01,30,7,0,39
2016-05-01,30,8,986,1123
2016-05-01,30,9,849,892
2016-05-01,31,1,152,288
2016-05-01,31,2,176,572
2016-05-01,31,3,104,323
2016-05-01,31,4,0,68
2016-05-01,31,5,54,214
2016-05-01,31,6,45,281
2016-05-01,31,7,0,28
2016-05-01,31,8,626,1098
2016-05-01,31,9,623,890
2016-05-01,32,1,211,358
2016-05-01,32,2,156,708
2016-05-01,32,3,79,388
2016-05-01,32,4,0,78
2016-05-01,32,5,56,278
2016-05-01,32,6,36,334
2016-05-01,32,7,0,39
2016-05-01,32,8,904,1355
2016-05-01,32,9,594,1079
2016-05-01,33,1,217,256
2016-05-01,33,2,194,511
2016-05-01,33,3,168,302
2016-05-01,33,4,0,81
2016-05-01,33,5,68,203
2016-05-01,33,6,150,232
2016-05-01,33,7,0,34
2016-05-01,33,8,2124,992
2016-05-01,33,9,868,784
2016-06-01,1,1,109,220
2016-06-01,1,2,160,433
2016-06-01,1,3,80,243
2016-06-01,1,4,0,67
2016-06-01,1,5,38,162
2016-06-01,1,6,53,206
2016-06-01,1,7,0,26
2016-06-01,1,8,474,845
2016-06-01,1,9,535,678
2016-06-01,2,1,241,422
2016-06-01,2,2,182,831
2016-06-01,2,3,74,439
2016-06-01,2,4,0,77
2016-06-01,2,5,32,290
2016-06-01,2,6,37,366
2016-06-01,2,7,0,34
2016-06-01,2,8,872,1585
2016-06-01,2,9,672,1260
2016-06-01,3,1,70,292
2016-06-01,3,2,124,573
2016-06-01,3,3,35,308
2016-06-01,3,4,0,44
2016-06-01,3,5,26,186
2016-06-01,3,6,11,240
2016-06-01,3,7,0,18
2016-06-01,3,8,390,1047
2016-06-01,3,9,392,863
2016-06-01,4,1,210,346
2016-06-01,4,2,181,680
2016-06-01,4,3,207,435
2016-06-01,4,4,0,86
2016-06-01,4,5,47,266
2016-06-01,4,6,69,316
2016-06-01,4,7,0,33
2016-06-01,4,8,778,1307
2016-06-01,4,9,824,1074
2016-06-01,5,1,162,394
2016-06-01,5,2,157,782
2016-06-01,5,3,61,392
2016-06-01,5,4,0,79
2016-06-01,5,5,23,262
2016-06-01,5,6,33,321
2016-06-01,5,7,0,24
2016-06-01,5,8,612,1449
2016-06-01,5,9,559,1148
2016-06-01,6,1,224,266
2016-06-01,6,2,155,531
2016-06-01,6,3,132,315
2016-06-01,6,4,0,71
2016-06-01,6,5,44,215
2016-06-01,6,6,68,248
2016-06-01,6,7,0,24
2016-06-01,6,8,1101,1030
2016-06-01,6,9,641,804
2016-06-01,7,1,1,5
2016-06-01,7,2,0,11
2016-06-01,7,3,0,7
2016-06-01,7,5,0,4
2016-06-01,7,6,0,5
2016-06-01,7,8,6,33
2016-06-01,7,9,1,25
2016-06-01,8,1,219,440
2016-06-01,8,2,282,872
2016-06-01,8,3,88,481
2016-06-01,8,4,0,87
2016-06-01,8,5,68,283
2016-06-01,8,6,103,405
2016-06-01,8,7,0,47
2016-06-01,8,8,811,1632
2016-06-01,8,9,895,1328
2016-06-01,9,1,227,392
2016-06-01,9,2,210,778
2016-06-01,9,3,86,465
2016-06-01,9,4,0,79
2016-06-01,9,5,48,292
2016-06-01,9,6,64,351
2016-06-01,9,7,0,37
2016-06-01,9,8,900,1489
2016-06-01,9,9,887,1204
2016-06-01,10,1,163,366
2016-06-01,10,2,149,720
2016-06-01,10,3,70,408
2016-06-01,10,4,0,90
2016-06-01,10,5,47,273
2016-06-01,10,6,54,329
2016-06-01,10,7,0,35
2016-06-01,10,8,616,1393
2016-06-01,10,9,678,1119
2016-06-01,11,1,120,302
2016-06-01,11,2,221,600
2016-06-01,11,3,59,345
2016-06-01,11,4,0,56
2016-06-01,11,5,60,204
2016-06-01,11,6,25,280
2016-06-01,11,7,0,27
2016-06-01,11,8,740,1151
2016-06-01,11,9,782,935
2016-06-01,12,1,253,288
2016-06-01,12,2,168,573
2016-06-01,12,3,106,359
2016-06-01,12,4,0,70
2016-06-01,12,5,41,253
2016-06-01,12,6,110,270
2016-06-01,12,7,0,39
2016-06-01,12,8,1105,1115
2016-06-01,12,9,842,901
2016-06-01,13,1,131,226
2016-06-01,13,2,138,449
2016-06-01,13,3,95,295
2016-06-01,13,4,0,45
2016-06-01,13,5,39,205
2016-06-01,13,6,31,201
2016-06-01,13,7,0,36
2016-06-01,13,8,817,893
2016-06-01,13,9,498,694
2016-06-01,14,1,183,290
2016-06-01,14,2,192,578
2016-06-01,14,3,125,328
2016-06-01,14,4,0,96
2016-06-01,14,5,53,220
2016-06-01,14,6,129,273
2016-06-01,14,7,0,35
2016-06-01,14,8,851,1115
2016-06-01,14,9,729,897
2016-06-01,15,1,122,274
2016-06-01,15,2,130,537
2016-06-01,15,3,40,289
2016-06-01,15,4,0,44
2016-06-01,15,5,27,187
2016-06-01,15,6,31,222
2016-06-01,15,7,0,24
2016-06-01,15,8,416,999
2016-06-01,15,9,387,810
2016-06-01,16,1,175,300
2016-06-01,16,2,153,594
2016-06-01,16,3,51,302
2016-06-01,16,4,0,51
2016-06-01,16,5,47,195
2016-06-01,16,6,24,256
2016-06-01,16,7,0,18
2016-06-01,16,8,479,1100
2016-06-01,16,9,554,884
2016-06-01,17,1,131,322
2016-06-01,17,2,188,635
2016-06-01,17,3,73,348
2016-06-01,17,4,0,80
2016-06-01,17,5,133,214
2016-06-01,17,6,25,276
2016-06-01,17,7,0,33
2016-06-01,17,8,756,1223
2016-06-01,17,9,701,967
2016-06-01,18,1,127,284
2016-06-01,18,2,182,565
2016-06-01,18,3,76,314
2016-06-01,18,4,0,65
2016-06-01,18,5,70,218
2016-06-01,18,6,33,241
2016-06-01,18,7,0,33
2016-06-01,18,8,727,1092
2016-06-01,18,9,648,854
2016-06-01,19,1,140,246
2016-06-01,19,2,139,491
2016-06-01,19,3,111,316
2016-06-01,19,4,0,48
2016-06-01,19,5,57,213
2016-06-01,19,6,104,243
2016-06-01,19,7,0,38
2016-06-01,19,8,1182,961
2016-06-01,19,9,754,770
2016-06-01,20,1,120,206
2016-06-01,20,2,110,412
2016-06-01,20,3,134,246
2016-06-01,20,4,0,57
2016-06-01,20,5,17,185
2016-06-01,20,6,38,188
2016-06-01,20,7,0,24
2016-06-01,20,8,787,808
2016-06-01,20,9,431,622
2016-06-01,21,1,61,196
2016-06-01,21,2,86,390
2016-06-01,21,3,64,205
2016-06-01,21,4,0,35
2016-06-01,21,5,18,135
2016-06-01,21,6,4,145
2016-06-01,21,7,0,17
2016-06-01,21,8,292,716
2016-06-01,21,9,268,564
2016-06-01,22,1,306,356
2016-06-01,22,2,246,709
2016-06-01,22,3,266,445
2016-06-01,22,4,0,90
2016-06-01,22,5,54,294
2016-06-01,22,6,82,351
2016-06-01,22,7,0,53
2016-06-01,22,8,1062,1394
2016-06-01,22,9,913,1114
2016-06-01,23,1,184,338
2016-06-01,23,2,197,673
2016-06-01,23,3,111,405
2016-06-01,23,4,0,102
2016-06-01,23,5,45,253
2016-06-01,23,6,78,323
2016-06-01,23,7,0,44
2016-06-01,23,8,721,1300
2016-06-01,23,9,786,1054
2016-06-01,24,1,82,248
2016-06-01,24,2,108,490
2016-06-01,24,3,45,270
2016-06-01,24,4,0,53
2016-06-01,24,5,24,180
2016-06-01,24,6,20,219
2016-06-01,24,7,0,24
2016-06-01,24,8,337,937
2016-06-01,24,9,357,726
2016-06-01,25,1,159,328
2016-06-01,25,2,189,652
2016-06-01,25,3,169,385
2016-06-01,25,4,0,99
2016-06-01,25,5,72,242
2016-06-01,25,6,99,319
2016-06-01,25,7,0,36
2016-06-01,25,8,990,1274
2016-06-01,25,9,777,1030
2016-06-01,26,1,153,322
2016-06-01,26,2,153,637
2016-06-01,26,3,78,338
2016-06-01,26,4,0,79
2016-06-01,26,5,29,230
2016-06-01,26,6,47,300
2016-06-01,26,7,0,26
2016-06-01,26,8,585,1220
2016-06-01,26,9,557,975
2016-06-01,27,1,130,230
2016-06-01,27,2,100,459
2016-06-01,27,3,29,213
2016-06-01,27,4,0,26
2016-06-01,27,5,27,164
2016-06-01,27,6,7,171
2016-06-01,27,7,0,22
2016-06-01,27,8,414,863
2016-06-01,27,9,260,668
2016-06-01,28,1,250,332
2016-06-01,28,2,230,662
2016-06-01,28,3,127,418
2016-06-01,28,4,0,109
2016-06-01,28,5,39,265
2016-06-01,28,6,113,327
2016-06-01,28,7,0,37
2016-06-01,28,8,1069,1290
2016-06-01,28,9,853,1035
2016-06-01,29,1,118,242
2016-06-01,29,2,95,476
2016-06-01,29,3,45,248
2016-06-01,29,4,0,28
2016-06-01,29,5,22,164
2016-06-01,29,6,21,195
2016-06-01,29,7,0,17
2016-06-01,29,8,285,896
2016-06-01,29,9,310,720
2016-06-01,30,1,215,288
2016-06-01,30,2,216,575
2016-06-01,30,3,117,346
2016-06-01,30,4,0,50
2016-06-01,30,5,46,239
2016-06-01,30,6,106,264
2016-06-01,30,7,0,39
2016-06-01,30,8,905,1123
2016-06-01,30,9,862,892
2016-06-01,31,1,160,288
2016-06-01,31,2,162,572
2016-06-01,31,3,83,323
2016-06-01,31,4,0,68
2016-06-01,31,5,47,214
2016-06-01,31,6,66,281
2016-06-01,31,7,0,28
2016-06-01,31,8,644,1098
2016-06-01,31,9,627,890
2016-06-01,32,1,197,358
2016-06-01,32,2,157,708
2016-06-01,32,3,52,388
2016-06-01,32,4,0,78
2016-06-01,32,5,31,278
2016-06-01,32,6,51,334
2016-06-01,32,7,0,39
2016-06-01,32,8,900,1355
2016-06-01,32,9,574,1079
2016-06-01,33,1,238,256
2016-06-01,33,2,178,511
2016-06-01,33,3,152,302
2016-06-01,33,4,0,81
2016-06-01,33,5,61,203
2016-06-01,33,6,149,232
2016-06-01,33,7,0,34
2016-06-01,33,8,2098,992
2016-06-01,33,9,909,784
2016-07-01,1,1,86,220
2016-07-01,1,2,181,433
2016-07-01,1,3,84,243
2016-07-01,1,4,0,67
2016-07-01,1,5,31,162
2016-07-01,1,6,45,206
2016-07-01,1,7,0,26
2016-07-01,1,8,495,845
2016-07-01,1,9,612,678
2016-07-01,2,1,239,422
2016-07-01,2,2,183,831
2016-07-01,2,3,80,439
2016-07-01,2,4,0,77
2016-07-01,2,5,55,290
2016-07-01,2,6,39,366
2016-07-01,2,7,0,34
2016-07-01,2,8,809,1585
2016-07-01,2,9,657,1260
2016-07-01,3,1,85,292
2016-07-01,3,2,147,573
2016-07-01,3,3,54,308
2016-07-01,3,4,0,44
2016-07-01,3,5,17,186
2016-07-01,3,6,22,240
2016-07-01,3,7,0,18
2016-07-01,3,8,348,1047
2016-07-01,3,9,420,863
2016-07-01,4,1,219,346
2016-07-01,4,2,225,680
2016-07-01,4,3,142,435
2016-07-01,4,4,0,86
2016-07-01,4,5,50,266
2016-07-01,4,6,75,316
2016-07-01,4,7,0,33
2016-07-01,4,8,798,1307
2016-07-01,4,9,776,1074
2016-07-01,5,1,168,394
2016-07-01,5,2,205,782
2016-07-01,5,3,66,392
2016-07-01,5,4,0,79
2016-07-01,5,5,52,262
2016-07-01,5,6,29,321
2016-07-01,5,7,0,24
2016-07-01,5,8,641,1449
2016-07-01,5,9,619,1148
2016-07-01,6,1,210,266
2016-07-01,6,2,202,531
2016-07-01,6,3,152,315
2016-07-01,6,4,0,71
2016-07-01,6,5,54,215
2016-07-01,6,6,69,248
2016-07-01,6,7,0,24
2016-07-01,6,8,1176,1030
2016-07-01,6,9,722,804
2016-07-01,7,1,0,5
2016-07-01,7,2,1,11
2016-07-01,7,3,1,7
2016-07-01,7,5,0,4
2016-07-01,7,6,0,5
2016-07-01,7,8,6,33
2016-07-01,7,9,5,25
2016-07-01,8,1,229,440
2016-07-01,8,2,294,872
2016-07-01,8,3,113,481
2016-07-01,8,4,0,87
2016-07-01,8,5,53,283
2016-07-01,8,6,133,405
2016-07-01,8,7,0,47
2016-07-01,8,8,848,1632
2016-07-01,8,9,998,1328
2016-07-01,9,1,195,392
2016-07-01,9,2,274,778
2016-07-01,9,3,114,465
2016-07-01,9,4,0,79
2016-07-01,9,5,60,292
2016-07-01,9,6,64,351
2016-07-01,9,7,0,37
2016-07-01,9,8,914,1489
2016-07-01,9,9,876,1204
2016-07-01,10,1,225,366
2016-07-01,10,2,200,720
2016-07-01,10,3,84,408
2016-07-01,10,4,0,90
2016-07-01,10,5,60,273
2016-07-01,10,6,70,329
2016-07-01,10,7,0,35
2016-07-01,10,8,654,1393
2016-07-01,10,9,679,1119
2016-07-01,11,1,147,302
2016-07-01,11,2,208,600
2016-07-01,11,3,70,345
2016-07-01,11,4,0,56
2016-07-01,11,5,46,204
2016-07-01,11,6,37,280
2016-07-01,11,7,0,27
2016-07-01,11,8,752,1151
2016-07-01,11,9,790,935
2016-07-01,12,1,236,288
2016-07-01,12,2,167,573
2016-07-01,12,3,135,359
2016-07-01,12,4,0,70
2016-07-01,12,5,46,253
2016-07-01,12,6,88,270
2016-07-01,12,7,0,39
2016-07-01,12,8,1092,1115
2016-07-01,12,9,826,901
2016-07-01,13,1,129,226
2016-07-01,13,2,105,449
2016-07-01,13,3,92,295
2016-07-01,13,4,0,45
2016-07-01,13,5,36,205
2016-07-01,13,6,24,201
2016-07-01,13,7,0,36
2016-07-01,13,8,757,893
2016-07-01,13,9,527,694
2016-07-01,14,1,205,290
2016-07-01,14,2,217,578
2016-07-01,14,3,108,328
2016-07-01,14,4,0,96
2016-07-01,14,5,45,220
2016-07-01,14,6,118,273
2016-07-01,14,7,0,35
2016-07-01,14,8,948,1115
2016-07-01,14,9,803,897
2016-07-01,15,1,154,274
2016-07-01,15,2,99,537
2016-07-01,15,3,56,289
2016-07-01,15,4,0,44
2016-07-01,15,5,33,187
2016-07-01,15,6,27,222
2016-07-01,15,7,0,24
2016-07-01,15,8,413,999
2016-07-01,15,9,405,810
2016-07-01,16,1,129,300
2016-07-01,16,2,135,594
2016-07-01,16,3,54,302
2016-07-01,16,4,0,51
2016-07-01,16,5,30,195
2016-07-01,16,6,24,256
2016-07-01,16,7,0,18
2016-07-01,16,8,497,1100
2016-07-01,16,9,530,884
2016-07-01,17,1,131,322
2016-07-01,17,2,238,635
2016-07-01,17,3,81,348
2016-07-01,17,4,0,80
2016-07-01,17,5,109,214
2016-07-01,17,6,48,276
2016-07-01,17,7,0,33
2016-07-01,17,8,776,1223
2016-07-01,17,9,751,967
2016-07-01,18,1,145,284
2016-07-01,18,2,198,565
2016-07-01,18,3,88,314
2016-07-01,18,4,0,65
2016-07-01,18,5,73,218
2016-07-01,18,6,27,241
2016-07-01,18,7,0,33
2016-07-01,18,8,742,1092
2016-07-01,18,9,637,854
2016-07-01,19,1,169,246
2016-07-01,19,2,191,491
2016-07-01,19,3,146,316
2016-07-01,19,4,0,48
2016-07-01,19,5,51,213
2016-07-01,19,6,92,243
2016-07-01,19,7,0,38
2016-07-01,19,8,1161,961
2016-07-01,19,9,759,770
2016-07-01,20,1,106,206
2016-07-01,20,2,83,412
2016-07-01,20,3,132,246
2016-07-01,20,4,0,57
2016-07-01,20,5,35,185
2016-07-01,20,6,36,188
2016-07-01,20,7,0,24
2016-07-01,20,8,842,808
2016-07-01,20,9,419,622
2016-07-01,21,1,45,196
2016-07-01,21,2,89,390
2016-07-01,21,3,73,205
2016-07-01,21,4,0,35
2016-07-01,21,5,12,135
2016-07-01,21,6,11,145
2016-07-01,21,7,0,17
2016-07-01,21,8,310,716
2016-07-01,21,9,279,564
2016-07-01,22,1,289,356
2016-07-01,22,2,240,709
2016-07-01,22,3,244,445
2016-07-01,22,4,0,90
2016-07-01,22,5,60,294
2016-07-01,22,6,103,351
2016-07-01,22,7,0,53
2016-07-01,22,8,1209,1394
2016-07-01,22,9,1016,1114
2016-07-01,23,1,169,338
2016-07-01,23,2,222,673
2016-07-01,23,3,151,405
2016-07-01,23,4,0,102
2016-07-01,23,5,39,253
2016-07-01,23,6,84,323
2016-07-01,23,7,0,44
2016-07-01,23,8,705,1300
2016-07-01,23,9,766,1054
2016-07-01,24,1,106,248
2016-07-01,24,2,127,490
2016-07-01,24,3,41,270
2016-07-01,24,4,0,53
2016-07-01,24,5,16,180
2016-07-01,24,6,24,219
2016-07-01,24,7,0,24
2016-07-01,24,8,421,937
2016-07-01,24,9,405,726
2016-07-01,25,1,166,328
2016-07-01,25,2,229,652
2016-07-01,25,3,148,385
2016-07-01,25,4,0,99
2016-07-01,25,5,60,242
2016-07-01,25,6,125,319
2016-07-01,25,7,0,36
2016-07-01,25,8,974,1274
2016-07-01,25,9,881,1030
2016-07-01,26,1,167,322
2016-07-01,26,2,140,637
2016-07-01,26,3,95,338
2016-07-01,26,4,0,79
2016-07-01,26,5,32,230
2016-07-01,26,6,59,300
2016-07-01,26,7,0,26
2016-07-01,26,8,636,1220
2016-07-01,26,9,601,975
2016-07-01,27,1,113,230
2016-07-01,27,2,120,459
2016-07-01,27,3,39,213
2016-07-01,27,4,0,26
2016-07-01,27,5,15,164
2016-07-01,27,6,9,171
2016-07-01,27,7,0,22
2016-07-01,27,8,455,863
2016-07-01,27,9,294,668
2016-07-01,28,1,204,332
2016-07-01,28,2,210,662
2016-07-01,28,3,156,418
2016-07-01,28,4,0,109
2016-07-01,28,5,51,265
2016-07-01,28,6,129,327
2016-07-01,28,7,0,37
2016-07-01,28,8,1088,1290
2016-07-01,28,9,867,1035
2016-07-01,29,1,75,242
2016-07-01,29,2,109,476
2016-07-01,29,3,52,248
2016-07-01,29,4,0,28
2016-07-01,29,5,20,164
2016-07-01,29,6,8,195
2016-07-01,29,7,0,17
2016-07-01,29,8,226,896
2016-07-01,29,9,341,720
2016-07-01,30,1,228,288
2016-07-01,30,2,186,575
2016-07-01,30,3,143,346
2016-07-01,30,4,0,50
2016-07-01,30,5,76,239
2016-07-01,30,6,107,264
2016-07-01,30,7,0,39
2016-07-01,30,8,1089,1123
2016-07-01,30,9,954,892
2016-07-01,31,1,142,288
2016-07-01,31,2,170,572
2016-07-01,31,3,88,323
2016-07-01,31,4,0,68
2016-07-01,31,5,24,214
2016-07-01,31,6,57,281
2016-07-01,31,7,0,28
2016-07-01,31,8,631,1098
2016-07-01,31,9,719,890
2016-07-01,32,1,226,358
2016-07-01,32,2,171,708
2016-07-01,32,3,125,388
2016-07-01,32,4,0,78
2016-07-01,32,5,44,278
2016-07-01,32,6,48,334
2016-07-01,32,7,0,39
2016-07-01,32,8,1010,1355
2016-07-01,32,9,679,1079
2016-07-01,33,1,250,256
2016-07-01,33,2,207,511
2016-07-01,33,3,165,302
2016-07-01,33,4,0,81
2016-07-01,33,5,72,203
2016-07-01,33,6,129,232
2016-07-01,33,7,0,34
2016-07-01,33,8,2414,992
2016-07-01,33,9,1120,784
2016-08-01,1,1,86,220
2016-08-01,1,2,164,433
2016-08-01,1,3,63,243
2016-08-01,1,4,0,67
2016-08-01,1,5,30,162
2016-08-01,1,6,36,206
2016-08-01,1,7,0,26
2016-08-01,1,8,454,845
2016-08-01,1,9,513,678
2016-08-01,2,1,303,422
2016-08-01,2,2,183,831
2016-08-01,2,3,62,439
2016-08-01,2,4,0,77
2016-08-01,2,5,37,290
2016-08-01,2,6,40,366
2016-08-01,2,7,0,34
2016-08-01,2,8,773,1585
2016-08-01,2,9,645,1260
2016-08-01,3,1,61,292
2016-08-01,3,2,153,573
2016-08-01,3,3,44,308
2016-08-01,3,4,0,44
2016-08-01,3,5,27,186
2016-08-01,3,6,16,240
2016-08-01,3,7,0,18
2016-08-01,3,8,355,1047
2016-08-01,3,9,338,863
2016-08-01,4,1,242,346
2016-08-01,4,2,213,680
2016-08-01,4,3,168,435
2016-08-01,4,4,0,86
2016-08-01,4,5,59,266
2016-08-01,4,6,64,316
2016-08-01,4,7,0,33
2016-08-01,4,8,755,1307
2016-08-01,4,9,768,1074
2016-08-01,5,1,137,394
2016-08-01,5,2,178,782
2016-08-01,5,3,48,392
2016-08-01,5,4,0,79
2016-08-01,5,5,37,262
2016-08-01,5,6,24,321
2016-08-01,5,7,0,24
2016-08-01,5,8,590,1449
2016-08-01,5,9,523,1148
2016-08-01,6,1,221,266
2016-08-01,6,2,175,531
2016-08-01,6,3,131,315
2016-08-01,6,4,0,71
2016-08-01,6,5,52,215
2016-08-01,6,6,73,248
2016-08-01,6,7,0,24
2016-08-01,6,8,1179,1030
2016-08-01,6,9,645,804
2016-08-01,7,1,0,5
2016-08-01,7,2,0,11
2016-08-01,7,3,2,7
2016-08-01,7,5,2,4
2016-08-01,7,6,0,5
2016-08-01,7,8,14,33
2016-08-01,7,9,1,25
2016-08-01,8,1,239,440
2016-08-01,8,2,299,872
2016-08-01,8,3,96,481
2016-08-01,8,4,0,87
2016-08-01,8,5,66,283
2016-08-01,8,6,160,405
2016-08-01,8,7,0,47
2016-08-01,8,8,764,1632
2016-08-01,8,9,899,1328
2016-08-01,9,1,163,392
2016-08-01,9,2,228,778
2016-08-01,9,3,102,465
2016-08-01,9,4,0,79
2016-08-01,9,5,67,292
2016-08-01,9,6,52,351
2016-08-01,9,7,0,37
2016-08-01,9,8,895,1489
2016-08-01,9,9,835,1204
2016-08-01,10,1,194,366
2016-08-01,10,2,159,720
2016-08-01,10,3,70,408
2016-08-01,10,4,0,90
2016-08-01,10,5,37,273
2016-08-01,10,6,55,329
2016-08-01,10,7,0,35
2016-08-01,10,8,649,1393
2016-08-01,10,9,609,1119
2016-08-01,11,1,152,302
2016-08-01,11,2,229,600
2016-08-01,11,3,83,345
2016-08-01,11,4,0,56
2016-08-01,11,5,36,204
2016-08-01,11,6,41,280
2016-08-01,11,7,0,27
2016-08-01,11,8,670,1151
2016-08-01,11,9,708,935
2016-08-01,12,1,199,288
2016-08-01,12,2,190,573
2016-08-01,12,3,105,359
2016-08-01,12,4,0,70
2016-08-01,12,5,61,253
2016-08-01,12,6,102,270
2016-08-01,12,7,0,39
2016-08-01,12,8,1132,1115
2016-08-01,12,9,749,901
2016-08-01,13,1,137,226
2016-08-01,13,2,168,449
2016-08-01,13,3,92,295
2016-08-01,13,4,0,45
2016-08-01,13,5,34,205
2016-08-01,13,6,35,201
2016-08-01,13,7,0,36
2016-08-01,13,8,755,893
2016-08-01,13,9,558,694
2016-08-01,14,1,180,290
2016-08-01,14,2,191,578
2016-08-01,14,3,105,328
2016-08-01,14,4,0,96
2016-08-01,14,5,53,220
2016-08-01,14,6,102,273
2016-08-01,14,7,0,35
2016-08-01,14,8,886,1115
2016-08-01,14,9,729,897
2016-08-01,15,1,127,274
2016-08-01,15,2,79,537
2016-08-01,15,3,37,289
2016-08-01,15,4,0,44
2016-08-01,15,5,20,187
2016-08-01,15,6,27,222
2016-08-01,15,7,0,24
2016-08-01,15,8,388,999
2016-08-01,15,9,344,810
2016-08-01,16,1,120,300
2016-08-01,16,2,149,594
2016-08-01,16,3,52,302
2016-08-01,16,4,0,51
2016-08-01,16,5,34,195
2016-08-01,16,6,22,256
2016-08-01,16,7,0,18
2016-08-01,16,8,477,1100
2016-08-01,16,9,473,884
2016-08-01,17,1,162,322
2016-08-01,17,2,187,635
2016-08-01,17,3,64,348
2016-08-01,17,4,0,80
2016-08-01,17,5,101,214
2016-08-01,17,6,27,276
2016-08-01,17,7,0,33
2016-08-01,17,8,760,1223
2016-08-01,17,9,677,967
2016-08-01,18,1,142,284
2016-08-01,18,2,193,565
2016-08-01,18,3,89,314
2016-08-01,18,4,0,65
2016-08-01,18,5,46,218
2016-08-01,18,6,34,241
2016-08-01,18,7,0,33
2016-08-01,18,8,775,1092
2016-08-01,18,9,612,854
2016-08-01,19,1,164,246
2016-08-01,19,2,172,491
2016-08-01,19,3,165,316
2016-08-01,19,4,0,48
2016-08-01,19,5,48,213
2016-08-01,19,6,72,243
2016-08-01,19,7,0,38
2016-08-01,19,8,949,961
2016-08-01,19,9,651,770
2016-08-01,20,1,125,206
2016-08-01,20,2,90,412
2016-08-01,20,3,373,246
2016-08-01,20,4,0,57
2016-08-01,20,5,37,185
2016-08-01,20,6,67,188
2016-08-01,20,7,0,24
2016-08-01,20,8,1088,808
2016-08-01,20,9,618,622
2016-08-01,21,1,57,196
2016-08-01,21,2,92,390
2016-08-01,21,3,61,205
2016-08-01,21,4,0,35
2016-08-01,21,5,11,135
2016-08-01,21,6,11,145
2016-08-01,21,7,0,17
2016-08-01,21,8,289,716
2016-08-01,21,9,275,564
2016-08-01,22,1,276,356
2016-08-01,22,2,232,709
2016-08-01,22,3,264,445
2016-08-01,22,4,0,90
2016-08-01,22,5,62,294
2016-08-01,22,6,96,351
2016-08-01,22,7,0,53
2016-08-01,22,8,1141,1394
2016-08-01,22,9,945,1114
2016-08-01,23,1,186,338
2016-08-01,23,2,188,673
2016-08-01,23,3,121,405
2016-08-01,23,4,0,102
2016-08-01,23,5,36,253
2016-08-01,23,6,74,323
2016-08-01,23,7,0,44
2016-08-01,23,8,682,1300
2016-08-01,23,9,704,1054
2016-08-01,24,1,117,248
2016-08-01,24,2,124,490
2016-08-01,24,3,49,270
2016-08-01,24,4,0,53
2016-08-01,24,5,22,180
2016-08-01,24,6,27,219
2016-08-01,24,7,0,24
2016-08-01,24,8,441,937
2016-08-01,24,9,342,726
2016-08-01,25,1,155,328
2016-08-01,25,2,185,652
2016-08-01,25,3,154,385
2016-08-01,25,4,0,99
2016-08-01,25,5,62,242
2016-08-01,25,6,106,319
2016-08-01,25,7,0,36
2016-08-01,25,8,1030,1274
2016-08-01,25,9,803,1030
2016-08-01,26,1,146,322
2016-08-01,26,2,139,637
2016-08-01,26,3,63,338
2016-08-01,26,4,0,79
2016-08-01,26,5,31,230
2016-08-01,26,6,63,300
2016-08-01,26,7,0,26
2016-08-01,26,8,677,1220
2016-08-01,26,9,586,975
2016-08-01,27,1,101,230
2016-08-01,27,2,85,459
2016-08-01,27,3,40,213
2016-08-01,27,4,0,26
2016-08-01,27,5,12,164
2016-08-01,27,6,7,171
2016-08-01,27,7,0,22
2016-08-01,27,8,454,863
2016-08-01,27,9,261,668
2016-08-01,28,1,252,332
2016-08-01,28,2,260,662
2016-08-01,28,3,154,418
2016-08-01,28,4,0,109
2016-08-01,28,5,46,265
2016-08-01,28,6,103,327
2016-08-01,28,7,0,37
2016-08-01,28,8,1102,1290
2016-08-01,28,9,829,1035
2016-08-01,29,1,83,242
2016-08-01,29,2,93,476
2016-08-01,29,3,33,248
2016-08-01,29,4,0,28
2016-08-01,29,5,24,164
2016-08-01,29,6,16,195
2016-08-01,29,7,0,17
2016-08-01,29,8,259,896
2016-08-01,29,9,260,720
2016-08-01,30,1,268,288
2016-08-01,30,2,219,575
2016-08-01,30,3,105,346
2016-08-01,30,4,0,50
2016-08-01,30,5,54,239
2016-08-01,30,6,75,264
2016-08-01,30,7,0,39
2016-08-01,30,8,942,1123
2016-08-01,30,9,788,892
2016-08-01,31,1,131,288
2016-08-01,31,2,172,572
2016-08-01,31,3,92,323
2016-08-01,31,4,0,68
2016-08-01,31,5,38,214
2016-08-01,31,6,36,281
2016-08-01,31,7,0,28
2016-08-01,31,8,604,1098
2016-08-01,31,9,590,890
2016-08-01,32,1,206,358
2016-08-01,32,2,187,708
2016-08-01,32,3,73,388
2016-08-01,32,4,0,78
2016-08-01,32,5,41,278
2016-08-01,32,6,64,334
2016-08-01,32,7,0,39
2016-08-01,32,8,950,1355
2016-08-01,32,9,500,1079
2016-08-01,33,1,274,256
2016-08-01,33,2,208,511
2016-08-01,33,3,282,302
2016-08-01,33,4,0,81
2016-08-01,33,5,63,203
2016-08-01,33,6,183,232
2016-08-01,33,7,0,34
2016-08-01,33,8,2297,992
2016-08-01,33,9,984,784
2016-09-01,1,1,93,220
2016-09-01,1,2,148,433
2016-09-01,1,3,74,243
2016-09-01,1,4,0,67
2016-09-01,1,5,35,162
2016-09-01,1,6,48,206
2016-09-01,1,7,0,26
2016-09-01,1,8,465,845
2016-09-01,1,9,500,678
2016-09-01,2,1,224,422
2016-09-01,2,2,166,831
2016-09-01,2,3,90,439
2016-09-01,2,4,0,77
2016-09-01,2,5,42,290
2016-09-01,2,6,37,366
2016-09-01,2,7,0,34
2016-09-01,2,8,914,1585
2016-09-01,2,9,637,1260
2016-09-01,3,1,87,292
2016-09-01,3,2,145,573
2016-09-01,3,3,51,308
2016-09-01,3,4,0,44
2016-09-01,3,5,34,186
2016-09-01,3,6,16,240
2016-09-01,3,7,0,18
2016-09-01,3,8,390,1047
2016-09-01,3,9,383,863
2016-09-01,4,1,188,346
2016-09-01,4,2,161,680
2016-09-01,4,3,175,435
2016-09-01,4,4,0,86
2016-09-01,4,5,43,266
2016-09-01,4,6,59,316
2016-09-01,4,7,0,33
2016-09-01,4,8,805,1307
2016-09-01,4,9,754,1074
2016-09-01,5,1,164,394
2016-09-01,5,2,175,782
2016-09-01,5,3,44,392
2016-09-01,5,4,0,79
2016-09-01,5,5,27,262
2016-09-01,5,6,39,321
2016-09-01,5,7,0,24
2016-09-01,5,8,606,1449
2016-09-01,5,9,540,1148
2016-09-01,6,1,185,266
2016-09-01,6,2,147,531
2016-09-01,6,3,118,315
2016-09-01,6,4,0,71
2016-09-01,6,5,42,215
2016-09-01,6,6,78,248
2016-09-01,6,7,0,24
2016-09-01,6,8,1204,1030
2016-09-01,6,9,651,804
2016-09-01,7,1,0,5
2016-09-01,7,2,0,11
2016-09-01,7,3,1,7
2016-09-01,7,5,1,4
2016-09-01,7,6,0,5
2016-09-01,7,8,14,33
2016-09-01,7,9,3,25
2016-09-01,8,1,223,440
2016-09-01,8,2,275,872
2016-09-01,8,3,104,481
2016-09-01,8,4,0,87
2016-09-01,8,5,76,283
2016-09-01,8,6,145,405
2016-09-01,8,7,0,47
2016-09-01,8,8,770,1632
2016-09-01,8,9,863,1328
2016-09-01,9,1,221,392
2016-09-01,9,2,232,778
2016-09-01,9,3,113,465
2016-09-01,9,4,0,79
2016-09-01,9,5,34,292
2016-09-01,9,6,57,351
2016-09-01,9,7,0,37
2016-09-01,9,8,840,1489
2016-09-01,9,9,807,1204
2016-09-01,10,1,195,366
2016-09-01,10,2,165,720
2016-09-01,10,3,77,408
2016-09-01,10,4,0,90
2016-09-01,10,5,39,273
2016-09-01,10,6,84,329
2016-09-01,10,7,0,35
2016-09-01,10,8,701,1393
2016-09-01,10,9,639,1119
2016-09-01,11,1,126,302
2016-09-01,11,2,201,600
2016-09-01,11,3,75,345
2016-09-01,11,4,0,56
2016-09-01,11,5,44,204
2016-09-01,11,6,46,280
2016-09-01,11,7,0,27
2016-09-01,11,8,679,1151
2016-09-01,11,9,784,935
2016-09-01,12,1,221,288
2016-09-01,12,2,174,573
2016-09-01,12,3,102,359
2016-09-01,12,4,0,70
2016-09-01,12,5,49,253
2016-09-01,12,6,101,270
2016-09-01,12,7,0,39
2016-09-01,12,8,1003,1115
2016-09-01,12,9,773,901
2016-09-01,13,1,153,226
2016-09-01,13,2,111,449
2016-09-01,13,3,103,295
2016-09-01,13,4,0,45
2016-09-01,13,5,33,205
2016-09-01,13,6,39,201
2016-09-01,13,7,0,36
2016-09-01,13,8,693,893
2016-09-01,13,9,498,694
2016-09-01,14,1,217,290
2016-09-01,14,2,202,578
2016-09-01,14,3,127,328
2016-09-01,14,4,0,96
2016-09-01,14,5,45,220
2016-09-01,14,6,97,273
2016-09-01,14,7,0,35
2016-09-01,14,8,976,1115
2016-09-01,14,9,717,897
2016-09-01,15,1,137,274
2016-09-01,15,2,82,537
2016-09-01,15,3,34,289
2016-09-01,15,4,0,44
2016-09-01,15,5,16,187
2016-09-01,15,6,46,222
2016-09-01,15,7,0,24
2016-09-01,15,8,410,999
2016-09-01,15,9,365,810
2016-09-01,16,1,151,300
2016-09-01,16,2,118,594
2016-09-01,16,3,62,302
2016-09-01,16,4,0,51
2016-09-01,16,5,34,195
2016-09-01,16,6,20,256
2016-09-01,16,7,0,18
2016-09-01,16,8,469,1100
2016-09-01,16,9,510,884
2016-09-01,17,1,167,322
2016-09-01,17,2,199,635
2016-09-01,17,3,63,348
2016-09-01,17,4,0,80
2016-09-01,17,5,109,214
2016-09-01,17,6,57,276
2016-09-01,17,7,0,33
2016-09-01,17,8,799,1223
2016-09-01,17,9,660,967
2016-09-01,18,1,151,284
2016-09-01,18,2,164,565
2016-09-01,18,3,75,314
2016-09-01,18,4,0,65
2016-09-01,18,5,56,218
2016-09-01,18,6,31,241
2016-09-01,18,7,0,33
2016-09-01,18,8,804,1092
2016-09-01,18,9,605,854
2016-09-01,19,1,148,246
2016-09-01,19,2,149,491
2016-09-01,19,3,148,316
2016-09-01,19,4,0,48
2016-09-01,19,5,28,213
2016-09-01,19,6,73,243
2016-09-01,19,7,0,38
2016-09-01,19,8,962,961
2016-09-01,19,9,591,770
2016-09-01,20,1,146,206
2016-09-01,20,2,85,412
2016-09-01,20,3,136,246
2016-09-01,20,4,0,57
2016-09-01,20,5,25,185
2016-09-01,20,6,48,188
2016-09-01,20,7,0,24
2016-09-01,20,8,878,808
2016-09-01,20,9,391,622
2016-09-01,21,1,59,196
2016-09-01,21,2,98,390
2016-09-01,21,3,62,205
2016-09-01,21,4,0,35
2016-09-01,21,5,13,135
2016-09-01,21,6,14,145
2016-09-01,21,7,0,17
2016-09-01,21,8,365,716
2016-09-01,21,9,291,564
2016-09-01,22,1,215,356
2016-09-01,22,2,234,709
2016-09-01,22,3,198,445
2016-09-01,22,4,0,90
2016-09-01,22,5,61,294
2016-09-01,22,6,131,351
2016-09-01,22,7,0,53
2016-09-01,22,8,1102,1394
2016-09-01,22,9,913,1114
2016-09-01,23,1,145,338
2016-09-01,23,2,209,673
2016-09-01,23,3,133,405
2016-09-01,23,4,0,102
2016-09-01,23,5,31,253
2016-09-01,23,6,74,323
2016-09-01,23,7,0,44
2016-09-01,23,8,575,1300
2016-09-01,23,9,718,1054
2016-09-01,24,1,114,248
2016-09-01,24,2,114,490
2016-09-01,24,3,30,270
2016-09-01,24,4,0,53
2016-09-01,24,5,19,180
2016-09-01,24,6,18,219
2016-09-01,24,7,0,24
2016-09-01,24,8,424,937
2016-09-01,24,9,333,726
2016-09-01,25,1,144,328
2016-09-01,25,2,191,652
2016-09-01,25,3,161,385
2016-09-01,25,4,0,99
2016-09-01,25,5,69,242
2016-09-01,25,6,114,319
2016-09-01,25,7,0,36
2016-09-01,25,8,1032,1274
2016-09-01,25,9,745,1030
2016-09-01,26,1,133,322
2016-09-01,26,2,148,637
2016-09-01,26,3,102,338
2016-09-01,26,4,0,79
2016-09-01,26,5,28,230
2016-09-01,26,6,42,300
2016-09-01,26,7,0,26
2016-09-01,26,8,633,1220
2016-09-01,26,9,513,975
2016-09-01,27,1,132,230
2016-09-01,27,2,107,459
2016-09-01,27,3,31,213
2016-09-01,27,4,0,26
2016-09-01,27,5,16,164
2016-09-01,27,6,11,171
2016-09-01,27,7,0,22
2016-09-01,27,8,434,863
2016-09-01,27,9,278,668
2016-09-01,28,1,283,332
2016-09-01,28,2,223,662
2016-09-01,28,3,127,418
2016-09-01,28,4,0,109
2016-09-01,28,5,33,265
2016-09-01,28,6,111,327
2016-09-01,28,7,0,37
2016-09-01,28,8,1218,1290
2016-09-01,28,9,797,1035
2016-09-01,29,1,100,242
2016-09-01,29,2,96,476
2016-09-01,29,3,37,248
2016-09-01,29,4,0,28
2016-09-01,29,5,30,164
2016-09-01,29,6,21,195
2016-09-01,29,7,0,17
2016-09-01,29,8,307,896
2016-09-01,29,9,307,720
2016-09-01,30,1,224,288
2016-09-01,30,2,218,575
2016-09-01,30,3,118,346
2016-09-01,30,4,0,50
2016-09-01,30,5,65,239
2016-09-01,30,6,95,264
2016-09-01,30,7,0,39
2016-09-01,30,8,924,1123
2016-09-01,30,9,844,892
2016-09-01,31,1,118,288
2016-09-01,31,2,140,572
2016-09-01,31,3,84,323
2016-09-01,31,4,0,68
2016-09-01,31,5,43,214
2016-09-01,31,6,33,281
2016-09-01,31,7,0,28
2016-09-01,31,8,639,1098
2016-09-01,31,9,584,890
2016-09-01,32,1,170,358
2016-09-01,32,2,186,708
2016-09-01,32,3,63,388
2016-09-01,32,4,0,78
2016-09-01,32,5,30,278
2016-09-01,32,6,28,334
2016-09-01,32,7,0,39
2016-09-01,32,8,953,1355
2016-09-01,32,9,579,1079
2016-09-01,33,1,246,256
2016-09-01,33,2,147,511
2016-09-01,33,3,173,302
2016-09-01,33,4,0,81
2016-09-01,33,5,68,203
2016-09-01,33,6,167,232
2016-09-01,33,7,0,34
2016-09-01,33,8,2011,992
2016-09-01,33,9,961,784
2016-10-01,1,1,98,220
2016-10-01,1,2,159,433
2016-10-01,1,3,97,243
2016-10-01,1,4,0,67
2016-10-01,1,5,25,162
2016-10-01,1,6,38,206
2016-10-01,1,7,0,26
2016-10-01,1,8,466,845
2016-10-01,1,9,440,678
2016-10-01,2,1,229,422
2016-10-01,2,2,204,831
2016-10-01,2,3,74,439
2016-10-01,2,4,0,77
2016-10-01,2,5,46,290
2016-10-01,2,6,48,366
2016-10-01,2,7,0,34
2016-10-01,2,8,827,1585
2016-10-01,2,9,646,1260
2016-10-01,3,1,113,292
2016-10-01,3,2,164,573
2016-10-01,3,3,65,308
2016-10-01,3,4,0,44
2016-10-01,3,5,24,186
2016-10-01,3,6,18,240
2016-10-01,3,7,0,18
2016-10-01,3,8,359,1047
2016-10-01,3,9,405,863
2016-10-01,4,1,207,346
2016-10-01,4,2,207,680
2016-10-01,4,3,160,435
2016-10-01,4,4,0,86
2016-10-01,4,5,48,266
2016-10-01,4,6,75,316
2016-10-01,4,7,0,33
2016-10-01,4,8,860,1307
2016-10-01,4,9,809,1074
2016-10-01,5,1,122,394
2016-10-01,5,2,203,782
2016-10-01,5,3,67,392
2016-10-01,5,4,0,79
2016-10-01,5,5,41,262
2016-10-01,5,6,46,321
2016-10-01,5,7,0,24
2016-10-01,5,8,677,1449
2016-10-01,5,9,602,1148
2016-10-01,6,1,232,266
2016-10-01,6,2,168,531
2016-10-01,6,3,142,315
2016-10-01,6,4,0,71
2016-10-01,6,5,40,215
2016-10-01,6,6,76,248
2016-10-01,6,7,0,24
2016-10-01,6,8,1250,1030
2016-10-01,6,9,634,804
2016-10-01,7,1,0,5
2016-10-01,7,2,0,11
2016-10-01,7,3,0,7
2016-10-01,7,5,0,4
2016-10-01,7,6,1,5
2016-10-01,7,8,16,33
2016-10-01,7,9,0,25
2016-10-01,8,1,205,440
2016-10-01,8,2,290,872
2016-10-01,8,3,116,481
2016-10-01,8,4,0,87
2016-10-01,8,5,60,283
2016-10-01,8,6,98,405
2016-10-01,8,7,0,47
2016-10-01,8,8,736,1632
2016-10-01,8,9,893,1328
2016-10-01,9,1,222,392
2016-10-01,9,2,176,778
2016-10-01,9,3,138,465
2016-10-01,9,4,0,79
2016-10-01,9,5,61,292
2016-10-01,9,6,62,351
2016-10-01,9,7,0,37
2016-10-01,9,8,855,1489
2016-10-01,9,9,778,1204
2016-10-01,10,1,202,366
2016-10-01,10,2,189,720
2016-10-01,10,3,88,408
2016-10-01,10,4,0,90
2016-10-01,10,5,41,273
2016-10-01,10,6,78,329
2016-10-01,10,7,0,35
2016-10-01,10,8,744,1393
2016-10-01,10,9,630,1119
2016-10-01,11,1,143,302
2016-10-01,11,2,191,600
2016-10-01,11,3,82,345
2016-10-01,11,4,0,56
2016-10-01,11,5,46,204
2016-10-01,11,6,41,280
2016-10-01,11,7,0,27
2016-10-01,11,8,767,1151
2016-10-01,11,9,712,935
2016-10-01,12,1,200,288
2016-10-01,12,2,176,573
2016-10-01,12,3,109,359
2016-10-01,12,4,0,70
2016-10-01,12,5,36,253
2016-10-01,12,6,80,270
2016-10-01,12,7,0,39
2016-10-01,12,8,1104,1115
2016-10-01,12,9,750,901
2016-10-01,13,1,102,226
2016-10-01,13,2,121,449
2016-10-01,13,3,120,295
2016-10-01,13,4,0,45
2016-10-01,13,5,40,205
2016-10-01,13,6,37,201
2016-10-01,13,7,0,36
2016-10-01,13,8,802,893
2016-10-01,13,9,497,694
2016-10-01,14,1,164,290
2016-10-01,14,2,185,578
2016-10-01,14,3,144,328
2016-10-01,14,4,0,96
2016-10-01,14,5,45,220
2016-10-01,14,6,69,273
2016-10-01,14,7,0,35
2016-10-01,14,8,938,1115
2016-10-01,14,9,704,897
2016-10-01,15,1,170,274
2016-10-01,15,2,91,537
2016-10-01,15,3,34,289
2016-10-01,15,4,0,44
2016-10-01,15,5,23,187
2016-10-01,15,6,33,222
2016-10-01,15,7,0,24
2016-10-01,15,8,383,999
2016-10-01,15,9,365,810
2016-10-01,16,1,114,300
2016-10-01,16,2,165,594
2016-10-01,16,3,66,302
2016-10-01,16,4,0,51
2016-10-01,16,5,33,195
2016-10-01,16,6,25,256
2016-10-01,16,7,0,18
2016-10-01,16,8,528,1100
2016-10-01,16,9,473,884
2016-10-01,17,1,220,322
2016-10-01,17,2,192,635
2016-10-01,17,3,73,348
2016-10-01,17,4,0,80
2016-10-01,17,5,114,214
2016-10-01,17,6,48,276
2016-10-01,17,7,0,33
2016-10-01,17,8,794,1223
2016-10-01,17,9,671,967
2016-10-01,18,1,178,284
2016-10-01,18,2,200,565
2016-10-01,18,3,119,314
2016-10-01,18,4,0,65
2016-10-01,18,5,64,218
2016-10-01,18,6,47,241
2016-10-01,18,7,0,33
2016-10-01,18,8,839,1092
2016-10-01,18,9,687,854
2016-10-01,19,1,173,246
2016-10-01,19,2,142,491
2016-10-01,19,3,155,316
2016-10-01,19,4,0,48
2016-10-01,19,5,48,213
2016-10-01,19,6,71,243
2016-10-01,19,7,0,38
2016-10-01,19,8,1032,961
2016-10-01,19,9,651,770
2016-10-01,20,1,133,206
2016-10-01,20,2,75,412
2016-10-01,20,3,124,246
2016-10-01,20,4,0,57
2016-10-01,20,5,28,185
2016-10-01,20,6,49,188
2016-10-01,20,7,0,24
2016-10-01,20,8,835,808
2016-10-01,20,9,351,622
2016-10-01,21,1,76,196
2016-10-01,21,2,98,390
2016-10-01,21,3,70,205
2016-10-01,21,4,0,35
2016-10-01,21,5,12,135
2016-10-01,21,6,14,145
2016-10-01,21,7,0,17
2016-10-01,21,8,331,716
2016-10-01,21,9,258,564
2016-10-01,22,1,243,356
2016-10-01,22,2,240,709
2016-10-01,22,3,192,445
2016-10-01,22,4,0,90
2016-10-01,22,5,64,294
2016-10-01,22,6,119,351
2016-10-01,22,7,0,53
2016-10-01,22,8,1159,1394
2016-10-01,22,9,855,1114
2016-10-01,23,1,167,338
2016-10-01,23,2,193,673
2016-10-01,23,3,115,405
2016-10-01,23,4,0,102
2016-10-01,23,5,31,253
2016-10-01,23,6,96,323
2016-10-01,23,7,0,44
2016-10-01,23,8,663,1300
2016-10-01,23,9,735,1054
2016-10-01,24,1,101,248
2016-10-01,24,2,129,490
2016-10-01,24,3,36,270
2016-10-01,24,4,0,53
2016-10-01,24,5,22,180
2016-10-01,24,6,22,219
2016-10-01,24,7,0,24
2016-10-01,24,8,454,937
2016-10-01,24,9,310,726
2016-10-01,25,1,199,328
2016-10-01,25,2,199,652
2016-10-01,25,3,95,385
2016-10-01,25,4,0,99
2016-10-01,25,5,57,242
2016-10-01,25,6,191,319
2016-10-01,25,7,0,36
2016-10-01,25,8,1208,1274
2016-10-01,25,9,822,1030
2016-10-01,26,1,173,322
2016-10-01,26,2,143,637
2016-10-01,26,3,99,338
2016-10-01,26,4,0,79
2016-10-01,26,5,42,230
2016-10-01,26,6,58,300
2016-10-01,26,7,0,26
2016-10-01,26,8,647,1220
2016-10-01,26,9,522,975
2016-10-01,27,1,99,230
2016-10-01,27,2,90,459
2016-10-01,27,3,19,213
2016-10-01,27,4,0,26
2016-10-01,27,5,13,164
2016-10-01,27,6,7,171
2016-10-01,27,7,0,22
2016-10-01,27,8,430,863
2016-10-01,27,9,260,668
2016-10-01,28,1,271,332
2016-10-01,28,2,219,662
2016-10-01,28,3,147,418
2016-10-01,28,4,0,109
2016-10-01,28,5,35,265
2016-10-01,28,6,120,327
2016-10-01,28,7,0,37
2016-10-01,28,8,1148,1290
2016-10-01,28,9,769,1035
2016-10-01,29,1,89,242
2016-10-01,29,2,107,476
2016-10-01,29,3,29,248
2016-10-01,29,4,0,28
2016-10-01,29,5,24,164
2016-10-01,29,6,13,195
2016-10-01,29,7,0,17
2016-10-01,29,8,300,896
2016-10-01,29,9,285,720
2016-10-01,30,1,247,288
2016-10-01,30,2,218,575
2016-10-01,30,3,130,346
2016-10-01,30,4,0,50
2016-10-01,30,5,53,239
2016-10-01,30,6,109,264
2016-10-01,30,7,0,39
2016-10-01,30,8,1075,1123
2016-10-01,30,9,875,892
2016-10-01,31,1,125,288
2016-10-01,31,2,173,572
2016-10-01,31,3,75,323
2016-10-01,31,4,0,68
2016-10-01,31,5,25,214
2016-10-01,31,6,69,281
2016-10-01,31,7,0,28
2016-10-01,31,8,696,1098
2016-10-01,31,9,600,890
2016-10-01,32,1,178,358
2016-10-01,32,2,177,708
2016-10-01,32,3,66,388
2016-10-01,32,4,0,78
2016-10-01,32,5,32,278
2016-10-01,32,6,58,334
2016-10-01,32,7,0,39
2016-10-01,32,8,1067,1355
2016-10-01,32,9,619,1079
2016-10-01,33,1,280,256
2016-10-01,33,2,172,511
2016-10-01,33,3,158,302
2016-10-01,33,4,0,81
2016-10-01,33,5,58,203
2016-10-01,33,6,132,232
2016-10-01,33,7,0,34
2016-10-01,33,8,2313,992
2016-10-01,33,9,980,784
2016-11-01,1,1,96,220
2016-11-01,1,2,141,433
2016-11-01,1,3,61,243
2016-11-01,1,4,0,67
2016-11-01,1,5,28,162
2016-11-01,1,6,34,206
2016-11-01,1,7,0,26
2016-11-01,1,8,466,845
2016-11-01,1,9,490,678
2016-11-01,2,1,351,422
2016-11-01,2,2,159,831
2016-11-01,2,3,69,439
2016-11-01,2,4,0,77
2016-11-01,2,5,33,290
2016-11-01,2,6,34,366
2016-11-01,2,7,0,34
2016-11-01,2,8,793,1585
2016-11-01,2,9,593,1260
2016-11-01,3,1,137,292
2016-11-01,3,2,155,573
2016-11-01,3,3,47,308
2016-11-01,3,4,0,44
2016-11-01,3,5,21,186
2016-11-01,3,6,17,240
2016-11-01,3,7,0,18
2016-11-01,3,8,368,1047
2016-11-01,3,9,407,863
2016-11-01,4,1,238,346
2016-11-01,4,2,182,680
2016-11-01,4,3,152,435
2016-11-01,4,4,0,86
2016-11-01,4,5,37,266
2016-11-01,4,6,83,316
2016-11-01,4,7,0,33
2016-11-01,4,8,734,1307
2016-11-01,4,9,732,1074
2016-11-01,5,1,182,394
2016-11-01,5,2,182,782
2016-11-01,5,3,45,392
2016-11-01,5,4,0,79
2016-11-01,5,5,28,262
2016-11-01,5,6,37,321
2016-11-01,5,7,0,24
2016-11-01,5,8,720,1449
2016-11-01,5,9,561,1148
2016-11-01,6,1,221,266
2016-11-01,6,2,136,531
2016-11-01,6,3,82,315
2016-11-01,6,4,0,71
2016-11-01,6,5,36,215
2016-11-01,6,6,72,248
2016-11-01,6,7,0,24
2016-11-01,6,8,1292,1030
2016-11-01,6,9,580,804
2016-11-01,7,1,1,5
2016-11-01,7,2,1,11
2016-11-01,7,3,0,7
2016-11-01,7,5,0,4
2016-11-01,7,6,0,5
2016-11-01,7,8,9,33
2016-11-01,7,9,1,25
2016-11-01,8,1,202,440
2016-11-01,8,2,243,872
2016-11-01,8,3,135,481
2016-11-01,8,4,0,87
2016-11-01,8,5,57,283
2016-11-01,8,6,93,405
2016-11-01,8,7,0,47
2016-11-01,8,8,707,1632
2016-11-01,8,9,851,1328
2016-11-01,9,1,210,392
2016-11-01,9,2,191,778
2016-11-01,9,3,116,465
2016-11-01,9,4,0,79
2016-11-01,9,5,59,292
2016-11-01,9,6,51,351
2016-11-01,9,7,0,37
2016-11-01,9,8,820,1489
2016-11-01,9,9,678,1204
2016-11-01,10,1,222,366
2016-11-01,10,2,193,720
2016-11-01,10,3,67,408
2016-11-01,10,4,0,90
2016-11-01,10,5,44,273
2016-11-01,10,6,89,329
2016-11-01,10,7,0,35
2016-11-01,10,8,783,1393
2016-11-01,10,9,562,1119
2016-11-01,11,1,161,302
2016-11-01,11,2,196,600
2016-11-01,11,3,59,345
2016-11-01,11,4,0,56
2016-11-01,11,5,36,204
2016-11-01,11,6,36,280
2016-11-01,11,7,0,27
2016-11-01,11,8,723,1151
2016-11-01,11,9,670,935
2016-11-01,12,1,235,288
2016-11-01,12,2,153,573
2016-11-01,12,3,77,359
2016-11-01,12,4,0,70
2016-11-01,12,5,33,253
2016-11-01,12,6,86,270
2016-11-01,12,7,0,39
2016-11-01,12,8,1014,1115
2016-11-01,12,9,703,901
2016-11-01,13,1,127,226
2016-11-01,13,2,103,449
2016-11-01,13,3,85,295
2016-11-01,13,4,0,45
2016-11-01,13,5,36,205
2016-11-01,13,6,35,201
2016-11-01,13,7,0,36
2016-11-01,13,8,710,893
2016-11-01,13,9,480,694
2016-11-01,14,1,252,290
2016-11-01,14,2,178,578
2016-11-01,14,3,109,328
2016-11-01,14,4,0,96
2016-11-01,14,5,32,220
2016-11-01,14,6,121,273
2016-11-01,14,7,0,35
2016-11-01,14,8,917,1115
2016-11-01,14,9,686,897
2016-11-01,15,1,210,274
2016-11-01,15,2,99,537
2016-11-01,15,3,47,289
2016-11-01,15,4,0,44
2016-11-01,15,5,29,187
2016-11-01,15,6,25,222
2016-11-01,15,7,0,24
2016-11-01,15,8,355,999
2016-11-01,15,9,345,810
2016-11-01,16,1,149,300
2016-11-01,16,2,141,594
2016-11-01,16,3,46,302
2016-11-01,16,4,0,51
2016-11-01,16,5,36,195
2016-11-01,16,6,24,256
2016-11-01,16,7,0,18
2016-11-01,16,8,524,1100
2016-11-01,16,9,483,884
2016-11-01,17,1,229,322
2016-11-01,17,2,195,635
2016-11-01,17,3,76,348
2016-11-01,17,4,0,80
2016-11-01,17,5,110,214
2016-11-01,17,6,47,276
2016-11-01,17,7,0,33
2016-11-01,17,8,777,1223
2016-11-01,17,9,573,967
2016-11-01,18,1,172,284
2016-11-01,18,2,161,565
2016-11-01,18,3,113,314
2016-11-01,18,4,0,65
2016-11-01,18,5,46,218
2016-11-01,18,6,26,241
2016-11-01,18,7,0,33
2016-11-01,18,8,753,1092
2016-11-01,18,9,633,854
2016-11-01,19,1,152,246
2016-11-01,19,2,159,491
2016-11-01,19,3,113,316
2016-11-01,19,4,0,48
2016-11-01,19,5,38,213
2016-11-01,19,6,86,243
2016-11-01,19,7,0,38
2016-11-01,19,8,1105,961
2016-11-01,19,9,586,770
2016-11-01,20,1,99,206
2016-11-01,20,2,79,412
2016-11-01,20,3,111,246
2016-11-01,20,4,0,57
2016-11-01,20,5,29,185
2016-11-01,20,6,36,188
2016-11-01,20,7,0,24
2016-11-01,20,8,782,808
2016-11-01,20,9,376,622
2016-11-01,21,1,86,196
2016-11-01,21,2,89,390
2016-11-01,21,3,48,205
2016-11-01,21,4,0,35
2016-11-01,21,5,15,135
2016-11-01,21,6,7,145
2016-11-01,21,7,0,17
2016-11-01,21,8,311,716
2016-11-01,21,9,248,564
2016-11-01,22,1,264,356
2016-11-01,22,2,213,709
2016-11-01,22,3,229,445
2016-11-01,22,4,0,90
2016-11-01,22,5,43,294
2016-11-01,22,6,103,351
2016-11-01,22,7,0,53
2016-11-01,22,8,1016,1394
2016-11-01,22,9,817,1114
2016-11-01,23,1,172,338
2016-11-01,23,2,184,673
2016-11-01,23,3,107,405
2016-11-01,23,4,0,102
2016-11-01,23,5,54,253
2016-11-01,23,6,70,323
2016-11-01,23,7,0,44
2016-11-01,23,8,593,1300
2016-11-01,23,9,760,1054
2016-11-01,24,1,85,248
2016-11-01,24,2,123,490
2016-11-01,24,3,29,270
2016-11-01,24,4,0,53
2016-11-01,24,5,20,180
2016-11-01,24,6,31,219
2016-11-01,24,7,0,24
2016-11-01,24,8,503,937
2016-11-01,24,9,296,726
2016-11-01,25,1,188,328
2016-11-01,25,2,216,652
2016-11-01,25,3,166,385
2016-11-01,25,4,0,99
2016-11-01,25,5,49,242
2016-11-01,25,6,167,319
2016-11-01,25,7,0,36
2016-11-01,25,8,1103,1274
2016-11-01,25,9,806,1030
2016-11-01,26,1,221,322
2016-11-01,26,2,110,637
2016-11-01,26,3,55,338
2016-11-01,26,4,0,79
2016-11-01,26,5,33,230
2016-11-01,26,6,70,300
2016-11-01,26,7,0,26
2016-11-01,26,8,650,1220
2016-11-01,26,9,476,975
2016-11-01,27,1,136,230
2016-11-01,27,2,116,459
2016-11-01,27,3,33,213
2016-11-01,27,4,0,26
2016-11-01,27,5,19,164
2016-11-01,27,6,5,171
2016-11-01,27,7,0,22
2016-11-01,27,8,355,863
2016-11-01,27,9,242,668
2016-11-01,28,1,257,332
2016-11-01,28,2,173,662
2016-11-01,28,3,164,418
2016-11-01,28,4,0,109
2016-11-01,28,5,39,265
2016-11-01,28,6,131,327
2016-11-01,28,7,0,37
2016-11-01,28,8,1028,1290
2016-11-01,28,9,736,1035
2016-11-01,29,1,109,242
2016-11-01,29,2,139,476
2016-11-01,29,3,37,248
2016-11-01,29,4,0,28
2016-11-01,29,5,8,164
2016-11-01,29,6,17,195
2016-11-01,29,7,0,17
2016-11-01,29,8,338,896
2016-11-01,29,9,312,720
2016-11-01,30,1,295,288
2016-11-01,30,2,196,575
2016-11-01,30,3,125,346
2016-11-01,30,4,0,50
2016-11-01,30,5,54,239
2016-11-01,30,6,126,264
2016-11-01,30,7,0,39
2016-11-01,30,8,958,1123
2016-11-01,30,9,747,892
2016-11-01,31,1,186,288
2016-11-01,31,2,155,572
2016-11-01,31,3,58,323
2016-11-01,31,4,0,68
2016-11-01,31,5,35,214
2016-11-01,31,6,51,281
2016-11-01,31,7,0,28
2016-11-01,31,8,642,1098
2016-11-01,31,9,592,890
2016-11-01,32,1,149,358
2016-11-01,32,2,130,708
2016-11-01,32,3,67,388
2016-11-01,32,4,0,78
2016-11-01,32,5,17,278
2016-11-01,32,6,39,334
2016-11-01,32,7,0,39
2016-11-01,32,8,976,1355
2016-11-01,32,9,526,1079
2016-11-01,33,1,272,256
2016-11-01,33,2,201,511
2016-11-01,33,3,166,302
2016-11-01,33,4,0,81
2016-11-01,33,5,50,203
2016-11-01,33,6,134,232
2016-11-01,33,7,0,34
2016-11-01,33,8,2559,992
2016-11-01,33,9,893,784
2016-12-01,1,1,119,220
2016-12-01,1,2,131,433
2016-12-01,1,3,60,243
2016-12-01,1,4,0,67
2016-12-01,1,5,26,162
2016-12-01,1,6,40,206
2016-12-01,1,7,0,26
2016-12-01,1,8,450,845
2016-12-01,1,9,452,678
2016-12-01,2,1,282,422
2016-12-01,2,2,159,831
2016-12-01,2,3,58,439
2016-12-01,2,4,0,77
2016-12-01,2,5,26,290
2016-12-01,2,6,33,366
2016-12-01,2,7,0,34
2016-12-01,2,8,833,1585
2016-12-01,2,9,584,1260
2016-12-01,3,1,135,292
2016-12-01,3,2,139,573
2016-12-01,3,3,44,308
2016-12-01,3,4,0,44
2016-12-01,3,5,26,186
2016-12-01,3,6,21,240
2016-12-01,3,7,0,18
2016-12-01,3,8,423,1047
2016-12-01,3,9,394,863
2016-12-01,4,1,266,346
2016-12-01,4,2,177,680
2016-12-01,4,3,163,435
2016-12-01,4,4,0,86
2016-12-01,4,5,33,266
2016-12-01,4,6,94,316
2016-12-01,4,7,0,33
2016-12-01,4,8,783,1307
2016-12-01,4,9,769,1074
2016-12-01,5,1,239,394
2016-12-01,5,2,193,782
2016-12-01,5,3,60,392
2016-12-01,5,4,0,79
2016-12-01,5,5,30,262
2016-12-01,5,6,37,321
2016-12-01,5,7,0,24
2016-12-01,5,8,691,1449
2016-12-01,5,9,610,1148
2016-12-01,6,1,245,266
2016-12-01,6,2,159,531
2016-12-01,6,3,103,315
2016-12-01,6,4,0,71
2016-12-01,6,5,30,215
2016-12-01,6,6,111,248
2016-12-01,6,7,0,24
2016-12-01,6,8,1309,1030
2016-12-01,6,9,671,804
2016-12-01,7,1,0,5
2016-12-01,7,2,0,11
2016-12-01,7,3,1,7
2016-12-01,7,5,1,4
2016-12-01,7,6,0,5
2016-12-01,7,8,31,33
2016-12-01,7,9,1,25
2016-12-01,8,1,245,440
2016-12-01,8,2,260,872
2016-12-01,8,3,155,481
2016-12-01,8,4,0,87
2016-12-01,8,5,52,283
2016-12-01,8,6,75,405
2016-12-01,8,7,0,47
2016-12-01,8,8,761,1632
2016-12-01,8,9,839,1328
2016-12-01,9,1,246,392
2016-12-01,9,2,215,778
2016-12-01,9,3,96,465
2016-12-01,9,4,0,79
2016-12-01,9,5,52,292
2016-12-01,9,6,57,351
2016-12-01,9,7,0,37
2016-12-01,9,8,872,1489
2016-12-01,9,9,768,1204
2016-12-01,10,1,221,366
2016-12-01,10,2,192,720
2016-12-01,10,3,54,408
2016-12-01,10,4,0,90
2016-12-01,10,5,31,273
2016-12-01,10,6,69,329
2016-12-01,10,7,0,35
2016-12-01,10,8,647,1393
2016-12-01,10,9,565,1119
2016-12-01,11,1,188,302
2016-12-01,11,2,168,600
2016-12-01,11,3,72,345
2016-12-01,11,4,0,56
2016-12-01,11,5,39,204
2016-12-01,11,6,37,280
2016-12-01,11,7,0,27
2016-12-01,11,8,681,1151
2016-12-01,11,9,695,935
2016-12-01,12,1,212,288
2016-12-01,12,2,159,573
2016-12-01,12,3,87,359
2016-12-01,12,4,0,70
2016-12-01,12,5,28,253
2016-12-01,12,6,99,270
2016-12-01,12,7,0,39
2016-12-01,12,8,1062,1115
2016-12-01,12,9,707,901
2016-12-01,13,1,142,226
2016-12-01,13,2,122,449
2016-12-01,13,3,74,295
2016-12-01,13,4,0,45
2016-12-01,13,5,38,205
2016-12-01,13,6,48,201
2016-12-01,13,7,0,36
2016-12-01,13,8,691,893
2016-12-01,13,9,516,694
2016-12-01,14,1,222,290
2016-12-01,14,2,205,578
2016-12-01,14,3,119,328
2016-12-01,14,4,0,96
2016-12-01,14,5,30,220
2016-12-01,14,6,170,273
2016-12-01,14,7,0,35
2016-12-01,14,8,969,1115
2016-12-01,14,9,679,897
2016-12-01,15,1,212,274
2016-12-01,15,2,131,537
2016-12-01,15,3,37,289
2016-12-01,15,4,0,44
2016-12-01,15,5,19,187
2016-12-01,15,6,21,222
2016-12-01,15,7,0,24
2016-12-01,15,8,409,999
2016-12-01,15,9,329,810
2016-12-01,16,1,185,300
2016-12-01,16,2,145,594
2016-12-01,16,3,52,302
2016-12-01,16,4,0,51
2016-12-01,16,5,26,195
2016-12-01,16,6,26,256
2016-12-01,16,7,0,18
2016-12-01,16,8,492,1100
2016-12-01,16,9,501,884
2016-12-01,17,1,287,322
2016-12-01,17,2,225,635
2016-12-01,17,3,98,348
2016-12-01,17,4,0,80
2016-12-01,17,5,127,214
2016-12-01,17,6,30,276
2016-12-01,17,7,0,33
2016-12-01,17,8,906,1223
2016-12-01,17,9,627,967
2016-12-01,18,1,166,284
2016-12-01,18,2,158,565
2016-12-01,18,3,84,314
2016-12-01,18,4,0,65
2016-12-01,18,5,54,218
2016-12-01,18,6,35,241
2016-12-01,18,7,0,33
2016-12-01,18,8,719,1092
2016-12-01,18,9,583,854
2016-12-01,19,1,175,246
2016-12-01,19,2,124,491
2016-12-01,19,3,106,316
2016-12-01,19,4,0,48
2016-12-01,19,5,43,213
2016-12-01,19,6,84,243
2016-12-01,19,7,0,38
2016-12-01,19,8,1167,961
2016-12-01,19,9,626,770
2016-12-01,20,1,145,206
2016-12-01,20,2,88,412
2016-12-01,20,3,95,246
2016-12-01,20,4,0,57
2016-12-01,20,5,31,185
2016-12-01,20,6,59,188
2016-12-01,20,7,0,24
2016-12-01,20,8,836,808
2016-12-01,20,9,350,622
2016-12-01,21,1,123,196
2016-12-01,21,2,86,390
2016-12-01,21,3,47,205
2016-12-01,21,4,0,35
2016-12-01,21,5,12,135
2016-12-01,21,6,11,145
2016-12-01,21,7,0,17
2016-12-01,21,8,310,716
2016-12-01,21,9,292,564
2016-12-01,22,1,282,356
2016-12-01,22,2,243,709
2016-12-01,22,3,156,445
2016-12-01,22,4,0,90
2016-12-01,22,5,42,294
2016-12-01,22,6,113,351
2016-12-01,22,7,0,53
2016-12-01,22,8,1040,1394
2016-12-01,22,9,783,1114
2016-12-01,23,1,166,338
2016-12-01,23,2,215,673
2016-12-01,23,3,96,405
2016-12-01,23,4,0,102
2016-12-01,23,5,40,253
2016-12-01,23,6,72,323
2016-12-01,23,7,0,44
2016-12-01,23,8,614,1300
2016-12-01,23,9,749,1054
2016-12-01,24,1,143,248
2016-12-01,24,2,103,490
2016-12-01,24,3,43,270
2016-12-01,24,4,0,53
2016-12-01,24,5,20,180
2016-12-01,24,6,25,219
2016-12-01,24,7,0,24
2016-12-01,24,8,359,937
2016-12-01,24,9,300,726
2016-12-01,25,1,222,328
2016-12-01,25,2,210,652
2016-12-01,25,3,110,385
2016-12-01,25,4,0,99
2016-12-01,25,5,55,242
2016-12-01,25,6,188,319
2016-12-01,25,7,0,36
2016-12-01,25,8,1116,1274
2016-12-01,25,9,802,1030
2016-12-01,26,1,243,322
2016-12-01,26,2,104,637
2016-12-01,26,3,52,338
2016-12-01,26,4,0,79
2016-12-01,26,5,28,230
2016-12-01,26,6,48,300
2016-12-01,26,7,0,26
2016-12-01,26,8,604,1220
2016-12-01,26,9,481,975
2016-12-01,27,1,138,230
2016-12-01,27,2,82,459
2016-12-01,27,3,18,213
2016-12-01,27,4,0,26
2016-12-01,27,5,16,164
2016-12-01,27,6,9,171
2016-12-01,27,7,0,22
2016-12-01,27,8,346,863
2016-12-01,27,9,251,668
2016-12-01,28,1,267,332
2016-12-01,28,2,218,662
2016-12-01,28,3,156,418
2016-12-01,28,4,0,109
2016-12-01,28,5,40,265
2016-12-01,28,6,135,327
2016-12-01,28,7,0,37
2016-12-01,28,8,1048,1290
2016-12-01,28,9,739,1035
2016-12-01,29,1,117,242
2016-12-01,29,2,95,476
2016-12-01,29,3,21,248
2016-12-01,29,4,0,28
2016-12-01,29,5,24,164
2016-12-01,29,6,11,195
2016-12-01,29,7,0,17
2016-12-01,29,8,313,896
2016-12-01,29,9,290,720
2016-12-01,30,1,254,288
2016-12-01,30,2,193,575
2016-12-01,30,3,120,346
2016-12-01,30,4,0,50
2016-12-01,30,5,44,239
2016-12-01,30,6,143,264
2016-12-01,30,7,0,39
2016-12-01,30,8,935,1123
2016-12-01,30,9,716,892
2016-12-01,31,1,208,288
2016-12-01,31,2,184,572
2016-12-01,31,3,45,323
2016-12-01,31,4,0,68
2016-12-01,31,5,30,214
2016-12-01,31,6,63,281
2016-12-01,31,7,0,28
2016-12-01,31,8,562,1098
2016-12-01,31,9,626,890
2016-12-01,32,1,202,358
2016-12-01,32,2,169,708
2016-12-01,32,3,50,388
2016-12-01,32,4,0,78
2016-12-01,32,5,34,278
2016-12-01,32,6,53,334
2016-12-01,32,7,0,39
2016-12-01,32,8,881,1355
2016-12-01,32,9,524,1079
2016-12-01,33,1,307,256
2016-12-01,33,2,224,511
2016-12-01,33,3,124,302
2016-12-01,33,4,0,81
2016-12-01,33,5,44,203
2016-12-01,33,6,221,232
2016-12-01,33,7,0,34
2016-12-01,33,8,2868,992
2016-12-01,33,9,963,784
