ano,bairro,lsoa_code,crimes,crimes_violencia_pessoa,posicao,lsoas_bairro,total_bairro,participacao_bairro
2008,Barking and Dagenham,E01000010,1091,258,1,110,17656,0.0617920253738106
2008,Barking and Dagenham,E01000095,496,101,2,110,17656,0.02809243316719529
2008,Barking and Dagenham,E01000092,379,52,3,110,17656,0.02146579066606253
2008,Barking and Dagenham,E01000030,353,80,4,110,17656,0.01999320344358858
2008,Barking and Dagenham,E01000007,344,117,5,110,17656,0.019483461712732214
2008,Barking and Dagenham,E01000060,342,113,6,110,17656,0.01937018577254191
2008,Barking and Dagenham,E01000105,326,79,7,110,17656,0.018463978251019482
2008,Barking and Dagenham,E01000009,321,93,8,110,17656,0.018180788400543723
2008,Barking and Dagenham,E01000013,300,103,9,110,17656,0.016991391028545536
2008,Barking and Dagenham,E01000096,265,68,10,110,17656,0.015009062075215225
2008,Barking and Dagenham,E01000035,258,62,11,110,17656,0.014612596284549162
2008,Barnet,E01000307,907,78,1,211,23944,0.03788005345806883
2008,Barnet,E01000141,441,123,2,211,23944,0.018417975275643168
2008,Barnet,E01000146,422,54,3,211,23944,0.017624457066488474
2008,Barnet,E01000193,353,40,4,211,23944,0.014742733043768793
2008,Barnet,E01000221,337,35,5,211,23944,0.014074507183427998
2008,Barnet,E01000310,332,81,6,211,23944,0.0138656866020715
2008,Barnet,E01000250,311,58,7,211,23944,0.012988640160374206
2008,Barnet,E01000129,303,93,8,211,23944,0.01265452723020381
2008,Barnet,E01000245,300,67,9,211,23944,0.01252923488138991
2008,Barnet,E01000314,288,35,10,211,23944,0.012028065486134313
2008,Barnet,E01000323,285,74,11,211,23944,0.011902773137320414
2008,Barnet,E01000171,249,58,12,211,23944,0.010399264951553626
2008,Barnet,E01000164,246,53,13,211,23944,0.010273972602739725
2008,Barnet,E01000237,241,38,14,211,23944,0.010065152021383228
2008,Barnet,E01000316,240,48,15,211,23944,0.010023387905111928
2008,Barnet,E01000211,237,36,16,211,23944,0.00989809555629803
2008,Barnet,E01000243,234,43,17,211,23944,0.009772803207484129
2008,Barnet,E01000223,232,38,18,211,23944,0.00968927497494153
2008,Barnet,E01000192,218,48,19,211,23944,0.009104577347143334
2008,Barnet,E01000299,213,55,20,211,23944,0.008895756765786836
2008,Barnet,E01000150,207,35,21,211,23944,0.008645172068159037
2008,Barnet,E01000296,194,34,22,211,23944,0.008102238556632141
2008,Bexley,E01000360,597,140,1,146,15305,0.03900686050310356
2008,Bexley,E01000362,506,114,2,146,15305,0.03306109114668409
2008,Bexley,E01000403,468,114,3,146,15305,0.03057824240444299
2008,Bexley,E01000378,341,97,4,146,15305,0.022280300555374062
2008,Bexley,E01000429,288,48,5,146,15305,0.018817379941195686
2008,Bexley,E01000457,285,72,6,146,15305,0.018621365566808233
2008,Bexley,E01000404,283,88,7,146,15305,0.018490689317216594
2008,Bexley,E01000414,259,66,8,146,15305,0.016922574322116954
2008,Bexley,E01000433,255,79,9,146,15305,0.016661221822933683
2008,Bexley,E01000392,243,44,10,146,15305,0.01587716432538386
2008,Bexley,E01000336,234,50,11,146,15305,0.015289121202221496
2008,Bexley,E01000335,227,46,12,146,15305,0.014831754328650767
2008,Bexley,E01000447,217,52,13,146,15305,0.014178373080692584
2008,Bexley,E01000333,213,49,14,146,15305,0.01391702058150931
2008,Bexley,E01000439,212,55,15,146,15305,0.013851682456713492
2008,Brent,E01000601,507,89,1,173,23504,0.02157079646017699
2008,Brent,E01000600,504,116,2,173,23504,0.021443158611300205
2008,Brent,E01000635,468,120,3,173,23504,0.01991150442477876
2008,Brent,E01000642,403,90,4,173,23504,0.017146017699115043
2008,Brent,E01000548,393,100,5,173,23504,0.016720558202859087
2008,Brent,E01000521,390,95,6,173,23504,0.016592920353982302
2008,Brent,E01000524,350,88,7,173,23504,0.014891082368958475
2008,Brent,E01000510,342,134,8,173,23504,0.01455071477195371
2008,Brent,E01000583,321,83,9,173,23504,0.013657249829816202
2008,Brent,E01000586,310,55,10,173,23504,0.013189244383934649
2008,Brent,E01000482,297,92,11,173,23504,0.012636147038801906
2008,Brent,E01000633,275,68,12,173,23504,0.011700136147038801
2008,Brent,E01000568,274,67,13,173,23504,0.011657590197413206
2008,Brent,E01000545,272,73,14,173,23504,0.011572498298162015
2008,Brent,E01000556,272,54,15,173,23504,0.011572498298162015
2008,Brent,E01000643,267,68,16,173,23504,0.011359768550034037
2008,Brent,E01000523,262,73,17,173,23504,0.011147038801906059
2008,Brent,E01000508,258,75,18,173,23504,0.010976855003403676
2008,Bromley,E01000676,1256,262,1,197,24015,0.05230064542993962
2008,Bromley,E01000675,888,260,2,197,24015,0.03697688944409744
2008,Bromley,E01000790,489,107,3,197,24015,0.020362273579013115
2008,Bromley,E01000677,483,98,4,197,24015,0.020112429731417865
2008,Bromley,E01000714,419,121,5,197,24015,0.017447428690401834
2008,Bromley,E01000740,327,74,6,197,24015,0.013616489693941287
2008,Bromley,E01000799,327,100,7,197,24015,0.013616489693941287
2008,Bromley,E01000719,308,48,8,197,24015,0.012825317509889652
2008,Bromley,E01000729,280,66,9,197,24015,0.011659379554445138
2008,Bromley,E01000720,269,59,10,197,24015,0.011201332500520508
2008,Bromley,E01000725,249,45,11,197,24015,0.010368519675202997
2008,Bromley,E01000806,230,81,12,197,24015,0.009577347491151364
2008,Bromley,E01000738,229,29,13,197,24015,0.009535706849885488
2008,Bromley,E01000722,227,33,14,197,24015,0.009452425567353737
2008,Bromley,E01000730,221,56,15,197,24015,0.009202581719758485
2008,Bromley,E01000797,220,49,16,197,24015,0.009160941078492609
2008,Bromley,E01000693,219,25,17,197,24015,0.009119300437226733
2008,Bromley,E01000743,219,76,18,197,24015,0.009119300437226733
2008,Bromley,E01000727,218,32,19,197,24015,0.009077659795960858
2008,Bromley,E01000835,215,35,20,197,24015,0.008952737872163231
2008,Camden,E01000863,2376,621,1,133,32010,0.07422680412371134
2008,Camden,E01000914,1308,135,2,133,32010,0.040862230552952204
2008,Camden,E01000918,1271,174,3,133,32010,0.039706341768197435
2008,Camden,E01000919,1243,203,4,133,32010,0.038831615120274915
2008,Camden,E01000855,1132,98,5,133,32010,0.03536394876601062
2008,Camden,E01000947,1050,192,6,133,32010,0.03280224929709466
2008,Camden,E01000854,1043,119,7,133,32010,0.032583567635114025
2008,Camden,E01000850,878,108,8,133,32010,0.027428928459856294
2008,Camden,E01000862,671,52,9,133,32010,0.020962199312714775
2008,Camden,E01000861,594,137,10,133,32010,0.018556701030927835
2008,Camden,E01000856,542,146,11,133,32010,0.016932208684786003
2008,Camden,E01000858,457,85,12,133,32010,0.014276788503592628
2008,Camden,E01000916,452,64,13,133,32010,0.014120587316463606
2008,Camden,E01000851,443,43,14,133,32010,0.013839425179631366
2008,City of London,E01000001,0,0,1,6,0,
2008,Croydon,E01001043,1672,475,1,220,29516,0.056647242173736276
2008,Croydon,E01001014,1044,206,2,220,29516,0.03537064642905543
2008,Croydon,E01001048,762,143,3,220,29516,0.025816506301666892
2008,Croydon,E01001045,709,171,4,220,29516,0.024020870036590324
2008,Croydon,E01001010,523,55,5,220,29516,0.01771920314405746
2008,Croydon,E01001013,459,130,6,220,29516,0.01555088765415368
2008,Croydon,E01001042,406,108,7,220,29516,0.01375525138907711
2008,Croydon,E01001097,398,85,8,220,29516,0.013484211952839139
2008,Croydon,E01001155,319,73,9,220,29516,0.01080769751998916
2008,Croydon,E01001136,311,86,10,220,29516,0.010536658083751186
2008,Croydon,E01001172,294,49,11,220,29516,0.009960699281745493
2008,Croydon,E01001117,288,71,12,220,29516,0.009757419704567014
2008,Croydon,E01001076,283,59,13,220,29516,0.009588020056918282
2008,Croydon,E01001178,278,67,14,220,29516,0.009418620409269548
2008,Croydon,E01001154,267,97,15,220,29516,0.009045941184442336
2008,Croydon,E01001164,265,63,16,220,29516,0.008978181325382844
2008,Croydon,E01001011,251,71,17,220,29516,0.008503862311966391
2008,Croydon,E01001087,246,53,18,220,29516,0.008334462664317659
2008,Croydon,E01001145,246,66,19,220,29516,0.008334462664317659
2008,Croydon,E01001191,231,59,20,220,29516,0.007826263721371459
2008,Croydon,E01001181,230,44,21,220,29516,0.007792383791841713
2008,Croydon,E01001118,225,51,22,220,29516,0.00762298414419298
2008,Ealing,E01001221,1506,421,1,196,28947,0.052026116696030675
2008,Ealing,E01001361,895,222,2,196,28947,0.030918575327322347
2008,Ealing,E01001351,578,186,3,196,28947,0.019967526859432757
2008,Ealing,E01001247,568,87,4,196,28947,0.019622067917228037
2008,Ealing,E01001367,446,128,5,196,28947,0.015407468822330466
2008,Ealing,E01001202,442,129,6,196,28947,0.015269285245448579
2008,Ealing,E01001261,423,118,7,196,28947,0.014612913255259612
2008,Ealing,E01001225,387,122,8,196,28947,0.013369261063322624
2008,Ealing,E01001337,374,181,9,196,28947,0.01292016443845649
2008,Ealing,E01001387,366,72,10,196,28947,0.012643797284692714
2008,Ealing,E01001249,358,84,11,196,28947,0.012367430130928938
2008,Ealing,E01001333,327,72,12,196,28947,0.01129650741009431
2008,Ealing,E01001389,309,75,13,196,28947,0.010674681314125816
2008,Ealing,E01001388,299,96,14,196,28947,0.010329222371921097
2008,Ealing,E01001338,278,70,15,196,28947,0.009603758593291187
2008,Ealing,E01001252,276,88,16,196,28947,0.009534666804850244
2008,Ealing,E01001323,266,45,17,196,28947,0.009189207862645524
2008,Ealing,E01001246,258,39,18,196,28947,0.00891284070888175
2008,Ealing,E01001215,257,98,19,196,28947,0.008878294814661278
2008,Ealing,E01001381,256,43,20,196,28947,0.008843748920440805
2008,Enfield,E01001429,518,120,1,183,21980,0.02356687898089172
2008,Enfield,E01001559,464,58,2,183,21980,0.02111010009099181
2008,Enfield,E01001450,420,62,3,183,21980,0.01910828025477707
2008,Enfield,E01001519,409,65,4,183,21980,0.018607825295723385
2008,Enfield,E01001558,406,70,5,183,21980,0.018471337579617834
2008,Enfield,E01001513,371,56,6,183,21980,0.016878980891719745
2008,Enfield,E01001507,339,47,7,183,21980,0.015423111919927207
2008,Enfield,E01001439,328,79,8,183,21980,0.01492265696087352
2008,Enfield,E01001437,321,31,9,183,21980,0.014604185623293903
2008,Enfield,E01001427,313,38,10,183,21980,0.01424021838034577
2008,Enfield,E01001425,305,65,11,183,21980,0.013876251137397634
2008,Enfield,E01001536,272,47,12,183,21980,0.012374886260236579
2008,Enfield,E01001498,270,38,13,183,21980,0.012283894449499545
2008,Enfield,E01001555,268,61,14,183,21980,0.012192902638762512
2008,Enfield,E01001432,252,40,15,183,21980,0.011464968152866241
2008,Enfield,E01001554,242,32,16,183,21980,0.011010009099181074
2008,Enfield,E01001458,223,48,17,183,21980,0.010145586897179254
2008,Enfield,E01001430,202,42,18,183,21980,0.009190172884440401
2008,Enfield,E01001412,191,30,19,183,21980,0.008689717925386715
2008,Greenwich,E01001667,687,197,1,151,22010,0.031213084961381192
2008,Greenwich,E01001615,565,82,2,151,22010,0.02567014993184916
2008,Greenwich,E01001641,531,114,3,151,22010,0.02412539754656974
2008,Greenwich,E01001696,466,134,4,151,22010,0.02117219445706497
2008,Greenwich,E01001640,390,123,5,151,22010,0.017719218537028625
2008,Greenwich,E01001642,335,25,6,151,22010,0.01522035438437074
2008,Greenwich,E01001609,323,60,7,151,22010,0.014675147660154476
2008,Greenwich,E01001666,300,51,8,151,22010,0.013630168105406633
2008,Greenwich,E01001664,294,40,9,151,22010,0.013357564743298501
2008,Greenwich,E01001688,291,82,10,151,22010,0.013221263062244434
2008,Greenwich,E01001673,279,99,11,151,22010,0.01267605633802817
2008,Greenwich,E01001629,273,72,12,151,22010,0.012403452975920036
2008,Greenwich,E01001700,270,72,13,151,22010,0.01226715129486597
2008,Greenwich,E01001701,249,85,14,151,22010,0.011313039527487505
2008,Greenwich,E01001705,247,74,15,151,22010,0.011222171740118128
2008,Greenwich,E01001652,246,49,16,151,22010,0.01117673784643344
2008,Hackney,E01001760,533,128,1,144,22004,0.024222868569351026
2008,Hackney,E01001731,516,109,2,144,22004,0.023450281766951464
2008,Hackney,E01001748,516,101,3,144,22004,0.023450281766951464
2008,Hackney,E01001734,391,86,4,144,22004,0.017769496455189965
2008,Hackney,E01001839,391,93,5,144,22004,0.017769496455189965
2008,Hackney,E01001830,376,129,6,144,22004,0.017087802217778586
2008,Hackney,E01001777,360,73,7,144,22004,0.016360661697873115
2008,Hackney,E01001808,324,56,8,144,22004,0.014724595528085803
2008,Hackney,E01001831,317,63,9,144,22004,0.014406471550627159
2008,Hackney,E01001729,315,102,10,144,22004,0.014315578985638974
2008,Hackney,E01001756,303,68,11,144,22004,0.01377022359570987
2008,Hackney,E01001779,303,82,12,144,22004,0.01377022359570987
2008,Hackney,E01001762,293,60,13,144,22004,0.013315760770768952
2008,Hackney,E01001780,285,61,14,144,22004,0.012952190510816215
2008,Hackney,E01001718,276,28,15,144,22004,0.012543173968369388
2008,Hammersmith and Fulham,E01001898,1097,335,1,113,21114,0.05195604811973099
2008,Hammersmith and Fulham,E01001941,793,245,2,113,21114,0.037558018376432696
2008,Hammersmith and Fulham,E01001943,781,171,3,113,21114,0.03698967509709198
2008,Hammersmith and Fulham,E01001899,758,114,4,113,21114,0.035900350478355596
2008,Hammersmith and Fulham,E01001857,725,147,5,113,21114,0.034337406460168605
2008,Hammersmith and Fulham,E01001953,529,190,6,113,21114,0.02505446623093682
2008,Hammersmith and Fulham,E01001874,475,98,7,113,21114,0.022496921473903572
2008,Hammersmith and Fulham,E01001932,438,61,8,113,21114,0.020744529695936344
2008,Hammersmith and Fulham,E01001881,431,77,9,113,21114,0.020412996116320924
2008,Hammersmith and Fulham,E01001920,393,139,10,113,21114,0.018613242398408638
2008,Hammersmith and Fulham,E01001894,390,86,11,113,21114,0.01847115657857346
2008,Hammersmith and Fulham,E01001890,327,93,12,113,21114,0.01548735436203467
2008,Haringey,E01002026,862,127,1,145,25724,0.03350956305395739
2008,Haringey,E01002031,787,116,2,145,25724,0.030593997823044627
2008,Haringey,E01002029,550,162,3,145,25724,0.021380811693360285
2008,Haringey,E01002069,539,99,4,145,25724,0.02095319545949308
2008,Haringey,E01002034,462,103,5,145,25724,0.01795988182242264
2008,Haringey,E01002022,445,81,6,145,25724,0.017299020370082414
2008,Haringey,E01002081,445,106,7,145,25724,0.017299020370082414
2008,Haringey,E01001979,438,122,8,145,25724,0.017026900948530554
2008,Haringey,E01001990,393,42,9,145,25724,0.015277561809982895
2008,Haringey,E01001999,361,71,10,145,25724,0.014033587311460115
2008,Haringey,E01002077,348,102,11,145,25724,0.013528222671435235
2008,Haringey,E01002105,336,87,12,145,25724,0.013061732234489193
2008,Haringey,E01002080,310,47,13,145,25724,0.012051002954439434
2008,Haringey,E01002037,306,49,14,145,25724,0.011895506142124087
2008,Haringey,E01002068,306,51,15,145,25724,0.011895506142124087
2008,Harrow,E01002129,1122,176,1,137,13774,0.08145781907942501
2008,Harrow,E01002130,570,121,2,137,13774,0.04138231450559024
2008,Harrow,E01002226,330,33,3,137,13774,0.023958182082183824
2008,Harrow,E01002179,273,80,4,137,13774,0.0198199506316248
2008,Harrow,E01002126,264,58,5,137,13774,0.01916654566574706
2008,Harrow,E01002219,242,58,6,137,13774,0.017569333526934804
2008,Harrow,E01002189,219,29,7,137,13774,0.015899520836358358
2008,Harrow,E01002133,200,57,8,137,13774,0.014520110352838681
2008,Harrow,E01002202,200,52,9,137,13774,0.014520110352838681
2008,Harrow,E01002180,192,37,10,137,13774,0.013939305938725135
2008,Harrow,E01002123,191,30,11,137,13774,0.01386670538696094
2008,Harrow,E01002119,181,69,12,137,13774,0.013140699869319006
2008,Harrow,E01002233,170,43,13,137,13774,0.01234209379991288
2008,Harrow,E01002144,156,17,14,137,13774,0.011325686075214171
2008,Havering,E01002356,1203,389,1,150,15395,0.07814225397856447
2008,Havering,E01002361,421,73,2,150,15395,0.02734654108476778
2008,Havering,E01002353,411,89,3,150,15395,0.026696979538811304
2008,Havering,E01002345,380,76,4,150,15395,0.024683338746346217
2008,Havering,E01002293,311,39,5,150,15395,0.020201364079246508
2008,Havering,E01002282,255,66,6,150,15395,0.016563819421890225
2008,Havering,E01002350,250,68,7,150,15395,0.016239038648911984
2008,Havering,E01002370,243,38,8,150,15395,0.01578434556674245
2008,Havering,E01002344,234,15,9,150,15395,0.015199740175381617
2008,Havering,E01002248,233,39,10,150,15395,0.01513478402078597
2008,Havering,E01002326,219,41,11,150,15395,0.014225397856446899
2008,Havering,E01002386,219,34,12,150,15395,0.014225397856446899
2008,Havering,E01002368,217,28,13,150,15395,0.014095485547255603
2008,Havering,E01002319,204,29,14,150,15395,0.01325105553751218
2008,Havering,E01002249,193,34,15,150,15395,0.012536537836960052
2008,Hillingdon,E01002444,1751,330,1,161,24318,0.0720042766674891
2008,Hillingdon,E01002521,760,197,2,161,24318,0.03125257011267374
2008,Hillingdon,E01002515,635,148,3,161,24318,0.026112344765194508
2008,Hillingdon,E01002505,543,124,4,161,24318,0.02232913890944979
2008,Hillingdon,E01002506,513,128,5,161,24318,0.021095484826054774
2008,Hillingdon,E01002554,446,100,6,161,24318,0.018340324039805907
2008,Hillingdon,E01002397,424,131,7,161,24318,0.01743564437864956
2008,Hillingdon,E01002514,365,148,8,161,24318,0.015009458014639362
2008,Hillingdon,E01002406,352,77,9,161,24318,0.014474874578501521
2008,Hillingdon,E01002414,347,68,10,161,24318,0.014269265564602352
2008,Hillingdon,E01002535,334,57,11,161,24318,0.013734682128464511
2008,Hillingdon,E01002412,307,125,12,161,24318,0.012624393453408997
2008,Hillingdon,E01002497,267,43,13,161,24318,0.010979521342215642
2008,Hillingdon,E01002407,260,81,14,161,24318,0.010691668722756805
2008,Hillingdon,E01002447,255,60,15,161,24318,0.010486059708857636
2008,Hillingdon,E01002542,243,72,16,161,24318,0.00999259807549963
2008,Hillingdon,E01002396,237,55,17,161,24318,0.009745867258820626
2008,Hounslow,E01002693,395,88,1,142,20204,0.01955058404276381
2008,Hounslow,E01002641,390,92,2,142,20204,0.01930310829538705
2008,Hounslow,E01002642,364,115,3,142,20204,0.018016234409027915
2008,Hounslow,E01002637,361,63,4,142,20204,0.01786774896060186
2008,Hounslow,E01002648,344,110,5,142,20204,0.017026331419520885
2008,Hounslow,E01002662,330,90,6,142,20204,0.016333399326865967
2008,Hounslow,E01002640,323,51,7,142,20204,0.015986933280538507
2008,Hounslow,E01002664,301,90,8,142,20204,0.014898039992080775
2008,Hounslow,E01002612,300,92,9,142,20204,0.014848544842605425
2008,Hounslow,E01002592,296,64,10,142,20204,0.014650564244704019
2008,Hounslow,E01002681,281,121,11,142,20204,0.013908137002573748
2008,Hounslow,E01002661,279,79,12,142,20204,0.013809146703623045
2008,Hounslow,E01002608,270,67,13,142,20204,0.013363690358344883
2008,Hounslow,E01002598,265,93,14,142,20204,0.013116214610968124
2008,Hounslow,E01002566,257,54,15,142,20204,0.012720253415165314
2008,Islington,E01002794,1573,231,1,123,26273,0.05987135081642751
2008,Islington,E01002724,1387,100,2,123,26273,0.05279183953107753
2008,Islington,E01002704,1074,132,3,123,26273,0.04087846838960149
2008,Islington,E01002731,1041,194,4,123,26273,0.039622426064781335
2008,Islington,E01002696,651,104,5,123,26273,0.024778289498724928
2008,Islington,E01002770,586,159,6,123,26273,0.022304266737715524
2008,Islington,E01002734,525,83,7,123,26273,0.01998249153122978
2008,Islington,E01002795,518,135,8,123,26273,0.019716058310813384
2008,Islington,E01002711,509,97,9,123,26273,0.019373501313135158
2008,Islington,E01002803,464,73,10,123,26273,0.017660716324744034
2008,Islington,E01002801,448,52,11,123,26273,0.01705172610664941
2008,Islington,E01002695,447,129,12,123,26273,0.017013664218018497
2008,Islington,E01002730,391,83,13,123,26273,0.014882198454687322
2008,Kensington and Chelsea,E01002818,678,62,1,103,20663,0.032812273145235445
2008,Kensington and Chelsea,E01002889,660,59,2,103,20663,0.031941150849344235
2008,Kensington and Chelsea,E01002831,625,121,3,103,20663,0.030247301940666892
2008,Kensington and Chelsea,E01002883,530,59,4,103,20663,0.025649712045685526
2008,Kensington and Chelsea,E01002884,516,34,5,103,20663,0.024972172482214585
2008,Kensington and Chelsea,E01002819,471,26,6,103,20663,0.02279436674248657
2008,Kensington and Chelsea,E01002852,467,102,7,103,20663,0.0226007840100663
2008,Kensington and Chelsea,E01002833,407,49,8,103,20663,0.01969704302376228
2008,Kensington and Chelsea,E01002856,394,62,9,103,20663,0.01906789914339641
2008,Kensington and Chelsea,E01002821,390,50,10,103,20663,0.01887431641097614
2008,Kensington and Chelsea,E01002827,359,44,11,103,20663,0.017374050234719062
2008,Kingston upon Thames,E01002968,2680,518,1,98,10661,0.2513835475096145
2008,Kingston upon Thames,E01002964,595,188,2,98,10661,0.05581089954038083
2008,Kingston upon Thames,E01002987,275,55,3,98,10661,0.025794953569083574
2008,Kingston upon Thames,E01002930,269,44,4,98,10661,0.025232154582121753
2008,Kingston upon Thames,E01002948,230,51,5,98,10661,0.0215739611668699
2008,Kingston upon Thames,E01002972,220,66,6,98,10661,0.02063596285526686
2008,Kingston upon Thames,E01002919,168,25,7,98,10661,0.015758371634931056
2008,Kingston upon Thames,E01002974,161,29,8,98,10661,0.015101772816808929
2008,Kingston upon Thames,E01003003,159,39,9,98,10661,0.014914173154488322
2008,Kingston upon Thames,E01002965,153,39,10,98,10661,0.014351374167526498
2008,Lambeth,E01003047,1170,323,1,178,31717,0.03688873474792698
2008,Lambeth,E01003013,870,210,2,178,31717,0.02743008481256109
2008,Lambeth,E01003061,621,115,3,178,31717,0.019579405366207395
2008,Lambeth,E01003035,572,119,4,178,31717,0.018034492543430966
2008,Lambeth,E01003055,507,100,5,178,31717,0.015985118390768358
2008,Lambeth,E01003041,475,74,6,178,31717,0.014976195730995996
2008,Lambeth,E01003076,457,121,7,178,31717,0.014408676734874042
2008,Lambeth,E01003109,447,92,8,178,31717,0.01409338840369518
2008,Lambeth,E01003120,379,118,9,178,31717,0.01194942775167891
2008,Lambeth,E01003090,352,62,10,178,31717,0.01109814925749598
2008,Lambeth,E01003017,351,49,11,178,31717,0.011066620424378094
2008,Lambeth,E01003100,350,66,12,178,31717,0.011035091591260208
2008,Lambeth,E01003102,348,41,13,178,31717,0.010972033925024435
2008,Lambeth,E01003018,344,94,14,178,31717,0.01084591859255289
2008,Lambeth,E01003118,333,65,15,178,31717,0.010499101428256141
2008,Lambeth,E01003050,317,64,16,178,31717,0.009994640098369959
2008,Lambeth,E01003186,316,78,17,178,31717,0.009963111265252072
2008,Lambeth,E01003074,311,68,18,178,31717,0.009805467099662641
2008,Lewisham,E01003318,769,243,1,169,27054,0.028424632217047385
2008,Lewisham,E01003296,631,168,2,169,27054,0.02332372292452133
2008,Lewisham,E01003303,472,173,3,169,27054,0.017446588304871738
2008,Lewisham,E01003304,472,136,4,169,27054,0.017446588304871738
2008,Lewisham,E01003199,426,136,5,169,27054,0.015746285207363053
2008,Lewisham,E01003255,425,100,6,169,27054,0.015709322096547646
2008,Lewisham,E01003291,422,169,7,169,27054,0.015598432764101427
2008,Lewisham,E01003200,365,73,8,169,27054,0.013491535447623272
2008,Lewisham,E01003215,333,100,9,169,27054,0.012308715901530274
2008,Lewisham,E01003190,331,92,10,169,27054,0.01223478967989946
2008,Lewisham,E01003253,329,80,11,169,27054,0.012160863458268648
2008,Lewisham,E01003243,307,75,12,169,27054,0.011347675020329712
2008,Lewisham,E01003203,280,61,13,169,27054,0.010349671028313743
2008,Lewisham,E01003214,280,87,14,169,27054,0.010349671028313743
2008,Lewisham,E01003237,274,107,15,169,27054,0.010127892363421306
2008,Lewisham,E01003324,263,97,16,169,27054,0.009721298144451837
2008,Lewisham,E01003207,262,89,17,169,27054,0.009684335033636431
2008,Merton,E01003456,621,140,1,124,13875,0.044756756756756756
2008,Merton,E01003383,368,100,2,124,13875,0.02652252252252252
2008,Merton,E01003367,365,65,3,124,13875,0.026306306306306305
2008,Merton,E01003439,273,93,4,124,13875,0.019675675675675675
2008,Merton,E01003389,252,75,5,124,13875,0.01816216216216216
2008,Merton,E01003390,249,87,6,124,13875,0.017945945945945944
2008,Merton,E01003375,239,50,7,124,13875,0.017225225225225224
2008,Merton,E01003427,236,75,8,124,13875,0.017009009009009007
2008,Merton,E01003452,219,58,9,124,13875,0.015783783783783784
2008,Merton,E01003393,205,56,10,124,13875,0.014774774774774775
2008,Merton,E01003357,202,62,11,124,13875,0.014558558558558558
2008,Merton,E01003379,202,49,12,124,13875,0.014558558558558558
2008,Merton,E01003437,197,48,13,124,13875,0.014198198198198198
2008,Newham,E01003617,1341,264,1,164,29752,0.045072600161333694
2008,Newham,E01003521,898,125,2,164,29752,0.030182844850766336
2008,Newham,E01003482,827,98,3,164,29752,0.027796450658779243
2008,Newham,E01003619,780,232,4,164,29752,0.026216724926055392
2008,Newham,E01003515,444,65,5,164,29752,0.014923366496369992
2008,Newham,E01003609,443,64,6,164,29752,0.014889755310567358
2008,Newham,E01003618,404,63,7,164,29752,0.013578919064264587
2008,Newham,E01003499,398,81,8,164,29752,0.013377251949448776
2008,Newham,E01003486,368,71,9,164,29752,0.012368916375369724
2008,Newham,E01003591,364,131,10,164,29752,0.012234471632159183
2008,Newham,E01003566,357,77,11,164,29752,0.011999193331540738
2008,Newham,E01003569,353,81,12,164,29752,0.011864748588330197
2008,Newham,E01003556,350,94,13,164,29752,0.01176391503092229
2008,Newham,E01003502,344,99,14,164,29752,0.01156224791610648
2008,Newham,E01003558,334,120,15,164,29752,0.011226136058080129
2008,Newham,E01003503,326,60,16,164,29752,0.010957246571659049
2008,Newham,E01003507,303,71,17,164,29752,0.01018418929819844
2008,Redbridge,E01003689,1213,219,1,161,20873,0.05811335217745413
2008,Redbridge,E01003783,970,141,2,161,20873,0.04647151822929143
2008,Redbridge,E01003728,424,76,3,161,20873,0.02031332343218512
2008,Redbridge,E01003769,308,53,4,161,20873,0.014755904757342021
2008,Redbridge,E01003690,271,48,5,161,20873,0.012983279835193791
2008,Redbridge,E01003781,263,78,6,161,20873,0.012600009581756336
2008,Redbridge,E01003767,262,74,7,161,20873,0.012552100800076654
2008,Redbridge,E01003645,261,40,8,161,20873,0.012504192018396972
2008,Redbridge,E01003720,260,37,9,161,20873,0.01245628323671729
2008,Redbridge,E01003735,260,44,10,161,20873,0.01245628323671729
2008,Redbridge,E01003785,251,54,11,161,20873,0.012025104201600153
2008,Redbridge,E01003674,235,29,12,161,20873,0.011258563694725244
2008,Redbridge,E01003701,234,40,13,161,20873,0.011210654913045561
2008,Redbridge,E01003653,227,56,14,161,20873,0.010875293441287789
2008,Redbridge,E01003758,227,47,15,161,20873,0.010875293441287789
2008,Redbridge,E01003793,219,49,16,161,20873,0.010492023187850332
2008,Redbridge,E01003666,217,60,17,161,20873,0.01039620562449097
2008,Richmond upon Thames,E01003876,956,188,1,115,11106,0.08607959661444264
2008,Richmond upon Thames,E01003896,363,99,2,115,11106,0.03268503511615343
2008,Richmond upon Thames,E01003829,214,41,3,115,11106,0.019268863677291553
2008,Richmond upon Thames,E01003888,203,39,4,115,11106,0.01827840806771115
2008,Richmond upon Thames,E01003870,193,56,5,115,11106,0.017377993877183504
2008,Richmond upon Thames,E01003897,184,68,6,115,11106,0.016567621105708627
2008,Richmond upon Thames,E01003819,168,43,7,115,11106,0.015126958400864398
2008,Richmond upon Thames,E01003867,164,40,8,115,11106,0.01476679272465334
2008,Richmond upon Thames,E01003860,157,22,9,115,11106,0.01413650279128399
2008,Richmond upon Thames,E01003799,151,8,10,115,11106,0.013596254276967404
2008,Richmond upon Thames,E01003817,144,27,11,115,11106,0.012965964343598054
2008,Richmond upon Thames,E01003807,142,21,12,115,11106,0.012785881505492527
2008,Southwark,E01003929,1197,125,1,166,33470,0.035763370182252764
2008,Southwark,E01004067,1048,279,2,166,33470,0.031311622348371676
2008,Southwark,E01004027,867,134,3,166,33470,0.025903794442784584
2008,Southwark,E01003939,654,135,4,166,33470,0.019539886465491485
2008,Southwark,E01003981,584,137,5,166,33470,0.0174484613086346
2008,Southwark,E01003934,557,51,6,166,33470,0.016641768748132658
2008,Southwark,E01003927,552,106,7,166,33470,0.01649238123692859
2008,Southwark,E01003969,521,144,8,166,33470,0.0155661786674634
2008,Southwark,E01004062,513,132,9,166,33470,0.015327158649536899
2008,Southwark,E01003921,506,149,10,166,33470,0.01511801613385121
2008,Southwark,E01004005,495,88,11,166,33470,0.01478936360920227
2008,Southwark,E01003964,493,117,12,166,33470,0.014729608604720645
2008,Southwark,E01003988,482,94,13,166,33470,0.014400956080071706
2008,Southwark,E01003984,478,79,14,166,33470,0.014281446071108456
2008,Southwark,E01004010,476,152,15,166,33470,0.01422169106662683
2008,Southwark,E01003994,452,100,16,166,33470,0.013504631012847325
2008,Southwark,E01004031,398,78,17,166,33470,0.011891245891843441
2008,Sutton,E01004142,1572,361,1,121,12943,0.12145561307270339
2008,Sutton,E01004178,356,65,2,121,12943,0.02750521517422545
2008,Sutton,E01004123,293,88,3,121,12943,0.02263771923047207
2008,Sutton,E01004076,274,32,4,121,12943,0.02116974426330835
2008,Sutton,E01004137,255,37,5,121,12943,0.019701769296144634
2008,Sutton,E01004099,231,52,6,121,12943,0.017847485127095726
2008,Sutton,E01004140,222,47,7,121,12943,0.017152128563702386
2008,Sutton,E01004110,188,42,8,121,12943,0.014525225990883102
2008,Sutton,E01004146,180,37,9,121,12943,0.013907131267866801
2008,Sutton,E01004165,175,30,10,121,12943,0.01352082206598161
2008,Sutton,E01004088,171,39,11,121,12943,0.013211774704473461
2008,Sutton,E01004188,166,34,12,121,12943,0.012825465502588273
2008,Sutton,E01004184,165,47,13,121,12943,0.012748203662211233
2008,Tower Hamlets,E01004307,860,79,1,144,23578,0.03647467978624141
2008,Tower Hamlets,E01004208,738,164,2,144,23578,0.031300364746797864
2008,Tower Hamlets,E01004317,737,130,3,144,23578,0.031257952328441765
2008,Tower Hamlets,E01004306,584,111,4,144,23578,0.024768852319959286
2008,Tower Hamlets,E01004309,500,118,5,144,23578,0.021206209178047334
2008,Tower Hamlets,E01004277,495,55,6,144,23578,0.02099414708626686
2008,Tower Hamlets,E01004252,410,105,7,144,23578,0.017389091525998813
2008,Tower Hamlets,E01004269,393,95,8,144,23578,0.016668080413945203
2008,Tower Hamlets,E01004325,378,70,9,144,23578,0.016031894138603783
2008,Tower Hamlets,E01004293,372,34,10,144,23578,0.015777419628467217
2008,Tower Hamlets,E01004234,360,65,11,144,23578,0.01526847060819408
2008,Tower Hamlets,E01004315,340,62,12,144,23578,0.014420222241072186
2008,Tower Hamlets,E01004322,336,81,13,144,23578,0.014250572567647807
2008,Tower Hamlets,E01004203,328,66,14,144,23578,0.01391127322079905
2008,Tower Hamlets,E01004211,326,83,15,144,23578,0.013826448384086861
2008,Waltham Forest,E01004397,1223,226,1,144,24080,0.0507890365448505
2008,Waltham Forest,E01004392,855,124,2,144,24080,0.03550664451827242
2008,Waltham Forest,E01004430,743,126,3,144,24080,0.03085548172757475
2008,Waltham Forest,E01004438,546,130,4,144,24080,0.022674418604651164
2008,Waltham Forest,E01004420,516,120,5,144,24080,0.02142857142857143
2008,Waltham Forest,E01004440,339,63,6,144,24080,0.014078073089700997
2008,Waltham Forest,E01004455,337,53,7,144,24080,0.013995016611295681
2008,Waltham Forest,E01004422,314,44,8,144,24080,0.013039867109634552
2008,Waltham Forest,E01004444,279,81,9,144,24080,0.011586378737541527
2008,Waltham Forest,E01004409,271,60,10,144,24080,0.011254152823920265
2008,Waltham Forest,E01004348,258,49,11,144,24080,0.010714285714285714
2008,Waltham Forest,E01004467,254,68,12,144,24080,0.010548172757475082
2008,Waltham Forest,E01004417,246,58,13,144,24080,0.01021594684385382
2008,Waltham Forest,E01004424,246,72,14,144,24080,0.01021594684385382
2008,Waltham Forest,E01004341,242,67,15,144,24080,0.01004983388704319
2008,Wandsworth,E01004609,733,104,1,179,23330,0.03141877411058722
2008,Wandsworth,E01004525,662,129,2,179,23330,0.028375482211744536
2008,Wandsworth,E01004551,547,106,3,179,23330,0.02344620660094299
2008,Wandsworth,E01004552,483,69,4,179,23330,0.02070295756536648
2008,Wandsworth,E01004474,480,97,5,179,23330,0.020574367766823833
2008,Wandsworth,E01004509,450,99,6,179,23330,0.01928846978139734
2008,Wandsworth,E01004617,442,103,7,179,23330,0.018945563651950277
2008,Wandsworth,E01004600,352,99,8,179,23330,0.01508786969567081
2008,Wandsworth,E01004562,294,72,9,179,23330,0.012601800257179597
2008,Wandsworth,E01004588,288,45,10,179,23330,0.0123446206600943
2008,Wandsworth,E01004545,241,54,11,179,23330,0.010330047149592798
2008,Wandsworth,E01004560,236,33,12,179,23330,0.010115730818688384
2008,Wandsworth,E01004613,231,57,13,179,23330,0.009901414487783968
2008,Wandsworth,E01004540,229,58,14,179,23330,0.009815687955422203
2008,Wandsworth,E01004591,224,51,15,179,23330,0.009601371624517789
2008,Wandsworth,E01004569,218,52,16,179,23330,0.00934419202743249
2008,Wandsworth,E01004583,217,39,17,179,23330,0.009301328761251608
2008,Wandsworth,E01004534,210,50,18,179,23330,0.009001285897985427
2008,Westminster,E01004734,6203,997,1,128,47846,0.12964511139907203
2008,Westminster,E01004763,5217,565,2,128,47846,0.10903732809430255
2008,Westminster,E01004736,3982,544,3,128,47846,0.08322534799147265
2008,Westminster,E01004735,2459,204,4,128,47846,0.05139405592944029
2008,Westminster,E01004714,2270,108,5,128,47846,0.047443882456213685
2008,Westminster,E01004762,1808,96,6,128,47846,0.0377879028549931
2008,Westminster,E01004761,1770,182,7,128,47846,0.036993688082598335
2008,Westminster,E01004765,1563,120,8,128,47846,0.03266730761192158
2008,Westminster,E01004731,1018,172,9,128,47846,0.02127659574468085
2008,Westminster,E01004658,885,141,10,128,47846,0.018496844041299167
2008,Westminster,E01004699,860,109,11,128,47846,0.017974334322618402
2008,Westminster,E01004689,782,78,12,128,47846,0.016344104000334408
2008,Westminster,E01004750,725,133,13,128,47846,0.015152781841742256
2009,Barking and Dagenham,E01000010,1173,279,1,110,17713,0.06622254841077176
2009,Barking and Dagenham,E01000095,519,108,2,110,17713,0.029300513746965507
2009,Barking and Dagenham,E01000092,366,42,3,110,17713,0.02066279004121267
2009,Barking and Dagenham,E01000007,364,133,4,110,17713,0.020549878620222436
2009,Barking and Dagenham,E01000013,294,85,5,110,17713,0.016597978885564274
2009,Barking and Dagenham,E01000106,292,101,6,110,17713,0.01648506746457404
2009,Barking and Dagenham,E01000009,287,83,7,110,17713,0.01620278891209846
2009,Barking and Dagenham,E01000105,287,93,8,110,17713,0.01620278891209846
2009,Barking and Dagenham,E01000030,259,71,9,110,17713,0.014622029018235195
2009,Barking and Dagenham,E01000096,256,54,10,110,17713,0.014452661886749844
2009,Barking and Dagenham,E01000027,240,55,11,110,17713,0.013549370518827979
2009,Barnet,E01000307,837,65,1,211,23449,0.03569448590558233
2009,Barnet,E01000141,455,129,2,211,23449,0.01940381252931895
2009,Barnet,E01000146,418,63,3,211,23449,0.017825920081879824
2009,Barnet,E01000193,340,42,4,211,23449,0.014499552219710861
2009,Barnet,E01000221,323,50,5,211,23449,0.013774574608725318
2009,Barnet,E01000250,319,82,6,211,23449,0.013603991641434603
2009,Barnet,E01000310,301,87,7,211,23449,0.01283636828862638
2009,Barnet,E01000129,278,64,8,211,23449,0.011855516226704764
2009,Barnet,E01000164,277,48,9,211,23449,0.011812870484882084
2009,Barnet,E01000316,271,39,10,211,23449,0.011556996033946011
2009,Barnet,E01000237,270,38,11,211,23449,0.011514350292123332
2009,Barnet,E01000323,260,51,12,211,23449,0.011087892873896542
2009,Barnet,E01000245,249,58,13,211,23449,0.010618789713847072
2009,Barnet,E01000299,232,69,14,211,23449,0.009893812102861528
2009,Barnet,E01000211,231,16,15,211,23449,0.00985116636103885
2009,Barnet,E01000125,222,73,16,211,23449,0.009467354684634739
2009,Barnet,E01000171,215,45,17,211,23449,0.009168834491875987
2009,Barnet,E01000223,211,29,18,211,23449,0.00899825152458527
2009,Barnet,E01000314,209,10,19,211,23449,0.008912960040939912
2009,Barnet,E01000194,208,35,20,211,23449,0.008870314299117233
2009,Barnet,E01000296,201,39,21,211,23449,0.00857179410635848
2009,Barnet,E01000192,192,40,22,211,23449,0.008187982429954369
2009,Bexley,E01000360,562,162,1,146,14445,0.03890619591554171
2009,Bexley,E01000362,511,128,2,146,14445,0.035375562478366214
2009,Bexley,E01000403,406,111,3,146,14445,0.028106611284181376
2009,Bexley,E01000404,272,92,4,146,14445,0.018830044998269298
2009,Bexley,E01000433,247,81,5,146,14445,0.017099342332987193
2009,Bexley,E01000378,245,51,6,146,14445,0.016960886119764623
2009,Bexley,E01000429,231,68,7,146,14445,0.015991692627206646
2009,Bexley,E01000431,227,65,8,146,14445,0.01571478020076151
2009,Bexley,E01000336,226,70,9,146,14445,0.015645552094150226
2009,Bexley,E01000457,226,32,10,146,14445,0.015645552094150226
2009,Bexley,E01000414,216,54,11,146,14445,0.014953271028037384
2009,Bexley,E01000335,206,45,12,146,14445,0.014260989961924542
2009,Bexley,E01000428,199,53,13,146,14445,0.013776393215645551
2009,Bexley,E01000447,189,55,14,146,14445,0.013084112149532711
2009,Bexley,E01000408,183,40,15,146,14445,0.012668743509865006
2009,Brent,E01000600,526,117,1,173,24748,0.02125424276709229
2009,Brent,E01000635,500,149,2,173,24748,0.020203652820429935
2009,Brent,E01000601,484,92,3,173,24748,0.019557135930176175
2009,Brent,E01000521,413,114,4,173,24748,0.016688217229675124
2009,Brent,E01000482,412,101,5,173,24748,0.016647809924034265
2009,Brent,E01000548,391,83,6,173,24748,0.015799256505576207
2009,Brent,E01000545,374,100,7,173,24748,0.01511233230968159
2009,Brent,E01000586,366,77,8,173,24748,0.014789073864554712
2009,Brent,E01000524,359,97,9,173,24748,0.014506222725068692
2009,Brent,E01000508,357,99,10,173,24748,0.014425408113786972
2009,Brent,E01000642,351,87,11,173,24748,0.014182964279941814
2009,Brent,E01000510,350,115,12,173,24748,0.014142556974300953
2009,Brent,E01000588,337,75,13,173,24748,0.013617262000969776
2009,Brent,E01000608,305,66,14,173,24748,0.012324228220462259
2009,Brent,E01000583,288,63,15,173,24748,0.011637304024567642
2009,Brent,E01000630,287,86,16,173,24748,0.011596896718926782
2009,Brent,E01000633,281,67,17,173,24748,0.011354452885081624
2009,Brent,E01000615,274,55,18,173,24748,0.011071601745595603
2009,Bromley,E01000676,1008,213,1,197,21858,0.04611583859456492
2009,Bromley,E01000675,753,249,2,197,21858,0.03444962942629701
2009,Bromley,E01000790,464,93,3,197,21858,0.021227925702260043
2009,Bromley,E01000714,361,97,4,197,21858,0.016515692195077317
2009,Bromley,E01000677,344,59,5,197,21858,0.01573794491719279
2009,Bromley,E01000729,330,100,6,197,21858,0.015097447158934943
2009,Bromley,E01000799,329,105,7,197,21858,0.015051697319059384
2009,Bromley,E01000740,299,71,8,197,21858,0.013679202122792571
2009,Bromley,E01000720,291,103,9,197,21858,0.013313203403788087
2009,Bromley,E01000719,271,43,10,197,21858,0.012398206606276878
2009,Bromley,E01000722,270,46,11,197,21858,0.012352456766401317
2009,Bromley,E01000789,252,69,12,197,21858,0.01152895964864123
2009,Bromley,E01000792,244,47,13,197,21858,0.011162960929636746
2009,Bromley,E01000735,226,47,14,197,21858,0.010339463811876658
2009,Bromley,E01000797,222,59,15,197,21858,0.010156464452374416
2009,Bromley,E01000742,221,58,16,197,21858,0.010110714612498857
2009,Bromley,E01000779,216,20,17,197,21858,0.009881965413121054
2009,Bromley,E01000800,212,65,18,197,21858,0.009698966053618812
2009,Bromley,E01000819,209,53,19,197,21858,0.009561716533992131
2009,Bromley,E01000743,198,77,20,197,21858,0.009058468295360967
2009,Camden,E01000863,2234,445,1,133,31612,0.07066936606352019
2009,Camden,E01000914,1403,146,2,133,31612,0.04438188029862078
2009,Camden,E01000947,1288,190,3,133,31612,0.04074402125775022
2009,Camden,E01000919,1245,169,4,133,31612,0.03938377831203341
2009,Camden,E01000918,1214,150,5,133,31612,0.03840313804884221
2009,Camden,E01000854,1058,162,6,133,31612,0.03346830317600911
2009,Camden,E01000855,1043,77,7,133,31612,0.03299379982285208
2009,Camden,E01000850,804,84,8,133,31612,0.025433379729216752
2009,Camden,E01000858,777,125,9,133,31612,0.0245792736935341
2009,Camden,E01000861,479,130,10,133,31612,0.015152473744147792
2009,Camden,E01000930,466,81,11,133,31612,0.014741237504745033
2009,Camden,E01000904,448,118,12,133,31612,0.0141718334809566
2009,Camden,E01000856,419,85,13,133,31612,0.013254460331519675
2009,Camden,E01000851,412,46,14,133,31612,0.01303302543337973
2009,City of London,E01000001,0,0,1,6,0,
2009,Croydon,E01001043,1784,533,1,220,29784,0.05989793177544991
2009,Croydon,E01001014,1086,173,2,220,29784,0.03646253021756648
2009,Croydon,E01001048,708,114,3,220,29784,0.023771152296535054
2009,Croydon,E01001045,647,179,4,220,29784,0.02172307279076014
2009,Croydon,E01001013,513,153,5,220,29784,0.017224012892828364
2009,Croydon,E01001010,436,54,6,220,29784,0.014638732205210852
2009,Croydon,E01001042,414,106,7,220,29784,0.013900080580177276
2009,Croydon,E01001097,359,72,8,220,29784,0.01205345151759334
2009,Croydon,E01001155,309,67,9,220,29784,0.010374697824335213
2009,Croydon,E01001136,306,96,10,220,29784,0.010273972602739725
2009,Croydon,E01001178,296,73,11,220,29784,0.0099382218640881
2009,Croydon,E01001172,286,71,12,220,29784,0.009602471125436477
2009,Croydon,E01001076,283,59,13,220,29784,0.009501745903840989
2009,Croydon,E01001191,277,60,14,220,29784,0.009300295460650013
2009,Croydon,E01001164,272,59,15,220,29784,0.0091324200913242
2009,Croydon,E01001011,270,53,16,220,29784,0.009065269943593876
2009,Croydon,E01001117,257,55,17,220,29784,0.008628793983346763
2009,Croydon,E01001154,257,62,18,220,29784,0.008628793983346763
2009,Croydon,E01001145,234,68,19,220,29784,0.007856567284448026
2009,Croydon,E01001054,217,39,20,220,29784,0.0072857910287402634
2009,Croydon,E01001152,213,62,21,220,29784,0.007151490733279613
2009,Croydon,E01001087,212,48,22,220,29784,0.007117915659414451
2009,Ealing,E01001221,1266,299,1,196,28617,0.044239438096236504
2009,Ealing,E01001361,934,312,2,196,28617,0.03263794248174162
2009,Ealing,E01001247,613,74,3,196,28617,0.021420833770136632
2009,Ealing,E01001351,549,198,4,196,28617,0.01918440088059545
2009,Ealing,E01001202,494,131,5,196,28617,0.017262466366145996
2009,Ealing,E01001261,430,112,6,196,28617,0.015026033476604816
2009,Ealing,E01001337,402,190,7,196,28617,0.014047594087430549
2009,Ealing,E01001367,394,135,8,196,28617,0.0137680399762379
2009,Ealing,E01001249,352,101,9,196,28617,0.0123003808924765
2009,Ealing,E01001225,331,70,10,196,28617,0.0115665513505958
2009,Ealing,E01001389,290,77,11,196,28617,0.01013383653073348
2009,Ealing,E01001338,289,93,12,196,28617,0.0100988922668344
2009,Ealing,E01001323,283,57,13,196,28617,0.009889226683439913
2009,Ealing,E01001388,282,103,14,196,28617,0.009854282419540832
2009,Ealing,E01001387,276,56,15,196,28617,0.009644616836146347
2009,Ealing,E01001246,265,40,16,196,28617,0.009260229933256457
2009,Ealing,E01001215,246,85,17,196,28617,0.008596288919173918
2009,Ealing,E01001333,246,72,18,196,28617,0.008596288919173918
2009,Ealing,E01001222,243,82,19,196,28617,0.008491456127476675
2009,Ealing,E01001369,243,71,20,196,28617,0.008491456127476675
2009,Enfield,E01001450,478,75,1,183,21147,0.022603679008842862
2009,Enfield,E01001429,462,132,2,183,21147,0.021847070506454815
2009,Enfield,E01001559,442,51,3,183,21147,0.02090130987846976
2009,Enfield,E01001513,405,59,4,183,21147,0.019151652716697404
2009,Enfield,E01001519,369,55,5,183,21147,0.0174492835863243
2009,Enfield,E01001558,329,96,6,183,21147,0.015557762330354188
2009,Enfield,E01001427,320,48,7,183,21147,0.015132170047760912
2009,Enfield,E01001536,296,48,8,183,21147,0.013997257294178844
2009,Enfield,E01001425,288,72,9,183,21147,0.01361895304298482
2009,Enfield,E01001439,277,68,10,183,21147,0.01309878469759304
2009,Enfield,E01001507,275,57,11,183,21147,0.013004208634794533
2009,Enfield,E01001498,269,38,12,183,21147,0.012720480446399016
2009,Enfield,E01001437,261,28,13,183,21147,0.012342176195204994
2009,Enfield,E01001555,252,77,14,183,21147,0.011916583912611719
2009,Enfield,E01001554,227,38,15,183,21147,0.010734383127630396
2009,Enfield,E01001432,208,57,16,183,21147,0.009835910531044592
2009,Enfield,E01001547,207,29,17,183,21147,0.00978862249964534
2009,Enfield,E01001458,206,48,18,183,21147,0.009741334468246087
2009,Enfield,E01001501,199,42,19,183,21147,0.009410318248451318
2009,Greenwich,E01001667,1015,248,1,151,19851,0.05113092539418669
2009,Greenwich,E01001615,516,88,2,151,19851,0.025993652712709685
2009,Greenwich,E01001696,469,143,3,151,19851,0.02362601380283109
2009,Greenwich,E01001641,438,81,4,151,19851,0.022064379628230317
2009,Greenwich,E01001640,371,108,5,151,19851,0.018689234799254446
2009,Greenwich,E01001609,369,70,6,151,19851,0.018588484207344717
2009,Greenwich,E01001642,366,31,7,151,19851,0.018437358319480127
2009,Greenwich,E01001666,271,45,8,151,19851,0.013651705203768072
2009,Greenwich,E01001709,271,58,9,151,19851,0.013651705203768072
2009,Greenwich,E01001629,260,71,10,151,19851,0.01309757694826457
2009,Greenwich,E01001688,259,99,11,151,19851,0.013047201652309708
2009,Greenwich,E01001646,249,65,12,151,19851,0.01254344869276107
2009,Greenwich,E01001644,245,70,13,151,19851,0.012341947508941615
2009,Greenwich,E01001664,240,32,14,151,19851,0.012090071029167296
2009,Greenwich,E01001574,229,67,15,151,19851,0.011535942773663795
2009,Greenwich,E01001705,219,57,16,151,19851,0.011032189814115159
2009,Hackney,E01001748,542,93,1,144,20718,0.026160826334588282
2009,Hackney,E01001760,516,126,2,144,20718,0.024905878945844194
2009,Hackney,E01001731,424,96,3,144,20718,0.0204652958779805
2009,Hackney,E01001777,377,81,4,144,20718,0.018196737136789265
2009,Hackney,E01001734,355,92,5,144,20718,0.01713485857708273
2009,Hackney,E01001839,348,91,6,144,20718,0.016796988126267013
2009,Hackney,E01001831,335,72,7,144,20718,0.01616951443189497
2009,Hackney,E01001729,325,131,8,144,20718,0.015686842359301092
2009,Hackney,E01001756,314,47,9,144,20718,0.015155903079447823
2009,Hackney,E01001830,311,87,10,144,20718,0.01501110145766966
2009,Hackney,E01001844,274,45,11,144,20718,0.013225214789072305
2009,Hackney,E01001780,268,57,12,144,20718,0.012935611545515976
2009,Hackney,E01001836,265,40,13,144,20718,0.012790809923737812
2009,Hackney,E01001762,264,59,14,144,20718,0.012742542716478424
2009,Hackney,E01001837,259,31,15,144,20718,0.012501206680181485
2009,Hammersmith and Fulham,E01001943,1479,235,1,113,21211,0.06972797133562773
2009,Hammersmith and Fulham,E01001898,944,289,2,113,21211,0.0445052095610768
2009,Hammersmith and Fulham,E01001941,904,225,3,113,21211,0.04261939559662439
2009,Hammersmith and Fulham,E01001899,826,91,4,113,21211,0.0389420583659422
2009,Hammersmith and Fulham,E01001953,571,178,5,113,21211,0.026919994342558106
2009,Hammersmith and Fulham,E01001857,492,122,6,113,21211,0.023195511762764603
2009,Hammersmith and Fulham,E01001874,465,77,7,113,21211,0.02192258733675923
2009,Hammersmith and Fulham,E01001894,405,91,8,113,21211,0.019093866390080618
2009,Hammersmith and Fulham,E01001920,379,97,9,113,21211,0.017868087313186554
2009,Hammersmith and Fulham,E01001932,376,75,10,113,21211,0.017726651265852624
2009,Hammersmith and Fulham,E01001876,353,68,11,113,21211,0.01664230823629249
2009,Hammersmith and Fulham,E01001881,328,58,12,113,21211,0.015463674508509736
2009,Haringey,E01002026,998,129,1,145,23704,0.04210259871751603
2009,Haringey,E01002031,716,135,2,145,23704,0.030205872426594668
2009,Haringey,E01002029,516,143,3,145,23704,0.021768477894026323
2009,Haringey,E01002034,511,145,4,145,23704,0.021557543030712115
2009,Haringey,E01002069,448,112,5,145,23704,0.01889976375295309
2009,Haringey,E01002022,420,69,6,145,23704,0.01771852851839352
2009,Haringey,E01001990,419,50,7,145,23704,0.017676341545730678
2009,Haringey,E01002068,389,66,8,145,23704,0.016410732365845428
2009,Haringey,E01001979,388,109,9,145,23704,0.016368545393182585
2009,Haringey,E01002081,382,111,10,145,23704,0.016115423557205535
2009,Haringey,E01002037,296,59,11,145,23704,0.012487343908201148
2009,Haringey,E01002066,291,50,12,145,23704,0.012276409044886938
2009,Haringey,E01002077,287,75,13,145,23704,0.012107661154235573
2009,Haringey,E01002003,284,76,14,145,23704,0.011981100236247048
2009,Haringey,E01002080,279,49,15,145,23704,0.011770165372932838
2009,Harrow,E01002129,867,124,1,137,13948,0.062159449383424145
2009,Harrow,E01002130,471,102,2,137,13948,0.033768282190995126
2009,Harrow,E01002126,287,81,3,137,13948,0.020576426727846285
2009,Harrow,E01002226,285,49,4,137,13948,0.02043303699455119
2009,Harrow,E01002179,258,85,5,137,13948,0.01849727559506739
2009,Harrow,E01002219,256,48,6,137,13948,0.018353885861772296
2009,Harrow,E01002133,227,59,7,137,13948,0.016274734728993403
2009,Harrow,E01002233,203,71,8,137,13948,0.014554057929452252
2009,Harrow,E01002180,202,67,9,137,13948,0.014482363062804704
2009,Harrow,E01002123,201,34,10,137,13948,0.014410668196157154
2009,Harrow,E01002202,194,51,11,137,13948,0.013908804129624319
2009,Harrow,E01002189,191,28,12,137,13948,0.013693719529681675
2009,Harrow,E01002213,180,45,13,137,13948,0.012905075996558647
2009,Harrow,E01002232,177,62,14,137,13948,0.012689991396616002
2009,Havering,E01002356,1297,452,1,150,14538,0.08921447241711378
2009,Havering,E01002353,452,95,2,150,14538,0.031090934103728162
2009,Havering,E01002361,386,64,3,150,14538,0.026551107442564316
2009,Havering,E01002345,331,78,4,150,14538,0.02276791855826111
2009,Havering,E01002293,307,51,5,150,14538,0.021117072499656074
2009,Havering,E01002282,269,68,6,150,14538,0.01850323290686477
2009,Havering,E01002319,233,28,7,150,14538,0.016026963818957216
2009,Havering,E01002350,229,56,8,150,14538,0.01575182280918971
2009,Havering,E01002248,214,54,9,150,14538,0.014720044022561564
2009,Havering,E01002326,204,56,10,150,14538,0.014032191498142799
2009,Havering,E01002386,202,28,11,150,14538,0.013894620993259046
2009,Havering,E01002368,183,35,12,150,14538,0.012587701196863392
2009,Havering,E01002344,181,23,13,150,14538,0.012450130691979639
2009,Havering,E01002243,177,29,14,150,14538,0.012174989682212133
2009,Havering,E01002370,169,25,15,150,14538,0.011624707662677121
2009,Hillingdon,E01002444,2672,425,1,161,24605,0.10859581385897175
2009,Hillingdon,E01002521,735,185,2,161,24605,0.029871977240398292
2009,Hillingdon,E01002515,663,158,3,161,24605,0.02694574273521642
2009,Hillingdon,E01002505,516,109,4,161,24605,0.02097134728713676
2009,Hillingdon,E01002554,441,107,5,161,24605,0.017923186344238975
2009,Hillingdon,E01002506,417,105,6,161,24605,0.016947774842511684
2009,Hillingdon,E01002414,397,118,7,161,24605,0.01613493192440561
2009,Hillingdon,E01002514,395,118,8,161,24605,0.016053647632595
2009,Hillingdon,E01002397,335,85,9,161,24605,0.013615118878276773
2009,Hillingdon,E01002535,334,49,10,161,24605,0.01357447673237147
2009,Hillingdon,E01002406,293,82,11,161,24605,0.011908148750254014
2009,Hillingdon,E01002412,286,112,12,161,24605,0.011623653728916886
2009,Hillingdon,E01002396,271,59,13,161,24605,0.01101402154033733
2009,Hillingdon,E01002497,257,52,14,161,24605,0.010445031497663076
2009,Hillingdon,E01002443,256,38,15,161,24605,0.010404389351757772
2009,Hillingdon,E01002520,240,49,16,161,24605,0.009754115017272911
2009,Hillingdon,E01002529,222,53,17,161,24605,0.009022556390977444
2009,Hounslow,E01002641,445,113,1,142,19783,0.022494060557043928
2009,Hounslow,E01002648,355,121,2,142,19783,0.017944699994945155
2009,Hounslow,E01002693,350,54,3,142,19783,0.017691957741495224
2009,Hounslow,E01002637,343,71,4,142,19783,0.01733811858666532
2009,Hounslow,E01002642,336,110,5,142,19783,0.016984279431835413
2009,Hounslow,E01002664,288,76,6,142,19783,0.01455795379871607
2009,Hounslow,E01002598,285,81,7,142,19783,0.01440630844664611
2009,Hounslow,E01002661,274,74,8,142,19783,0.013850275489056261
2009,Hounslow,E01002572,264,37,9,142,19783,0.013344790982156397
2009,Hounslow,E01002570,255,28,10,142,19783,0.01288985492594652
2009,Hounslow,E01002662,255,66,11,142,19783,0.01288985492594652
2009,Hounslow,E01002633,240,56,12,142,19783,0.012131628165596724
2009,Hounslow,E01002645,240,53,13,142,19783,0.012131628165596724
2009,Hounslow,E01002678,240,26,14,142,19783,0.012131628165596724
2009,Hounslow,E01002629,239,68,15,142,19783,0.012081079714906738
2009,Islington,E01002794,1445,232,1,123,25485,0.05670001961938395
2009,Islington,E01002724,1112,104,2,123,25485,0.043633509907788894
2009,Islington,E01002731,974,198,3,123,25485,0.03821855993721797
2009,Islington,E01002704,849,153,4,123,25485,0.03331371394938199
2009,Islington,E01002696,782,91,5,123,25485,0.030684716499901902
2009,Islington,E01002803,542,82,6,123,25485,0.021267412203256817
2009,Islington,E01002711,524,91,7,123,25485,0.020561114381008435
2009,Islington,E01002770,501,129,8,123,25485,0.019658622719246614
2009,Islington,E01002795,492,126,9,123,25485,0.019305473808122423
2009,Islington,E01002801,460,60,10,123,25485,0.018049833235236415
2009,Islington,E01002695,447,126,11,123,25485,0.01753972925250147
2009,Islington,E01002734,424,115,12,123,25485,0.01663723759073965
2009,Islington,E01002730,373,100,13,123,25485,0.01463606042770257
2009,Kensington and Chelsea,E01002818,718,55,1,103,18742,0.03830967879628642
2009,Kensington and Chelsea,E01002889,599,68,2,103,18742,0.03196030306264006
2009,Kensington and Chelsea,E01002884,519,49,3,103,18742,0.027691815174474443
2009,Kensington and Chelsea,E01002831,511,89,4,103,18742,0.027264966385657882
2009,Kensington and Chelsea,E01002819,468,35,5,103,18742,0.02497065414576886
2009,Kensington and Chelsea,E01002883,432,47,6,103,18742,0.023049834596094335
2009,Kensington and Chelsea,E01002835,401,31,7,103,18742,0.021395795539430155
2009,Kensington and Chelsea,E01002821,399,47,8,103,18742,0.021289083342226015
2009,Kensington and Chelsea,E01002833,382,39,9,103,18742,0.020382029665990824
2009,Kensington and Chelsea,E01002852,378,82,10,103,18742,0.02016860527158254
2009,Kensington and Chelsea,E01002827,363,62,11,103,18742,0.01936826379255149
2009,Kingston upon Thames,E01002968,2645,447,1,98,10163,0.2602577978943225
2009,Kingston upon Thames,E01002964,532,165,2,98,10163,0.05234674800747811
2009,Kingston upon Thames,E01002987,302,80,3,98,10163,0.029715635147102234
2009,Kingston upon Thames,E01002930,224,40,4,98,10163,0.022040736003148678
2009,Kingston upon Thames,E01002919,182,44,5,98,10163,0.017908098002558298
2009,Kingston upon Thames,E01002948,182,42,6,98,10163,0.017908098002558298
2009,Kingston upon Thames,E01003003,177,46,7,98,10163,0.017416117288202304
2009,Kingston upon Thames,E01002932,158,41,8,98,10163,0.015546590573649512
2009,Kingston upon Thames,E01002972,155,42,9,98,10163,0.015251402145035915
2009,Kingston upon Thames,E01002965,154,33,10,98,10163,0.015153006002164715
2009,Lambeth,E01003047,1085,306,1,178,31225,0.03474779823859087
2009,Lambeth,E01003013,870,171,2,178,31225,0.02786228983186549
2009,Lambeth,E01003035,699,107,3,178,31225,0.022385908726981586
2009,Lambeth,E01003061,690,144,4,178,31225,0.02209767814251401
2009,Lambeth,E01003055,584,142,5,178,31225,0.018702962369895916
2009,Lambeth,E01003041,527,107,6,178,31225,0.01687750200160128
2009,Lambeth,E01003109,523,123,7,178,31225,0.016749399519615692
2009,Lambeth,E01003076,433,134,8,178,31225,0.013867093674939952
2009,Lambeth,E01003118,385,68,9,178,31225,0.01232986389111289
2009,Lambeth,E01003102,360,66,10,178,31225,0.011529223378702963
2009,Lambeth,E01003032,352,69,11,178,31225,0.011273018414731785
2009,Lambeth,E01003090,342,46,12,178,31225,0.010952762209767814
2009,Lambeth,E01003074,340,64,13,178,31225,0.01088871096877502
2009,Lambeth,E01003120,327,110,14,178,31225,0.010472377902321858
2009,Lambeth,E01003039,310,34,15,178,31225,0.009927942353883107
2009,Lambeth,E01003017,301,65,16,178,31225,0.009639711769415532
2009,Lambeth,E01003100,292,61,17,178,31225,0.009351481184947958
2009,Lambeth,E01003052,290,80,18,178,31225,0.009287429943955164
2009,Lewisham,E01003318,718,227,1,169,25182,0.02851242951314431
2009,Lewisham,E01003296,673,112,2,169,25182,0.02672543880549599
2009,Lewisham,E01003303,473,179,3,169,25182,0.018783257882614566
2009,Lewisham,E01003304,452,103,4,169,25182,0.017949328885712018
2009,Lewisham,E01003199,390,122,5,169,25182,0.015487252799618776
2009,Lewisham,E01003291,355,127,6,169,25182,0.014097371138114526
2009,Lewisham,E01003215,350,97,7,169,25182,0.01389881661504249
2009,Lewisham,E01003190,295,83,8,169,25182,0.011714716861250099
2009,Lewisham,E01003200,295,74,9,169,25182,0.011714716861250099
2009,Lewisham,E01003253,286,82,10,169,25182,0.011357318719720436
2009,Lewisham,E01003243,282,80,11,169,25182,0.011198475101262807
2009,Lewisham,E01003255,272,63,12,169,25182,0.010801366055118736
2009,Lewisham,E01003299,257,92,13,169,25182,0.01020570248590263
2009,Lewisham,E01003192,256,102,14,169,25182,0.010165991581288222
2009,Lewisham,E01003214,256,57,15,169,25182,0.010165991581288222
2009,Lewisham,E01003282,254,71,16,169,25182,0.010086569772059408
2009,Lewisham,E01003320,254,77,17,169,25182,0.010086569772059408
2009,Merton,E01003456,650,180,1,124,13561,0.04793156846840203
2009,Merton,E01003367,394,67,2,124,13561,0.02905390457930831
2009,Merton,E01003383,326,74,3,124,13561,0.02403952510876779
2009,Merton,E01003475,267,31,4,124,13561,0.01968881350932822
2009,Merton,E01003439,238,57,5,124,13561,0.017550328146891822
2009,Merton,E01003389,221,56,6,124,13561,0.01629673327925669
2009,Merton,E01003374,218,85,7,124,13561,0.016075510655556374
2009,Merton,E01003390,218,86,8,124,13561,0.016075510655556374
2009,Merton,E01003375,214,33,9,124,13561,0.015780547157289285
2009,Merton,E01003357,208,69,10,124,13561,0.015338101909888652
2009,Merton,E01003401,193,15,11,124,13561,0.014231988791387066
2009,Merton,E01003427,191,61,12,124,13561,0.014084507042253521
2009,Merton,E01003358,186,68,13,124,13561,0.01371580266941966
2009,Newham,E01003617,1191,246,1,164,28610,0.04162880111849004
2009,Newham,E01003521,944,149,2,164,28610,0.0329954561342188
2009,Newham,E01003482,763,104,3,164,28610,0.026668996854246767
2009,Newham,E01003619,759,187,4,164,28610,0.026529185599440754
2009,Newham,E01003618,473,94,5,164,28610,0.016532680880810904
2009,Newham,E01003515,429,66,6,164,28610,0.014994757077944775
2009,Newham,E01003499,389,78,7,164,28610,0.013596644529884655
2009,Newham,E01003556,360,121,8,164,28610,0.01258301293254107
2009,Newham,E01003502,359,111,9,164,28610,0.012548060118839566
2009,Newham,E01003591,358,125,10,164,28610,0.012513107305138063
2009,Newham,E01003486,353,77,11,164,28610,0.012338343236630548
2009,Newham,E01003609,321,65,12,164,28610,0.011219853198182453
2009,Newham,E01003569,310,65,13,164,28610,0.01083537224746592
2009,Newham,E01003566,308,54,14,164,28610,0.010765466620062916
2009,Newham,E01003601,300,114,15,164,28610,0.01048584411045089
2009,Newham,E01003493,297,86,16,164,28610,0.010380985669346383
2009,Newham,E01003636,294,75,17,164,28610,0.010276127228241873
2009,Redbridge,E01003689,1212,217,1,161,20837,0.05816576282574267
2009,Redbridge,E01003783,1014,161,2,161,20837,0.04866343523539857
2009,Redbridge,E01003728,374,81,3,161,20837,0.0179488410039833
2009,Redbridge,E01003690,330,57,4,161,20837,0.015837212650573498
2009,Redbridge,E01003674,285,40,5,161,20837,0.013677592743677114
2009,Redbridge,E01003645,271,36,6,161,20837,0.013005710994864904
2009,Redbridge,E01003769,271,49,7,161,20837,0.013005710994864904
2009,Redbridge,E01003781,255,53,8,161,20837,0.012237846139079522
2009,Redbridge,E01003653,246,53,9,161,20837,0.011805922157700245
2009,Redbridge,E01003770,240,47,10,161,20837,0.011517972836780726
2009,Redbridge,E01003767,239,52,11,161,20837,0.01146998128329414
2009,Redbridge,E01003705,228,52,12,161,20837,0.01094207419494169
2009,Redbridge,E01003662,227,47,13,161,20837,0.010894082641455104
2009,Redbridge,E01003734,222,41,14,161,20837,0.010654124874022172
2009,Redbridge,E01003700,218,52,15,161,20837,0.010462158660075827
2009,Redbridge,E01003735,216,37,16,161,20837,0.010366175553102654
2009,Redbridge,E01003701,209,43,17,161,20837,0.01003023467869655
2009,Richmond upon Thames,E01003876,1052,230,1,115,10618,0.09907703899039368
2009,Richmond upon Thames,E01003896,354,103,2,115,10618,0.03333961197965719
2009,Richmond upon Thames,E01003888,222,49,3,115,10618,0.02090789225842908
2009,Richmond upon Thames,E01003829,192,41,4,115,10618,0.018082501412695424
2009,Richmond upon Thames,E01003897,192,62,5,115,10618,0.018082501412695424
2009,Richmond upon Thames,E01003860,184,38,6,115,10618,0.017329063853833114
2009,Richmond upon Thames,E01003815,146,33,7,115,10618,0.013750235449237145
2009,Richmond upon Thames,E01003909,143,22,8,115,10618,0.013467696364663778
2009,Richmond upon Thames,E01003823,141,15,9,115,10618,0.013279336974948201
2009,Richmond upon Thames,E01003799,140,11,10,115,10618,0.013185157280090412
2009,Richmond upon Thames,E01003873,140,25,11,115,10618,0.013185157280090412
2009,Richmond upon Thames,E01003817,138,28,12,115,10618,0.012996797890374836
2009,Southwark,E01003929,1059,131,1,166,30623,0.03458185024328119
2009,Southwark,E01004067,841,236,2,166,30623,0.02746301799301179
2009,Southwark,E01004027,785,122,3,166,30623,0.025634327139731575
2009,Southwark,E01003984,670,69,4,166,30623,0.02187897985174542
2009,Southwark,E01003939,645,124,5,166,30623,0.02106260000653104
2009,Southwark,E01003927,537,81,6,166,30623,0.017535839075204913
2009,Southwark,E01003969,510,141,7,166,30623,0.01665414884237338
2009,Southwark,E01003934,494,55,8,166,30623,0.016131665741436176
2009,Southwark,E01003988,486,121,9,166,30623,0.015870424190967573
2009,Southwark,E01004031,480,83,10,166,30623,0.01567449302811612
2009,Southwark,E01004005,458,108,11,166,30623,0.014956078764327467
2009,Southwark,E01003964,452,123,12,166,30623,0.014760147601476014
2009,Southwark,E01003981,451,97,13,166,30623,0.01472749240766744
2009,Southwark,E01004062,451,148,14,166,30623,0.01472749240766744
2009,Southwark,E01003921,422,141,15,166,30623,0.013780491787218758
2009,Southwark,E01004010,406,152,16,166,30623,0.013258008686281552
2009,Southwark,E01003913,381,115,17,166,30623,0.012441628841067172
2009,Sutton,E01004142,1481,357,1,121,12240,0.12099673202614379
2009,Sutton,E01004140,302,66,2,121,12240,0.024673202614379084
2009,Sutton,E01004178,292,79,3,121,12240,0.023856209150326796
2009,Sutton,E01004123,266,69,4,121,12240,0.02173202614379085
2009,Sutton,E01004076,259,43,5,121,12240,0.02116013071895425
2009,Sutton,E01004146,191,47,6,121,12240,0.015604575163398693
2009,Sutton,E01004110,180,36,7,121,12240,0.014705882352941176
2009,Sutton,E01004130,175,20,8,121,12240,0.014297385620915032
2009,Sutton,E01004137,173,24,9,121,12240,0.014133986928104575
2009,Sutton,E01004086,164,39,10,121,12240,0.013398692810457516
2009,Sutton,E01004177,159,32,11,121,12240,0.012990196078431373
2009,Sutton,E01004088,156,37,12,121,12240,0.012745098039215686
2009,Sutton,E01004129,147,56,13,121,12240,0.012009803921568628
2009,Tower Hamlets,E01004307,838,69,1,144,21959,0.03816202923630402
2009,Tower Hamlets,E01004208,737,175,2,144,21959,0.03356254838562776
2009,Tower Hamlets,E01004317,623,95,3,144,21959,0.028371055148230795
2009,Tower Hamlets,E01004306,576,121,4,144,21959,0.026230702673163624
2009,Tower Hamlets,E01004309,499,127,5,144,21959,0.022724167767202513
2009,Tower Hamlets,E01004234,493,58,6,144,21959,0.022450931281023725
2009,Tower Hamlets,E01004277,472,70,7,144,21959,0.021494603579397968
2009,Tower Hamlets,E01004325,408,96,8,144,21959,0.018580081060157565
2009,Tower Hamlets,E01004197,362,66,9,144,21959,0.016485267999453528
2009,Tower Hamlets,E01004252,346,125,10,144,21959,0.015756637369643427
2009,Tower Hamlets,E01004293,329,23,11,144,21959,0.014982467325470195
2009,Tower Hamlets,E01004259,306,82,12,144,21959,0.013935060795118175
2009,Tower Hamlets,E01004232,305,54,13,144,21959,0.013889521380755044
2009,Tower Hamlets,E01004203,294,71,14,144,21959,0.0133885878227606
2009,Tower Hamlets,E01004322,285,67,15,144,21959,0.012978733093492418
2009,Waltham Forest,E01004397,1339,246,1,144,24761,0.05407697588950366
2009,Waltham Forest,E01004430,894,139,2,144,24761,0.03610516538104277
2009,Waltham Forest,E01004392,891,145,3,144,24761,0.03598400710795202
2009,Waltham Forest,E01004420,549,122,4,144,24761,0.0221719639756068
2009,Waltham Forest,E01004438,444,106,5,144,24761,0.017931424417430637
2009,Waltham Forest,E01004455,364,53,6,144,24761,0.014700537135010702
2009,Waltham Forest,E01004464,311,66,7,144,24761,0.012560074310407496
2009,Waltham Forest,E01004444,310,72,8,144,24761,0.012519688219377247
2009,Waltham Forest,E01004422,308,59,9,144,24761,0.012438916037316748
2009,Waltham Forest,E01004348,301,73,10,144,24761,0.012156213400105004
2009,Waltham Forest,E01004391,274,40,11,144,24761,0.011065788942288275
2009,Waltham Forest,E01004363,266,36,12,144,24761,0.010742700214046283
2009,Waltham Forest,E01004424,254,62,13,144,24761,0.010258067121683293
2009,Waltham Forest,E01004452,244,51,14,144,24761,0.0098542062113808
2009,Waltham Forest,E01004409,243,52,15,144,24761,0.009813820120350552
2009,Wandsworth,E01004609,775,158,1,179,23021,0.033664914643151904
2009,Wandsworth,E01004525,643,166,2,179,23021,0.027931019503931193
2009,Wandsworth,E01004551,607,96,3,179,23021,0.026367229920507364
2009,Wandsworth,E01004474,479,88,4,179,23021,0.020807089179444856
2009,Wandsworth,E01004552,472,49,5,179,23021,0.020503018982668
2009,Wandsworth,E01004509,449,81,6,179,23021,0.019503931193258328
2009,Wandsworth,E01004617,392,98,7,179,23021,0.017027931019503933
2009,Wandsworth,E01004600,336,85,8,179,23021,0.014595369445289084
2009,Wandsworth,E01004588,296,59,9,179,23021,0.01285782546370705
2009,Wandsworth,E01004562,267,64,10,179,23021,0.011598106077060076
2009,Wandsworth,E01004613,251,57,11,179,23021,0.010903088484427262
2009,Wandsworth,E01004540,242,57,12,179,23021,0.010512141088571304
2009,Wandsworth,E01004580,227,36,13,179,23021,0.009860562095478042
2009,Wandsworth,E01004534,225,40,14,179,23021,0.00977368489639894
2009,Wandsworth,E01004536,223,43,15,179,23021,0.009686807697319838
2009,Wandsworth,E01004626,210,79,16,179,23021,0.009122105903305677
2009,Wandsworth,E01004560,209,39,17,179,23021,0.009078667303766127
2009,Wandsworth,E01004545,207,38,18,179,23021,0.008991790104687024
2009,Westminster,E01004734,6563,1134,1,128,48456,0.13544246326564305
2009,Westminster,E01004763,5159,624,2,128,48456,0.10646772329536074
2009,Westminster,E01004736,4310,613,3,128,48456,0.08894667327059601
2009,Westminster,E01004735,2506,204,4,128,48456,0.05171702162786858
2009,Westminster,E01004762,2348,125,5,128,48456,0.04845633151725277
2009,Westminster,E01004714,2339,113,6,128,48456,0.04827059600462275
2009,Westminster,E01004761,1762,216,7,128,48456,0.03636288591712069
2009,Westminster,E01004765,1563,112,8,128,48456,0.03225606736007925
2009,Westminster,E01004731,1041,173,9,128,48456,0.021483407627538385
2009,Westminster,E01004689,1027,89,10,128,48456,0.021194485719002808
2009,Westminster,E01004658,913,133,11,128,48456,0.01884183589235595
2009,Westminster,E01004750,731,160,12,128,48456,0.01508585108139343
2009,Westminster,E01004699,719,90,13,128,48456,0.014838203731220075
2010,Barking and Dagenham,E01000010,1120,253,1,110,17130,0.06538237011091652
2010,Barking and Dagenham,E01000095,537,86,2,110,17130,0.031348511383537656
2010,Barking and Dagenham,E01000092,353,52,3,110,17130,0.020607122008172798
2010,Barking and Dagenham,E01000030,338,65,4,110,17130,0.01973146526561588
2010,Barking and Dagenham,E01000007,328,118,5,110,17130,0.01914769410391127
2010,Barking and Dagenham,E01000009,314,61,6,110,17130,0.01833041447752481
2010,Barking and Dagenham,E01000013,291,68,7,110,17130,0.016987740805604203
2010,Barking and Dagenham,E01000096,272,72,8,110,17130,0.01587857559836544
2010,Barking and Dagenham,E01000070,251,45,9,110,17130,0.014652656158785755
2010,Barking and Dagenham,E01000060,245,60,10,110,17130,0.014302393461762989
2010,Barking and Dagenham,E01000105,245,76,11,110,17130,0.014302393461762989
2010,Barnet,E01000307,699,52,1,211,23416,0.02985138366928596
2010,Barnet,E01000141,474,124,2,211,23416,0.020242569183464298
2010,Barnet,E01000146,397,68,3,211,23416,0.01695421933720533
2010,Barnet,E01000193,396,63,4,211,23416,0.01691151349504612
2010,Barnet,E01000221,370,50,5,211,23416,0.01580116159890673
2010,Barnet,E01000316,341,48,6,211,23416,0.014562692176289716
2010,Barnet,E01000164,319,52,7,211,23416,0.013623163648787155
2010,Barnet,E01000129,276,79,8,211,23416,0.011786812435941237
2010,Barnet,E01000264,271,53,9,211,23416,0.0115732832251452
2010,Barnet,E01000323,268,48,10,211,23416,0.011445165698667577
2010,Barnet,E01000250,259,71,11,211,23416,0.011060813119234712
2010,Barnet,E01000192,249,51,12,211,23416,0.010633754697642637
2010,Barnet,E01000211,236,22,13,211,23416,0.010078578749572941
2010,Barnet,E01000223,231,40,14,211,23416,0.009865049538776904
2010,Barnet,E01000299,224,62,15,211,23416,0.009566108643662453
2010,Barnet,E01000281,222,62,16,211,23416,0.009480696959344038
2010,Barnet,E01000310,219,47,17,211,23416,0.009352579432866416
2010,Barnet,E01000171,215,53,18,211,23416,0.009181756064229586
2010,Barnet,E01000125,207,71,19,211,23416,0.008840109326955928
2010,Barnet,E01000243,207,29,20,211,23416,0.008840109326955928
2010,Barnet,E01000237,205,31,21,211,23416,0.008754697642637513
2010,Barnet,E01000245,205,49,22,211,23416,0.008754697642637513
2010,Bexley,E01000360,530,148,1,146,13166,0.04025520279507823
2010,Bexley,E01000362,409,114,2,146,13166,0.03106486404374905
2010,Bexley,E01000403,361,97,3,146,13166,0.02741910982834574
2010,Bexley,E01000429,264,49,4,146,13166,0.020051648184718215
2010,Bexley,E01000378,255,35,5,146,13166,0.01936806926933009
2010,Bexley,E01000457,239,58,6,146,13166,0.018152817864195654
2010,Bexley,E01000433,222,65,7,146,13166,0.016861613246240317
2010,Bexley,E01000333,213,54,8,146,13166,0.016178034330852194
2010,Bexley,E01000335,212,49,9,146,13166,0.016102081118031294
2010,Bexley,E01000414,204,68,10,146,13166,0.015494455415464074
2010,Bexley,E01000428,202,42,11,146,13166,0.01534254898982227
2010,Bexley,E01000404,190,70,12,146,13166,0.014431110435971442
2010,Bexley,E01000470,184,42,13,146,13166,0.013975391159046028
2010,Bexley,E01000373,182,52,14,146,13166,0.013823484733404223
2010,Bexley,E01000392,182,40,15,146,13166,0.013823484733404223
2010,Brent,E01000635,618,157,1,173,25512,0.024223894637817496
2010,Brent,E01000601,500,94,2,173,25512,0.019598620257133898
2010,Brent,E01000524,484,133,3,173,25512,0.018971464408905615
2010,Brent,E01000482,479,126,4,173,25512,0.018775478206334274
2010,Brent,E01000600,443,111,5,173,25512,0.017364377547820633
2010,Brent,E01000642,406,104,6,173,25512,0.015914079648792726
2010,Brent,E01000548,405,110,7,173,25512,0.015874882408278456
2010,Brent,E01000521,403,112,8,173,25512,0.01579648792724992
2010,Brent,E01000586,369,75,9,173,25512,0.014463781749764816
2010,Brent,E01000526,345,86,10,173,25512,0.01352304797742239
2010,Brent,E01000508,342,83,11,173,25512,0.013405456255879586
2010,Brent,E01000588,337,56,12,173,25512,0.013209470053308248
2010,Brent,E01000545,319,87,13,173,25512,0.012503919724051427
2010,Brent,E01000608,315,76,14,173,25512,0.012347130761994356
2010,Brent,E01000523,306,100,15,173,25512,0.011994355597365945
2010,Brent,E01000643,306,74,16,173,25512,0.011994355597365945
2010,Brent,E01000568,296,78,17,173,25512,0.011602383192223268
2010,Brent,E01000510,291,89,18,173,25512,0.011406396989651929
2010,Bromley,E01000676,896,200,1,197,19572,0.045779685264663805
2010,Bromley,E01000675,724,229,2,197,19572,0.036991620682607806
2010,Bromley,E01000790,490,77,3,197,19572,0.02503576537911302
2010,Bromley,E01000714,401,101,4,197,19572,0.020488452891886368
2010,Bromley,E01000799,362,99,5,197,19572,0.018495810341303903
2010,Bromley,E01000677,328,61,6,197,19572,0.016758634784385856
2010,Bromley,E01000740,275,72,7,197,19572,0.01405068465154302
2010,Bromley,E01000779,243,20,8,197,19572,0.012415695892090742
2010,Bromley,E01000728,231,53,9,197,19572,0.011802575107296138
2010,Bromley,E01000720,226,70,10,197,19572,0.011547108113631719
2010,Bromley,E01000729,222,85,11,197,19572,0.011342734518700184
2010,Bromley,E01000743,216,72,12,197,19572,0.011036174126302882
2010,Bromley,E01000719,215,50,13,197,19572,0.010985080727569999
2010,Bromley,E01000769,209,120,14,197,19572,0.010678520335172696
2010,Bromley,E01000806,208,72,15,197,19572,0.010627426936439812
2010,Bromley,E01000693,195,31,16,197,19572,0.009963212752912324
2010,Bromley,E01000746,194,59,17,197,19572,0.00991211935417944
2010,Bromley,E01000800,192,46,18,197,19572,0.009809932556713672
2010,Bromley,E01000782,184,65,19,197,19572,0.009401185366850603
2010,Bromley,E01000819,171,52,20,197,19572,0.008736971183323115
2010,Camden,E01000863,2024,414,1,133,31804,0.0636397937366369
2010,Camden,E01000914,1511,144,2,133,31804,0.04750974720160986
2010,Camden,E01000918,1508,177,3,133,31804,0.04741541944409508
2010,Camden,E01000919,1296,207,4,133,31804,0.0407495912463841
2010,Camden,E01000854,1081,164,5,133,31804,0.033989435291158346
2010,Camden,E01000855,1040,90,6,133,31804,0.03270028927178971
2010,Camden,E01000947,936,200,7,133,31804,0.029430260344610742
2010,Camden,E01000850,888,95,8,133,31804,0.027921016224374293
2010,Camden,E01000858,886,160,9,133,31804,0.027858131052697774
2010,Camden,E01000904,530,94,10,133,31804,0.01666457049427745
2010,Camden,E01000856,510,102,11,133,31804,0.016035718777512264
2010,Camden,E01000930,509,106,12,133,31804,0.016004276191674004
2010,Camden,E01000851,471,49,13,133,31804,0.014809457929820148
2010,Camden,E01000861,442,91,14,133,31804,0.013897622940510628
2010,City of London,E01000001,0,0,1,6,0,
2010,Croydon,E01001043,1749,499,1,220,29373,0.05954447962414462
2010,Croydon,E01001014,1068,164,2,220,29373,0.0363599223776938
2010,Croydon,E01001048,710,96,3,220,29373,0.024171858509515542
2010,Croydon,E01001045,566,136,4,220,29373,0.01926939706533211
2010,Croydon,E01001010,477,69,5,220,29373,0.016239403533857624
2010,Croydon,E01001013,458,117,6,220,29373,0.015592550982194532
2010,Croydon,E01001042,373,98,7,220,29373,0.0126987369352807
2010,Croydon,E01001097,369,72,8,220,29373,0.012562557450720048
2010,Croydon,E01001164,333,70,9,220,29373,0.01133694208967419
2010,Croydon,E01001155,327,101,10,220,29373,0.011132672862833214
2010,Croydon,E01001117,318,52,11,220,29373,0.01082626902257175
2010,Croydon,E01001136,293,71,12,220,29373,0.009975147244067681
2010,Croydon,E01001011,286,74,13,220,29373,0.009736833146086542
2010,Croydon,E01001191,281,69,14,220,29373,0.009566608790385728
2010,Croydon,E01001178,273,83,15,220,29373,0.009294249821264427
2010,Croydon,E01001172,258,49,16,220,29373,0.008783576754161986
2010,Croydon,E01001145,241,66,17,220,29373,0.008204813944779218
2010,Croydon,E01001076,233,52,18,220,29373,0.007932454975657918
2010,Croydon,E01001114,216,46,19,220,29373,0.007353692166275151
2010,Croydon,E01001113,212,42,20,220,29373,0.0072175126817145
2010,Croydon,E01001152,212,63,21,220,29373,0.0072175126817145
2010,Croydon,E01001154,212,54,22,220,29373,0.0072175126817145
2010,Ealing,E01001221,1244,360,1,196,31360,0.03966836734693877
2010,Ealing,E01001361,1004,329,2,196,31360,0.03201530612244898
2010,Ealing,E01001247,763,109,3,196,31360,0.024330357142857143
2010,Ealing,E01001202,653,216,4,196,31360,0.020822704081632653
2010,Ealing,E01001351,613,207,5,196,31360,0.01954719387755102
2010,Ealing,E01001367,443,147,6,196,31360,0.014126275510204081
2010,Ealing,E01001337,424,221,7,196,31360,0.013520408163265307
2010,Ealing,E01001261,416,107,8,196,31360,0.013265306122448979
2010,Ealing,E01001249,401,122,9,196,31360,0.012786989795918368
2010,Ealing,E01001389,352,77,10,196,31360,0.011224489795918367
2010,Ealing,E01001388,338,132,11,196,31360,0.010778061224489797
2010,Ealing,E01001225,325,74,12,196,31360,0.010363520408163265
2010,Ealing,E01001246,314,31,13,196,31360,0.010012755102040817
2010,Ealing,E01001323,313,70,14,196,31360,0.009980867346938775
2010,Ealing,E01001252,307,94,15,196,31360,0.00978954081632653
2010,Ealing,E01001333,288,90,16,196,31360,0.009183673469387756
2010,Ealing,E01001238,284,67,17,196,31360,0.009056122448979591
2010,Ealing,E01001381,284,50,18,196,31360,0.009056122448979591
2010,Ealing,E01001222,283,86,19,196,31360,0.009024234693877552
2010,Ealing,E01001338,275,67,20,196,31360,0.008769132653061224
2010,Enfield,E01001559,534,62,1,183,20808,0.02566320645905421
2010,Enfield,E01001429,497,138,2,183,20808,0.023885044213763938
2010,Enfield,E01001450,441,91,3,183,20808,0.021193771626297576
2010,Enfield,E01001513,408,73,4,183,20808,0.0196078431372549
2010,Enfield,E01001519,399,66,5,183,20808,0.01917531718569781
2010,Enfield,E01001507,321,74,6,183,20808,0.015426758938869665
2010,Enfield,E01001437,307,44,7,183,20808,0.014753940792003076
2010,Enfield,E01001439,307,66,8,183,20808,0.014753940792003076
2010,Enfield,E01001558,303,80,9,183,20808,0.014561707035755479
2010,Enfield,E01001498,290,51,10,183,20808,0.013936947327950788
2010,Enfield,E01001555,280,68,11,183,20808,0.013456362937331795
2010,Enfield,E01001427,279,45,12,183,20808,0.013408304498269897
2010,Enfield,E01001425,250,58,13,183,20808,0.012014609765474818
2010,Enfield,E01001501,233,32,14,183,20808,0.01119761630142253
2010,Enfield,E01001536,224,49,15,183,20808,0.010765090349865437
2010,Enfield,E01001412,217,40,16,183,20808,0.010428681276432141
2010,Enfield,E01001554,216,36,17,183,20808,0.010380622837370242
2010,Enfield,E01001445,202,51,18,183,20808,0.009707804690503653
2010,Enfield,E01001549,197,49,19,183,20808,0.009467512495194156
2010,Greenwich,E01001667,841,211,1,151,18626,0.04515193815097176
2010,Greenwich,E01001641,499,103,2,151,18626,0.02679050789219371
2010,Greenwich,E01001615,452,78,3,151,18626,0.024267153441425965
2010,Greenwich,E01001696,409,125,4,151,18626,0.021958552560936324
2010,Greenwich,E01001640,379,94,5,151,18626,0.02034790078385053
2010,Greenwich,E01001664,302,40,6,151,18626,0.016213894555996995
2010,Greenwich,E01001609,296,79,7,151,18626,0.015891764200579833
2010,Greenwich,E01001666,294,42,8,151,18626,0.015784387415440783
2010,Greenwich,E01001701,291,78,9,151,18626,0.015623322237732202
2010,Greenwich,E01001646,247,73,10,151,18626,0.013261032964673038
2010,Greenwich,E01001642,238,26,11,151,18626,0.0127778374315473
2010,Greenwich,E01001688,236,64,12,151,18626,0.012670460646408246
2010,Greenwich,E01001673,220,88,13,151,18626,0.011811446365295823
2010,Greenwich,E01001644,218,50,14,151,18626,0.01170406958015677
2010,Greenwich,E01001709,218,33,15,151,18626,0.01170406958015677
2010,Greenwich,E01001631,215,96,16,151,18626,0.01154300440244819
2010,Hackney,E01001760,502,126,1,144,20175,0.024882280049566295
2010,Hackney,E01001748,465,105,2,144,20175,0.023048327137546468
2010,Hackney,E01001839,423,94,3,144,20175,0.02096654275092937
2010,Hackney,E01001731,421,112,4,144,20175,0.02086741016109046
2010,Hackney,E01001777,397,73,5,144,20175,0.019677819083023546
2010,Hackney,E01001831,340,74,6,144,20175,0.01685254027261462
2010,Hackney,E01001729,339,137,7,144,20175,0.016802973977695167
2010,Hackney,E01001830,328,91,8,144,20175,0.016257744733581166
2010,Hackney,E01001734,324,66,9,144,20175,0.016059479553903345
2010,Hackney,E01001836,317,48,10,144,20175,0.01571251548946716
2010,Hackney,E01001747,276,67,11,144,20175,0.013680297397769516
2010,Hackney,E01001762,272,74,12,144,20175,0.013482032218091697
2010,Hackney,E01001849,263,57,13,144,20175,0.013035935563816605
2010,Hackney,E01001780,257,58,14,144,20175,0.012738537794299875
2010,Hackney,E01001756,252,39,15,144,20175,0.012490706319702602
2010,Hammersmith and Fulham,E01001943,2167,298,1,113,21941,0.09876486942254227
2010,Hammersmith and Fulham,E01001898,897,281,2,113,21941,0.04088236634611002
2010,Hammersmith and Fulham,E01001941,805,206,3,113,21941,0.03668930313112438
2010,Hammersmith and Fulham,E01001899,708,108,4,113,21941,0.03226835604575908
2010,Hammersmith and Fulham,E01001874,564,104,5,113,21941,0.02570530057882503
2010,Hammersmith and Fulham,E01001953,461,156,6,113,21941,0.021010892849004148
2010,Hammersmith and Fulham,E01001857,442,85,7,113,21941,0.02014493414156146
2010,Hammersmith and Fulham,E01001920,417,114,8,113,21941,0.019005514789663187
2010,Hammersmith and Fulham,E01001894,365,102,9,113,21941,0.016635522537714782
2010,Hammersmith and Fulham,E01001881,359,72,10,113,21941,0.016362061893259196
2010,Hammersmith and Fulham,E01001876,337,50,11,113,21941,0.015359372863588716
2010,Hammersmith and Fulham,E01001932,324,75,12,113,21941,0.014766874800601614
2010,Haringey,E01002026,1076,117,1,145,22156,0.04856472287416501
2010,Haringey,E01002031,592,107,2,145,22156,0.02671962448095324
2010,Haringey,E01002029,559,147,3,145,22156,0.025230185954143346
2010,Haringey,E01002034,415,127,4,145,22156,0.01873081783715472
2010,Haringey,E01001990,397,46,5,145,22156,0.017918396822531144
2010,Haringey,E01002069,370,114,6,145,22156,0.016699765300595776
2010,Haringey,E01002022,368,44,7,145,22156,0.016609496298970933
2010,Haringey,E01001979,361,125,8,145,22156,0.016293554793283985
2010,Haringey,E01002077,351,108,9,145,22156,0.015842209785159777
2010,Haringey,E01002081,351,110,10,145,22156,0.015842209785159777
2010,Haringey,E01002068,341,57,11,145,22156,0.015390864777035567
2010,Haringey,E01002038,291,82,12,145,22156,0.013134139736414516
2010,Haringey,E01002002,284,43,13,145,22156,0.012818198230727568
2010,Haringey,E01002037,258,35,14,145,22156,0.011644701209604622
2010,Haringey,E01002066,252,64,15,145,22156,0.011373894204730096
2010,Harrow,E01002129,890,192,1,137,13945,0.06382215847974185
2010,Harrow,E01002130,485,114,2,137,13945,0.03477949085693797
2010,Harrow,E01002226,298,67,3,137,13945,0.021369666547149516
2010,Harrow,E01002179,282,81,4,137,13945,0.020222301900322696
2010,Harrow,E01002180,253,52,5,137,13945,0.018142703477949086
2010,Harrow,E01002123,234,48,6,137,13945,0.01678020795984224
2010,Harrow,E01002233,234,68,7,137,13945,0.01678020795984224
2010,Harrow,E01002126,232,54,8,137,13945,0.016636787378988886
2010,Harrow,E01002219,208,54,9,137,13945,0.014915740408748655
2010,Harrow,E01002133,205,56,10,137,13945,0.014700609537468627
2010,Harrow,E01002189,194,20,11,137,13945,0.013911796342775189
2010,Harrow,E01002119,183,39,12,137,13945,0.01312298314808175
2010,Harrow,E01002202,180,48,13,137,13945,0.012907852276801721
2010,Harrow,E01002213,158,44,14,137,13945,0.011330225887414844
2010,Havering,E01002356,1341,533,1,150,14957,0.08965701678144013
2010,Havering,E01002353,530,144,2,150,14957,0.03543491341846627
2010,Havering,E01002361,424,121,3,150,14957,0.028347930734773017
2010,Havering,E01002293,343,51,4,150,14957,0.022932406231196096
2010,Havering,E01002345,320,81,5,150,14957,0.021394664705489067
2010,Havering,E01002248,266,68,6,150,14957,0.01778431503643779
2010,Havering,E01002282,258,73,7,150,14957,0.01724944841880056
2010,Havering,E01002319,258,50,8,150,14957,0.01724944841880056
2010,Havering,E01002344,205,31,9,150,14957,0.013705957076953934
2010,Havering,E01002370,201,30,10,150,14957,0.013438523768135322
2010,Havering,E01002281,189,58,11,150,14957,0.012636223841679482
2010,Havering,E01002350,188,56,12,150,14957,0.012569365514474828
2010,Havering,E01002386,174,39,13,150,14957,0.01163334893360968
2010,Havering,E01002326,166,31,14,150,14957,0.011098482315972455
2010,Havering,E01002276,151,28,15,150,14957,0.010095607407902654
2010,Hillingdon,E01002444,2386,306,1,161,23421,0.10187438623457581
2010,Hillingdon,E01002515,567,162,2,161,23421,0.024209043166389138
2010,Hillingdon,E01002521,544,148,3,161,23421,0.023227018487681994
2010,Hillingdon,E01002505,480,117,4,161,23421,0.020494428077366466
2010,Hillingdon,E01002506,431,147,5,161,23421,0.01840228854446864
2010,Hillingdon,E01002554,411,117,6,161,23421,0.017548354041245037
2010,Hillingdon,E01002397,368,128,7,161,23421,0.01571239485931429
2010,Hillingdon,E01002514,345,117,8,161,23421,0.014730370180607147
2010,Hillingdon,E01002414,342,91,9,161,23421,0.014602280005123607
2010,Hillingdon,E01002535,311,51,10,161,23421,0.013278681525127022
2010,Hillingdon,E01002406,307,78,11,161,23421,0.013107894624482303
2010,Hillingdon,E01002497,298,57,12,161,23421,0.012723624098031681
2010,Hillingdon,E01002407,286,75,13,161,23421,0.01221126339609752
2010,Hillingdon,E01002396,273,66,14,161,23421,0.011656205969002178
2010,Hillingdon,E01002412,261,123,15,161,23421,0.011143845267068016
2010,Hillingdon,E01002540,248,51,16,161,23421,0.010588787839972674
2010,Hillingdon,E01002542,244,62,17,161,23421,0.010418000939327954
2010,Hounslow,E01002637,466,76,1,142,19665,0.023696923468090516
2010,Hounslow,E01002642,398,148,2,142,19665,0.02023900330536486
2010,Hounslow,E01002641,339,93,3,142,19665,0.01723874904652937
2010,Hounslow,E01002648,330,112,4,142,19665,0.016781083142639208
2010,Hounslow,E01002661,325,90,5,142,19665,0.016526824307144673
2010,Hounslow,E01002693,323,76,6,142,19665,0.01642512077294686
2010,Hounslow,E01002664,318,83,7,142,19665,0.016170861937452326
2010,Hounslow,E01002612,285,101,8,142,19665,0.014492753623188406
2010,Hounslow,E01002566,275,35,9,142,19665,0.01398423595219934
2010,Hounslow,E01002589,273,54,10,142,19665,0.013882532418001525
2010,Hounslow,E01002681,263,106,11,142,19665,0.013374014747012459
2010,Hounslow,E01002598,247,81,12,142,19665,0.012560386473429951
2010,Hounslow,E01002672,245,68,13,142,19665,0.012458682939232139
2010,Hounslow,E01002572,239,45,14,142,19665,0.012153572336638697
2010,Hounslow,E01002678,235,20,15,142,19665,0.011950165268243072
2010,Islington,E01002794,1344,196,1,123,24693,0.054428380512695905
2010,Islington,E01002724,1199,101,2,123,24693,0.04855627100797797
2010,Islington,E01002704,947,145,3,123,24693,0.03835094966184749
2010,Islington,E01002731,924,193,4,123,24693,0.03741951160247844
2010,Islington,E01002696,863,128,5,123,24693,0.03494917587980399
2010,Islington,E01002795,602,139,6,123,24693,0.02437937877131171
2010,Islington,E01002711,553,96,7,123,24693,0.022395010731786336
2010,Islington,E01002770,514,180,8,123,24693,0.020815615761551855
2010,Islington,E01002803,450,71,9,123,24693,0.018223788118090146
2010,Islington,E01002695,444,120,10,123,24693,0.017980804276515612
2010,Islington,E01002734,373,122,11,123,24693,0.015105495484550277
2010,Islington,E01002716,336,76,12,123,24693,0.013607095128173976
2010,Islington,E01002801,325,36,13,123,24693,0.013161624751953996
2010,Kensington and Chelsea,E01002819,666,31,1,103,19481,0.03418715671680098
2010,Kensington and Chelsea,E01002818,659,52,2,103,19481,0.03382783224680458
2010,Kensington and Chelsea,E01002831,537,90,3,103,19481,0.027565320055438634
2010,Kensington and Chelsea,E01002884,487,47,4,103,19481,0.024998716698321443
2010,Kensington and Chelsea,E01002889,481,50,5,103,19481,0.024690724295467377
2010,Kensington and Chelsea,E01002852,473,74,6,103,19481,0.024280067758328628
2010,Kensington and Chelsea,E01002883,450,49,7,103,19481,0.02309943021405472
2010,Kensington and Chelsea,E01002833,421,33,8,103,19481,0.021610800266926748
2010,Kensington and Chelsea,E01002827,407,32,9,103,19481,0.020892151326933936
2010,Kensington and Chelsea,E01002821,386,37,10,103,19481,0.019814177916944717
2010,Kensington and Chelsea,E01002835,374,34,11,103,19481,0.019198193111236588
2010,Kingston upon Thames,E01002968,2695,506,1,98,10171,0.2649690295939436
2010,Kingston upon Thames,E01002964,637,175,2,98,10171,0.06262904335856848
2010,Kingston upon Thames,E01002987,286,59,3,98,10171,0.028119162324255237
2010,Kingston upon Thames,E01002930,242,43,4,98,10171,0.023793137351292893
2010,Kingston upon Thames,E01002919,218,40,5,98,10171,0.021433487366040702
2010,Kingston upon Thames,E01002948,197,37,6,98,10171,0.01936879362894504
2010,Kingston upon Thames,E01002965,193,41,7,98,10171,0.01897551863140301
2010,Kingston upon Thames,E01003003,178,53,8,98,10171,0.017500737390620393
2010,Kingston upon Thames,E01002972,162,38,9,98,10171,0.015927637400452267
2010,Kingston upon Thames,E01002974,123,31,10,98,10171,0.012093206174417462
2010,Lambeth,E01003047,1099,275,1,178,31671,0.03470051466641407
2010,Lambeth,E01003013,854,178,2,178,31671,0.026964731142054246
2010,Lambeth,E01003035,806,153,3,178,31671,0.02544914906381232
2010,Lambeth,E01003061,661,136,4,178,31671,0.020870828202456507
2010,Lambeth,E01003109,574,116,5,178,31671,0.018123835685643016
2010,Lambeth,E01003041,497,111,6,178,31671,0.01569258943512993
2010,Lambeth,E01003055,491,116,7,178,31671,0.01550314167534969
2010,Lambeth,E01003118,451,73,8,178,31671,0.014240156610148085
2010,Lambeth,E01003102,416,77,9,178,31671,0.013135044678096681
2010,Lambeth,E01003120,394,129,10,178,31671,0.012440402892235799
2010,Lambeth,E01003032,391,82,11,178,31671,0.012345679012345678
2010,Lambeth,E01003090,390,51,12,178,31671,0.01231410438571564
2010,Lambeth,E01003076,380,124,13,178,31671,0.011998358119415239
2010,Lambeth,E01003017,363,63,14,178,31671,0.011461589466704556
2010,Lambeth,E01003074,325,58,15,178,31671,0.010261753654763032
2010,Lambeth,E01003096,315,135,16,178,31671,0.009946007388462632
2010,Lambeth,E01003186,306,70,17,178,31671,0.00966183574879227
2010,Lambeth,E01003039,297,46,18,178,31671,0.00937766410912191
2010,Lewisham,E01003318,795,247,1,169,24532,0.03240665253546388
2010,Lewisham,E01003296,591,119,2,169,24532,0.024090983205609002
2010,Lewisham,E01003303,493,142,3,169,24532,0.020096200880482636
2010,Lewisham,E01003304,414,105,4,169,24532,0.01687591716941138
2010,Lewisham,E01003215,346,78,5,169,24532,0.014104027392793086
2010,Lewisham,E01003199,344,98,6,169,24532,0.014022501222892548
2010,Lewisham,E01003291,313,132,7,169,24532,0.012758845589434208
2010,Lewisham,E01003255,291,82,8,169,24532,0.01186205772052829
2010,Lewisham,E01003253,278,78,9,169,24532,0.011332137616174793
2010,Lewisham,E01003256,258,66,10,169,24532,0.010516875917169412
2010,Lewisham,E01003190,253,61,11,169,24532,0.010313060492418067
2010,Lewisham,E01003243,253,54,12,169,24532,0.010313060492418067
2010,Lewisham,E01003200,249,60,13,169,24532,0.01015000815261699
2010,Lewisham,E01003192,241,88,14,169,24532,0.009823903473014838
2010,Lewisham,E01003286,235,46,15,169,24532,0.009579324963313223
2010,Lewisham,E01003290,235,59,16,169,24532,0.009579324963313223
2010,Lewisham,E01003282,234,53,17,169,24532,0.009538561878362955
2010,Merton,E01003456,712,151,1,124,13595,0.05237219566016918
2010,Merton,E01003367,424,45,2,124,13595,0.03118793674144906
2010,Merton,E01003383,393,93,3,124,13595,0.028907686649503495
2010,Merton,E01003439,284,101,4,124,13595,0.020890033100404562
2010,Merton,E01003358,255,98,5,124,13595,0.01875689591761677
2010,Merton,E01003375,253,40,6,124,13595,0.01860978300845899
2010,Merton,E01003475,238,29,7,124,13595,0.017506436189775654
2010,Merton,E01003389,221,71,8,124,13595,0.016255976461934534
2010,Merton,E01003357,220,38,9,124,13595,0.016182420007355647
2010,Merton,E01003427,220,60,10,124,13595,0.016182420007355647
2010,Merton,E01003390,216,83,11,124,13595,0.015888194189040087
2010,Merton,E01003437,193,40,12,124,13595,0.014196395733725635
2010,Merton,E01003401,185,20,13,124,13595,0.01360794409709452
2010,Newham,E01003617,1260,281,1,164,30728,0.04100494662848217
2010,Newham,E01003521,1123,114,2,164,30728,0.03654647227284561
2010,Newham,E01003482,774,83,3,164,30728,0.02518875292892476
2010,Newham,E01003618,553,110,4,164,30728,0.01799661546472273
2010,Newham,E01003619,542,164,5,164,30728,0.01763863577193439
2010,Newham,E01003556,452,124,6,164,30728,0.014709711012757094
2010,Newham,E01003499,439,85,7,164,30728,0.014286644103098151
2010,Newham,E01003515,426,62,8,164,30728,0.01386357719343921
2010,Newham,E01003569,363,61,9,164,30728,0.0118133298620151
2010,Newham,E01003566,354,68,10,164,30728,0.01152043738609737
2010,Newham,E01003520,345,74,11,164,30728,0.01122754491017964
2010,Newham,E01003486,342,83,12,164,30728,0.01112991408487373
2010,Newham,E01003502,334,91,13,164,30728,0.010869565217391304
2010,Newham,E01003591,334,91,14,164,30728,0.010869565217391304
2010,Newham,E01003601,329,98,15,164,30728,0.010706847175214787
2010,Newham,E01003493,311,81,16,164,30728,0.010121062223379329
2010,Newham,E01003507,307,66,17,164,30728,0.009990887789638116
2010,Redbridge,E01003689,1128,275,1,161,20652,0.05461940732132481
2010,Redbridge,E01003783,755,152,2,161,20652,0.03655820259539028
2010,Redbridge,E01003728,516,159,3,161,20652,0.024985473561882625
2010,Redbridge,E01003690,352,80,4,161,20652,0.01704435405771838
2010,Redbridge,E01003769,295,49,5,161,20652,0.014284330815417393
2010,Redbridge,E01003645,285,53,6,161,20652,0.01380011621150494
2010,Redbridge,E01003674,278,41,7,161,20652,0.01346116598876622
2010,Redbridge,E01003770,274,70,8,161,20652,0.013267480147201239
2010,Redbridge,E01003653,268,80,9,161,20652,0.012976951384853767
2010,Redbridge,E01003781,264,79,10,161,20652,0.012783265543288786
2010,Redbridge,E01003705,224,56,11,161,20652,0.01084640712763897
2010,Redbridge,E01003778,219,35,12,161,20652,0.010604299825682742
2010,Redbridge,E01003714,217,55,13,161,20652,0.010507456904900252
2010,Redbridge,E01003701,216,39,14,161,20652,0.010459035444509006
2010,Redbridge,E01003767,214,40,15,161,20652,0.010362192523726516
2010,Redbridge,E01003788,199,48,16,161,20652,0.009635870617857834
2010,Redbridge,E01003758,197,52,17,161,20652,0.009539027697075344
2010,Richmond upon Thames,E01003876,944,253,1,115,10601,0.08904820299971701
2010,Richmond upon Thames,E01003896,363,131,2,115,10601,0.03424205263654372
2010,Richmond upon Thames,E01003897,212,77,3,115,10601,0.01999811338552967
2010,Richmond upon Thames,E01003807,193,25,4,115,10601,0.01820582963871333
2010,Richmond upon Thames,E01003888,187,46,5,115,10601,0.01763984529761343
2010,Richmond upon Thames,E01003829,182,47,6,115,10601,0.017168191680030184
2010,Richmond upon Thames,E01003860,169,34,7,115,10601,0.015941892274313745
2010,Richmond upon Thames,E01003909,145,30,8,115,10601,0.013677954909914159
2010,Richmond upon Thames,E01003841,141,61,9,115,10601,0.01330063201584756
2010,Richmond upon Thames,E01003819,136,41,10,115,10601,0.012828978398264315
2010,Richmond upon Thames,E01003799,135,12,11,115,10601,0.012734647674747666
2010,Richmond upon Thames,E01003823,135,19,12,115,10601,0.012734647674747666
2010,Southwark,E01003929,1157,128,1,166,31320,0.03694125159642401
2010,Southwark,E01004067,927,220,2,166,31320,0.02959770114942529
2010,Southwark,E01003984,839,73,3,166,31320,0.02678799489144317
2010,Southwark,E01004027,769,98,4,166,31320,0.02455300127713921
2010,Southwark,E01003927,648,116,5,166,31320,0.020689655172413793
2010,Southwark,E01003939,583,103,6,166,31320,0.018614303959131544
2010,Southwark,E01004031,548,100,7,166,31320,0.017496807151979567
2010,Southwark,E01003921,510,163,8,166,31320,0.016283524904214558
2010,Southwark,E01003988,506,125,9,166,31320,0.01615581098339719
2010,Southwark,E01003934,485,45,10,166,31320,0.015485312899106003
2010,Southwark,E01004010,466,147,11,166,31320,0.0148786717752235
2010,Southwark,E01003964,446,97,12,166,31320,0.014240102171136654
2010,Southwark,E01003969,438,122,13,166,31320,0.013984674329501916
2010,Southwark,E01004005,417,105,14,166,31320,0.013314176245210727
2010,Southwark,E01004062,415,127,15,166,31320,0.013250319284802043
2010,Southwark,E01003913,406,138,16,166,31320,0.012962962962962963
2010,Southwark,E01003981,387,76,17,166,31320,0.01235632183908046
2010,Sutton,E01004142,1400,268,1,121,12032,0.1163563829787234
2010,Sutton,E01004076,332,49,2,121,12032,0.02759308510638298
2010,Sutton,E01004178,297,49,3,121,12032,0.024684175531914893
2010,Sutton,E01004140,277,67,4,121,12032,0.0230219414893617
2010,Sutton,E01004123,264,64,5,121,12032,0.021941489361702128
2010,Sutton,E01004130,216,44,6,121,12032,0.01795212765957447
2010,Sutton,E01004137,209,38,7,121,12032,0.01737034574468085
2010,Sutton,E01004146,204,60,8,121,12032,0.01695478723404255
2010,Sutton,E01004189,166,32,9,121,12032,0.01379654255319149
2010,Sutton,E01004110,164,33,10,121,12032,0.01363031914893617
2010,Sutton,E01004129,159,25,11,121,12032,0.013214760638297872
2010,Sutton,E01004088,152,30,12,121,12032,0.012632978723404254
2010,Sutton,E01004099,144,26,13,121,12032,0.011968085106382979
2010,Tower Hamlets,E01004307,944,89,1,144,23072,0.040915395284327326
2010,Tower Hamlets,E01004317,719,117,2,144,23072,0.031163314840499307
2010,Tower Hamlets,E01004208,702,162,3,144,23072,0.030426490984743412
2010,Tower Hamlets,E01004306,584,117,4,144,23072,0.025312066574202496
2010,Tower Hamlets,E01004309,570,151,5,144,23072,0.02470527045769764
2010,Tower Hamlets,E01004234,516,46,6,144,23072,0.02236477115117892
2010,Tower Hamlets,E01004277,473,65,7,144,23072,0.02050104022191401
2010,Tower Hamlets,E01004325,438,79,8,144,23072,0.01898404993065187
2010,Tower Hamlets,E01004322,377,126,9,144,23072,0.01634015256588072
2010,Tower Hamlets,E01004293,374,35,10,144,23072,0.01621012482662968
2010,Tower Hamlets,E01004211,348,75,11,144,23072,0.015083217753120666
2010,Tower Hamlets,E01004270,342,72,12,144,23072,0.014823162274618586
2010,Tower Hamlets,E01004203,337,84,13,144,23072,0.014606449375866852
2010,Tower Hamlets,E01004269,320,86,14,144,23072,0.013869625520110958
2010,Tower Hamlets,E01004252,318,116,15,144,23072,0.013782940360610264
2010,Waltham Forest,E01004397,1292,228,1,144,24818,0.0520589894431461
2010,Waltham Forest,E01004392,789,155,2,144,24818,0.03179144169554356
2010,Waltham Forest,E01004430,731,105,3,144,24818,0.029454428237569507
2010,Waltham Forest,E01004455,727,50,4,144,24818,0.02929325489564026
2010,Waltham Forest,E01004420,503,108,5,144,24818,0.020267547747602546
2010,Waltham Forest,E01004438,440,117,6,144,24818,0.017729067612216938
2010,Waltham Forest,E01004422,361,38,7,144,24818,0.014545894109114353
2010,Waltham Forest,E01004444,318,73,8,144,24818,0.01281328068337497
2010,Waltham Forest,E01004464,305,90,9,144,24818,0.012289467322104924
2010,Waltham Forest,E01004409,288,68,10,144,24818,0.011604480618905634
2010,Waltham Forest,E01004452,280,55,11,144,24818,0.011282133935047144
2010,Waltham Forest,E01004342,279,77,12,144,24818,0.011241840599564831
2010,Waltham Forest,E01004348,279,74,13,144,24818,0.011241840599564831
2010,Waltham Forest,E01004363,275,52,14,144,24818,0.011080667257635587
2010,Waltham Forest,E01004424,272,78,15,144,24818,0.010959787251188654
2010,Wandsworth,E01004609,762,123,1,179,22815,0.0333990795529257
2010,Wandsworth,E01004525,688,179,2,179,22815,0.030155599386368616
2010,Wandsworth,E01004551,562,112,3,179,22815,0.024632916940609248
2010,Wandsworth,E01004552,530,56,4,179,22815,0.023230330922638615
2010,Wandsworth,E01004600,524,90,5,179,22815,0.022967346044269123
2010,Wandsworth,E01004509,467,83,6,179,22815,0.02046898969975893
2010,Wandsworth,E01004474,438,72,7,179,22815,0.019197896120973043
2010,Wandsworth,E01004617,391,117,8,179,22815,0.017137847907078677
2010,Wandsworth,E01004588,310,39,9,179,22815,0.01358755204909051
2010,Wandsworth,E01004562,267,60,10,179,22815,0.011702827087442472
2010,Wandsworth,E01004613,263,70,11,179,22815,0.011527503835196143
2010,Wandsworth,E01004534,238,48,12,179,22815,0.010431733508656586
2010,Wandsworth,E01004539,232,86,13,179,22815,0.010168748630287092
2010,Wandsworth,E01004569,215,63,14,179,22815,0.009423624808240192
2010,Wandsworth,E01004513,212,50,15,179,22815,0.009292132369055446
2010,Wandsworth,E01004540,212,54,16,179,22815,0.009292132369055446
2010,Wandsworth,E01004591,210,54,17,179,22815,0.009204470742932281
2010,Wandsworth,E01004548,204,44,18,179,22815,0.008941485864562788
2010,Westminster,E01004734,6650,1131,1,128,48116,0.1382076648100424
2010,Westminster,E01004763,5213,596,2,128,48116,0.1083423393465791
2010,Westminster,E01004736,4329,603,3,128,48116,0.08997007232521406
2010,Westminster,E01004735,2623,233,4,128,48116,0.054514090946878375
2010,Westminster,E01004714,2290,138,5,128,48116,0.04759331615263114
2010,Westminster,E01004761,1793,201,6,128,48116,0.037264111729985866
2010,Westminster,E01004762,1743,122,7,128,48116,0.03622495635547427
2010,Westminster,E01004765,1664,150,8,128,48116,0.03458309086374595
2010,Westminster,E01004731,1014,158,9,128,48116,0.021074070995095187
2010,Westminster,E01004658,974,145,10,128,48116,0.020242746695485907
2010,Westminster,E01004689,913,103,11,128,48116,0.01897497713858176
2010,Westminster,E01004666,720,89,12,128,48116,0.014963837392966996
2010,Westminster,E01004750,706,146,13,128,48116,0.01467287388810375
2011,Barking and Dagenham,E01000010,1067,254,1,110,16686,0.06394582284549923
2011,Barking and Dagenham,E01000095,496,76,2,110,16686,0.029725518398657558
2011,Barking and Dagenham,E01000007,352,115,3,110,16686,0.021095529186144074
2011,Barking and Dagenham,E01000009,334,96,4,110,16686,0.02001678053457989
2011,Barking and Dagenham,E01000092,307,43,5,110,16686,0.01839865755723361
2011,Barking and Dagenham,E01000013,294,77,6,110,16686,0.017619561308881697
2011,Barking and Dagenham,E01000030,287,52,7,110,16686,0.017200047944384515
2011,Barking and Dagenham,E01000060,271,51,8,110,16686,0.016241160254105238
2011,Barking and Dagenham,E01000105,249,56,9,110,16686,0.014922689679971233
2011,Barking and Dagenham,E01000106,235,63,10,110,16686,0.014083662950976867
2011,Barking and Dagenham,E01000035,227,56,11,110,16686,0.013604219105837229
2011,Barnet,E01000307,616,46,1,211,24007,0.025659182738367977
2011,Barnet,E01000141,493,103,2,211,24007,0.020535677094180863
2011,Barnet,E01000316,397,45,3,211,24007,0.01653684342066897
2011,Barnet,E01000193,382,59,4,211,24007,0.01591202565918274
2011,Barnet,E01000146,347,54,5,211,24007,0.014454117549048195
2011,Barnet,E01000221,339,57,6,211,24007,0.01412088140958887
2011,Barnet,E01000250,325,78,7,211,24007,0.013537718165535052
2011,Barnet,E01000164,273,49,8,211,24007,0.011371683259049444
2011,Barnet,E01000129,256,73,9,211,24007,0.010663556462698379
2011,Barnet,E01000299,256,70,10,211,24007,0.010663556462698379
2011,Barnet,E01000323,256,48,11,211,24007,0.010663556462698379
2011,Barnet,E01000211,241,25,12,211,24007,0.010038738701212146
2011,Barnet,E01000192,239,40,13,211,24007,0.009955429666347316
2011,Barnet,E01000260,232,41,14,211,24007,0.009663848044320406
2011,Barnet,E01000264,231,43,15,211,24007,0.009622193526887991
2011,Barnet,E01000310,222,44,16,211,24007,0.009247302869996251
2011,Barnet,E01000150,213,21,17,211,24007,0.008872412213104511
2011,Barnet,E01000206,211,11,18,211,24007,0.00878910317823968
2011,Barnet,E01000223,211,25,19,211,24007,0.00878910317823968
2011,Barnet,E01000245,209,39,20,211,24007,0.00870579414337485
2011,Barnet,E01000125,208,68,21,211,24007,0.008664139625942433
2011,Barnet,E01000171,194,48,22,211,24007,0.008080976381888616
2011,Bexley,E01000360,451,140,1,146,11325,0.039823399558498895
2011,Bexley,E01000362,432,93,2,146,11325,0.03814569536423841
2011,Bexley,E01000403,275,64,3,146,11325,0.024282560706401765
2011,Bexley,E01000378,232,35,4,146,11325,0.020485651214128035
2011,Bexley,E01000429,205,48,5,146,11325,0.018101545253863136
2011,Bexley,E01000392,199,54,6,146,11325,0.017571743929359823
2011,Bexley,E01000335,196,40,7,146,11325,0.017306843267108168
2011,Bexley,E01000447,190,29,8,146,11325,0.016777041942604858
2011,Bexley,E01000457,188,37,9,146,11325,0.016600441501103753
2011,Bexley,E01000433,181,42,10,146,11325,0.01598233995584989
2011,Bexley,E01000416,174,26,11,146,11325,0.015364238410596026
2011,Bexley,E01000428,169,33,12,146,11325,0.014922737306843268
2011,Bexley,E01000414,164,50,13,146,11325,0.014481236203090508
2011,Bexley,E01000431,161,58,14,146,11325,0.014216335540838853
2011,Bexley,E01000404,156,46,15,146,11325,0.013774834437086093
2011,Brent,E01000635,717,202,1,173,27669,0.025913477176623657
2011,Brent,E01000600,573,124,2,173,27669,0.02070909682315949
2011,Brent,E01000524,523,134,3,173,27669,0.01890202031153999
2011,Brent,E01000601,492,96,4,173,27669,0.0177816328743359
2011,Brent,E01000548,486,105,5,173,27669,0.01756478369294156
2011,Brent,E01000586,417,78,6,173,27669,0.015071018106906647
2011,Brent,E01000521,411,102,7,173,27669,0.014854168925512307
2011,Brent,E01000482,395,89,8,173,27669,0.014275904441794066
2011,Brent,E01000643,383,99,9,173,27669,0.013842206079005385
2011,Brent,E01000642,359,91,10,173,27669,0.012974809353428023
2011,Brent,E01000608,343,101,11,173,27669,0.012396544869709784
2011,Brent,E01000545,331,71,12,173,27669,0.011962846506921103
2011,Brent,E01000508,323,116,13,173,27669,0.011673714265061983
2011,Brent,E01000533,322,109,14,173,27669,0.011637572734829594
2011,Brent,E01000526,305,74,15,173,27669,0.011023166720878962
2011,Brent,E01000615,304,64,16,173,27669,0.010987025190646572
2011,Brent,E01000583,303,105,17,173,27669,0.010950883660414181
2011,Brent,E01000510,292,95,18,173,27669,0.010553326827857892
2011,Bromley,E01000676,935,196,1,197,19868,0.047060599959734245
2011,Bromley,E01000675,653,180,2,197,19868,0.032866921683108515
2011,Bromley,E01000790,451,70,3,197,19868,0.022699818804107107
2011,Bromley,E01000714,393,110,4,197,19868,0.019780551640829473
2011,Bromley,E01000799,348,85,5,197,19868,0.017515602979665795
2011,Bromley,E01000677,341,45,6,197,19868,0.017163277632373665
2011,Bromley,E01000740,306,59,7,197,19868,0.015401650895913025
2011,Bromley,E01000719,304,61,8,197,19868,0.015300986510972418
2011,Bromley,E01000769,283,165,9,197,19868,0.014244010469096034
2011,Bromley,E01000779,262,37,10,197,19868,0.01318703442721965
2011,Bromley,E01000693,209,40,11,197,19868,0.010519428226293537
2011,Bromley,E01000729,209,62,12,197,19868,0.010519428226293537
2011,Bromley,E01000720,207,60,13,197,19868,0.01041876384135293
2011,Bromley,E01000722,205,56,14,197,19868,0.010318099456412322
2011,Bromley,E01000797,197,29,15,197,19868,0.009915441916649888
2011,Bromley,E01000728,194,32,16,197,19868,0.009764445339238977
2011,Bromley,E01000819,183,61,17,197,19868,0.009210791222065633
2011,Bromley,E01000746,181,56,18,197,19868,0.009110126837125025
2011,Bromley,E01000738,180,37,19,197,19868,0.009059794644654721
2011,Bromley,E01000806,178,47,20,197,19868,0.008959130259714114
2011,Camden,E01000863,2328,407,1,133,33956,0.06855931205088939
2011,Camden,E01000918,1605,155,2,133,33956,0.04726705147838379
2011,Camden,E01000914,1501,149,3,133,33956,0.044204264342089766
2011,Camden,E01000919,1484,169,4,133,33956,0.04370361644481093
2011,Camden,E01000855,1206,91,5,133,33956,0.035516550830486514
2011,Camden,E01000854,1138,158,6,133,33956,0.03351395924137118
2011,Camden,E01000858,1068,148,7,133,33956,0.03145246789963482
2011,Camden,E01000947,1048,180,8,133,33956,0.03086347037342443
2011,Camden,E01000850,928,105,9,133,33956,0.027329485216162092
2011,Camden,E01000904,569,94,10,133,33956,0.01675697962068559
2011,Camden,E01000851,490,55,11,133,33956,0.014430439392154553
2011,Camden,E01000856,490,79,12,133,33956,0.014430439392154553
2011,Camden,E01000930,476,99,13,133,33956,0.01401814112380728
2011,Camden,E01000916,457,60,14,133,33956,0.01345859347390741
2011,City of London,E01032739,30,5,1,6,69,0.43478260869565216
2011,Croydon,E01001043,1707,475,1,220,29830,0.057224270868253435
2011,Croydon,E01001014,1191,172,2,220,29830,0.0399262487428763
2011,Croydon,E01001048,708,112,3,220,29830,0.023734495474354675
2011,Croydon,E01001045,706,184,4,220,29830,0.023667448876969494
2011,Croydon,E01001013,560,129,5,220,29830,0.018773047267851155
2011,Croydon,E01001042,516,123,6,220,29830,0.017298022125377135
2011,Croydon,E01001010,514,73,7,220,29830,0.017230975527991955
2011,Croydon,E01001097,431,108,8,220,29830,0.014448541736506872
2011,Croydon,E01001117,355,71,9,220,29830,0.01190077103586993
2011,Croydon,E01001178,340,81,10,220,29830,0.011397921555481059
2011,Croydon,E01001011,335,85,11,220,29830,0.011230305062018102
2011,Croydon,E01001164,300,66,12,220,29830,0.010056989607777405
2011,Croydon,E01001076,292,70,13,220,29830,0.009788803218236674
2011,Croydon,E01001155,278,66,14,220,29830,0.009319477036540395
2011,Croydon,E01001136,271,68,15,220,29830,0.009084813945692256
2011,Croydon,E01001172,252,35,16,220,29830,0.00844787127053302
2011,Croydon,E01001145,251,88,17,220,29830,0.008414347971840428
2011,Croydon,E01001191,226,51,18,220,29830,0.007576265504525646
2011,Croydon,E01001064,221,16,19,220,29830,0.007408649011062689
2011,Croydon,E01001109,217,48,20,220,29830,0.007274555816292323
2011,Croydon,E01001183,216,51,21,220,29830,0.007241032517599732
2011,Croydon,E01001006,215,42,22,220,29830,0.007207509218907141
2011,Ealing,E01001221,1246,244,1,196,29537,0.04218437891458171
2011,Ealing,E01001361,998,258,2,196,29537,0.03378813014185598
2011,Ealing,E01001247,804,111,3,196,29537,0.02722009682770762
2011,Ealing,E01001202,524,145,4,196,29537,0.017740461116565662
2011,Ealing,E01001351,513,189,5,196,29537,0.017368046856485086
2011,Ealing,E01001261,473,115,6,196,29537,0.016013813183464808
2011,Ealing,E01001367,427,144,7,196,29537,0.014456444459491485
2011,Ealing,E01001249,415,109,8,196,29537,0.014050174357585401
2011,Ealing,E01001225,368,73,9,196,29537,0.012458949791786572
2011,Ealing,E01001246,326,51,10,196,29537,0.011037004435115278
2011,Ealing,E01001337,323,143,11,196,29537,0.010935436909638758
2011,Ealing,E01001388,311,117,12,196,29537,0.010529166807732674
2011,Ealing,E01001389,310,88,13,196,29537,0.010495310965907167
2011,Ealing,E01001252,309,82,14,196,29537,0.01046145512408166
2011,Ealing,E01001333,299,73,15,196,29537,0.010122896705826591
2011,Ealing,E01001323,294,52,16,196,29537,0.009953617496699055
2011,Ealing,E01001328,277,78,17,196,29537,0.009378068185665436
2011,Ealing,E01001381,274,48,18,196,29537,0.009276500660188916
2011,Ealing,E01001222,261,73,19,196,29537,0.008836374716457325
2011,Ealing,E01001340,260,155,20,196,29537,0.008802518874631817
2011,Enfield,E01001429,553,141,1,183,21041,0.026282020816501116
2011,Enfield,E01001559,456,60,2,183,21041,0.02167197376550544
2011,Enfield,E01001513,418,49,3,183,21041,0.01986597595171332
2011,Enfield,E01001450,369,61,4,183,21041,0.01753718929708664
2011,Enfield,E01001558,359,90,5,183,21041,0.017061926714509765
2011,Enfield,E01001519,344,70,6,183,21041,0.016349032840644456
2011,Enfield,E01001507,338,80,7,183,21041,0.01606387529109833
2011,Enfield,E01001439,304,68,8,183,21041,0.014447982510336962
2011,Enfield,E01001498,296,60,9,183,21041,0.014067772444275463
2011,Enfield,E01001425,261,68,10,183,21041,0.012404353405256405
2011,Enfield,E01001536,257,58,11,183,21041,0.012214248372225655
2011,Enfield,E01001437,256,39,12,183,21041,0.012166722113967967
2011,Enfield,E01001427,254,54,13,183,21041,0.012071669597452593
2011,Enfield,E01001555,237,42,14,183,21041,0.011263723207071908
2011,Enfield,E01001412,216,27,15,183,21041,0.010265671783660472
2011,Enfield,E01001445,214,39,16,183,21041,0.010170619267145098
2011,Enfield,E01001432,206,57,17,183,21041,0.0097904092010836
2011,Enfield,E01001501,204,20,18,183,21041,0.009695356684568224
2011,Enfield,E01001554,194,49,19,183,21041,0.009220094101991351
2011,Greenwich,E01001667,878,221,1,151,18552,0.04732643380767572
2011,Greenwich,E01001641,527,125,2,151,18552,0.028406640793445452
2011,Greenwich,E01001615,407,69,3,151,18552,0.0219383354894351
2011,Greenwich,E01001640,329,96,4,151,18552,0.017733937041828376
2011,Greenwich,E01001696,289,99,5,151,18552,0.015577835273824924
2011,Greenwich,E01001609,279,59,6,151,18552,0.015038809831824063
2011,Greenwich,E01001664,276,44,7,151,18552,0.014877102199223804
2011,Greenwich,E01001701,271,87,8,151,18552,0.014607589478223371
2011,Greenwich,E01001642,254,18,9,151,18552,0.013691246226821906
2011,Greenwich,E01001677,234,90,10,151,18552,0.012613195342820181
2011,Greenwich,E01001688,233,65,11,151,18552,0.012559292798620095
2011,Greenwich,E01001673,218,66,12,151,18552,0.011750754635618801
2011,Greenwich,E01001644,209,48,13,151,18552,0.011265631737818025
2011,Greenwich,E01001666,209,36,14,151,18552,0.011265631737818025
2011,Greenwich,E01001668,205,37,15,151,18552,0.01105002156101768
2011,Greenwich,E01001709,199,39,16,151,18552,0.010726606295817162
2011,Hackney,E01033708,815,72,1,144,21395,0.03809301238607151
2011,Hackney,E01001748,545,109,2,144,21395,0.025473241411544754
2011,Hackney,E01001760,487,88,3,144,21395,0.022762327646646412
2011,Hackney,E01001777,474,60,4,144,21395,0.022154709044169198
2011,Hackney,E01001731,369,77,5,144,21395,0.017247020331853238
2011,Hackney,E01001729,357,147,6,144,21395,0.01668614162187427
2011,Hackney,E01001839,353,81,7,144,21395,0.01649918205188128
2011,Hackney,E01033706,351,46,8,144,21395,0.016405702266884786
2011,Hackney,E01001734,339,87,9,144,21395,0.015844823556905818
2011,Hackney,E01001758,338,30,10,144,21395,0.01579808366440757
2011,Hackney,E01001831,333,65,11,144,21395,0.015564384201916335
2011,Hackney,E01001780,319,55,12,144,21395,0.014910025706940874
2011,Hackney,E01001779,311,93,13,144,21395,0.014536106566954896
2011,Hackney,E01001747,298,57,14,144,21395,0.013928487964477682
2011,Hackney,E01001830,268,94,15,144,21395,0.012526291189530265
2011,Hammersmith and Fulham,E01001943,2232,295,1,113,22151,0.10076294523949257
2011,Hammersmith and Fulham,E01001898,880,197,2,113,22151,0.03972732608008668
2011,Hammersmith and Fulham,E01001941,808,202,3,113,22151,0.03647690849171595
2011,Hammersmith and Fulham,E01001899,566,85,4,113,22151,0.025551893819692112
2011,Hammersmith and Fulham,E01001857,511,97,5,113,22151,0.023068935939686695
2011,Hammersmith and Fulham,E01001953,430,125,6,113,22151,0.019412216152769626
2011,Hammersmith and Fulham,E01001932,427,76,7,113,22151,0.019276782086587514
2011,Hammersmith and Fulham,E01001874,407,89,8,113,22151,0.01837388831204009
2011,Hammersmith and Fulham,E01001894,399,74,9,113,22151,0.018012730802221117
2011,Hammersmith and Fulham,E01001920,391,88,10,113,22151,0.017651573292402148
2011,Hammersmith and Fulham,E01001881,382,88,11,113,22151,0.017245271093855808
2011,Hammersmith and Fulham,E01001900,314,60,12,113,22151,0.014175432260394565
2011,Haringey,E01002026,1083,149,1,145,23179,0.04672332714957505
2011,Haringey,E01002029,700,151,2,145,23179,0.030199749773501875
2011,Haringey,E01002031,570,127,3,145,23179,0.024591224815565815
2011,Haringey,E01001966,464,24,4,145,23179,0.0200181198498641
2011,Haringey,E01002034,425,118,5,145,23179,0.018335562362483283
2011,Haringey,E01002068,418,72,6,145,23179,0.018033564864748265
2011,Haringey,E01002069,397,109,7,145,23179,0.017127572371543207
2011,Haringey,E01002081,393,130,8,145,23179,0.016955002372837483
2011,Haringey,E01001979,379,103,9,145,23179,0.016351007377367444
2011,Haringey,E01002002,377,45,10,145,23179,0.016264722378014584
2011,Haringey,E01002077,371,80,11,145,23179,0.016005867379955994
2011,Haringey,E01001990,336,45,12,145,23179,0.014495879891280901
2011,Haringey,E01002022,315,41,13,145,23179,0.013589887398075845
2011,Haringey,E01002037,295,51,14,145,23179,0.012727037404547219
2011,Haringey,E01002080,285,49,15,145,23179,0.012295612407782907
2011,Harrow,E01002129,707,120,1,137,12801,0.05523006015155066
2011,Harrow,E01002130,402,88,2,137,12801,0.03140379657839231
2011,Harrow,E01002179,317,84,3,137,12801,0.024763690336692446
2011,Harrow,E01002226,267,50,4,137,12801,0.0208577454886337
2011,Harrow,E01002180,220,51,5,137,12801,0.01718615733145848
2011,Harrow,E01002126,211,54,6,137,12801,0.016483087258807906
2011,Harrow,E01002213,199,54,7,137,12801,0.015545660495273807
2011,Harrow,E01002219,187,46,8,137,12801,0.014608233731739707
2011,Harrow,E01002133,183,70,9,137,12801,0.014295758143895007
2011,Harrow,E01002232,180,51,10,137,12801,0.014061401453011484
2011,Harrow,E01002189,175,16,11,137,12801,0.013670806968205608
2011,Harrow,E01002233,174,50,12,137,12801,0.013592688071244434
2011,Harrow,E01002150,160,19,13,137,12801,0.012499023513787986
2011,Harrow,E01002123,152,36,14,137,12801,0.011874072338098587
2011,Havering,E01002356,1323,429,1,150,15496,0.08537687145069696
2011,Havering,E01002353,476,132,2,150,15496,0.030717604543107898
2011,Havering,E01002361,418,73,3,150,15496,0.026974703149199794
2011,Havering,E01002293,333,56,4,150,15496,0.02148941662364481
2011,Havering,E01002345,331,72,5,150,15496,0.021360351058337636
2011,Havering,E01002248,262,53,6,150,15496,0.016907589055240063
2011,Havering,E01002319,256,35,7,150,15496,0.016520392359318535
2011,Havering,E01032741,251,44,8,150,15496,0.016197728446050594
2011,Havering,E01002282,246,71,9,150,15496,0.015875064532782653
2011,Havering,E01002370,226,41,10,150,15496,0.014584408879710893
2011,Havering,E01002344,217,19,11,150,15496,0.0140036138358286
2011,Havering,E01002350,214,52,12,150,15496,0.013810015487867837
2011,Havering,E01002386,198,34,13,150,15496,0.012777490965410428
2011,Havering,E01002281,181,53,14,150,15496,0.011680433660299432
2011,Havering,E01002368,177,28,15,150,15496,0.01142230252968508
2011,Hillingdon,E01002444,2382,282,1,161,24282,0.0980973560662219
2011,Hillingdon,E01002521,599,185,2,161,24282,0.02466847870850836
2011,Hillingdon,E01002554,513,112,3,161,24282,0.02112676056338028
2011,Hillingdon,E01002515,497,133,4,161,24282,0.02046783625730994
2011,Hillingdon,E01002505,476,94,5,161,24282,0.01960299810559262
2011,Hillingdon,E01002506,448,142,6,161,24282,0.018449880569969525
2011,Hillingdon,E01002407,364,86,7,161,24282,0.014990527963100238
2011,Hillingdon,E01002397,360,107,8,161,24282,0.014825796886582653
2011,Hillingdon,E01002490,317,47,9,161,24282,0.013054937814018614
2011,Hillingdon,E01002412,316,143,10,161,24282,0.01301375504488922
2011,Hillingdon,E01002535,316,57,11,161,24282,0.01301375504488922
2011,Hillingdon,E01002406,311,65,12,161,24282,0.012807841199242238
2011,Hillingdon,E01002414,303,59,13,161,24282,0.012478379046207067
2011,Hillingdon,E01002514,300,91,14,161,24282,0.012354830738818878
2011,Hillingdon,E01002443,283,36,15,161,24282,0.011654723663619141
2011,Hillingdon,E01002396,267,61,16,161,24282,0.010995799357548802
2011,Hillingdon,E01002457,266,49,17,161,24282,0.010954616588419406
2011,Hounslow,E01002642,544,171,1,142,21105,0.025775882492300402
2011,Hounslow,E01002589,379,57,2,142,21105,0.017957829898128407
2011,Hounslow,E01002637,368,60,3,142,21105,0.01743662639185027
2011,Hounslow,E01002693,336,63,4,142,21105,0.015920398009950248
2011,Hounslow,E01002648,335,105,5,142,21105,0.015873015873015872
2011,Hounslow,E01002664,334,94,6,142,21105,0.015825633736081497
2011,Hounslow,E01002641,332,90,7,142,21105,0.015730869462212745
2011,Hounslow,E01002592,315,63,8,142,21105,0.014925373134328358
2011,Hounslow,E01033083,292,44,9,142,21105,0.013835583984837717
2011,Hounslow,E01002678,278,31,10,142,21105,0.013172234067756456
2011,Hounslow,E01002681,276,98,11,142,21105,0.013077469793887705
2011,Hounslow,E01002566,264,43,12,142,21105,0.012508884150675196
2011,Hounslow,E01002661,260,66,13,142,21105,0.012319355602937692
2011,Hounslow,E01002612,259,95,14,142,21105,0.012271973466003316
2011,Hounslow,E01002645,257,75,15,142,21105,0.012177209192134565
2011,Islington,E01002794,1257,141,1,123,24980,0.05032025620496397
2011,Islington,E01002724,1095,79,2,123,24980,0.04383506805444355
2011,Islington,E01002704,1021,145,3,123,24980,0.04087269815852682
2011,Islington,E01002731,958,162,4,123,24980,0.03835068054443555
2011,Islington,E01002696,776,81,5,123,24980,0.031064851881505203
2011,Islington,E01002711,636,100,6,123,24980,0.02546036829463571
2011,Islington,E01002795,564,124,7,123,24980,0.022578062449959968
2011,Islington,E01002803,493,58,8,123,24980,0.019735788630904725
2011,Islington,E01002770,488,152,9,123,24980,0.01953562850280224
2011,Islington,E01002695,452,100,10,123,24980,0.01809447558046437
2011,Islington,E01002734,434,141,11,123,24980,0.017373899119295436
2011,Islington,E01002726,362,68,12,123,24980,0.014491593274619696
2011,Islington,E01002730,336,67,13,123,24980,0.01345076060848679
2011,Kensington and Chelsea,E01002819,844,43,1,103,19146,0.04408231484383161
2011,Kensington and Chelsea,E01002818,605,47,2,103,19146,0.03159928966886034
2011,Kensington and Chelsea,E01002831,513,98,3,103,19146,0.02679410842995926
2011,Kensington and Chelsea,E01002884,471,51,4,103,19146,0.024600438733939203
2011,Kensington and Chelsea,E01002889,412,52,5,103,19146,0.0215188551133396
2011,Kensington and Chelsea,E01002827,410,34,6,103,19146,0.021414394651624362
2011,Kensington and Chelsea,E01002835,405,37,7,103,19146,0.021153243497336258
2011,Kensington and Chelsea,E01002821,400,44,8,103,19146,0.020892092343048157
2011,Kensington and Chelsea,E01002852,389,91,9,103,19146,0.02031755980361433
2011,Kensington and Chelsea,E01002883,389,47,10,103,19146,0.02031755980361433
2011,Kensington and Chelsea,E01002833,382,33,11,103,19146,0.01995194818761099
2011,Kingston upon Thames,E01002968,2671,549,1,98,10155,0.26302314130969967
2011,Kingston upon Thames,E01002964,594,152,2,98,10155,0.05849335302806499
2011,Kingston upon Thames,E01002930,267,53,3,98,10155,0.026292466765140327
2011,Kingston upon Thames,E01002987,266,62,4,98,10155,0.026193993106843918
2011,Kingston upon Thames,E01003003,199,71,5,98,10155,0.019596258000984735
2011,Kingston upon Thames,E01002948,194,35,6,98,10155,0.01910388970950271
2011,Kingston upon Thames,E01002919,191,38,7,98,10155,0.01880846873461349
2011,Kingston upon Thames,E01002965,182,34,8,98,10155,0.01792220580994584
2011,Kingston upon Thames,E01002972,175,37,9,98,10155,0.017232890201871
2011,Kingston upon Thames,E01002954,122,27,10,98,10155,0.012013786312161497
2011,Lambeth,E01003047,1148,275,1,178,33224,0.03455333493859861
2011,Lambeth,E01003013,932,204,2,178,33224,0.028052010594750782
2011,Lambeth,E01003035,913,166,3,178,33224,0.027480134842282688
2011,Lambeth,E01003109,758,137,4,178,33224,0.022814832651095594
2011,Lambeth,E01003061,686,133,5,178,33224,0.02064772453647965
2011,Lambeth,E01003055,550,117,6,178,33224,0.016554298097760656
2011,Lambeth,E01003102,512,74,7,178,33224,0.015410546592824464
2011,Lambeth,E01003090,473,77,8,178,33224,0.014236696364074163
2011,Lambeth,E01003041,421,65,9,178,33224,0.012671562725740429
2011,Lambeth,E01003076,415,93,10,178,33224,0.012490970382855767
2011,Lambeth,E01003074,398,53,11,178,33224,0.011979292078015891
2011,Lambeth,E01003039,381,51,12,178,33224,0.011467613773176018
2011,Lambeth,E01003052,378,77,13,178,33224,0.011377317601733687
2011,Lambeth,E01003017,365,64,14,178,33224,0.010986034192150253
2011,Lambeth,E01003118,348,70,15,178,33224,0.010474355887310377
2011,Lambeth,E01003032,332,58,16,178,33224,0.009992776306284614
2011,Lambeth,E01003096,320,124,17,178,33224,0.00963159162051529
2011,Lambeth,E01003120,317,89,18,178,33224,0.00954129544907296
2011,Lewisham,E01003318,712,200,1,169,24201,0.02942027188959134
2011,Lewisham,E01003303,577,159,2,169,24201,0.023841990000413205
2011,Lewisham,E01003296,537,118,3,169,24201,0.02218916573695302
2011,Lewisham,E01003304,454,90,4,169,24201,0.01875955539027313
2011,Lewisham,E01003215,399,63,5,169,24201,0.016486922028015372
2011,Lewisham,E01003291,355,116,6,169,24201,0.014668815338209166
2011,Lewisham,E01003199,354,97,7,169,24201,0.01462749473162266
2011,Lewisham,E01033327,316,49,8,169,24201,0.013057311681335481
2011,Lewisham,E01003253,277,56,9,169,24201,0.011445808024461799
2011,Lewisham,E01003255,259,55,10,169,24201,0.010702037105904715
2011,Lewisham,E01003193,251,58,11,169,24201,0.010371472253212678
2011,Lewisham,E01003190,250,74,12,169,24201,0.010330151646626172
2011,Lewisham,E01003278,234,63,13,169,24201,0.009669021941242098
2011,Lewisham,E01003299,228,78,14,169,24201,0.00942109830172307
2011,Lewisham,E01003334,226,51,15,169,24201,0.00933845708855006
2011,Lewisham,E01003192,223,84,16,169,24201,0.009214495268790545
2011,Lewisham,E01003207,219,56,17,169,24201,0.009049212842444527
2011,Merton,E01003456,632,131,1,124,13548,0.04664895187481547
2011,Merton,E01003367,460,42,2,124,13548,0.033953351048125184
2011,Merton,E01003383,414,111,3,124,13548,0.030558015943312665
2011,Merton,E01003427,250,61,4,124,13548,0.018452908178328904
2011,Merton,E01003375,228,38,5,124,13548,0.01682905225863596
2011,Merton,E01003439,226,72,6,124,13548,0.01668142899320933
2011,Merton,E01003475,223,22,7,124,13548,0.01645999409506938
2011,Merton,E01003358,217,60,8,124,13548,0.01601712429878949
2011,Merton,E01003357,214,43,9,124,13548,0.015795689400649543
2011,Merton,E01003389,209,53,10,124,13548,0.015426631237082964
2011,Merton,E01003390,197,55,11,124,13548,0.014540891644523176
2011,Merton,E01003379,191,54,12,124,13548,0.014098021848243283
2011,Merton,E01003459,167,27,13,124,13548,0.012326542663123708
2011,Newham,E01003617,1164,233,1,164,27978,0.041604117520909284
2011,Newham,E01003521,830,120,2,164,27978,0.02966616627350061
2011,Newham,E01003482,796,114,3,164,27978,0.028450925727357208
2011,Newham,E01033583,464,47,4,164,27978,0.016584459217956968
2011,Newham,E01003618,453,92,5,164,27978,0.01619129315891057
2011,Newham,E01003619,449,141,6,164,27978,0.016048323682893703
2011,Newham,E01003515,400,64,7,164,27978,0.01429694760168704
2011,Newham,E01003499,349,52,8,164,27978,0.012474086782471942
2011,Newham,E01003486,320,91,9,164,27978,0.011437558081349632
2011,Newham,E01003520,308,62,10,164,27978,0.011008649653299021
2011,Newham,E01003569,304,45,11,164,27978,0.01086568017728215
2011,Newham,E01003591,297,83,12,164,27978,0.010615483594252626
2011,Newham,E01003556,291,56,13,164,27978,0.010401029380227321
2011,Newham,E01003491,288,51,14,164,27978,0.010293802273214669
2011,Newham,E01003507,286,64,15,164,27978,0.010222317535206233
2011,Newham,E01003558,277,86,16,164,27978,0.009900636214168274
2011,Newham,E01003566,277,61,17,164,27978,0.009900636214168274
2011,Redbridge,E01003689,1054,177,1,161,21994,0.04792216058925161
2011,Redbridge,E01003783,839,132,2,161,21994,0.038146767300172774
2011,Redbridge,E01003728,488,122,3,161,21994,0.022187869418932436
2011,Redbridge,E01003690,348,83,4,161,21994,0.01582249704464854
2011,Redbridge,E01003645,346,35,5,161,21994,0.01573156315358734
2011,Redbridge,E01003769,279,47,6,161,21994,0.012685277803037192
2011,Redbridge,E01003778,267,38,7,161,21994,0.012139674456670002
2011,Redbridge,E01003729,252,74,8,161,21994,0.011457670273711012
2011,Redbridge,E01003781,251,52,9,161,21994,0.011412203328180413
2011,Redbridge,E01003653,246,62,10,161,21994,0.011184868600527417
2011,Redbridge,E01003700,246,44,11,161,21994,0.011184868600527417
2011,Redbridge,E01003770,246,72,12,161,21994,0.011184868600527417
2011,Redbridge,E01003719,231,42,13,161,21994,0.010502864417568428
2011,Redbridge,E01003674,229,32,14,161,21994,0.01041193052650723
2011,Redbridge,E01003726,221,45,15,161,21994,0.010048194962262435
2011,Redbridge,E01003714,216,47,16,161,21994,0.009820860234609438
2011,Redbridge,E01003705,215,45,17,161,21994,0.00977539328907884
2011,Richmond upon Thames,E01003876,886,157,1,115,10896,0.08131424375917767
2011,Richmond upon Thames,E01003896,304,80,2,115,10896,0.027900146842878122
2011,Richmond upon Thames,E01003829,212,55,3,115,10896,0.019456681350954477
2011,Richmond upon Thames,E01003888,190,25,4,115,10896,0.017437591776798825
2011,Richmond upon Thames,E01003807,181,16,5,115,10896,0.016611600587371513
2011,Richmond upon Thames,E01003860,178,25,6,115,10896,0.01633627019089574
2011,Richmond upon Thames,E01003834,177,20,7,115,10896,0.016244493392070486
2011,Richmond upon Thames,E01003897,163,44,8,115,10896,0.014959618208516887
2011,Richmond upon Thames,E01003819,161,43,9,115,10896,0.014776064610866373
2011,Richmond upon Thames,E01003799,150,11,10,115,10896,0.013766519823788546
2011,Richmond upon Thames,E01003817,147,28,11,115,10896,0.013491189427312776
2011,Richmond upon Thames,E01003841,145,63,12,115,10896,0.01330763582966226
2011,Southwark,E01003929,915,103,1,166,30723,0.02978224782736061
2011,Southwark,E01004027,878,119,2,166,30723,0.028577938352374443
2011,Southwark,E01004067,792,170,3,166,30723,0.02577873254564984
2011,Southwark,E01003927,652,80,4,166,30723,0.02122188588354002
2011,Southwark,E01003939,651,72,5,166,30723,0.021189336978810664
2011,Southwark,E01003921,521,134,6,166,30723,0.016957979363994402
2011,Southwark,E01004031,506,78,7,166,30723,0.016469745793054064
2011,Southwark,E01003969,482,90,8,166,30723,0.015688572079549525
2011,Southwark,E01003934,448,35,9,166,30723,0.014581909318751423
2011,Southwark,E01003932,432,89,10,166,30723,0.01406112684308173
2011,Southwark,E01004010,410,118,11,166,30723,0.013345050939035902
2011,Southwark,E01003984,404,59,12,166,30723,0.013149757510659766
2011,Southwark,E01003964,402,80,13,166,30723,0.013084659701201054
2011,Southwark,E01003988,394,70,14,166,30723,0.012824268463366208
2011,Southwark,E01003981,369,76,15,166,30723,0.01201054584513231
2011,Southwark,E01004062,360,103,16,166,30723,0.011717605702568109
2011,Southwark,E01003913,343,92,17,166,30723,0.011164274322169059
2011,Sutton,E01004142,1303,323,1,121,11068,0.11772677990603542
2011,Sutton,E01004178,329,62,2,121,11068,0.029725334297072643
2011,Sutton,E01004076,306,47,3,121,11068,0.02764727141308276
2011,Sutton,E01004123,214,54,4,121,11068,0.019335019877123237
2011,Sutton,E01004140,197,43,5,121,11068,0.017799060354174195
2011,Sutton,E01004130,175,34,6,121,11068,0.01581134803035779
2011,Sutton,E01004086,158,39,7,121,11068,0.014275388507408745
2011,Sutton,E01004185,149,36,8,121,11068,0.013462233465847488
2011,Sutton,E01004102,147,24,9,121,11068,0.013281532345500542
2011,Sutton,E01004137,146,20,10,121,11068,0.013191181785327069
2011,Sutton,E01004129,142,27,11,121,11068,0.012829779544633177
2011,Sutton,E01004183,141,23,12,121,11068,0.012739428984459704
2011,Sutton,E01004119,137,22,13,121,11068,0.012378026743765811
2011,Tower Hamlets,E01004307,1147,119,1,144,24712,0.046414697313046295
2011,Tower Hamlets,E01004317,874,113,2,144,24712,0.035367432826157334
2011,Tower Hamlets,E01004208,649,130,3,144,24712,0.02626254451278731
2011,Tower Hamlets,E01004309,603,145,4,144,24712,0.02440110067983166
2011,Tower Hamlets,E01004306,597,74,5,144,24712,0.024158303658141794
2011,Tower Hamlets,E01004234,490,37,6,144,24712,0.019828423438005827
2011,Tower Hamlets,E01004277,463,73,7,144,24712,0.018735836840401424
2011,Tower Hamlets,E01004315,414,61,8,144,24712,0.01675299449660084
2011,Tower Hamlets,E01004325,411,68,9,144,24712,0.016631595985755906
2011,Tower Hamlets,E01004322,369,100,10,144,24712,0.014932016833926837
2011,Tower Hamlets,E01004270,350,54,11,144,24712,0.01416315959857559
2011,Tower Hamlets,E01004211,341,78,12,144,24712,0.01379896406604079
2011,Tower Hamlets,E01004293,332,31,13,144,24712,0.013434768533505989
2011,Tower Hamlets,E01004197,326,68,14,144,24712,0.013191971511816121
2011,Tower Hamlets,E01004203,321,70,15,144,24712,0.012989640660407899
2011,Waltham Forest,E01004397,1219,183,1,144,23714,0.05140423378594923
2011,Waltham Forest,E01004392,725,149,2,144,23714,0.030572657501897613
2011,Waltham Forest,E01004455,688,54,3,144,23714,0.029012397739731802
2011,Waltham Forest,E01004430,547,108,4,144,23714,0.023066542970397234
2011,Waltham Forest,E01004438,451,109,5,144,23714,0.019018301425318376
2011,Waltham Forest,E01004420,450,97,6,144,23714,0.01897613224255714
2011,Waltham Forest,E01004422,346,42,7,144,23714,0.014590537235388378
2011,Waltham Forest,E01004444,288,56,8,144,23714,0.012144724635236569
2011,Waltham Forest,E01004363,285,53,9,144,23714,0.012018217086952854
2011,Waltham Forest,E01004365,271,79,10,144,23714,0.011427848528295521
2011,Waltham Forest,E01004348,270,61,11,144,23714,0.011385679345534283
2011,Waltham Forest,E01004440,270,53,12,144,23714,0.011385679345534283
2011,Waltham Forest,E01004452,234,52,13,144,23714,0.009867588766129712
2011,Waltham Forest,E01004342,233,45,14,144,23714,0.009825419583368473
2011,Waltham Forest,E01004424,230,71,15,144,23714,0.00969891203508476
2011,Wandsworth,E01004525,657,142,1,179,21384,0.030723905723905723
2011,Wandsworth,E01004609,631,107,2,179,21384,0.029508043396932287
2011,Wandsworth,E01004551,538,91,3,179,21384,0.025158997381219603
2011,Wandsworth,E01004474,530,68,4,179,21384,0.02478488589599701
2011,Wandsworth,E01004600,505,71,5,179,21384,0.023615787504676394
2011,Wandsworth,E01004552,418,38,6,179,21384,0.01954732510288066
2011,Wandsworth,E01004509,385,77,7,179,21384,0.01800411522633745
2011,Wandsworth,E01004617,375,106,8,179,21384,0.017536475869809203
2011,Wandsworth,E01004588,333,55,9,179,21384,0.015572390572390573
2011,Wandsworth,E01004562,272,43,10,179,21384,0.012719790497568275
2011,Wandsworth,E01004540,223,45,11,179,21384,0.010428357650579872
2011,Wandsworth,E01004583,211,55,12,179,21384,0.009867190422745978
2011,Wandsworth,E01004569,207,56,13,179,21384,0.00968013468013468
2011,Wandsworth,E01004513,201,42,14,179,21384,0.009399551066217733
2011,Wandsworth,E01004613,198,41,15,179,21384,0.009259259259259259
2011,Wandsworth,E01004548,194,28,16,179,21384,0.009072203516647961
2011,Wandsworth,E01004560,194,24,17,179,21384,0.009072203516647961
2011,Wandsworth,E01004526,193,47,18,179,21384,0.009025439580995137
2011,Westminster,E01004734,7279,1117,1,128,54243,0.13419243035967773
2011,Westminster,E01004763,5865,645,2,128,54243,0.10812455063326143
2011,Westminster,E01004736,4665,637,3,128,54243,0.08600188042696753
2011,Westminster,E01004735,2592,215,4,128,54243,0.047784967645594825
2011,Westminster,E01004714,2316,132,5,128,54243,0.04269675349814723
2011,Westminster,E01033595,2171,190,6,128,54243,0.04002359751488671
2011,Westminster,E01004765,1928,138,7,128,54243,0.0355437567981122
2011,Westminster,E01004761,1913,214,8,128,54243,0.035267223420533525
2011,Westminster,E01004762,1850,112,9,128,54243,0.0341057832347031
2011,Westminster,E01004689,1057,109,10,128,54243,0.019486385340043877
2011,Westminster,E01004658,1053,132,11,128,54243,0.019412643106022896
2011,Westminster,E01004731,977,119,12,128,54243,0.018011540659624282
2011,Westminster,E01004750,823,124,13,128,54243,0.015172464649816567
2012,Barking and Dagenham,E01000010,1010,194,1,110,15990,0.06316447779862414
2012,Barking and Dagenham,E01033587,550,67,2,110,15990,0.03439649781113196
2012,Barking and Dagenham,E01000095,408,63,3,110,15990,0.02551594746716698
2012,Barking and Dagenham,E01000060,322,68,4,110,15990,0.020137585991244527
2012,Barking and Dagenham,E01000007,319,100,5,110,15990,0.019949968730456534
2012,Barking and Dagenham,E01000092,303,42,6,110,15990,0.01894934333958724
2012,Barking and Dagenham,E01000105,283,68,7,110,15990,0.017698561601000626
2012,Barking and Dagenham,E01000013,276,74,8,110,15990,0.01726078799249531
2012,Barking and Dagenham,E01000009,260,56,9,110,15990,0.016260162601626018
2012,Barking and Dagenham,E01000061,234,63,10,110,15990,0.014634146341463415
2012,Barking and Dagenham,E01000104,224,33,11,110,15990,0.014008755472170106
2012,Barnet,E01000307,573,42,1,211,23573,0.024307470411063504
2012,Barnet,E01000221,426,44,2,211,23573,0.018071522504560303
2012,Barnet,E01000164,412,31,3,211,23573,0.01747762270394095
2012,Barnet,E01000316,375,32,4,211,23573,0.01590803037373266
2012,Barnet,E01000146,374,58,5,211,23573,0.015865608959402706
2012,Barnet,E01000141,319,80,6,211,23573,0.013532431171255249
2012,Barnet,E01000193,319,53,7,211,23573,0.013532431171255249
2012,Barnet,E01000250,273,55,8,211,23573,0.011581046112077376
2012,Barnet,E01000323,268,35,9,211,23573,0.011368939040427607
2012,Barnet,E01000129,265,81,10,211,23573,0.011241674797437746
2012,Barnet,E01000125,247,75,11,211,23573,0.01047808933949858
2012,Barnet,E01000258,235,24,12,211,23573,0.009969032367539134
2012,Barnet,E01000299,233,45,13,211,23573,0.009884189538879226
2012,Barnet,E01000314,232,19,14,211,23573,0.009841768124549273
2012,Barnet,E01000264,219,42,15,211,23573,0.009290289738259874
2012,Barnet,E01000211,218,26,16,211,23573,0.00924786832392992
2012,Barnet,E01000243,216,36,17,211,23573,0.009163025495270012
2012,Barnet,E01000124,212,24,18,211,23573,0.008993339837950197
2012,Barnet,E01000171,208,42,19,211,23573,0.008823654180630382
2012,Barnet,E01000237,206,27,20,211,23573,0.008738811351970474
2012,Barnet,E01000192,205,37,21,211,23573,0.008696389937640521
2012,Barnet,E01000245,202,24,22,211,23573,0.00856912569465066
2012,Bexley,E01000360,477,104,1,146,11669,0.040877538777958695
2012,Bexley,E01000362,409,87,2,146,11669,0.035050132830576744
2012,Bexley,E01000403,335,74,3,146,11669,0.02870854400548462
2012,Bexley,E01000378,276,44,4,146,11669,0.023652412374667923
2012,Bexley,E01000416,275,36,5,146,11669,0.023566715228382894
2012,Bexley,E01000392,218,46,6,146,11669,0.01868197789013626
2012,Bexley,E01000457,218,47,7,146,11669,0.01868197789013626
2012,Bexley,E01000414,202,36,8,146,11669,0.017310823549575798
2012,Bexley,E01000433,198,51,9,146,11669,0.016968034964435684
2012,Bexley,E01000429,164,36,10,146,11669,0.014054331990744708
2012,Bexley,E01000466,159,54,11,146,11669,0.013625846259319565
2012,Bexley,E01000447,153,33,12,146,11669,0.013111663381609392
2012,Bexley,E01000428,151,26,13,146,11669,0.012940269089039336
2012,Bexley,E01000462,150,29,14,146,11669,0.012854571942754306
2012,Bexley,E01000335,149,46,15,146,11669,0.012768874796469277
2012,Brent,E01000635,603,149,1,173,26357,0.02287817278142429
2012,Brent,E01000600,504,111,2,173,26357,0.019122054862085975
2012,Brent,E01000601,491,92,3,173,26357,0.018628827256516295
2012,Brent,E01000524,476,136,4,173,26357,0.018059718480858977
2012,Brent,E01000586,407,68,5,173,26357,0.0154418181128353
2012,Brent,E01033424,389,120,6,173,26357,0.014758887582046515
2012,Brent,E01000548,376,107,7,173,26357,0.014265659976476837
2012,Brent,E01000521,370,116,8,173,26357,0.01403801646621391
2012,Brent,E01000642,352,90,9,173,26357,0.013355085935425124
2012,Brent,E01000545,346,66,10,173,26357,0.013127442425162197
2012,Brent,E01000482,327,88,11,173,26357,0.01240657130932959
2012,Brent,E01033485,302,93,12,173,26357,0.011458056683234056
2012,Brent,E01000510,301,89,13,173,26357,0.011420116098190235
2012,Brent,E01000533,291,59,14,173,26357,0.01104071024775202
2012,Brent,E01000508,287,83,15,173,26357,0.010888947907576736
2012,Brent,E01000506,282,44,16,173,26357,0.010699244982357628
2012,Brent,E01000526,281,49,17,173,26357,0.010661304397313807
2012,Brent,E01000643,272,69,18,173,26357,0.010319839131919414
2012,Bromley,E01000676,853,170,1,197,19622,0.04347161349505657
2012,Bromley,E01000675,636,173,2,197,19622,0.03241259810416879
2012,Bromley,E01000790,449,77,3,197,19622,0.022882478850270106
2012,Bromley,E01000714,374,108,4,197,19622,0.01906023850779737
2012,Bromley,E01000799,329,88,5,197,19622,0.01676689430231373
2012,Bromley,E01000719,324,50,6,197,19622,0.016512078279482215
2012,Bromley,E01000740,285,47,7,197,19622,0.014524513301396392
2012,Bromley,E01000779,276,17,8,197,19622,0.014065844460299664
2012,Bromley,E01000677,255,39,9,197,19622,0.012995617164407298
2012,Bromley,E01000693,240,22,10,197,19622,0.012231169095912752
2012,Bromley,E01000720,237,41,11,197,19622,0.01207827948221384
2012,Bromley,E01032568,233,47,12,197,19622,0.01187442666394863
2012,Bromley,E01000769,219,119,13,197,19622,0.011160941800020386
2012,Bromley,E01000728,216,28,14,197,19622,0.011008052186321476
2012,Bromley,E01000743,197,60,15,197,19622,0.010039751299561717
2012,Bromley,E01000722,193,30,16,197,19622,0.009835898481296504
2012,Bromley,E01000806,187,56,17,197,19622,0.009530119253898685
2012,Bromley,E01000729,180,79,18,197,19622,0.009173376821934563
2012,Bromley,E01000657,171,15,19,197,19622,0.008714707980837835
2012,Bromley,E01000775,170,26,20,197,19622,0.008663744776271532
2012,Camden,E01000863,2089,348,1,133,31472,0.06637646161667514
2012,Camden,E01000914,1479,133,2,133,31472,0.04699415353329944
2012,Camden,E01000919,1405,150,3,133,31472,0.044642857142857144
2012,Camden,E01000918,1348,140,4,133,31472,0.042831723436705646
2012,Camden,E01000858,1244,156,5,133,31472,0.039527198779867816
2012,Camden,E01000855,1089,77,6,133,31472,0.0346021860701576
2012,Camden,E01000947,1062,161,7,133,31472,0.03374428063040163
2012,Camden,E01000854,1012,135,8,133,31472,0.03215556685307575
2012,Camden,E01000850,937,76,9,133,31472,0.029772496187086935
2012,Camden,E01000851,499,51,10,133,31472,0.01585536349771225
2012,Camden,E01000904,466,76,11,133,31472,0.014806812404677173
2012,Camden,E01000852,464,49,12,133,31472,0.014743263853584139
2012,Camden,E01000931,454,80,13,133,31472,0.014425521098118963
2012,Camden,E01000862,451,44,14,133,31472,0.01433019827147941
2012,City of London,E01032739,78,5,1,6,157,0.4968152866242038
2012,Croydon,E01001043,1675,434,1,220,30189,0.055483785484779224
2012,Croydon,E01001014,1128,157,2,220,30189,0.037364603001093115
2012,Croydon,E01001048,744,106,3,220,30189,0.02464473814965716
2012,Croydon,E01001045,650,155,4,220,30189,0.021531021232899402
2012,Croydon,E01001010,585,60,5,220,30189,0.01937791910960946
2012,Croydon,E01001013,464,130,6,220,30189,0.01536983669548511
2012,Croydon,E01001042,431,94,7,220,30189,0.014276723309814833
2012,Croydon,E01001183,405,56,8,220,30189,0.013415482460498857
2012,Croydon,E01001097,399,64,9,220,30189,0.01321673457219517
2012,Croydon,E01001178,331,93,10,220,30189,0.010964258504753388
2012,Croydon,E01001177,322,43,11,220,30189,0.010666136672297858
2012,Croydon,E01001155,320,97,12,220,30189,0.010599887376196628
2012,Croydon,E01001172,304,50,13,220,30189,0.010069893007386796
2012,Croydon,E01001164,297,74,14,220,30189,0.009838020471032495
2012,Croydon,E01001191,283,67,15,220,30189,0.009374275398323893
2012,Croydon,E01001136,281,92,16,220,30189,0.009308026102222663
2012,Croydon,E01001087,262,42,17,220,30189,0.00867865778926099
2012,Croydon,E01001118,260,65,18,220,30189,0.00861240849315976
2012,Croydon,E01001117,254,74,19,220,30189,0.008413660604856073
2012,Croydon,E01001116,253,26,20,220,30189,0.00838053595680546
2012,Croydon,E01001064,251,23,21,220,30189,0.00831428666070423
2012,Croydon,E01001154,243,78,22,220,30189,0.008049289476299314
2012,Ealing,E01001221,1161,198,1,196,28832,0.04026775804661487
2012,Ealing,E01001361,872,206,2,196,28832,0.030244173140954494
2012,Ealing,E01001247,781,115,3,196,28832,0.02708795782463929
2012,Ealing,E01001202,465,120,4,196,28832,0.01612791342952275
2012,Ealing,E01001351,432,152,5,196,28832,0.014983351831298557
2012,Ealing,E01001261,431,107,6,196,28832,0.014948668146503885
2012,Ealing,E01001249,401,120,7,196,28832,0.013908157602663706
2012,Ealing,E01001367,365,99,8,196,28832,0.012659544950055494
2012,Ealing,E01001225,348,70,9,196,28832,0.01206992230854606
2012,Ealing,E01032744,325,66,10,196,28832,0.01127219755826859
2012,Ealing,E01001348,314,25,11,196,28832,0.010890677025527193
2012,Ealing,E01001337,290,126,12,196,28832,0.01005826859045505
2012,Ealing,E01001347,284,45,13,196,28832,0.009850166481687014
2012,Ealing,E01001245,283,47,14,196,28832,0.009815482796892342
2012,Ealing,E01001222,279,65,15,196,28832,0.009676748057713652
2012,Ealing,E01001231,262,13,16,196,28832,0.009087125416204218
2012,Ealing,E01001333,261,83,17,196,28832,0.009052441731409545
2012,Ealing,E01001389,253,45,18,196,28832,0.008774972253052165
2012,Ealing,E01001388,248,91,19,196,28832,0.008601553829078802
2012,Ealing,E01001246,246,35,20,196,28832,0.008532186459489456
2012,Enfield,E01001429,623,139,1,183,21069,0.029569509706203426
2012,Enfield,E01001559,463,70,2,183,21069,0.02197541411552518
2012,Enfield,E01001450,372,55,3,183,21069,0.017656272248326926
2012,Enfield,E01001513,339,51,4,183,21069,0.016089990032749538
2012,Enfield,E01001519,333,60,5,183,21069,0.015805211448099103
2012,Enfield,E01001507,326,73,6,183,21069,0.01547296976600693
2012,Enfield,E01001558,322,69,7,183,21069,0.015283117376239974
2012,Enfield,E01001498,283,41,8,183,21069,0.01343205657601215
2012,Enfield,E01001439,279,64,9,183,21069,0.013242204186245195
2012,Enfield,E01032574,273,68,10,183,21069,0.01295742560159476
2012,Enfield,E01001501,250,38,11,183,21069,0.011865774360434763
2012,Enfield,E01001425,248,74,12,183,21069,0.011770848165551283
2012,Enfield,E01001506,247,34,13,183,21069,0.011723385068109545
2012,Enfield,E01001437,243,35,14,183,21069,0.011533532678342588
2012,Enfield,E01001555,236,51,15,183,21069,0.011201290996250415
2012,Enfield,E01001511,226,34,16,183,21069,0.010726660021833026
2012,Enfield,E01001554,219,39,17,183,21069,0.01039441833974085
2012,Enfield,E01001427,205,26,18,183,21069,0.009729934975556504
2012,Enfield,E01001536,201,35,19,183,21069,0.009540082585789549
2012,Greenwich,E01001667,1045,195,1,151,20028,0.05217695226682644
2012,Greenwich,E01033735,539,161,2,151,20028,0.026912322748152587
2012,Greenwich,E01001641,504,93,3,151,20028,0.025164769322947873
2012,Greenwich,E01001615,409,92,4,151,20028,0.020421410025963652
2012,Greenwich,E01033737,400,100,5,151,20028,0.019972039145196723
2012,Greenwich,E01001640,357,100,6,151,20028,0.017825044937088075
2012,Greenwich,E01001666,352,35,7,151,20028,0.01757539444777312
2012,Greenwich,E01001696,338,104,8,151,20028,0.016876373077691232
2012,Greenwich,E01033731,316,105,9,151,20028,0.015777910924705412
2012,Greenwich,E01001609,314,75,10,151,20028,0.015678050728979428
2012,Greenwich,E01033738,270,31,11,151,20028,0.01348112642300779
2012,Greenwich,E01033743,256,55,12,151,20028,0.012782105052925903
2012,Greenwich,E01001673,248,59,13,151,20028,0.01238266427002197
2012,Greenwich,E01001701,239,106,14,151,20028,0.011933293389255042
2012,Greenwich,E01001664,215,29,15,151,20028,0.01073497104054324
2012,Greenwich,E01033726,213,56,16,151,20028,0.010635110844817256
2012,Hackney,E01033708,2441,258,1,144,27095,0.09009042258719321
2012,Hackney,E01033706,1176,138,2,144,27095,0.043402841852740355
2012,Hackney,E01033699,807,125,3,144,27095,0.029784093006089685
2012,Hackney,E01033704,513,79,4,144,27095,0.018933382542904595
2012,Hackney,E01001777,495,60,5,144,27095,0.018269053330872854
2012,Hackney,E01001748,475,80,6,144,27095,0.0175309097619487
2012,Hackney,E01001760,449,72,7,144,27095,0.016571323122347298
2012,Hackney,E01001747,448,54,8,144,27095,0.01653441594390109
2012,Hackney,E01033712,420,58,9,144,27095,0.015501014947407271
2012,Hackney,E01033700,389,67,10,144,27095,0.01435689241557483
2012,Hackney,E01001731,383,81,11,144,27095,0.014135449344897582
2012,Hackney,E01033707,381,39,12,144,27095,0.014061634988005167
2012,Hackney,E01001756,380,48,13,144,27095,0.014024727809558959
2012,Hackney,E01001780,375,64,14,144,27095,0.01384019191732792
2012,Hackney,E01001839,363,84,15,144,27095,0.013397305775973426
2012,Hammersmith and Fulham,E01001943,2166,231,1,113,21030,0.10299572039942939
2012,Hammersmith and Fulham,E01001898,943,232,2,113,21030,0.04484070375653828
2012,Hammersmith and Fulham,E01001941,753,195,3,113,21030,0.03580599144079886
2012,Hammersmith and Fulham,E01001899,647,82,4,113,21030,0.030765572990965287
2012,Hammersmith and Fulham,E01001932,474,83,5,113,21030,0.02253922967189729
2012,Hammersmith and Fulham,E01001857,466,110,6,113,21030,0.02215882073228721
2012,Hammersmith and Fulham,E01001953,445,94,7,113,21030,0.021160247265810745
2012,Hammersmith and Fulham,E01001874,435,85,8,113,21030,0.020684736091298145
2012,Hammersmith and Fulham,E01001920,406,114,9,113,21030,0.0193057536852116
2012,Hammersmith and Fulham,E01001894,362,94,10,113,21030,0.01721350451735616
2012,Hammersmith and Fulham,E01001876,351,85,11,113,21030,0.0166904422253923
2012,Hammersmith and Fulham,E01001881,350,90,12,113,21030,0.016642891107941038
2012,Haringey,E01002026,1040,113,1,145,23231,0.04476776720761052
2012,Haringey,E01002029,661,138,2,145,23231,0.02845335973483707
2012,Haringey,E01002031,601,92,3,145,23231,0.025870603934398002
2012,Haringey,E01002034,438,110,4,145,23231,0.0188541173432052
2012,Haringey,E01002069,427,89,5,145,23231,0.018380612113124705
2012,Haringey,E01001979,392,106,6,145,23231,0.01687400456286858
2012,Haringey,E01002068,383,61,7,145,23231,0.01648659119280272
2012,Haringey,E01002080,371,43,8,145,23231,0.01597004003271491
2012,Haringey,E01002081,357,92,9,145,23231,0.015367397012612458
2012,Haringey,E01001966,333,15,10,145,23231,0.01433429469243683
2012,Haringey,E01002022,309,44,11,145,23231,0.013301192372261203
2012,Haringey,E01001990,308,51,12,145,23231,0.013258146442253885
2012,Haringey,E01002077,293,90,13,145,23231,0.012612457492144118
2012,Haringey,E01001973,286,20,14,145,23231,0.012311135982092894
2012,Haringey,E01002037,276,59,15,145,23231,0.011880676682019715
2012,Harrow,E01002129,713,118,1,137,12803,0.05569007263922518
2012,Harrow,E01002130,439,128,2,137,12803,0.034288838553464034
2012,Harrow,E01002179,366,115,3,137,12803,0.0285870499101773
2012,Harrow,E01002226,263,45,4,137,12803,0.020542060454580957
2012,Harrow,E01002219,212,63,5,137,12803,0.016558619073654614
2012,Harrow,E01002126,207,48,6,137,12803,0.016168085604936343
2012,Harrow,E01002202,194,42,7,137,12803,0.015152698586268843
2012,Harrow,E01002233,183,50,8,137,12803,0.01429352495508865
2012,Harrow,E01002213,175,47,9,137,12803,0.01366867140513942
2012,Harrow,E01002180,170,46,10,137,12803,0.013278137936421151
2012,Harrow,E01002111,169,28,11,137,12803,0.013200031242677497
2012,Harrow,E01002232,166,33,12,137,12803,0.012965711161446536
2012,Harrow,E01002189,157,28,13,137,12803,0.012262750917753652
2012,Harrow,E01002133,149,52,14,137,12803,0.01163789736780442
2012,Havering,E01002356,1189,385,1,150,15965,0.07447541497024741
2012,Havering,E01032741,728,135,2,150,15965,0.04559974945192609
2012,Havering,E01002353,448,126,3,150,15965,0.02806138427810836
2012,Havering,E01002361,355,85,4,150,15965,0.02223614155966176
2012,Havering,E01002345,337,60,5,150,15965,0.02110867522705919
2012,Havering,E01002293,293,43,6,150,15965,0.018352646414030692
2012,Havering,E01002248,278,68,7,150,15965,0.017413091136861885
2012,Havering,E01002282,256,93,8,150,15965,0.016035076730347635
2012,Havering,E01002368,251,42,9,150,15965,0.015721891637958032
2012,Havering,E01002370,208,40,10,150,15965,0.013028499843407454
2012,Havering,E01032742,206,26,11,150,15965,0.012903225806451613
2012,Havering,E01002319,203,25,12,150,15965,0.012715314751017852
2012,Havering,E01002350,191,56,13,150,15965,0.011963670529282806
2012,Havering,E01002386,188,25,14,150,15965,0.011775759473849045
2012,Havering,E01002326,184,37,15,150,15965,0.011525211399937363
2012,Hillingdon,E01002444,2076,314,1,161,22103,0.09392390173279645
2012,Hillingdon,E01002521,534,130,2,161,22103,0.024159616341673077
2012,Hillingdon,E01002554,528,141,3,161,22103,0.02388815997828349
2012,Hillingdon,E01002515,460,107,4,161,22103,0.02081165452653486
2012,Hillingdon,E01002506,440,128,5,161,22103,0.01990679998190291
2012,Hillingdon,E01002505,402,56,6,161,22103,0.018187576347102205
2012,Hillingdon,E01002407,369,102,7,161,22103,0.016694566348459484
2012,Hillingdon,E01002397,336,114,8,161,22103,0.015201556349816767
2012,Hillingdon,E01033725,304,91,9,161,22103,0.013753789078405645
2012,Hillingdon,E01002535,302,45,10,161,22103,0.013663303623942451
2012,Hillingdon,E01002514,298,83,11,161,22103,0.013482332715016062
2012,Hillingdon,E01002406,294,64,12,161,22103,0.013301361806089672
2012,Hillingdon,E01002412,291,132,13,161,22103,0.013165633624394879
2012,Hillingdon,E01002490,287,40,14,161,22103,0.01298466271546849
2012,Hillingdon,E01002414,272,52,15,161,22103,0.012306021806994525
2012,Hillingdon,E01002457,265,40,16,161,22103,0.011989322716373343
2012,Hillingdon,E01002443,254,37,17,161,22103,0.01149165271682577
2012,Hounslow,E01033083,953,143,1,142,22724,0.04193803907762718
2012,Hounslow,E01002642,474,145,2,142,22724,0.0208590036965323
2012,Hounslow,E01002637,444,67,3,142,22724,0.01953881358915684
2012,Hounslow,E01002664,421,84,4,142,22724,0.018526667840168983
2012,Hounslow,E01002693,405,69,5,142,22724,0.017822566449568738
2012,Hounslow,E01002641,371,100,6,142,22724,0.016326350994543215
2012,Hounslow,E01032573,343,38,7,142,22724,0.015094173560992782
2012,Hounslow,E01002592,317,54,8,142,22724,0.013950008801267382
2012,Hounslow,E01002678,314,53,9,142,22724,0.013817989790529837
2012,Hounslow,E01002566,309,52,10,142,22724,0.01359795810596726
2012,Hounslow,E01033030,301,82,11,142,22724,0.013245907410667137
2012,Hounslow,E01002589,298,66,12,142,22724,0.01311388839992959
2012,Hounslow,E01002635,279,19,13,142,22724,0.012277767998591798
2012,Hounslow,E01002648,275,106,14,142,22724,0.012101742650941735
2012,Hounslow,E01002661,265,61,15,142,22724,0.011661679281816582
2012,Islington,E01002794,1172,161,1,123,26268,0.044617024516522004
2012,Islington,E01002724,1069,83,2,123,26268,0.0406959037612304
2012,Islington,E01002704,1066,156,3,123,26268,0.040581696360590835
2012,Islington,E01002731,707,162,4,123,26268,0.02691487741738998
2012,Islington,E01002711,700,96,5,123,26268,0.02664839348256434
2012,Islington,E01002696,656,91,6,123,26268,0.024973351606517435
2012,Islington,E01002795,602,106,7,123,26268,0.02291761839500533
2012,Islington,E01002803,503,62,8,123,26268,0.0191487741738998
2012,Islington,E01002695,456,120,9,123,26268,0.01735952489721334
2012,Islington,E01002801,448,43,10,123,26268,0.017054971828841175
2012,Islington,E01002770,441,125,11,123,26268,0.016788487894015533
2012,Islington,E01002726,436,73,12,123,26268,0.01659814222628293
2012,Islington,E01002734,407,113,13,123,26268,0.015494137353433836
2012,Kensington and Chelsea,E01002819,795,38,1,103,19757,0.04023890266740902
2012,Kensington and Chelsea,E01002818,645,41,2,103,19757,0.03264665688110543
2012,Kensington and Chelsea,E01002831,552,99,3,103,19757,0.027939464493597205
2012,Kensington and Chelsea,E01002852,468,105,4,103,19757,0.023687806853267195
2012,Kensington and Chelsea,E01002821,440,47,5,103,19757,0.02227058763982386
2012,Kensington and Chelsea,E01002835,438,40,6,103,19757,0.02216935769600648
2012,Kensington and Chelsea,E01002889,429,41,7,103,19757,0.021713822948828263
2012,Kensington and Chelsea,E01002827,401,28,8,103,19757,0.020296603735384926
2012,Kensington and Chelsea,E01002883,393,39,9,103,19757,0.0198916839601154
2012,Kensington and Chelsea,E01002833,391,30,10,103,19757,0.01979045401629802
2012,Kensington and Chelsea,E01002884,386,40,11,103,19757,0.019537379156754568
2012,Kingston upon Thames,E01002968,2365,540,1,98,9956,0.2375451988750502
2012,Kingston upon Thames,E01002964,621,133,2,98,9956,0.06237444756930494
2012,Kingston upon Thames,E01002930,319,60,3,98,9956,0.03204098031337887
2012,Kingston upon Thames,E01002987,273,64,4,98,9956,0.027420650863800723
2012,Kingston upon Thames,E01002919,179,26,5,98,9956,0.01797910807553234
2012,Kingston upon Thames,E01002965,174,26,6,98,9956,0.01747689835275211
2012,Kingston upon Thames,E01002948,154,45,7,98,9956,0.015468059461631177
2012,Kingston upon Thames,E01002972,148,46,8,98,9956,0.014865407794294898
2012,Kingston upon Thames,E01003003,120,31,9,98,9956,0.012053033346725592
2012,Kingston upon Thames,E01033569,120,27,10,98,9956,0.012053033346725592
2012,Lambeth,E01003047,1224,282,1,178,33473,0.036566785170137124
2012,Lambeth,E01003035,992,113,2,178,33473,0.029635825889522897
2012,Lambeth,E01003013,920,182,3,178,33473,0.027484838526573657
2012,Lambeth,E01032582,876,135,4,178,33473,0.026170346249215787
2012,Lambeth,E01003109,801,128,5,178,33473,0.023929734412810325
2012,Lambeth,E01003061,756,103,6,178,33473,0.02258536731096705
2012,Lambeth,E01003074,532,60,7,178,33473,0.015893406626236072
2012,Lambeth,E01003055,528,112,8,178,33473,0.015773907328294447
2012,Lambeth,E01003102,513,82,9,178,33473,0.015325784961013354
2012,Lambeth,E01003041,475,57,10,178,33473,0.01419054163056792
2012,Lambeth,E01003090,397,65,11,178,33473,0.011860305320706241
2012,Lambeth,E01003039,395,46,12,178,33473,0.011800555671735428
2012,Lambeth,E01003052,387,76,13,178,33473,0.011561557075852179
2012,Lambeth,E01003032,381,55,14,178,33473,0.011382308128939743
2012,Lambeth,E01033207,377,76,15,178,33473,0.011262808830998118
2012,Lambeth,E01003076,347,103,16,178,33473,0.010366564096435934
2012,Lambeth,E01003017,321,53,17,178,33473,0.009589818659815374
2012,Lambeth,E01003118,304,65,18,178,33473,0.009081946643563469
2012,Lewisham,E01033327,777,182,1,169,23652,0.03285134449518011
2012,Lewisham,E01003318,626,175,2,169,23652,0.026467106375782173
2012,Lewisham,E01003296,525,118,3,169,23652,0.02219685438863521
2012,Lewisham,E01003303,517,117,4,169,23652,0.021858616607475054
2012,Lewisham,E01003304,403,93,5,169,23652,0.017038728225942837
2012,Lewisham,E01003215,387,52,6,169,23652,0.016362252663622526
2012,Lewisham,E01003199,347,94,7,169,23652,0.014671063757821748
2012,Lewisham,E01003291,327,110,8,169,23652,0.013825469304921359
2012,Lewisham,E01003255,304,55,9,169,23652,0.012853035684085912
2012,Lewisham,E01003203,296,44,10,169,23652,0.012514797902925756
2012,Lewisham,E01003334,260,50,11,169,23652,0.010992727887705056
2012,Lewisham,E01003353,251,29,12,169,23652,0.010612210383899881
2012,Lewisham,E01003210,236,55,13,169,23652,0.00997801454422459
2012,Lewisham,E01032579,232,69,14,169,23652,0.009808895653644512
2012,Lewisham,E01003263,229,55,15,169,23652,0.009682056485709453
2012,Lewisham,E01003190,225,58,16,169,23652,0.009512937595129375
2012,Lewisham,E01003253,223,50,17,169,23652,0.009428378149839337
2012,Merton,E01003456,504,89,1,124,12856,0.03920348475420037
2012,Merton,E01003367,395,37,2,124,12856,0.030724953329184818
2012,Merton,E01003383,380,71,3,124,12856,0.02955818294959552
2012,Merton,E01003427,247,57,4,124,12856,0.019212818917237088
2012,Merton,E01003375,228,36,5,124,12856,0.01773490976975731
2012,Merton,E01003389,213,68,6,124,12856,0.016568139390168015
2012,Merton,E01003475,211,27,7,124,12856,0.016412570006222777
2012,Merton,E01003390,207,51,8,124,12856,0.016101431238332298
2012,Merton,E01003358,205,46,9,124,12856,0.015945861854387056
2012,Merton,E01003439,203,67,10,124,12856,0.01579029247044182
2012,Merton,E01003469,199,21,11,124,12856,0.015479153702551337
2012,Merton,E01003401,168,10,12,124,12856,0.013067828251400125
2012,Merton,E01003357,165,44,13,124,12856,0.012834474175482264
2012,Newham,E01033583,2139,221,1,164,30067,0.07114111816942162
2012,Newham,E01003617,1270,236,2,164,30067,0.04223899956763229
2012,Newham,E01003521,868,131,3,164,30067,0.028868859547011672
2012,Newham,E01003482,800,121,4,164,30067,0.026607243822130575
2012,Newham,E01003619,549,136,5,164,30067,0.018259221072937107
2012,Newham,E01003515,407,71,6,164,30067,0.01353643529450893
2012,Newham,E01003517,406,41,7,164,30067,0.013503176239731267
2012,Newham,E01003618,404,81,8,164,30067,0.01343665813017594
2012,Newham,E01003520,403,50,9,164,30067,0.013403399075398278
2012,Newham,E01003569,309,37,10,164,30067,0.010277047926297935
2012,Newham,E01003609,309,69,11,164,30067,0.010277047926297935
2012,Newham,E01003566,303,54,12,164,30067,0.010077493597631956
2012,Newham,E01003491,301,55,13,164,30067,0.01001097548807663
2012,Newham,E01003556,301,66,14,164,30067,0.01001097548807663
2012,Newham,E01003486,291,39,15,164,30067,0.009678384940299998
2012,Newham,E01003578,284,61,16,164,30067,0.009445571556856354
2012,Newham,E01003601,282,84,17,164,30067,0.009379053447301028
2012,Redbridge,E01003689,976,171,1,161,21424,0.04555638536221061
2012,Redbridge,E01003783,687,139,2,161,21424,0.032066840926064225
2012,Redbridge,E01033589,513,170,3,161,21424,0.023945108289768483
2012,Redbridge,E01003728,462,103,4,161,21424,0.021564600448095595
2012,Redbridge,E01003690,371,57,5,161,21424,0.017317027632561613
2012,Redbridge,E01003645,358,32,6,161,21424,0.01671023151605676
2012,Redbridge,E01003769,293,46,7,161,21424,0.013676250933532487
2012,Redbridge,E01003674,275,48,8,161,21424,0.012836071695294996
2012,Redbridge,E01003778,264,35,9,161,21424,0.012322628827483197
2012,Redbridge,E01033591,264,42,10,161,21424,0.012322628827483197
2012,Redbridge,E01003770,261,80,11,161,21424,0.012182598954443615
2012,Redbridge,E01003767,255,53,12,161,21424,0.011902539208364451
2012,Redbridge,E01003781,248,72,13,161,21424,0.01157580283793876
2012,Redbridge,E01003653,247,76,14,161,21424,0.011529126213592233
2012,Redbridge,E01003719,221,47,15,161,21424,0.010315533980582525
2012,Redbridge,E01003638,215,29,16,161,21424,0.01003547423450336
2012,Redbridge,E01003729,215,48,17,161,21424,0.01003547423450336
2012,Richmond upon Thames,E01003876,819,155,1,115,11168,0.07333452722063037
2012,Richmond upon Thames,E01003896,308,74,2,115,11168,0.027578796561604585
2012,Richmond upon Thames,E01003829,242,44,3,115,11168,0.021669054441260743
2012,Richmond upon Thames,E01003897,199,69,4,115,11168,0.017818767908309455
2012,Richmond upon Thames,E01003799,185,13,5,115,11168,0.01656518624641834
2012,Richmond upon Thames,E01003817,171,28,6,115,11168,0.015311604584527221
2012,Richmond upon Thames,E01003807,168,26,7,115,11168,0.01504297994269341
2012,Richmond upon Thames,E01003855,156,35,8,115,11168,0.013968481375358166
2012,Richmond upon Thames,E01003841,154,55,9,115,11168,0.013789398280802292
2012,Richmond upon Thames,E01003834,151,23,10,115,11168,0.013520773638968482
2012,Richmond upon Thames,E01033570,149,13,11,115,11168,0.013341690544412607
2012,Richmond upon Thames,E01003860,148,29,12,115,11168,0.01325214899713467
2012,Southwark,E01004027,943,127,1,166,30737,0.030679636919673358
2012,Southwark,E01003929,880,74,2,166,30737,0.028629989914435373
2012,Southwark,E01032720,832,165,3,166,30737,0.027068354100920716
2012,Southwark,E01003927,794,81,4,166,30737,0.02583205908188828
2012,Southwark,E01004067,768,176,5,166,30737,0.024986173016234507
2012,Southwark,E01003939,636,85,6,166,30737,0.0206916745290692
2012,Southwark,E01004031,488,79,7,166,30737,0.015876630770732342
2012,Southwark,E01003934,487,46,8,166,30737,0.01584409669128412
2012,Southwark,E01003964,448,124,9,166,30737,0.014575267592803462
2012,Southwark,E01004062,403,121,10,166,30737,0.01311123401763347
2012,Southwark,E01003921,400,105,11,166,30737,0.013013631779288805
2012,Southwark,E01003981,399,64,12,166,30737,0.012981097699840584
2012,Southwark,E01004010,384,102,13,166,30737,0.012493086508117254
2012,Southwark,E01003988,373,109,14,166,30737,0.01213521163418681
2012,Southwark,E01003969,367,86,15,166,30737,0.01194000715749748
2012,Southwark,E01003913,350,115,16,166,30737,0.011386927806877705
2012,Southwark,E01003932,344,71,17,166,30737,0.011191723330188372
2012,Sutton,E01004142,1343,351,1,121,10948,0.12267080745341614
2012,Sutton,E01004178,320,60,2,121,10948,0.029229082937522834
2012,Sutton,E01004076,256,50,3,121,10948,0.023383266350018268
2012,Sutton,E01004123,221,79,4,121,10948,0.020186335403726708
2012,Sutton,E01004130,215,35,5,121,10948,0.019638290098648155
2012,Sutton,E01004137,189,38,6,121,10948,0.017263427109974423
2012,Sutton,E01004140,171,47,7,121,10948,0.015619291194738765
2012,Sutton,E01004088,159,53,8,121,10948,0.014523200584581659
2012,Sutton,E01004102,141,19,9,121,10948,0.012879064669346
2012,Sutton,E01004099,140,36,10,121,10948,0.01278772378516624
2012,Sutton,E01004119,139,24,11,121,10948,0.01269638290098648
2012,Sutton,E01004086,134,31,12,121,10948,0.012239678480087687
2012,Sutton,E01004170,133,27,13,121,10948,0.012148337595907928
2012,Tower Hamlets,E01004307,1148,78,1,144,26784,0.042861409796893665
2012,Tower Hamlets,E01004317,988,122,2,144,26784,0.03688769414575866
2012,Tower Hamlets,E01004234,769,53,3,144,26784,0.028711170848267624
2012,Tower Hamlets,E01004306,713,96,4,144,26784,0.02662037037037037
2012,Tower Hamlets,E01004309,627,148,5,144,26784,0.023409498207885304
2012,Tower Hamlets,E01004208,583,120,6,144,26784,0.021766726403823176
2012,Tower Hamlets,E01032771,533,72,7,144,26784,0.019899940262843488
2012,Tower Hamlets,E01004277,430,52,8,144,26784,0.01605436081242533
2012,Tower Hamlets,E01004325,392,72,9,144,26784,0.014635603345280765
2012,Tower Hamlets,E01004203,376,62,10,144,26784,0.014038231780167264
2012,Tower Hamlets,E01004197,368,96,11,144,26784,0.013739545997610514
2012,Tower Hamlets,E01004315,348,55,12,144,26784,0.012992831541218637
2012,Tower Hamlets,E01004270,337,67,13,144,26784,0.012582138590203107
2012,Tower Hamlets,E01004293,329,33,14,144,26784,0.012283452807646356
2012,Tower Hamlets,E01004322,324,95,15,144,26784,0.012096774193548387
2012,Waltham Forest,E01004397,1113,243,1,144,22647,0.04914558219631739
2012,Waltham Forest,E01004455,909,56,2,144,22647,0.04013776659160154
2012,Waltham Forest,E01004392,735,143,3,144,22647,0.03245462975228507
2012,Waltham Forest,E01004430,583,103,4,144,22647,0.025742924007594824
2012,Waltham Forest,E01004438,498,117,5,144,22647,0.021989667505629886
2012,Waltham Forest,E01004420,489,113,6,144,22647,0.021592263876010067
2012,Waltham Forest,E01004422,314,32,7,144,22647,0.013864971077846955
2012,Waltham Forest,E01004363,278,58,8,144,22647,0.012275356559367687
2012,Waltham Forest,E01004367,265,31,9,144,22647,0.011701329094361284
2012,Waltham Forest,E01004348,259,75,10,144,22647,0.011436393341281405
2012,Waltham Forest,E01004365,254,71,11,144,22647,0.011215613547048173
2012,Waltham Forest,E01004440,250,54,12,144,22647,0.011038989711661588
2012,Waltham Forest,E01004448,250,40,13,144,22647,0.011038989711661588
2012,Waltham Forest,E01004444,247,62,14,144,22647,0.01090652183512165
2012,Waltham Forest,E01004452,214,42,15,144,22647,0.00944937519318232
2012,Wandsworth,E01004609,729,114,1,179,24457,0.029807417099398947
2012,Wandsworth,E01004525,642,129,2,179,24457,0.026250153330334872
2012,Wandsworth,E01004551,620,97,3,179,24457,0.02535061536574396
2012,Wandsworth,E01004552,603,52,4,179,24457,0.02465551784765098
2012,Wandsworth,E01004509,586,107,5,179,24457,0.023960420329558
2012,Wandsworth,E01004474,532,53,6,179,24457,0.0217524635073803
2012,Wandsworth,E01004600,456,69,7,179,24457,0.018644968720611686
2012,Wandsworth,E01004617,412,119,8,179,24457,0.016845892791429857
2012,Wandsworth,E01004588,310,57,9,179,24457,0.01267530768287198
2012,Wandsworth,E01004583,290,37,10,179,24457,0.011857545896880239
2012,Wandsworth,E01004562,281,38,11,179,24457,0.011489553093183955
2012,Wandsworth,E01004548,270,29,12,179,24457,0.011039784110888498
2012,Wandsworth,E01004540,238,39,13,179,24457,0.009731365253301713
2012,Wandsworth,E01004560,233,22,14,179,24457,0.009526924806803777
2012,Wandsworth,E01004626,231,70,15,179,24457,0.009445148628204603
2012,Wandsworth,E01004496,225,39,16,179,24457,0.009199820092407081
2012,Wandsworth,E01004508,215,27,17,179,24457,0.00879093919941121
2012,Wandsworth,E01004569,215,56,18,179,24457,0.00879093919941121
2012,Westminster,E01004734,6617,908,1,128,59226,0.11172458042076115
2012,Westminster,E01033595,6024,417,2,128,59226,0.10171208590821598
2012,Westminster,E01004763,5296,549,3,128,59226,0.08942018707999864
2012,Westminster,E01004736,3964,444,4,128,59226,0.0669300644986999
2012,Westminster,E01004735,2606,180,5,128,59226,0.04400094553067909
2012,Westminster,E01004714,2190,133,6,128,59226,0.03697700334312633
2012,Westminster,E01033596,2098,181,7,128,59226,0.035423631513186775
2012,Westminster,E01004761,1911,175,8,128,59226,0.03226623442407051
2012,Westminster,E01004765,1864,101,9,128,59226,0.03147266403268835
2012,Westminster,E01004762,1703,87,10,128,59226,0.028754263330294128
2012,Westminster,E01004658,1106,145,11,128,59226,0.018674230912099417
2012,Westminster,E01004689,1042,74,12,128,59226,0.017593624421706682
2012,Westminster,E01004666,823,85,13,128,59226,0.013895924087394049
2013,Barking and Dagenham,E01000010,974,214,1,110,15759,0.061805952154324516
2013,Barking and Dagenham,E01033587,466,58,2,110,15759,0.02957040421346532
2013,Barking and Dagenham,E01000095,388,55,3,110,15759,0.024620851576876705
2013,Barking and Dagenham,E01000092,373,62,4,110,15759,0.023669014531378894
2013,Barking and Dagenham,E01000007,314,87,5,110,15759,0.01992512215242084
2013,Barking and Dagenham,E01000105,294,70,6,110,15759,0.01865600609175709
2013,Barking and Dagenham,E01000060,282,49,7,110,15759,0.017894536455358843
2013,Barking and Dagenham,E01000049,249,41,8,110,15759,0.015800494955263658
2013,Barking and Dagenham,E01000013,239,73,9,110,15759,0.015165936924931785
2013,Barking and Dagenham,E01000009,228,75,10,110,15759,0.014467923091566724
2013,Barking and Dagenham,E01000045,228,40,11,110,15759,0.014467923091566724
2013,Barnet,E01000307,638,50,1,211,22510,0.028342958685028875
2013,Barnet,E01000164,439,37,2,211,22510,0.01950244335850733
2013,Barnet,E01000221,430,42,3,211,22510,0.019102621057307864
2013,Barnet,E01000141,402,88,4,211,22510,0.017858729453576187
2013,Barnet,E01000316,346,29,5,211,22510,0.015370946246112838
2013,Barnet,E01000146,332,48,6,211,22510,0.014749000444247002
2013,Barnet,E01000193,300,42,7,211,22510,0.01332741003998223
2013,Barnet,E01000250,274,58,8,211,22510,0.012172367836517104
2013,Barnet,E01000323,264,65,9,211,22510,0.011728120835184363
2013,Barnet,E01000260,262,39,10,211,22510,0.011639271434917815
2013,Barnet,E01000314,261,22,11,211,22510,0.01159484673478454
2013,Barnet,E01000129,248,55,12,211,22510,0.011017325633051977
2013,Barnet,E01000223,247,41,13,211,22510,0.010972900932918703
2013,Barnet,E01000211,234,18,14,211,22510,0.010395379831186139
2013,Barnet,E01000125,217,80,15,211,22510,0.00964015992892048
2013,Barnet,E01000245,217,48,16,211,22510,0.00964015992892048
2013,Barnet,E01000299,212,47,17,211,22510,0.009418036428254109
2013,Barnet,E01000264,197,37,18,211,22510,0.008751665926254999
2013,Barnet,E01000150,189,25,19,211,22510,0.008396268325188805
2013,Barnet,E01000296,189,48,20,211,22510,0.008396268325188805
2013,Barnet,E01000310,188,43,21,211,22510,0.008351843625055531
2013,Barnet,E01000237,187,43,22,211,22510,0.008307418924922257
2013,Bexley,E01000362,420,91,1,146,11552,0.036357340720221606
2013,Bexley,E01000360,414,113,2,146,11552,0.03583795013850415
2013,Bexley,E01000403,400,91,3,146,11552,0.03462603878116344
2013,Bexley,E01000378,281,54,4,146,11552,0.024324792243767313
2013,Bexley,E01000414,210,38,5,146,11552,0.018178670360110803
2013,Bexley,E01000416,207,30,6,146,11552,0.017918975069252076
2013,Bexley,E01000457,197,32,7,146,11552,0.017053324099722992
2013,Bexley,E01000392,195,38,8,146,11552,0.016880193905817173
2013,Bexley,E01000335,164,45,9,146,11552,0.014196675900277008
2013,Bexley,E01000385,152,41,10,146,11552,0.013157894736842105
2013,Bexley,E01000433,152,51,11,146,11552,0.013157894736842105
2013,Bexley,E01000333,149,30,12,146,11552,0.01289819944598338
2013,Bexley,E01000470,146,36,13,146,11552,0.012638504155124654
2013,Bexley,E01000447,145,27,14,146,11552,0.012551939058171745
2013,Bexley,E01000336,143,50,15,146,11552,0.012378808864265928
2013,Brent,E01000601,588,100,1,173,23759,0.024748516351698304
2013,Brent,E01000635,489,127,2,173,23759,0.020581674312891957
2013,Brent,E01000600,486,104,3,173,23759,0.020455406372322068
2013,Brent,E01033424,485,111,4,173,23759,0.02041331705879877
2013,Brent,E01000524,386,115,5,173,23759,0.016246475019992424
2013,Brent,E01000521,342,83,6,173,23759,0.014394545224967381
2013,Brent,E01000482,331,84,7,173,23759,0.01393156277621112
2013,Brent,E01033485,322,90,8,173,23759,0.013552758954501452
2013,Brent,E01000510,314,108,9,173,23759,0.01321604444631508
2013,Brent,E01000548,313,92,10,173,23759,0.013173955132791784
2013,Brent,E01000568,297,93,11,173,23759,0.01250052611641904
2013,Brent,E01000642,292,75,12,173,23759,0.01229007954880256
2013,Brent,E01000643,277,76,13,173,23759,0.011658739845953113
2013,Brent,E01000586,276,51,14,173,23759,0.011616650532429816
2013,Brent,E01000556,274,106,15,173,23759,0.011532471905383224
2013,Brent,E01000545,269,63,16,173,23759,0.011322025337766741
2013,Brent,E01000523,260,95,17,173,23759,0.010943221516057073
2013,Brent,E01000640,257,75,18,173,23759,0.010816953575487185
2013,Bromley,E01000676,912,177,1,197,18945,0.04813935075217735
2013,Bromley,E01000675,634,152,2,197,18945,0.03346529427289522
2013,Bromley,E01000790,430,84,3,197,18945,0.022697281604645025
2013,Bromley,E01000714,343,74,4,197,18945,0.018105040907891265
2013,Bromley,E01000799,333,99,5,197,18945,0.017577197149643706
2013,Bromley,E01000719,306,57,6,197,18945,0.016152019002375298
2013,Bromley,E01000677,304,45,7,197,18945,0.016046450250725784
2013,Bromley,E01000740,260,64,8,197,18945,0.013723937714436528
2013,Bromley,E01000720,226,55,9,197,18945,0.011929268936394828
2013,Bromley,E01032568,225,45,10,197,18945,0.011876484560570071
2013,Bromley,E01000693,211,21,11,197,18945,0.011137503299023488
2013,Bromley,E01000779,211,17,12,197,18945,0.011137503299023488
2013,Bromley,E01000728,205,16,13,197,18945,0.010820797044074954
2013,Bromley,E01000769,204,118,14,197,18945,0.010768012668250199
2013,Bromley,E01000657,187,17,15,197,18945,0.009870678279229349
2013,Bromley,E01000661,173,60,16,197,18945,0.009131697017682766
2013,Bromley,E01000729,167,69,17,197,18945,0.00881499076273423
2013,Bromley,E01000797,165,16,18,197,18945,0.00870942201108472
2013,Bromley,E01000819,165,48,19,197,18945,0.00870942201108472
2013,Bromley,E01000751,161,61,20,197,18945,0.008498284507785695
2013,Camden,E01000863,1962,276,1,133,28435,0.06899947248109724
2013,Camden,E01000914,1327,143,2,133,28435,0.046667838930895024
2013,Camden,E01000919,1241,135,3,133,28435,0.04364339722173378
2013,Camden,E01000858,1050,134,4,133,28435,0.036926323193247755
2013,Camden,E01000855,1036,74,5,133,28435,0.03643397221733779
2013,Camden,E01000854,986,126,6,133,28435,0.03467557587480218
2013,Camden,E01000947,978,151,7,133,28435,0.03439423245999648
2013,Camden,E01000918,895,95,8,133,28435,0.03147529453138737
2013,Camden,E01000850,841,54,9,133,28435,0.02957622648144892
2013,Camden,E01000852,418,42,10,133,28435,0.014700193423597678
2013,Camden,E01000862,415,51,11,133,28435,0.014594689643045543
2013,Camden,E01000904,412,86,12,133,28435,0.014489185862493406
2013,Camden,E01000851,409,35,13,133,28435,0.01438368208194127
2013,Camden,E01000931,396,71,14,133,28435,0.013926499032882012
2013,City of London,E01032739,38,2,1,6,110,0.34545454545454546
2013,Croydon,E01001043,1448,469,1,220,27444,0.05276198804838945
2013,Croydon,E01001014,926,146,2,220,27444,0.03374143710829325
2013,Croydon,E01001048,711,149,3,220,27444,0.02590730214254482
2013,Croydon,E01001045,624,141,4,220,27444,0.022737210319195452
2013,Croydon,E01001010,542,68,5,220,27444,0.019749307681096052
2013,Croydon,E01001183,467,43,6,220,27444,0.017016469902346596
2013,Croydon,E01001013,446,133,7,220,27444,0.016251275324296748
2013,Croydon,E01001097,430,77,8,220,27444,0.015668269931496868
2013,Croydon,E01001042,375,89,9,220,27444,0.013664188893747268
2013,Croydon,E01001155,361,84,10,220,27444,0.01315405917504737
2013,Croydon,E01001172,280,38,11,220,27444,0.01020259437399796
2013,Croydon,E01001136,265,75,12,220,27444,0.009656026818248068
2013,Croydon,E01001191,261,65,13,220,27444,0.009510275470048098
2013,Croydon,E01001178,254,67,14,220,27444,0.009255210610698148
2013,Croydon,E01001011,248,73,15,220,27444,0.009036583588398192
2013,Croydon,E01001037,242,37,16,220,27444,0.008817956566098236
2013,Croydon,E01001118,233,67,17,220,27444,0.008490016032648302
2013,Croydon,E01001164,231,49,18,220,27444,0.008417140358548316
2013,Croydon,E01001087,220,48,19,220,27444,0.008016324150998396
2013,Croydon,E01000995,219,29,20,220,27444,0.007979886313948404
2013,Croydon,E01001117,214,70,21,220,27444,0.00779769712869844
2013,Croydon,E01001167,213,40,22,220,27444,0.007761259291648448
2013,Ealing,E01001221,1064,178,1,196,25917,0.04105413435196975
2013,Ealing,E01001361,706,193,2,196,25917,0.027240807192190453
2013,Ealing,E01001247,664,81,3,196,25917,0.02562024925724428
2013,Ealing,E01001202,455,107,4,196,25917,0.017556044295250223
2013,Ealing,E01001261,422,111,5,196,25917,0.01628274877493537
2013,Ealing,E01001351,422,144,6,196,25917,0.01628274877493537
2013,Ealing,E01001249,361,90,7,196,25917,0.013929081297989736
2013,Ealing,E01001225,359,75,8,196,25917,0.01385191187251611
2013,Ealing,E01001367,337,99,9,196,25917,0.013003048192306209
2013,Ealing,E01001389,293,59,10,196,25917,0.011305320831886406
2013,Ealing,E01001337,286,125,11,196,25917,0.011035227842728711
2013,Ealing,E01001347,282,34,12,196,25917,0.010880888991781456
2013,Ealing,E01032744,280,55,13,196,25917,0.010803719566307829
2013,Ealing,E01001333,261,69,14,196,25917,0.010070610024308368
2013,Ealing,E01001222,260,66,15,196,25917,0.010032025311571555
2013,Ealing,E01001348,258,16,16,196,25917,0.009954855886097928
2013,Ealing,E01001238,241,53,17,196,25917,0.009298915769572095
2013,Ealing,E01001203,219,67,18,196,25917,0.008450052089362194
2013,Ealing,E01001252,215,68,19,196,25917,0.00829571323841494
2013,Ealing,E01001266,215,36,20,196,25917,0.00829571323841494
2013,Enfield,E01001559,676,82,1,183,21574,0.031334013163993694
2013,Enfield,E01001429,651,198,2,183,21574,0.03017521090201168
2013,Enfield,E01001513,435,71,3,183,21574,0.020163159358487066
2013,Enfield,E01001519,383,101,4,183,21574,0.017752850653564477
2013,Enfield,E01001450,368,59,5,183,21574,0.017057569296375266
2013,Enfield,E01001558,329,74,6,183,21574,0.015249837767683322
2013,Enfield,E01001437,323,35,7,183,21574,0.01497172522480764
2013,Enfield,E01001439,322,88,8,183,21574,0.014925373134328358
2013,Enfield,E01032574,320,78,9,183,21574,0.014832668953369797
2013,Enfield,E01001511,283,32,10,183,21574,0.013117641605636414
2013,Enfield,E01001498,260,50,11,183,21574,0.01205154352461296
2013,Enfield,E01001427,258,47,12,183,21574,0.011958839343654399
2013,Enfield,E01001425,254,55,13,183,21574,0.011773430981737276
2013,Enfield,E01001507,247,44,14,183,21574,0.011448966348382312
2013,Enfield,E01001506,226,26,15,183,21574,0.010475572448317419
2013,Enfield,E01001501,225,28,16,183,21574,0.010429220357838139
2013,Enfield,E01001445,209,48,17,183,21574,0.00968758691016965
2013,Enfield,E01001547,209,39,18,183,21574,0.00968758691016965
2013,Enfield,E01001555,209,43,19,183,21574,0.00968758691016965
2013,Greenwich,E01001667,750,141,1,151,18948,0.039582013932868906
2013,Greenwich,E01001696,442,119,2,151,18948,0.023327000211104076
2013,Greenwich,E01001641,420,90,3,151,18948,0.022165927802406588
2013,Greenwich,E01033735,415,112,4,151,18948,0.021902047709520794
2013,Greenwich,E01033737,377,105,5,151,18948,0.01989655900358877
2013,Greenwich,E01001615,316,51,6,151,18948,0.0166772218703821
2013,Greenwich,E01001609,308,69,7,151,18948,0.01625501372176483
2013,Greenwich,E01001666,302,36,8,151,18948,0.01593835761030188
2013,Greenwich,E01033731,296,100,9,151,18948,0.015621701498838927
2013,Greenwich,E01001640,271,73,10,151,18948,0.014302301034409964
2013,Greenwich,E01033738,249,33,11,151,18948,0.013141228625712476
2013,Greenwich,E01001664,230,31,12,151,18948,0.012138484272746464
2013,Greenwich,E01001576,222,73,13,151,18948,0.011716276124129196
2013,Greenwich,E01001701,221,82,14,151,18948,0.011663500105552038
2013,Greenwich,E01033743,219,56,15,151,18948,0.01155794806839772
2013,Greenwich,E01033726,214,69,16,151,18948,0.011294067975511928
2013,Hackney,E01033708,2110,216,1,144,25633,0.08231576483439317
2013,Hackney,E01033706,1121,129,2,144,25633,0.04373268833144774
2013,Hackney,E01033699,779,104,3,144,25633,0.03039051223032809
2013,Hackney,E01033704,536,71,4,144,25633,0.020910545000585184
2013,Hackney,E01001760,465,115,5,144,25633,0.018140678032224085
2013,Hackney,E01001777,442,92,6,144,25633,0.01724339718331838
2013,Hackney,E01001731,428,99,7,144,25633,0.016697226231810556
2013,Hackney,E01001839,426,106,8,144,25633,0.016619201810166583
2013,Hackney,E01033712,414,73,9,144,25633,0.016151055280302733
2013,Hackney,E01033700,410,80,10,144,25633,0.015995006437014785
2013,Hackney,E01001748,407,79,11,144,25633,0.015877969804548822
2013,Hackney,E01001747,355,56,12,144,25633,0.013849334841805484
2013,Hackney,E01001729,351,151,13,144,25633,0.013693285998517536
2013,Hackney,E01001756,335,59,14,144,25633,0.01306909062536574
2013,Hackney,E01001780,335,65,15,144,25633,0.01306909062536574
2013,Hammersmith and Fulham,E01001943,2198,203,1,113,18605,0.11814028486965869
2013,Hammersmith and Fulham,E01001898,806,218,2,113,18605,0.04332168771835528
2013,Hammersmith and Fulham,E01001899,607,72,3,113,18605,0.03262563826928245
2013,Hammersmith and Fulham,E01001941,571,169,4,113,18605,0.03069067454985219
2013,Hammersmith and Fulham,E01001857,504,109,5,113,18605,0.02708949207202365
2013,Hammersmith and Fulham,E01001874,375,75,6,113,18605,0.020155872077398548
2013,Hammersmith and Fulham,E01001894,369,89,7,113,18605,0.01983337812416017
2013,Hammersmith and Fulham,E01001920,360,104,8,113,18605,0.019349637194302608
2013,Hammersmith and Fulham,E01001932,330,59,9,113,18605,0.017737167428110722
2013,Hammersmith and Fulham,E01001876,305,75,10,113,18605,0.01639344262295082
2013,Hammersmith and Fulham,E01001900,296,45,11,113,18605,0.015909701693093255
2013,Hammersmith and Fulham,E01001881,294,56,12,113,18605,0.015802203708680462
2013,Haringey,E01002026,947,95,1,145,20705,0.04573774450615793
2013,Haringey,E01002029,516,108,2,145,20705,0.024921516541898094
2013,Haringey,E01002031,505,92,3,145,20705,0.024390243902439025
2013,Haringey,E01002069,446,112,4,145,20705,0.021540690654431295
2013,Haringey,E01002002,404,54,5,145,20705,0.01951219512195122
2013,Haringey,E01002080,363,58,6,145,20705,0.01753199710214924
2013,Haringey,E01002034,337,97,7,145,20705,0.016276261772518716
2013,Haringey,E01002022,317,34,8,145,20705,0.015310311518956773
2013,Haringey,E01002068,306,49,9,145,20705,0.014779038879497705
2013,Haringey,E01001979,298,88,10,145,20705,0.01439265877807293
2013,Haringey,E01002081,277,88,11,145,20705,0.01337841101183289
2013,Haringey,E01001990,273,31,12,145,20705,0.013185220961120502
2013,Haringey,E01002077,273,83,13,145,20705,0.013185220961120502
2013,Haringey,E01002037,268,56,14,145,20705,0.012943733397730016
2013,Haringey,E01001973,263,25,15,145,20705,0.01270224583433953
2013,Harrow,E01002129,785,126,1,137,11914,0.06588887023669632
2013,Harrow,E01002130,345,92,2,137,11914,0.02895752895752896
2013,Harrow,E01002179,328,108,3,137,11914,0.027530636226288402
2013,Harrow,E01002126,235,69,4,137,11914,0.019724693637737115
2013,Harrow,E01002226,220,58,5,137,11914,0.018465670639583685
2013,Harrow,E01002219,217,55,6,137,11914,0.018213866039952998
2013,Harrow,E01002133,193,61,7,137,11914,0.016199429242907504
2013,Harrow,E01002213,193,45,8,137,11914,0.016199429242907504
2013,Harrow,E01002180,192,58,9,137,11914,0.01611549437636394
2013,Harrow,E01002233,183,67,10,137,11914,0.015360080577471881
2013,Harrow,E01002119,177,43,11,137,11914,0.01485647137821051
2013,Harrow,E01002123,161,48,12,137,11914,0.013513513513513514
2013,Harrow,E01002189,157,21,13,137,11914,0.013177774047339264
2013,Harrow,E01002202,140,27,14,137,11914,0.011750881316098707
2013,Havering,E01002356,1000,318,1,150,15089,0.06627344423089668
2013,Havering,E01032741,719,116,2,150,15089,0.04765060640201471
2013,Havering,E01002353,451,114,3,150,15089,0.029889323348134402
2013,Havering,E01002345,372,87,4,150,15089,0.024653721253893566
2013,Havering,E01002293,316,52,5,150,15089,0.020942408376963352
2013,Havering,E01002361,299,64,6,150,15089,0.019815759825038106
2013,Havering,E01002248,295,65,7,150,15089,0.01955066604811452
2013,Havering,E01002319,257,17,8,150,15089,0.017032275167340447
2013,Havering,E01002282,250,79,9,150,15089,0.01656836105772417
2013,Havering,E01032742,219,39,10,150,15089,0.014513884286566373
2013,Havering,E01002370,193,38,11,150,15089,0.012790774736563058
2013,Havering,E01002368,191,34,12,150,15089,0.012658227848101266
2013,Havering,E01002350,183,53,13,150,15089,0.012128040294254093
2013,Havering,E01002386,180,18,14,150,15089,0.011929219961561403
2013,Havering,E01002344,179,25,15,150,15089,0.011862946517330506
2013,Hillingdon,E01002444,1968,283,1,161,20248,0.09719478467009088
2013,Hillingdon,E01002521,534,131,2,161,20248,0.026372975108652705
2013,Hillingdon,E01002506,482,126,3,161,20248,0.023804820229158436
2013,Hillingdon,E01002505,446,66,4,161,20248,0.022026866851047017
2013,Hillingdon,E01002554,431,99,5,161,20248,0.021286052943500593
2013,Hillingdon,E01002515,408,103,6,161,20248,0.020150138285262742
2013,Hillingdon,E01002514,345,110,7,161,20248,0.01703871987356776
2013,Hillingdon,E01002406,302,56,8,161,20248,0.014915053338601344
2013,Hillingdon,E01002407,301,87,9,161,20248,0.014865665744764915
2013,Hillingdon,E01002397,300,81,10,161,20248,0.014816278150928487
2013,Hillingdon,E01002412,290,103,11,161,20248,0.014322402212564204
2013,Hillingdon,E01002535,262,28,12,161,20248,0.012939549585144212
2013,Hillingdon,E01002443,253,46,13,161,20248,0.012495061240616357
2013,Hillingdon,E01002497,236,47,14,161,20248,0.011655472145397076
2013,Hillingdon,E01033725,231,81,15,161,20248,0.011408534176214935
2013,Hillingdon,E01033724,215,75,16,161,20248,0.010618332674832082
2013,Hillingdon,E01002457,213,36,17,161,20248,0.010519557487159225
2013,Hounslow,E01033083,1052,145,1,142,19749,0.053268519925059495
2013,Hounslow,E01002664,420,94,2,142,19749,0.02126689958985265
2013,Hounslow,E01002642,407,136,3,142,19749,0.020608638412071497
2013,Hounslow,E01002637,362,65,4,142,19749,0.018330042027444426
2013,Hounslow,E01002566,344,57,5,142,19749,0.0174186034735936
2013,Hounslow,E01002641,314,91,6,142,19749,0.015899539217175553
2013,Hounslow,E01002693,311,39,7,142,19749,0.01574763279153375
2013,Hounslow,E01002589,304,78,8,142,19749,0.015393184465036205
2013,Hounslow,E01032573,302,45,9,142,19749,0.015291913514608334
2013,Hounslow,E01033030,268,71,10,142,19749,0.01357030735733455
2013,Hounslow,E01002592,265,40,11,142,19749,0.013418400931692744
2013,Hounslow,E01033084,252,80,12,142,19749,0.01276013975391159
2013,Hounslow,E01002648,244,92,13,142,19749,0.01235505595220011
2013,Hounslow,E01002678,234,42,14,142,19749,0.011848701200060763
2013,Hounslow,E01002672,220,29,15,142,19749,0.011139804547065674
2013,Islington,E01002794,941,120,1,123,23784,0.03956441305079045
2013,Islington,E01002704,900,133,2,123,23784,0.037840565085771945
2013,Islington,E01002724,823,68,3,123,23784,0.03460309451732257
2013,Islington,E01002731,731,138,4,123,23784,0.030734947864110327
2013,Islington,E01002696,629,91,5,123,23784,0.026446350487722838
2013,Islington,E01002711,550,79,6,123,23784,0.023124789774638412
2013,Islington,E01002795,515,138,7,123,23784,0.02165321224352506
2013,Islington,E01002803,459,71,8,123,23784,0.019298688193743693
2013,Islington,E01002695,431,98,9,123,23784,0.01812142616885301
2013,Islington,E01002770,402,109,10,123,23784,0.016902119071644805
2013,Islington,E01002734,400,115,11,123,23784,0.016818028927009756
2013,Islington,E01002708,381,62,12,123,23784,0.01601917255297679
2013,Islington,E01033491,336,78,13,123,23784,0.014127144298688193
2013,Kensington and Chelsea,E01002819,755,37,1,103,17702,0.042650547960682406
2013,Kensington and Chelsea,E01002818,540,28,2,103,17702,0.03050502768048808
2013,Kensington and Chelsea,E01002831,506,90,3,103,17702,0.02858434075245735
2013,Kensington and Chelsea,E01002889,449,43,4,103,17702,0.02536436560840583
2013,Kensington and Chelsea,E01002852,404,79,5,103,17702,0.022822279968365156
2013,Kensington and Chelsea,E01002835,388,45,6,103,17702,0.021918427296350695
2013,Kensington and Chelsea,E01002821,386,31,7,103,17702,0.021805445712348888
2013,Kensington and Chelsea,E01002826,374,24,8,103,17702,0.02112755620833804
2013,Kensington and Chelsea,E01002884,358,23,9,103,17702,0.02022370353632358
2013,Kensington and Chelsea,E01002883,350,32,10,103,17702,0.019771777200316348
2013,Kensington and Chelsea,E01002833,341,28,11,103,17702,0.019263360072308215
2013,Kingston upon Thames,E01002968,2453,474,1,98,9191,0.26689152431726687
2013,Kingston upon Thames,E01002987,319,79,2,98,9191,0.03470786639103471
2013,Kingston upon Thames,E01002930,311,55,3,98,9191,0.033837449679033835
2013,Kingston upon Thames,E01002964,307,100,4,98,9191,0.033402241323033405
2013,Kingston upon Thames,E01002948,194,44,5,98,9191,0.021107605266021106
2013,Kingston upon Thames,E01002965,190,41,6,98,9191,0.020672396910020673
2013,Kingston upon Thames,E01002972,142,36,7,98,9191,0.01544989663801545
2013,Kingston upon Thames,E01002919,139,36,8,98,9191,0.015123490371015123
2013,Kingston upon Thames,E01003003,133,43,9,98,9191,0.014470677837014471
2013,Kingston upon Thames,E01002954,119,24,10,98,9191,0.012947448591012947
2013,Lambeth,E01003047,1259,263,1,178,31868,0.039506715200200826
2013,Lambeth,E01003109,889,146,2,178,31868,0.02789632232960964
2013,Lambeth,E01003013,863,152,3,178,31868,0.02708045688464918
2013,Lambeth,E01003035,764,118,4,178,31868,0.023973892305761264
2013,Lambeth,E01032582,743,123,5,178,31868,0.023314924061754737
2013,Lambeth,E01003061,689,119,6,178,31868,0.02162043429145224
2013,Lambeth,E01003102,634,106,7,178,31868,0.019894565080958954
2013,Lambeth,E01003055,570,136,8,178,31868,0.017886280908748588
2013,Lambeth,E01003076,413,96,9,178,31868,0.012959708798795029
2013,Lambeth,E01003041,406,49,10,178,31868,0.01274005271745952
2013,Lambeth,E01003074,389,52,11,178,31868,0.012206602234216142
2013,Lambeth,E01003090,377,65,12,178,31868,0.011830048951926698
2013,Lambeth,E01033207,373,88,13,178,31868,0.01170453119116355
2013,Lambeth,E01003118,356,64,14,178,31868,0.01117108070792017
2013,Lambeth,E01003039,354,49,15,178,31868,0.011108321827538598
2013,Lambeth,E01003186,330,69,16,178,31868,0.010355215262959709
2013,Lambeth,E01003032,320,60,17,178,31868,0.010041420861051838
2013,Lambeth,E01003017,303,48,18,178,31868,0.00950797037780846
2013,Lewisham,E01033327,770,190,1,169,22074,0.03488266739150132
2013,Lewisham,E01003318,591,166,2,169,22074,0.026773579777113345
2013,Lewisham,E01003296,519,116,3,169,22074,0.023511823865180755
2013,Lewisham,E01003303,467,138,4,169,22074,0.02115611126211833
2013,Lewisham,E01003215,358,63,5,169,22074,0.016218175228775937
2013,Lewisham,E01003304,357,90,6,169,22074,0.016172873063332427
2013,Lewisham,E01003291,349,112,7,169,22074,0.015810455739784363
2013,Lewisham,E01003255,299,70,8,169,22074,0.013545347467608953
2013,Lewisham,E01003199,289,85,9,169,22074,0.01309232581317387
2013,Lewisham,E01003256,221,48,10,169,22074,0.010011778563015312
2013,Lewisham,E01003324,216,64,11,169,22074,0.009785267735797772
2013,Lewisham,E01032579,209,65,12,169,22074,0.009468152577693213
2013,Lewisham,E01003203,208,43,13,169,22074,0.009422850412249705
2013,Lewisham,E01003334,207,52,14,169,22074,0.009377548246806198
2013,Lewisham,E01003193,206,60,15,169,22074,0.00933224608136269
2013,Lewisham,E01003214,201,48,16,169,22074,0.009105735254145148
2013,Lewisham,E01003243,198,59,17,169,22074,0.008969828757814623
2013,Merton,E01003456,483,86,1,124,11595,0.04165588615782665
2013,Merton,E01003383,375,55,2,124,11595,0.03234152652005175
2013,Merton,E01003367,367,58,3,124,11595,0.03165157395429064
2013,Merton,E01003469,206,12,4,124,11595,0.017766278568348427
2013,Merton,E01003427,200,37,5,124,11595,0.017248814144027597
2013,Merton,E01003475,199,24,6,124,11595,0.01716257007330746
2013,Merton,E01003390,195,73,7,124,11595,0.016817593790426907
2013,Merton,E01003375,191,34,8,124,11595,0.016472617507546358
2013,Merton,E01003389,171,49,9,124,11595,0.014747736093143596
2013,Merton,E01003358,164,49,10,124,11595,0.01414402759810263
2013,Merton,E01003446,159,17,11,124,11595,0.01371280724450194
2013,Merton,E01003413,153,33,12,124,11595,0.013195342820181113
2013,Merton,E01003439,149,49,13,124,11595,0.01285036653730056
2013,Newham,E01033583,2045,188,1,164,27577,0.07415599956485477
2013,Newham,E01003617,1165,200,2,164,27577,0.042245349385357366
2013,Newham,E01003482,744,82,3,164,27577,0.02697900424266599
2013,Newham,E01003521,632,99,4,164,27577,0.02291764876527541
2013,Newham,E01003619,511,140,5,164,27577,0.018529934365594518
2013,Newham,E01003517,433,50,6,164,27577,0.01570149037241179
2013,Newham,E01003618,377,71,7,164,27577,0.013670812633716502
2013,Newham,E01003515,362,76,8,164,27577,0.01312688109656598
2013,Newham,E01003503,307,50,9,164,27577,0.011132465460347392
2013,Newham,E01003520,277,71,10,164,27577,0.010044602386046342
2013,Newham,E01003606,275,43,11,164,27577,0.00997207818109294
2013,Newham,E01003499,274,74,12,164,27577,0.009935816078616239
2013,Newham,E01003493,269,66,13,164,27577,0.009754505566232731
2013,Newham,E01003603,269,90,14,164,27577,0.009754505566232731
2013,Newham,E01003569,260,50,15,164,27577,0.009428146643942415
2013,Newham,E01003556,259,64,16,164,27577,0.009391884541465714
2013,Newham,E01003491,253,55,17,164,27577,0.009174311926605505
2013,Redbridge,E01003689,928,166,1,161,19793,0.04688526246652857
2013,Redbridge,E01003783,733,162,2,161,19793,0.037033294599100694
2013,Redbridge,E01033589,458,165,3,161,19793,0.023139493760420352
2013,Redbridge,E01003728,421,105,4,161,19793,0.021270146011216087
2013,Redbridge,E01003645,325,37,5,161,19793,0.01641994644571313
2013,Redbridge,E01003770,294,94,6,161,19793,0.014853736169352802
2013,Redbridge,E01003690,292,50,7,161,19793,0.01475269034507149
2013,Redbridge,E01003769,284,41,8,161,19793,0.014348507047946244
2013,Redbridge,E01003767,247,47,9,161,19793,0.01247915929874198
2013,Redbridge,E01003793,241,27,10,161,19793,0.012176021825898045
2013,Redbridge,E01003662,230,61,11,161,19793,0.011620269792350832
2013,Redbridge,E01003674,213,42,12,161,19793,0.010761380285959682
2013,Redbridge,E01033591,210,58,13,161,19793,0.010609811549537716
2013,Redbridge,E01003729,205,51,14,161,19793,0.010357196988834437
2013,Redbridge,E01003778,198,20,15,161,19793,0.010003536603849845
2013,Redbridge,E01003705,193,65,16,161,19793,0.009750922043146567
2013,Redbridge,E01003781,191,55,17,161,19793,0.009649876218865256
2013,Richmond upon Thames,E01003876,787,151,1,115,10439,0.07539036306159594
2013,Richmond upon Thames,E01003896,290,69,2,115,10439,0.02778043873934285
2013,Richmond upon Thames,E01003897,200,69,3,115,10439,0.01915892326851231
2013,Richmond upon Thames,E01003807,184,27,4,115,10439,0.017626209407031326
2013,Richmond upon Thames,E01003834,172,20,5,115,10439,0.016476674010920588
2013,Richmond upon Thames,E01003815,168,31,6,115,10439,0.01609349554555034
2013,Richmond upon Thames,E01003799,166,14,7,115,10439,0.015901906312865217
2013,Richmond upon Thames,E01003823,162,26,8,115,10439,0.015518727847494971
2013,Richmond upon Thames,E01003841,158,56,9,115,10439,0.015135549382124724
2013,Richmond upon Thames,E01003829,152,40,10,115,10439,0.014560781684069355
2013,Richmond upon Thames,E01003855,152,34,11,115,10439,0.014560781684069355
2013,Richmond upon Thames,E01003867,149,31,12,115,10439,0.014273397835041671
2013,Southwark,E01003929,1007,91,1,166,31128,0.0323502955538422
2013,Southwark,E01004027,973,109,2,166,31128,0.031258031354407606
2013,Southwark,E01032720,858,145,3,166,31128,0.02756360832690825
2013,Southwark,E01003939,739,84,4,166,31128,0.023740683628887177
2013,Southwark,E01004067,691,175,5,166,31128,0.022198663582626576
2013,Southwark,E01003927,684,80,6,166,31128,0.02197378565921357
2013,Southwark,E01004031,616,82,7,166,31128,0.019789257260344386
2013,Southwark,E01003934,474,45,8,166,31128,0.015227447956823438
2013,Southwark,E01003964,427,98,9,166,31128,0.013717553328193266
2013,Southwark,E01003969,415,99,10,166,31128,0.013332048316628117
2013,Southwark,E01003981,407,54,11,166,31128,0.013075044975584683
2013,Southwark,E01003921,398,126,12,166,31128,0.01278591621691082
2013,Southwark,E01004062,383,94,13,166,31128,0.012304034952454381
2013,Southwark,E01003913,356,111,14,166,31128,0.011436648676432794
2013,Southwark,E01032639,326,80,15,166,31128,0.010472886147519917
2013,Southwark,E01003932,323,64,16,166,31128,0.01037650989462863
2013,Southwark,E01004010,323,88,17,166,31128,0.01037650989462863
2013,Sutton,E01004142,1167,261,1,121,10057,0.11603858009346724
2013,Sutton,E01004178,252,47,2,121,10057,0.025057174107586757
2013,Sutton,E01004076,238,42,3,121,10057,0.02366510887938749
2013,Sutton,E01004123,215,66,4,121,10057,0.02137814457591727
2013,Sutton,E01004140,175,59,5,121,10057,0.017400815352490804
2013,Sutton,E01004137,171,35,6,121,10057,0.017003082430148156
2013,Sutton,E01004170,167,30,7,121,10057,0.016605349507805508
2013,Sutton,E01004130,159,21,8,121,10057,0.015809883663120215
2013,Sutton,E01004088,152,33,9,121,10057,0.015113851049020582
2013,Sutton,E01004119,150,20,10,121,10057,0.01491498458784926
2013,Sutton,E01004086,142,34,11,121,10057,0.014119518743163965
2013,Sutton,E01004128,134,48,12,121,10057,0.013324052898478671
2013,Sutton,E01004099,122,26,13,121,10057,0.01213085413145073
2013,Tower Hamlets,E01004307,977,100,1,144,26258,0.037207708127047
2013,Tower Hamlets,E01004317,883,117,2,144,26258,0.03362784675146622
2013,Tower Hamlets,E01004234,696,58,3,144,26258,0.026506207631959783
2013,Tower Hamlets,E01004309,640,184,4,144,26258,0.024373524259273364
2013,Tower Hamlets,E01004208,633,119,5,144,26258,0.024106938837687563
2013,Tower Hamlets,E01004306,538,92,6,144,26258,0.020488993830451673
2013,Tower Hamlets,E01032771,506,58,7,144,26258,0.019270317617488004
2013,Tower Hamlets,E01004325,465,91,8,144,26258,0.017708888719628304
2013,Tower Hamlets,E01004277,432,48,9,144,26258,0.01645212887500952
2013,Tower Hamlets,E01004322,371,92,10,144,26258,0.014129027344047529
2013,Tower Hamlets,E01004197,336,78,11,144,26258,0.012796100236118517
2013,Tower Hamlets,E01004238,335,107,12,144,26258,0.012758016604463402
2013,Tower Hamlets,E01004259,328,105,13,144,26258,0.0124914311828776
2013,Tower Hamlets,E01004203,319,70,14,144,26258,0.012148678497981567
2013,Tower Hamlets,E01004222,315,61,15,144,26258,0.01199634397136111
2013,Waltham Forest,E01004397,1109,208,1,144,21903,0.05063233347030087
2013,Waltham Forest,E01004455,801,61,2,144,21903,0.036570332831119025
2013,Waltham Forest,E01004392,697,110,3,144,21903,0.031822124823083595
2013,Waltham Forest,E01004430,606,110,4,144,21903,0.027667442816052594
2013,Waltham Forest,E01004438,452,101,5,144,21903,0.020636442496461672
2013,Waltham Forest,E01004420,415,88,6,144,21903,0.018947176185910606
2013,Waltham Forest,E01004422,339,46,7,144,21903,0.015477331872346255
2013,Waltham Forest,E01004405,270,38,8,144,21903,0.01232707848239967
2013,Waltham Forest,E01004440,264,45,9,144,21903,0.012053143405013012
2013,Waltham Forest,E01004348,255,56,10,144,21903,0.011642240788933023
2013,Waltham Forest,E01004448,255,42,11,144,21903,0.011642240788933023
2013,Waltham Forest,E01004363,254,58,12,144,21903,0.011596584942701913
2013,Waltham Forest,E01004444,239,66,13,144,21903,0.010911747249235264
2013,Waltham Forest,E01004342,234,43,14,144,21903,0.010683468018079715
2013,Waltham Forest,E01004367,230,38,15,144,21903,0.010500844633155275
2013,Wandsworth,E01004609,656,75,1,179,22290,0.0294302377747869
2013,Wandsworth,E01004551,593,72,2,179,22290,0.026603858232391208
2013,Wandsworth,E01004525,563,98,3,179,22290,0.02525796321220278
2013,Wandsworth,E01004509,544,106,4,179,22290,0.024405563032750113
2013,Wandsworth,E01004474,502,63,5,179,22290,0.022521310004486317
2013,Wandsworth,E01004552,462,36,6,179,22290,0.02072678331090175
2013,Wandsworth,E01004600,460,79,7,179,22290,0.02063705697622252
2013,Wandsworth,E01004617,403,115,8,179,22290,0.018079856437864514
2013,Wandsworth,E01004588,360,44,9,179,22290,0.016150740242261104
2013,Wandsworth,E01004548,246,35,10,179,22290,0.011036339165545087
2013,Wandsworth,E01004562,244,38,11,179,22290,0.010946612830865858
2013,Wandsworth,E01004540,240,46,12,179,22290,0.010767160161507403
2013,Wandsworth,E01004626,219,69,13,179,22290,0.009825033647375504
2013,Wandsworth,E01004508,216,19,14,179,22290,0.009690444145356662
2013,Wandsworth,E01004583,214,29,15,179,22290,0.009600717810677433
2013,Wandsworth,E01004485,210,19,16,179,22290,0.009421265141318977
2013,Wandsworth,E01004560,201,22,17,179,22290,0.00901749663526245
2013,Wandsworth,E01004606,198,14,18,179,22290,0.008882907133243608
2013,Westminster,E01004734,6081,964,1,128,53852,0.11292059719230484
2013,Westminster,E01033595,5427,417,2,128,53852,0.10077620144098641
2013,Westminster,E01004763,4918,522,3,128,53852,0.09132437049691748
2013,Westminster,E01004736,3485,412,4,128,53852,0.06471440243630691
2013,Westminster,E01004735,2487,241,5,128,53852,0.04618212879744485
2013,Westminster,E01004714,2098,126,6,128,53852,0.038958627349030675
2013,Westminster,E01004761,1730,177,7,128,53852,0.032125083562356084
2013,Westminster,E01004765,1704,118,8,128,53852,0.03164227883829756
2013,Westminster,E01033596,1682,135,9,128,53852,0.031233751764094184
2013,Westminster,E01004762,1214,86,10,128,53852,0.02254326673104063
2013,Westminster,E01004658,1040,133,11,128,53852,0.019312188962341232
2013,Westminster,E01004689,905,87,12,128,53852,0.016805318279729628
2013,Westminster,E01004666,836,90,13,128,53852,0.015524028819728143
2014,Barking and Dagenham,E01000010,877,215,1,110,15426,0.0568520679372488
2014,Barking and Dagenham,E01000095,445,70,2,110,15426,0.028847400492674705
2014,Barking and Dagenham,E01033587,384,93,3,110,15426,0.024893037728510307
2014,Barking and Dagenham,E01000092,370,105,4,110,15426,0.023985479061325036
2014,Barking and Dagenham,E01000105,295,98,5,110,15426,0.019123557629975366
2014,Barking and Dagenham,E01000007,274,107,6,110,15426,0.017762219629197457
2014,Barking and Dagenham,E01000013,270,83,7,110,15426,0.01750291715285881
2014,Barking and Dagenham,E01000045,266,77,8,110,15426,0.01724361467652016
2014,Barking and Dagenham,E01000060,264,60,9,110,15426,0.017113963438350838
2014,Barking and Dagenham,E01000009,234,88,10,110,15426,0.015169194865810968
2014,Barking and Dagenham,E01000106,225,83,11,110,15426,0.014585764294049008
2014,Barnet,E01000307,711,83,1,211,22572,0.03149920255183413
2014,Barnet,E01000141,450,131,2,211,22572,0.019936204146730464
2014,Barnet,E01000146,417,98,3,211,22572,0.018474215842636896
2014,Barnet,E01000221,371,45,4,211,22572,0.016436292752082225
2014,Barnet,E01000164,366,43,5,211,22572,0.01621477937267411
2014,Barnet,E01000193,290,69,6,211,22572,0.012847776005670743
2014,Barnet,E01000125,279,150,7,211,22572,0.012360446570972886
2014,Barnet,E01000250,278,76,8,211,22572,0.012316143895091263
2014,Barnet,E01000316,273,34,9,211,22572,0.012094630515683148
2014,Barnet,E01000323,267,67,10,211,22572,0.011828814460393407
2014,Barnet,E01000129,257,97,11,211,22572,0.011385787701577174
2014,Barnet,E01000314,257,26,12,211,22572,0.011385787701577174
2014,Barnet,E01000211,238,54,13,211,22572,0.010544036859826333
2014,Barnet,E01000245,233,76,14,211,22572,0.010322523480418217
2014,Barnet,E01000223,211,47,15,211,22572,0.009347864611022506
2014,Barnet,E01000264,204,56,16,211,22572,0.009037745879851143
2014,Barnet,E01000260,199,49,17,211,22572,0.008816232500443028
2014,Barnet,E01000237,194,63,18,211,22572,0.00859471912103491
2014,Barnet,E01000243,194,46,19,211,22572,0.00859471912103491
2014,Barnet,E01000150,190,35,20,211,22572,0.008417508417508417
2014,Barnet,E01000231,182,19,21,211,22572,0.008063087010455432
2014,Barnet,E01000171,181,72,22,211,22572,0.008018784334573809
2014,Bexley,E01000360,430,157,1,146,11844,0.03630530226274907
2014,Bexley,E01000362,406,66,2,146,11844,0.034278959810874705
2014,Bexley,E01000403,376,76,3,146,11844,0.031746031746031744
2014,Bexley,E01000378,301,88,4,146,11844,0.02541371158392435
2014,Bexley,E01000335,210,47,5,146,11844,0.01773049645390071
2014,Bexley,E01000414,202,54,6,146,11844,0.017055048969942588
2014,Bexley,E01000404,198,69,7,146,11844,0.016717325227963525
2014,Bexley,E01000416,194,46,8,146,11844,0.016379601485984465
2014,Bexley,E01000435,187,31,9,146,11844,0.015788584937521107
2014,Bexley,E01000392,183,63,10,146,11844,0.015450861195542046
2014,Bexley,E01000385,179,51,11,146,11844,0.015113137453562986
2014,Bexley,E01000429,171,47,12,146,11844,0.014437689969604863
2014,Bexley,E01000433,171,64,13,146,11844,0.014437689969604863
2014,Bexley,E01000457,170,37,14,146,11844,0.014353259034110099
2014,Bexley,E01000431,148,63,15,146,11844,0.012495778453225262
2014,Brent,E01000635,714,176,1,173,24426,0.02923114713829526
2014,Brent,E01033424,561,139,2,173,24426,0.022967329894374847
2014,Brent,E01000601,556,158,3,173,24426,0.022762629984442808
2014,Brent,E01000600,505,154,4,173,24426,0.020674690903136003
2014,Brent,E01000524,436,163,5,173,24426,0.017849832146073857
2014,Brent,E01000482,418,156,6,173,24426,0.017112912470318514
2014,Brent,E01000510,375,151,7,173,24426,0.015352493244902973
2014,Brent,E01000568,342,147,8,173,24426,0.01400147383935151
2014,Brent,E01000521,341,122,9,173,24426,0.013960533857365103
2014,Brent,E01000630,339,84,10,173,24426,0.013878653893392287
2014,Brent,E01000642,324,110,11,173,24426,0.013264554163596167
2014,Brent,E01000548,305,103,12,173,24426,0.012486694505854417
2014,Brent,E01000586,299,99,13,173,24426,0.01224105461393597
2014,Brent,E01000545,281,93,14,173,24426,0.011504134938180628
2014,Brent,E01000556,273,108,15,173,24426,0.011176615082289364
2014,Brent,E01000523,269,107,16,173,24426,0.011012855154343732
2014,Brent,E01000643,261,96,17,173,24426,0.010685335298452468
2014,Brent,E01000640,249,104,18,173,24426,0.010194055514615573
2014,Bromley,E01000675,1071,227,1,197,19668,0.05445393532641855
2014,Bromley,E01000790,606,165,2,197,19668,0.030811470408785846
2014,Bromley,E01000676,515,184,3,197,19668,0.02618466544641041
2014,Bromley,E01000714,384,134,4,197,19668,0.019524100061012812
2014,Bromley,E01000799,341,88,5,197,19668,0.017337807606263984
2014,Bromley,E01000677,338,51,6,197,19668,0.01718527557453732
2014,Bromley,E01000740,326,103,7,197,19668,0.01657514744763067
2014,Bromley,E01000719,288,66,8,197,19668,0.01464307504575961
2014,Bromley,E01032568,268,54,9,197,19668,0.013626194834248526
2014,Bromley,E01000720,256,105,10,197,19668,0.013016066707341876
2014,Bromley,E01000728,240,40,11,197,19668,0.012202562538133009
2014,Bromley,E01000779,209,28,12,197,19668,0.010626398210290829
2014,Bromley,E01000661,206,104,13,197,19668,0.010473866178564165
2014,Bromley,E01000782,202,78,14,197,19668,0.010270490136261948
2014,Bromley,E01000693,200,34,15,197,19668,0.01016880211511084
2014,Bromley,E01000729,199,89,16,197,19668,0.010117958104535286
2014,Bromley,E01000769,193,118,17,197,19668,0.00981289404108196
2014,Bromley,E01000692,182,45,18,197,19668,0.009253609924750864
2014,Bromley,E01000727,171,35,19,197,19668,0.008694325808419768
2014,Bromley,E01000657,168,19,20,197,19668,0.008541793776693106
2014,Camden,E01000863,1582,324,1,133,27198,0.058166041620707404
2014,Camden,E01000914,1210,140,2,133,27198,0.044488565335686445
2014,Camden,E01000919,1119,142,3,133,27198,0.04114273108316788
2014,Camden,E01000855,993,110,4,133,27198,0.03651003750275755
2014,Camden,E01000854,884,154,5,133,27198,0.032502389881608945
2014,Camden,E01000858,851,173,6,133,27198,0.03128906537245386
2014,Camden,E01000918,794,103,7,133,27198,0.02919332303845871
2014,Camden,E01000947,763,171,8,133,27198,0.028053533348040297
2014,Camden,E01000850,707,91,9,133,27198,0.025994558423413486
2014,Camden,E01000916,465,74,10,133,27198,0.017096845356276195
2014,Camden,E01000930,404,100,11,133,27198,0.014854033384807706
2014,Camden,E01000931,401,81,12,133,27198,0.014743731156702699
2014,Camden,E01000861,376,94,13,133,27198,0.0138245459224943
2014,Camden,E01000852,365,54,14,133,27198,0.013420104419442606
2014,City of London,E01032739,64,11,1,6,115,0.5565217391304348
2014,Croydon,E01001043,1476,570,1,220,27357,0.05395328435135432
2014,Croydon,E01001014,909,185,2,220,27357,0.033227327557846256
2014,Croydon,E01001045,872,246,3,220,27357,0.031874840077493874
2014,Croydon,E01001048,810,177,4,220,27357,0.029608509705011516
2014,Croydon,E01001013,559,198,5,220,27357,0.020433527068026466
2014,Croydon,E01001097,546,142,6,220,27357,0.019958328764118873
2014,Croydon,E01001042,367,106,7,220,27357,0.01341521365646818
2014,Croydon,E01001010,359,64,8,220,27357,0.013122783930986585
2014,Croydon,E01001155,350,100,9,220,27357,0.01279380048981979
2014,Croydon,E01001178,321,120,10,220,27357,0.011733742734949008
2014,Croydon,E01001136,283,92,11,220,27357,0.01034470153891143
2014,Croydon,E01001183,277,64,12,220,27357,0.010125379244800234
2014,Croydon,E01001191,269,90,13,220,27357,0.009832949519318639
2014,Croydon,E01001011,266,92,14,220,27357,0.00972328837226304
2014,Croydon,E01001164,262,81,15,220,27357,0.009577073509522242
2014,Croydon,E01001118,254,102,16,220,27357,0.009284643784040647
2014,Croydon,E01001172,232,78,17,220,27357,0.00848046203896626
2014,Croydon,E01001145,219,80,18,220,27357,0.008005263735058669
2014,Croydon,E01001177,219,46,19,220,27357,0.008005263735058669
2014,Croydon,E01001076,216,78,20,220,27357,0.00789560258800307
2014,Croydon,E01001037,214,40,21,220,27357,0.00782249515663267
2014,Croydon,E01001111,213,48,22,220,27357,0.007785941440947472
2014,Ealing,E01001221,1128,253,1,196,24978,0.0451597405717031
2014,Ealing,E01001361,675,226,2,196,24978,0.02702378092721595
2014,Ealing,E01001247,669,125,3,196,24978,0.02678356954119625
2014,Ealing,E01001202,444,163,4,196,24978,0.017775642565457602
2014,Ealing,E01001351,404,134,5,196,24978,0.016174233325326286
2014,Ealing,E01001261,386,115,6,196,24978,0.015453599167267195
2014,Ealing,E01001249,356,119,7,196,24978,0.014252542237168708
2014,Ealing,E01001225,316,75,8,196,24978,0.012651132997037393
2014,Ealing,E01001367,285,113,9,196,24978,0.011410040835935623
2014,Ealing,E01001222,270,80,10,196,24978,0.01080951237088638
2014,Ealing,E01001337,263,139,11,196,24978,0.0105292657538634
2014,Ealing,E01001347,262,35,12,196,24978,0.010489230522860117
2014,Ealing,E01001348,261,32,13,196,24978,0.010449195291856834
2014,Ealing,E01001389,253,62,14,196,24978,0.010128913443830571
2014,Ealing,E01001381,252,53,15,196,24978,0.010088878212827288
2014,Ealing,E01001359,231,87,16,196,24978,0.009248138361758347
2014,Ealing,E01032744,230,78,17,196,24978,0.009208103130755065
2014,Ealing,E01001340,226,172,18,196,24978,0.009047962206741932
2014,Ealing,E01001252,222,69,19,196,24978,0.008887821282728801
2014,Ealing,E01001278,220,62,20,196,24978,0.008807750820722236
2014,Enfield,E01001559,829,73,1,183,21700,0.03820276497695853
2014,Enfield,E01001429,728,221,2,183,21700,0.03354838709677419
2014,Enfield,E01001519,454,102,3,183,21700,0.020921658986175116
2014,Enfield,E01001513,411,75,4,183,21700,0.018940092165898616
2014,Enfield,E01001450,370,75,5,183,21700,0.017050691244239632
2014,Enfield,E01001507,369,92,6,183,21700,0.017004608294930876
2014,Enfield,E01001558,303,111,7,183,21700,0.013963133640552995
2014,Enfield,E01032574,277,83,8,183,21700,0.012764976958525345
2014,Enfield,E01001501,269,60,9,183,21700,0.012396313364055299
2014,Enfield,E01001439,268,78,10,183,21700,0.012350230414746545
2014,Enfield,E01001427,253,65,11,183,21700,0.011658986175115207
2014,Enfield,E01001425,246,82,12,183,21700,0.011336405529953917
2014,Enfield,E01001498,241,61,13,183,21700,0.011105990783410138
2014,Enfield,E01001506,233,58,14,183,21700,0.010737327188940092
2014,Enfield,E01001441,228,70,15,183,21700,0.010506912442396314
2014,Enfield,E01001437,222,48,16,183,21700,0.010230414746543778
2014,Enfield,E01001445,221,70,17,183,21700,0.010184331797235022
2014,Enfield,E01001511,221,31,18,183,21700,0.010184331797235022
2014,Enfield,E01001536,213,61,19,183,21700,0.009815668202764976
2014,Greenwich,E01001667,664,139,1,151,19894,0.03337689755705238
2014,Greenwich,E01001696,544,135,2,151,19894,0.027344928119030863
2014,Greenwich,E01033735,456,123,3,151,19894,0.022921483864481753
2014,Greenwich,E01001641,428,89,4,151,19894,0.0215140243289434
2014,Greenwich,E01001640,378,127,5,151,19894,0.019000703729767768
2014,Greenwich,E01033731,378,169,6,151,19894,0.019000703729767768
2014,Greenwich,E01033737,358,83,7,151,19894,0.017995375490097516
2014,Greenwich,E01001609,320,82,8,151,19894,0.016085251834724038
2014,Greenwich,E01001615,305,69,9,151,19894,0.015331255654971348
2014,Greenwich,E01001701,298,140,10,151,19894,0.014979390771086759
2014,Greenwich,E01001664,266,61,11,151,19894,0.013370865587614356
2014,Greenwich,E01001666,264,36,12,151,19894,0.01327033276364733
2014,Greenwich,E01033743,263,49,13,151,19894,0.013220066351663819
2014,Greenwich,E01033738,234,38,14,151,19894,0.011762340404141952
2014,Greenwich,E01001580,228,36,15,151,19894,0.011460741932240876
2014,Greenwich,E01001673,218,81,16,151,19894,0.01095807781240575
2014,Hackney,E01033708,1705,299,1,144,24893,0.0684931506849315
2014,Hackney,E01033706,999,194,2,144,24893,0.04013176394970474
2014,Hackney,E01033699,775,169,3,144,24893,0.031133250311332503
2014,Hackney,E01001760,487,136,4,144,24893,0.01956373277628249
2014,Hackney,E01033700,482,117,5,144,24893,0.019362873096854537
2014,Hackney,E01001748,463,100,6,144,24893,0.01859960631502832
2014,Hackney,E01001731,396,96,7,144,24893,0.015908086610693768
2014,Hackney,E01033704,392,72,8,144,24893,0.01574739886715141
2014,Hackney,E01033712,372,66,9,144,24893,0.014943960149439602
2014,Hackney,E01001831,347,110,10,144,24893,0.013939661752299843
2014,Hackney,E01001729,343,140,11,144,24893,0.013778974008757482
2014,Hackney,E01001839,335,129,12,144,24893,0.01345759852167276
2014,Hackney,E01001779,311,72,13,144,24893,0.012493472060418592
2014,Hackney,E01001747,309,71,14,144,24893,0.012413128188647411
2014,Hackney,E01001780,307,82,15,144,24893,0.01233278431687623
2014,Hammersmith and Fulham,E01001943,2133,302,1,113,19185,0.11118060985144644
2014,Hammersmith and Fulham,E01001898,945,257,2,113,19185,0.04925723221266615
2014,Hammersmith and Fulham,E01001899,600,114,3,113,19185,0.03127443315089914
2014,Hammersmith and Fulham,E01001941,568,212,4,113,19185,0.029606463382851184
2014,Hammersmith and Fulham,E01001857,459,97,5,113,19185,0.02392494136043784
2014,Hammersmith and Fulham,E01001920,431,96,6,113,19185,0.02246546781339588
2014,Hammersmith and Fulham,E01001932,397,65,7,113,19185,0.02069324993484493
2014,Hammersmith and Fulham,E01001874,364,96,8,113,19185,0.01897315611154548
2014,Hammersmith and Fulham,E01001894,359,77,9,113,19185,0.018712535835287987
2014,Hammersmith and Fulham,E01001953,356,90,10,113,19185,0.018556163669533488
2014,Hammersmith and Fulham,E01001890,314,137,11,113,19185,0.01636695334897055
2014,Hammersmith and Fulham,E01001876,306,106,12,113,19185,0.015949960906958563
2014,Haringey,E01002026,1079,142,1,145,22773,0.04738067009177535
2014,Haringey,E01002031,631,141,2,145,22773,0.027708250998990033
2014,Haringey,E01002029,602,200,3,145,22773,0.026434813155930267
2014,Haringey,E01002069,473,156,4,145,22773,0.020770210336802354
2014,Haringey,E01002034,433,162,5,145,22773,0.019013744346375094
2014,Haringey,E01002080,415,72,6,145,22773,0.018223334650682828
2014,Haringey,E01002068,392,107,7,145,22773,0.01721336670618715
2014,Haringey,E01002002,370,87,8,145,22773,0.016247310411452158
2014,Haringey,E01001966,350,29,9,145,22773,0.015369077416238528
2014,Haringey,E01001979,350,128,10,145,22773,0.015369077416238528
2014,Haringey,E01002037,350,98,11,145,22773,0.015369077416238528
2014,Haringey,E01002077,313,87,12,145,22773,0.013744346375093312
2014,Haringey,E01002022,277,50,13,145,22773,0.012163526983708779
2014,Haringey,E01001990,272,62,14,145,22773,0.01194396873490537
2014,Haringey,E01001973,269,38,15,145,22773,0.011812233785623325
2014,Harrow,E01002129,747,137,1,137,11909,0.06272566966160047
2014,Harrow,E01002130,417,112,2,137,11909,0.03501553446972878
2014,Harrow,E01002179,281,91,3,137,11909,0.023595599966411956
2014,Harrow,E01002219,254,75,4,137,11909,0.021328407087077
2014,Harrow,E01002133,229,81,5,137,11909,0.019229154421026115
2014,Harrow,E01002226,224,50,6,137,11909,0.018809303887815938
2014,Harrow,E01002126,209,69,7,137,11909,0.017549752288185404
2014,Harrow,E01002213,202,62,8,137,11909,0.01696196154169116
2014,Harrow,E01002233,194,64,9,137,11909,0.016290200688554874
2014,Harrow,E01002180,179,64,10,137,11909,0.015030649088924344
2014,Harrow,E01002119,170,58,11,137,11909,0.014274918129146025
2014,Harrow,E01002157,156,36,12,137,11909,0.013099336636157527
2014,Harrow,E01002202,146,56,13,137,11909,0.012259635569737174
2014,Harrow,E01002150,144,38,14,137,11909,0.012091695356453103
2014,Havering,E01002356,1029,385,1,150,14734,0.06983846884756346
2014,Havering,E01032741,682,137,2,150,14734,0.0462874983032442
2014,Havering,E01002345,367,78,3,150,14734,0.02490837518664314
2014,Havering,E01002353,366,128,4,150,14734,0.024840504954526943
2014,Havering,E01002293,351,61,5,150,14734,0.023822451472784036
2014,Havering,E01002361,328,96,6,150,14734,0.02226143613411158
2014,Havering,E01002282,289,105,7,150,14734,0.01961449708158002
2014,Havering,E01002319,265,30,8,150,14734,0.017985611510791366
2014,Havering,E01002248,238,73,9,150,14734,0.016153115243654134
2014,Havering,E01002310,235,47,10,150,14734,0.01594950454730555
2014,Havering,E01002344,210,41,11,150,14734,0.014252748744400705
2014,Havering,E01002370,188,44,12,150,14734,0.012759603637844442
2014,Havering,E01002368,186,58,13,150,14734,0.012623863173612054
2014,Havering,E01002385,179,14,14,150,14734,0.012148771548798697
2014,Havering,E01002249,177,57,15,150,14734,0.01201303108456631
2014,Hillingdon,E01002444,2465,465,1,161,23128,0.10658076790038049
2014,Hillingdon,E01002554,667,195,2,161,23128,0.028839501902455898
2014,Hillingdon,E01002521,606,180,3,161,23128,0.0262020062262193
2014,Hillingdon,E01002505,544,92,4,161,23128,0.02352127291594604
2014,Hillingdon,E01002506,506,193,5,161,23128,0.02187824282255275
2014,Hillingdon,E01002515,500,136,6,161,23128,0.021618817018332757
2014,Hillingdon,E01002407,373,116,7,161,23128,0.016127637495676236
2014,Hillingdon,E01002412,352,172,8,161,23128,0.015219647180906262
2014,Hillingdon,E01002397,347,129,9,161,23128,0.015003459010722933
2014,Hillingdon,E01002514,333,99,10,161,23128,0.014398132134209617
2014,Hillingdon,E01002535,311,46,11,161,23128,0.013446904185402975
2014,Hillingdon,E01002406,307,98,12,161,23128,0.013273953649256313
2014,Hillingdon,E01002414,248,84,13,161,23128,0.010722933241093047
2014,Hillingdon,E01033725,246,107,14,161,23128,0.010636457973019717
2014,Hillingdon,E01002529,240,78,15,161,23128,0.010377032168799724
2014,Hillingdon,E01033724,235,84,16,161,23128,0.010160843998616395
2014,Hillingdon,E01002507,224,67,17,161,23128,0.009685230024213076
2014,Hounslow,E01033083,1078,191,1,142,20005,0.05388652836790802
2014,Hounslow,E01002637,441,92,2,142,20005,0.022044488877780554
2014,Hounslow,E01002664,419,111,3,142,20005,0.020944763809047737
2014,Hounslow,E01002642,415,158,4,142,20005,0.02074481379655086
2014,Hounslow,E01002681,325,150,5,142,20005,0.016245938515371157
2014,Hounslow,E01002589,311,89,6,142,20005,0.015546113471632091
2014,Hounslow,E01002641,301,119,7,142,20005,0.015046238440389903
2014,Hounslow,E01002693,299,61,8,142,20005,0.014946263434141465
2014,Hounslow,E01002592,297,60,9,142,20005,0.014846288427893027
2014,Hounslow,E01032573,280,31,10,142,20005,0.013996500874781305
2014,Hounslow,E01033084,264,84,11,142,20005,0.013196700824793801
2014,Hounslow,E01002672,256,49,12,142,20005,0.01279680079980005
2014,Hounslow,E01002566,251,42,13,142,20005,0.012546863284178955
2014,Hounslow,E01002678,250,39,14,142,20005,0.012496875781054736
2014,Hounslow,E01002598,244,71,15,142,20005,0.012196950762309422
2014,Islington,E01002704,932,157,1,123,24679,0.037764901333117225
2014,Islington,E01002794,868,151,2,123,24679,0.03517160338749544
2014,Islington,E01002731,836,207,3,123,24679,0.03387495441468455
2014,Islington,E01002724,786,88,4,123,24679,0.031848940394667534
2014,Islington,E01002696,609,104,5,123,24679,0.024676850763807285
2014,Islington,E01002711,584,131,6,123,24679,0.023663843753798777
2014,Islington,E01002770,568,178,7,123,24679,0.02301551926739333
2014,Islington,E01002803,471,77,8,123,24679,0.019085052068560315
2014,Islington,E01002795,470,144,9,123,24679,0.019044531788159975
2014,Islington,E01002695,453,131,10,123,24679,0.018355687021354188
2014,Islington,E01033491,437,112,11,123,24679,0.017707362534948742
2014,Islington,E01002734,426,139,12,123,24679,0.017261639450545
2014,Islington,E01002740,339,83,13,123,24679,0.013736375055715386
2014,Kensington and Chelsea,E01002819,795,65,1,103,17840,0.04456278026905829
2014,Kensington and Chelsea,E01002818,581,32,2,103,17840,0.032567264573991034
2014,Kensington and Chelsea,E01002831,480,126,3,103,17840,0.026905829596412557
2014,Kensington and Chelsea,E01002889,458,65,4,103,17840,0.025672645739910314
2014,Kensington and Chelsea,E01002852,391,97,5,103,17840,0.021917040358744394
2014,Kensington and Chelsea,E01002835,387,56,6,103,17840,0.021692825112107624
2014,Kensington and Chelsea,E01002884,386,58,7,103,17840,0.02163677130044843
2014,Kensington and Chelsea,E01002821,377,50,8,103,17840,0.021132286995515694
2014,Kensington and Chelsea,E01002826,351,51,9,103,17840,0.01967488789237668
2014,Kensington and Chelsea,E01002827,338,43,10,103,17840,0.018946188340807173
2014,Kensington and Chelsea,E01002833,338,52,11,103,17840,0.018946188340807173
2014,Kingston upon Thames,E01002968,2411,530,1,98,9288,0.25958225667527995
2014,Kingston upon Thames,E01002964,343,100,2,98,9288,0.03692937123169681
2014,Kingston upon Thames,E01002930,296,56,3,98,9288,0.03186907838070629
2014,Kingston upon Thames,E01002987,278,80,4,98,9288,0.029931093884582257
2014,Kingston upon Thames,E01002948,223,50,5,98,9288,0.02400947459086994
2014,Kingston upon Thames,E01002965,165,50,6,98,9288,0.01776485788113695
2014,Kingston upon Thames,E01002972,165,57,7,98,9288,0.01776485788113695
2014,Kingston upon Thames,E01003003,155,57,8,98,9288,0.01668819982773471
2014,Kingston upon Thames,E01002954,146,50,9,98,9288,0.015719207579672698
2014,Kingston upon Thames,E01002919,144,36,10,98,9288,0.015503875968992248
2014,Lambeth,E01003047,1542,411,1,178,31765,0.0485439949630096
2014,Lambeth,E01003109,920,166,2,178,31765,0.028962694789863058
2014,Lambeth,E01032582,915,181,3,178,31765,0.028805288839918147
2014,Lambeth,E01003013,852,155,4,178,31765,0.02682197387061231
2014,Lambeth,E01003055,730,206,5,178,31765,0.022981268691956557
2014,Lambeth,E01003102,699,152,6,178,31765,0.022005351802298127
2014,Lambeth,E01003035,649,176,7,178,31765,0.020431292302849048
2014,Lambeth,E01003061,474,108,8,178,31765,0.01492208405477727
2014,Lambeth,E01003076,391,114,9,178,31765,0.012309145285691799
2014,Lambeth,E01003118,376,70,10,178,31765,0.011836927435857075
2014,Lambeth,E01003090,357,83,11,178,31765,0.011238784826066425
2014,Lambeth,E01003052,355,106,12,178,31765,0.011175822446088461
2014,Lambeth,E01003020,341,88,13,178,31765,0.01073508578624272
2014,Lambeth,E01003186,329,89,14,178,31765,0.010357311506374941
2014,Lambeth,E01003039,324,68,15,178,31765,0.010199905556430033
2014,Lambeth,E01003041,319,69,16,178,31765,0.010042499606485126
2014,Lambeth,E01003074,309,68,17,178,31765,0.009727687706595309
2014,Lambeth,E01003017,304,71,18,178,31765,0.009570281756650402
2014,Lewisham,E01033327,659,156,1,169,21101,0.03123074735794512
2014,Lewisham,E01003318,643,228,2,169,21101,0.030472489455476044
2014,Lewisham,E01003296,610,145,3,169,21101,0.028908582531633573
2014,Lewisham,E01003303,451,150,4,169,21101,0.021373394625847118
2014,Lewisham,E01003291,394,191,5,169,21101,0.018672100848301027
2014,Lewisham,E01003304,352,102,6,169,21101,0.0166816738543197
2014,Lewisham,E01003215,303,88,7,169,21101,0.01435950902800815
2014,Lewisham,E01003193,299,62,8,169,21101,0.014169944552390882
2014,Lewisham,E01003199,276,97,9,169,21101,0.013079948817591584
2014,Lewisham,E01003324,258,82,10,169,21101,0.012226908677313872
2014,Lewisham,E01003255,247,65,11,169,21101,0.011705606369366382
2014,Lewisham,E01032579,240,97,12,169,21101,0.011373868537036159
2014,Lewisham,E01003203,237,45,13,169,21101,0.011231695180323208
2014,Lewisham,E01003190,221,80,14,169,21101,0.01047343727785413
2014,Lewisham,E01003334,218,58,15,169,21101,0.010331263921141177
2014,Lewisham,E01003253,197,75,16,169,21101,0.009336050424150514
2014,Lewisham,E01003256,191,63,17,169,21101,0.00905170371072461
2014,Merton,E01003456,464,81,1,124,11596,0.040013797861331496
2014,Merton,E01003367,386,69,2,124,11596,0.03328734046222835
2014,Merton,E01003383,364,93,3,124,11596,0.03139013452914798
2014,Merton,E01003427,200,52,4,124,11596,0.017247326664367024
2014,Merton,E01003390,198,75,5,124,11596,0.01707485339772335
2014,Merton,E01003439,188,71,6,124,11596,0.016212487064505003
2014,Merton,E01003401,182,28,7,124,11596,0.01569506726457399
2014,Merton,E01003389,177,65,8,124,11596,0.015263884097964815
2014,Merton,E01003358,175,74,9,124,11596,0.015091410831321145
2014,Merton,E01003475,171,21,10,124,11596,0.014746464298033805
2014,Merton,E01003446,170,42,11,124,11596,0.014660227664711969
2014,Merton,E01003375,167,41,12,124,11596,0.014401517764746465
2014,Merton,E01003471,162,33,13,124,11596,0.013970334598137289
2014,Newham,E01033583,2042,260,1,164,28005,0.07291555079450099
2014,Newham,E01003617,1461,297,2,164,28005,0.052169255490091056
2014,Newham,E01003482,888,131,3,164,28005,0.03170862346009641
2014,Newham,E01003521,665,146,4,164,28005,0.023745759685770397
2014,Newham,E01003517,489,68,5,164,28005,0.017461167648634174
2014,Newham,E01003619,430,149,6,164,28005,0.01535440099982146
2014,Newham,E01003515,370,91,7,164,28005,0.013211926441706838
2014,Newham,E01003618,323,87,8,164,28005,0.01153365470451705
2014,Newham,E01003486,307,68,9,164,28005,0.010962328155686485
2014,Newham,E01003603,297,141,10,164,28005,0.01060524906266738
2014,Newham,E01003609,291,70,11,164,28005,0.010391001606855918
2014,Newham,E01003502,287,103,12,164,28005,0.010248169969648276
2014,Newham,E01003499,286,88,13,164,28005,0.010212462060346367
2014,Newham,E01003606,286,62,14,164,28005,0.010212462060346367
2014,Newham,E01003616,280,86,15,164,28005,0.009998214604534905
2014,Newham,E01003556,275,80,16,164,28005,0.009819675058025352
2014,Newham,E01003520,267,65,17,164,28005,0.00953401178361007
2014,Redbridge,E01003689,909,204,1,161,19590,0.04640122511485452
2014,Redbridge,E01003783,706,173,2,161,19590,0.03603879530372639
2014,Redbridge,E01033589,490,197,3,161,19590,0.025012761613067893
2014,Redbridge,E01003728,454,131,4,161,19590,0.023175089331291476
2014,Redbridge,E01003690,349,81,5,161,19590,0.017815211842776926
2014,Redbridge,E01003769,341,91,6,161,19590,0.01740684022460439
2014,Redbridge,E01003770,322,134,7,161,19590,0.016436957631444614
2014,Redbridge,E01003645,293,59,8,161,19590,0.014956610515569168
2014,Redbridge,E01003781,266,95,9,161,19590,0.013578356304236856
2014,Redbridge,E01003793,264,21,10,161,19590,0.013476263399693721
2014,Redbridge,E01033591,252,85,11,161,19590,0.012863705972434915
2014,Redbridge,E01003674,242,58,12,161,19590,0.012353241449719244
2014,Redbridge,E01003767,227,58,13,161,19590,0.011587544665645738
2014,Redbridge,E01003778,216,53,14,161,19590,0.011026033690658498
2014,Redbridge,E01003638,214,47,15,161,19590,0.010923940786115366
2014,Redbridge,E01003705,209,82,16,161,19590,0.01066870852475753
2014,Redbridge,E01003666,203,78,17,161,19590,0.010362429811128126
2014,Richmond upon Thames,E01003876,746,131,1,115,10456,0.07134659525631216
2014,Richmond upon Thames,E01003896,261,93,2,115,10456,0.02496174445294568
2014,Richmond upon Thames,E01003897,179,67,3,115,10456,0.017119357306809486
2014,Richmond upon Thames,E01003841,177,64,4,115,10456,0.016928079571537875
2014,Richmond upon Thames,E01033570,172,15,5,115,10456,0.016449885233358837
2014,Richmond upon Thames,E01003829,170,66,6,115,10456,0.016258607498087222
2014,Richmond upon Thames,E01003888,159,46,7,115,10456,0.015206579954093344
2014,Richmond upon Thames,E01003807,150,26,8,115,10456,0.014345830145371078
2014,Richmond upon Thames,E01003823,143,35,9,115,10456,0.01367635807192043
2014,Richmond upon Thames,E01003817,141,43,10,115,10456,0.013485080336648815
2014,Richmond upon Thames,E01003847,138,25,11,115,10456,0.013198163733741393
2014,Richmond upon Thames,E01003799,136,12,12,115,10456,0.013006885998469778
2014,Southwark,E01003929,782,86,1,166,28912,0.02704759269507471
2014,Southwark,E01004067,781,212,2,166,28912,0.02701300498063088
2014,Southwark,E01032720,776,204,3,166,28912,0.02684006640841173
2014,Southwark,E01004027,643,117,4,166,28912,0.0222399003873824
2014,Southwark,E01003939,622,102,5,166,28912,0.021513558384061982
2014,Southwark,E01003927,516,94,6,166,28912,0.017847260653016048
2014,Southwark,E01004031,512,97,7,166,28912,0.01770890979524073
2014,Southwark,E01003964,467,136,8,166,28912,0.0161524626452684
2014,Southwark,E01003913,437,181,9,166,28912,0.015114831211953514
2014,Southwark,E01003921,435,148,10,166,28912,0.015045655783065855
2014,Southwark,E01004062,418,143,11,166,28912,0.014457664637520753
2014,Southwark,E01004040,408,62,12,166,28912,0.014111787493082457
2014,Southwark,E01003934,385,51,13,166,28912,0.013316270060874377
2014,Southwark,E01032639,364,116,14,166,28912,0.012589928057553957
2014,Southwark,E01003969,357,95,15,166,28912,0.01234781405644715
2014,Southwark,E01003981,350,88,16,166,28912,0.012105700055340344
2014,Southwark,E01004010,345,111,17,166,28912,0.011932761483121196
2014,Sutton,E01004142,1107,286,1,121,10443,0.10600402183280666
2014,Sutton,E01004123,251,91,2,121,10443,0.0240352389160203
2014,Sutton,E01004076,250,61,3,121,10443,0.023939480992052092
2014,Sutton,E01004178,237,67,4,121,10443,0.022694627980465384
2014,Sutton,E01004130,195,50,5,121,10443,0.018672795173800633
2014,Sutton,E01004140,174,72,6,121,10443,0.016661878770468257
2014,Sutton,E01004137,165,33,7,121,10443,0.01580005745475438
2014,Sutton,E01004128,154,58,8,121,10443,0.014746720291104088
2014,Sutton,E01004170,153,34,9,121,10443,0.01465096236713588
2014,Sutton,E01004088,147,59,10,121,10443,0.01407641482332663
2014,Sutton,E01004189,142,66,11,121,10443,0.013597625203485588
2014,Sutton,E01004172,140,61,12,121,10443,0.013406109355549171
2014,Sutton,E01004152,138,34,13,121,10443,0.013214593507612756
2014,Tower Hamlets,E01004307,845,104,1,144,25504,0.03313205771643664
2014,Tower Hamlets,E01004317,643,138,2,144,25504,0.02521173149309912
2014,Tower Hamlets,E01004309,573,179,3,144,25504,0.022467063989962358
2014,Tower Hamlets,E01004208,506,167,4,144,25504,0.019840025094102886
2014,Tower Hamlets,E01032771,438,86,5,144,25504,0.017173776662484316
2014,Tower Hamlets,E01004306,437,101,6,144,25504,0.01713456712672522
2014,Tower Hamlets,E01004234,425,57,7,144,25504,0.01666405269761606
2014,Tower Hamlets,E01004277,421,64,8,144,25504,0.016507214554579673
2014,Tower Hamlets,E01004197,385,125,9,144,25504,0.015095671267252196
2014,Tower Hamlets,E01004293,368,42,10,144,25504,0.014429109159347553
2014,Tower Hamlets,E01004322,360,109,11,144,25504,0.014115432873274781
2014,Tower Hamlets,E01004270,357,91,12,144,25504,0.01399780426599749
2014,Tower Hamlets,E01004325,356,95,13,144,25504,0.013958594730238394
2014,Tower Hamlets,E01004238,353,109,14,144,25504,0.013840966122961105
2014,Tower Hamlets,E01004247,346,132,15,144,25504,0.013566499372647428
2014,Waltham Forest,E01004397,986,235,1,144,20271,0.04864091559370529
2014,Waltham Forest,E01004392,618,144,2,144,20271,0.030486902471511024
2014,Waltham Forest,E01004455,559,78,3,144,20271,0.02757634058507227
2014,Waltham Forest,E01004430,502,104,4,144,20271,0.02476444181342805
2014,Waltham Forest,E01004438,412,105,5,144,20271,0.020324601647674016
2014,Waltham Forest,E01004420,388,110,6,144,20271,0.019140644270139607
2014,Waltham Forest,E01004422,367,52,7,144,20271,0.018104681564797002
2014,Waltham Forest,E01004405,288,46,8,144,20271,0.014207488530412905
2014,Waltham Forest,E01004444,265,95,9,144,20271,0.013072862710275763
2014,Waltham Forest,E01004448,256,47,10,144,20271,0.01262887869370036
2014,Waltham Forest,E01004348,246,71,11,144,20271,0.01213556311972769
2014,Waltham Forest,E01004365,221,84,12,144,20271,0.010902274184796014
2014,Waltham Forest,E01004424,221,83,13,144,20271,0.010902274184796014
2014,Waltham Forest,E01004440,211,77,14,144,20271,0.010408958610823344
2014,Waltham Forest,E01004367,201,40,15,144,20271,0.009915643036850674
2014,Wandsworth,E01004525,691,183,1,179,21364,0.03234413031267553
2014,Wandsworth,E01004609,564,88,2,179,21364,0.026399550645946453
2014,Wandsworth,E01004551,544,126,3,179,21364,0.0254633963677214
2014,Wandsworth,E01004600,501,113,4,179,21364,0.02345066466953754
2014,Wandsworth,E01004509,500,137,5,179,21364,0.023403856955626287
2014,Wandsworth,E01004552,418,56,6,179,21364,0.019565624414903577
2014,Wandsworth,E01004474,416,103,7,179,21364,0.019472008987081072
2014,Wandsworth,E01004588,350,60,8,179,21364,0.0163826998689384
2014,Wandsworth,E01004617,318,104,9,179,21364,0.014884853023778318
2014,Wandsworth,E01004569,267,74,10,179,21364,0.012497659614304437
2014,Wandsworth,E01004626,261,160,11,179,21364,0.012216813330836922
2014,Wandsworth,E01004548,257,45,12,179,21364,0.012029582475191912
2014,Wandsworth,E01004571,229,48,13,179,21364,0.010718966485676839
2014,Wandsworth,E01004562,214,58,14,179,21364,0.01001685077700805
2014,Wandsworth,E01004540,191,55,15,179,21364,0.008940273357049241
2014,Wandsworth,E01004545,190,42,16,179,21364,0.008893465643137989
2014,Wandsworth,E01004573,188,38,17,179,21364,0.008799850215315484
2014,Wandsworth,E01004613,187,52,18,179,21364,0.008753042501404231
2014,Westminster,E01004734,5309,1138,1,128,47564,0.11161803044319234
2014,Westminster,E01033595,4333,483,2,128,47564,0.09109830964595073
2014,Westminster,E01004763,3703,488,3,128,47564,0.07785299806576403
2014,Westminster,E01004736,2876,490,4,128,47564,0.060465898578757046
2014,Westminster,E01004735,2266,286,5,128,47564,0.04764107308048104
2014,Westminster,E01004714,1897,174,6,128,47564,0.03988310486922883
2014,Westminster,E01004761,1425,230,7,128,47564,0.029959633336136573
2014,Westminster,E01004765,1399,160,8,128,47564,0.02941300142965268
2014,Westminster,E01033596,1328,173,9,128,47564,0.027920275838869732
2014,Westminster,E01004762,1170,124,10,128,47564,0.024598435791775293
2014,Westminster,E01004689,794,86,11,128,47564,0.016693297451854345
2014,Westminster,E01004658,731,118,12,128,47564,0.015368766293835674
2014,Westminster,E01004733,727,191,13,128,47564,0.015284669077453536
2015,Barking and Dagenham,E01000010,946,286,1,110,16346,0.05787348586810229
2015,Barking and Dagenham,E01000095,561,85,2,110,16346,0.034320323014804845
2015,Barking and Dagenham,E01000092,461,162,3,110,16346,0.02820261837758473
2015,Barking and Dagenham,E01000007,393,204,4,110,16346,0.02404257922427505
2015,Barking and Dagenham,E01033587,356,101,5,110,16346,0.02177902850850361
2015,Barking and Dagenham,E01000023,340,112,6,110,16346,0.02080019576654839
2015,Barking and Dagenham,E01000105,339,132,7,110,16346,0.02073901872017619
2015,Barking and Dagenham,E01000045,327,82,8,110,16346,0.020004894163709777
2015,Barking and Dagenham,E01000060,272,97,9,110,16346,0.016640156613238713
2015,Barking and Dagenham,E01000009,242,83,10,110,16346,0.014804845222072678
2015,Barking and Dagenham,E01032580,239,67,11,110,16346,0.014621314082956074
2015,Barnet,E01000307,607,85,1,211,24036,0.02525378598768514
2015,Barnet,E01000221,479,69,2,211,24036,0.019928440672324847
2015,Barnet,E01000141,466,163,3,211,24036,0.019387585288733567
2015,Barnet,E01000193,378,71,4,211,24036,0.015726410384423364
2015,Barnet,E01000125,337,162,5,211,24036,0.01402063571309702
2015,Barnet,E01000146,329,75,6,211,24036,0.013687801630887004
2015,Barnet,E01000316,304,64,7,211,24036,0.012647695123980696
2015,Barnet,E01000250,296,103,8,211,24036,0.012314861041770677
2015,Barnet,E01000164,287,52,9,211,24036,0.011940422699284407
2015,Barnet,E01000129,278,121,10,211,24036,0.011565984356798136
2015,Barnet,E01000211,277,61,11,211,24036,0.011524380096521883
2015,Barnet,E01000310,257,75,12,211,24036,0.010692294890996839
2015,Barnet,E01000323,243,64,13,211,24036,0.010109835247129306
2015,Barnet,E01000223,241,69,14,211,24036,0.0100266267265768
2015,Barnet,E01000237,235,63,15,211,24036,0.009777001164919287
2015,Barnet,E01000314,219,48,16,211,24036,0.009111333000499251
2015,Barnet,E01000245,214,75,17,211,24036,0.00890331169911799
2015,Barnet,E01000257,214,70,18,211,24036,0.00890331169911799
2015,Barnet,E01000299,213,63,19,211,24036,0.008861707438841737
2015,Barnet,E01000192,212,81,20,211,24036,0.008820103178565485
2015,Barnet,E01000296,204,55,21,211,24036,0.008487269096355467
2015,Barnet,E01000308,200,64,22,211,24036,0.008320852055250457
2015,Bexley,E01000360,476,161,1,146,11990,0.03969974979149291
2015,Bexley,E01000362,428,100,2,146,11990,0.03569641367806505
2015,Bexley,E01000378,402,87,3,146,11990,0.0335279399499583
2015,Bexley,E01000403,379,83,4,146,11990,0.03160967472894079
2015,Bexley,E01000335,234,66,5,146,11990,0.0195162635529608
2015,Bexley,E01000372,225,35,6,146,11990,0.018765638031693076
2015,Bexley,E01000414,218,71,7,146,11990,0.01818181818181818
2015,Bexley,E01000416,213,57,8,146,11990,0.017764804003336115
2015,Bexley,E01000392,205,69,9,146,11990,0.017097581317764805
2015,Bexley,E01000457,170,38,10,146,11990,0.014178482068390326
2015,Bexley,E01000404,167,74,11,146,11990,0.013928273561301083
2015,Bexley,E01000428,166,57,12,146,11990,0.01384487072560467
2015,Bexley,E01000466,156,70,13,146,11990,0.013010842368640533
2015,Bexley,E01000385,150,59,14,146,11990,0.012510425354462052
2015,Bexley,E01000433,145,63,15,146,11990,0.012093411175979984
2015,Brent,E01000635,739,231,1,173,24883,0.029698991279186595
2015,Brent,E01033424,701,222,2,173,24883,0.028171844231001084
2015,Brent,E01000600,561,222,3,173,24883,0.02254551300084395
2015,Brent,E01000524,484,166,4,173,24883,0.019451030824257524
2015,Brent,E01000601,452,128,5,173,24883,0.018165012257364464
2015,Brent,E01000630,369,95,6,173,24883,0.014829401599485592
2015,Brent,E01000642,369,120,7,173,24883,0.014829401599485592
2015,Brent,E01000548,341,130,8,173,24883,0.013704135353454166
2015,Brent,E01000482,336,124,9,173,24883,0.013503194952377125
2015,Brent,E01000521,323,118,10,173,24883,0.01298074990957682
2015,Brent,E01000533,321,152,11,173,24883,0.012900373749146004
2015,Brent,E01000545,313,101,12,173,24883,0.012578869107422739
2015,Brent,E01000523,301,91,13,173,24883,0.012096612144837841
2015,Brent,E01000510,288,106,14,173,24883,0.011574167102037536
2015,Brent,E01000643,281,106,15,173,24883,0.011292850540529678
2015,Brent,E01000568,279,137,16,173,24883,0.011212474380098862
2015,Brent,E01000586,278,85,17,173,24883,0.011172286299883455
2015,Brent,E01033485,266,97,18,173,24883,0.010690029337298557
2015,Bromley,E01000675,1176,304,1,197,20637,0.05698502689344381
2015,Bromley,E01000790,609,159,2,197,20637,0.02951010321267626
2015,Bromley,E01000676,550,187,3,197,20637,0.026651160536899744
2015,Bromley,E01000714,341,119,4,197,20637,0.016523719532877842
2015,Bromley,E01000799,340,137,5,197,20637,0.016475262877356206
2015,Bromley,E01000677,294,53,6,197,20637,0.014246256723360953
2015,Bromley,E01000719,290,97,7,197,20637,0.01405243010127441
2015,Bromley,E01000729,276,106,8,197,20637,0.013374036923971508
2015,Bromley,E01000740,271,87,9,197,20637,0.013131753646363329
2015,Bromley,E01032568,258,76,10,197,20637,0.012501817124582062
2015,Bromley,E01000661,245,102,11,197,20637,0.011871880602800795
2015,Bromley,E01000728,241,45,12,197,20637,0.011678053980714252
2015,Bromley,E01000769,209,147,13,197,20637,0.010127441004021902
2015,Bromley,E01000727,200,69,14,197,20637,0.00969133110432718
2015,Bromley,E01000813,198,13,15,197,20637,0.009594417793283908
2015,Bromley,E01000779,196,42,16,197,20637,0.009497504482240635
2015,Bromley,E01000782,191,78,17,197,20637,0.009255221204632456
2015,Bromley,E01000720,188,61,18,197,20637,0.009109851238067549
2015,Bromley,E01000806,188,77,19,197,20637,0.009109851238067549
2015,Bromley,E01000693,181,36,20,197,20637,0.008770654649416097
2015,Camden,E01000863,1650,424,1,133,29477,0.05597584557451572
2015,Camden,E01000914,1276,198,2,133,29477,0.04328798724429216
2015,Camden,E01000855,1234,122,3,133,29477,0.041863147538759034
2015,Camden,E01000854,1024,214,4,133,29477,0.034738949011093395
2015,Camden,E01000919,956,155,5,133,29477,0.032432065678325475
2015,Camden,E01000850,863,121,6,133,29477,0.029277063473216406
2015,Camden,E01000858,848,223,7,133,29477,0.028768192149811717
2015,Camden,E01000918,833,168,8,133,29477,0.02825932082640703
2015,Camden,E01000947,738,214,9,133,29477,0.02503646911151067
2015,Camden,E01000931,524,125,10,133,29477,0.017776571564270448
2015,Camden,E01000953,499,103,11,133,29477,0.016928452691929302
2015,Camden,E01000916,455,75,12,133,29477,0.01543576347660888
2015,Camden,E01000930,443,125,13,133,29477,0.01502866641788513
2015,Camden,E01000861,441,151,14,133,29477,0.014960816908097838
2015,City of London,E01032739,68,9,1,6,151,0.4503311258278146
2015,Croydon,E01001043,1570,612,1,220,28089,0.05589376624301328
2015,Croydon,E01001014,1185,263,2,220,28089,0.04218733311972658
2015,Croydon,E01001048,903,242,3,220,28089,0.032147815870981526
2015,Croydon,E01001045,796,310,4,220,28089,0.02833849549645769
2015,Croydon,E01001013,499,193,5,220,28089,0.01776496137277938
2015,Croydon,E01001097,469,162,6,220,28089,0.016696927622912885
2015,Croydon,E01001042,458,146,7,220,28089,0.016305315247961836
2015,Croydon,E01001010,416,90,8,220,28089,0.014810067998148742
2015,Croydon,E01001155,366,133,9,220,28089,0.013030011748371248
2015,Croydon,E01001118,271,94,10,220,28089,0.009647904873794012
2015,Croydon,E01001172,266,97,11,220,28089,0.009469899248816263
2015,Croydon,E01001076,262,89,12,220,28089,0.009327494748834063
2015,Croydon,E01001164,261,80,13,220,28089,0.009291893623838513
2015,Croydon,E01001178,259,123,14,220,28089,0.009220691373847414
2015,Croydon,E01001087,237,91,15,220,28089,0.008437466623945317
2015,Croydon,E01001191,225,89,16,220,28089,0.008010253123998718
2015,Croydon,E01001183,223,69,17,220,28089,0.00793905087400762
2015,Croydon,E01001117,220,97,18,220,28089,0.00783224749902097
2015,Croydon,E01001111,217,73,19,220,28089,0.00772544412403432
2015,Croydon,E01001136,217,88,20,220,28089,0.00772544412403432
2015,Croydon,E01000976,214,106,21,220,28089,0.00761864074904767
2015,Croydon,E01001023,214,87,22,220,28089,0.00761864074904767
2015,Ealing,E01001221,1194,315,1,196,26247,0.04549091324722825
2015,Ealing,E01001361,840,311,2,196,26247,0.032003657560864096
2015,Ealing,E01001247,670,137,3,196,26247,0.025526726864022554
2015,Ealing,E01001351,473,203,4,196,26247,0.018021107174153235
2015,Ealing,E01001202,419,161,5,196,26247,0.015963729188097686
2015,Ealing,E01001249,405,129,6,196,26247,0.01543033489541662
2015,Ealing,E01001225,403,103,7,196,26247,0.015354135710747894
2015,Ealing,E01001261,398,146,8,196,26247,0.015163637749076085
2015,Ealing,E01001389,359,114,9,196,26247,0.013677753648035966
2015,Ealing,E01001340,348,277,10,196,26247,0.013258658132357984
2015,Ealing,E01001367,316,152,11,196,26247,0.0120394711776584
2015,Ealing,E01001222,310,106,12,196,26247,0.011810873623652227
2015,Ealing,E01001245,284,48,13,196,26247,0.010820284222958814
2015,Ealing,E01001252,283,93,14,196,26247,0.010782184630624452
2015,Ealing,E01001337,260,153,15,196,26247,0.009905894006934125
2015,Ealing,E01001266,253,56,16,196,26247,0.009639196860593592
2015,Ealing,E01001333,251,101,17,196,26247,0.009562997675924868
2015,Ealing,E01001348,247,40,18,196,26247,0.009410599306587419
2015,Ealing,E01001327,231,50,19,196,26247,0.008801005829237627
2015,Ealing,E01001323,230,64,20,196,26247,0.008762906236903265
2015,Enfield,E01001429,787,233,1,183,22076,0.035649574198224315
2015,Enfield,E01001559,601,88,2,183,22076,0.02722413480703026
2015,Enfield,E01001513,498,83,3,183,22076,0.02255843449900344
2015,Enfield,E01001519,416,111,4,183,22076,0.01884399347707918
2015,Enfield,E01001507,352,91,5,183,22076,0.015944917557528537
2015,Enfield,E01001450,348,78,6,183,22076,0.015763725312556622
2015,Enfield,E01001558,338,107,7,183,22076,0.015310744700126834
2015,Enfield,E01032574,303,109,8,183,22076,0.013725312556622576
2015,Enfield,E01001511,272,38,9,183,22076,0.012321072658090234
2015,Enfield,E01001425,270,85,10,183,22076,0.012230476535604277
2015,Enfield,E01001498,266,64,11,183,22076,0.01204928429063236
2015,Enfield,E01001427,253,61,12,183,22076,0.011460409494473637
2015,Enfield,E01001445,237,86,13,183,22076,0.010735640514585976
2015,Enfield,E01001439,233,94,14,183,22076,0.010554448269614061
2015,Enfield,E01001536,233,76,15,183,22076,0.010554448269614061
2015,Enfield,E01001437,225,56,16,183,22076,0.01019206377967023
2015,Enfield,E01001501,217,60,17,183,22076,0.0098296792897264
2015,Enfield,E01001412,214,39,18,183,22076,0.009693785105997462
2015,Enfield,E01001516,204,42,19,183,22076,0.009240804493567675
2015,Greenwich,E01001667,604,174,1,151,20929,0.02885947728032873
2015,Greenwich,E01001696,576,166,2,151,20929,0.027521620717664484
2015,Greenwich,E01033737,484,157,3,151,20929,0.02312580629748196
2015,Greenwich,E01001641,433,104,4,151,20929,0.020688996129772087
2015,Greenwich,E01001640,423,130,5,151,20929,0.020211190214534856
2015,Greenwich,E01033735,398,129,6,151,20929,0.019016675426441778
2015,Greenwich,E01001609,389,132,7,151,20929,0.018586650102728274
2015,Greenwich,E01033731,379,175,8,151,20929,0.018108844187491042
2015,Greenwich,E01001615,375,122,9,151,20929,0.01791772182139615
2015,Greenwich,E01001701,325,162,10,151,20929,0.015528692245209995
2015,Greenwich,E01033743,309,64,11,151,20929,0.014764202780830427
2015,Greenwich,E01033738,275,62,12,151,20929,0.013139662669023843
2015,Greenwich,E01033726,256,111,13,151,20929,0.012231831430073104
2015,Greenwich,E01001666,244,33,14,151,20929,0.011658464331788427
2015,Greenwich,E01001687,240,112,15,151,20929,0.011467341965693535
2015,Greenwich,E01001673,231,94,16,151,20929,0.011037316641980028
2015,Hackney,E01033708,2066,350,1,144,26941,0.07668609183029583
2015,Hackney,E01033706,881,202,2,144,26941,0.03270108756170892
2015,Hackney,E01033699,780,226,3,144,26941,0.028952154708436956
2015,Hackney,E01001760,606,190,4,144,26941,0.022493597119631788
2015,Hackney,E01033700,514,103,5,144,26941,0.01907872758991871
2015,Hackney,E01001748,465,134,6,144,26941,0.017259938383875878
2015,Hackney,E01001731,457,135,7,144,26941,0.01696299320737909
2015,Hackney,E01033704,435,96,8,144,26941,0.016146393972012917
2015,Hackney,E01001729,390,187,9,144,26941,0.014476077354218478
2015,Hackney,E01033712,389,94,10,144,26941,0.014438959207156378
2015,Hackney,E01001779,374,106,11,144,26941,0.0138821870012249
2015,Hackney,E01001780,351,110,12,144,26941,0.01302846961879663
2015,Hackney,E01001777,338,107,13,144,26941,0.012545933706989348
2015,Hackney,E01001830,335,145,14,144,26941,0.012434579265803051
2015,Hackney,E01001718,333,82,15,144,26941,0.012360342971678854
2015,Hammersmith and Fulham,E01001943,2016,367,1,113,19848,0.10157194679564692
2015,Hammersmith and Fulham,E01001898,967,274,2,113,19848,0.048720274083031034
2015,Hammersmith and Fulham,E01001899,638,118,3,113,19848,0.032144296654574765
2015,Hammersmith and Fulham,E01001941,623,246,4,113,19848,0.031388553002821444
2015,Hammersmith and Fulham,E01001857,501,150,5,113,19848,0.025241837968561064
2015,Hammersmith and Fulham,E01001920,463,133,6,113,19848,0.023327287384119308
2015,Hammersmith and Fulham,E01001932,425,77,7,113,19848,0.021412736799677548
2015,Hammersmith and Fulham,E01001890,363,204,8,113,19848,0.01828899637243047
2015,Hammersmith and Fulham,E01001894,333,96,9,113,19848,0.01677750906892382
2015,Hammersmith and Fulham,E01001874,321,92,10,113,19848,0.016172914147521162
2015,Hammersmith and Fulham,E01001953,319,113,11,113,19848,0.016072148327287383
2015,Hammersmith and Fulham,E01001900,291,86,12,113,19848,0.014661426844014511
2015,Haringey,E01002026,1335,212,1,145,24626,0.05421099650775603
2015,Haringey,E01002029,632,210,2,145,24626,0.025663932429139932
2015,Haringey,E01002031,602,133,3,145,24626,0.0244457077885162
2015,Haringey,E01002034,538,189,4,145,24626,0.021846828555185577
2015,Haringey,E01002069,492,180,5,145,24626,0.019978884106229187
2015,Haringey,E01002068,480,86,6,145,24626,0.019491594249979698
2015,Haringey,E01002080,448,125,7,145,24626,0.018192154633314382
2015,Haringey,E01002002,443,115,8,145,24626,0.01798911719321043
2015,Haringey,E01002077,393,140,9,145,24626,0.015958742792170875
2015,Haringey,E01001990,338,72,10,145,24626,0.013725330951027369
2015,Haringey,E01002081,325,100,11,145,24626,0.013197433606757085
2015,Haringey,E01002022,317,44,12,145,24626,0.012872573702590758
2015,Haringey,E01001979,312,131,13,145,24626,0.012669536262486802
2015,Haringey,E01002037,312,134,14,145,24626,0.012669536262486802
2015,Haringey,E01002105,299,132,15,145,24626,0.01214163891821652
2015,Harrow,E01002129,820,162,1,137,12601,0.06507420046028092
2015,Harrow,E01002130,534,154,2,137,12601,0.042377589080231724
2015,Harrow,E01002179,273,109,3,137,12601,0.021664947226410602
2015,Harrow,E01002219,268,108,4,137,12601,0.02126815332116499
2015,Harrow,E01002133,254,116,5,137,12601,0.020157130386477262
2015,Harrow,E01002226,240,77,6,137,12601,0.01904610745178954
2015,Harrow,E01002126,228,87,7,137,12601,0.018093802079200062
2015,Harrow,E01002180,205,73,8,137,12601,0.01626855011507023
2015,Harrow,E01002213,199,76,9,137,12601,0.015792397428775494
2015,Harrow,E01002189,180,30,10,137,12601,0.014284580588842155
2015,Harrow,E01002233,178,73,11,137,12601,0.01412586302674391
2015,Harrow,E01002119,162,82,12,137,12601,0.01285612252995794
2015,Harrow,E01002123,159,50,13,137,12601,0.012618046186810571
2015,Harrow,E01002202,155,40,14,137,12601,0.012300611062614078
2015,Havering,E01002356,1204,487,1,150,15870,0.07586641461877756
2015,Havering,E01032741,797,148,2,150,15870,0.05022054190296156
2015,Havering,E01002353,503,184,3,150,15870,0.031695022054190294
2015,Havering,E01002293,349,101,4,150,15870,0.021991178323881536
2015,Havering,E01002282,345,120,5,150,15870,0.021739130434782608
2015,Havering,E01002345,330,83,6,150,15870,0.020793950850661626
2015,Havering,E01002319,296,46,7,150,15870,0.01865154379332073
2015,Havering,E01002248,295,107,8,150,15870,0.018588531821046
2015,Havering,E01002361,277,97,9,150,15870,0.01745431632010082
2015,Havering,E01002370,271,73,10,150,15870,0.017076244486452424
2015,Havering,E01002281,231,99,11,150,15870,0.014555765595463137
2015,Havering,E01002310,221,67,12,150,15870,0.013925645872715817
2015,Havering,E01002344,218,52,13,150,15870,0.01373660995589162
2015,Havering,E01002249,217,67,14,150,15870,0.013673597983616887
2015,Havering,E01002368,204,76,15,150,15870,0.01285444234404537
2015,Hillingdon,E01002444,2238,326,1,161,23234,0.09632435224240338
2015,Hillingdon,E01002521,657,188,2,161,23234,0.028277524317810106
2015,Hillingdon,E01002554,654,188,3,161,23234,0.028148403202203666
2015,Hillingdon,E01002515,568,180,4,161,23234,0.024446931221485755
2015,Hillingdon,E01002505,526,105,5,161,23234,0.02263923560299561
2015,Hillingdon,E01002506,526,194,6,161,23234,0.02263923560299561
2015,Hillingdon,E01002514,420,164,7,161,23234,0.018076956184901436
2015,Hillingdon,E01002412,393,186,8,161,23234,0.01691486614444349
2015,Hillingdon,E01002397,376,131,9,161,23234,0.016183179822673668
2015,Hillingdon,E01002406,289,97,10,161,23234,0.012438667470086942
2015,Hillingdon,E01002535,289,61,11,161,23234,0.012438667470086942
2015,Hillingdon,E01002407,272,109,12,161,23234,0.01170698114831712
2015,Hillingdon,E01033724,266,98,13,161,23234,0.011448738917104243
2015,Hillingdon,E01002414,239,69,14,161,23234,0.010286648876646294
2015,Hillingdon,E01002447,239,80,15,161,23234,0.010286648876646294
2015,Hillingdon,E01002540,235,66,16,161,23234,0.010114487389171043
2015,Hillingdon,E01033725,229,90,17,161,23234,0.009856245157958165
2015,Hounslow,E01033083,1266,246,1,142,21286,0.059475711735412946
2015,Hounslow,E01002664,470,128,2,142,21286,0.022080240533684112
2015,Hounslow,E01002642,462,189,3,142,21286,0.0217044066522597
2015,Hounslow,E01002637,392,105,4,142,21286,0.01841586018979611
2015,Hounslow,E01002566,359,88,5,142,21286,0.016865545428920416
2015,Hounslow,E01033030,338,103,6,142,21286,0.01587898149018134
2015,Hounslow,E01002641,332,136,7,142,21286,0.015597106079113032
2015,Hounslow,E01032573,308,55,8,142,21286,0.0144696044348398
2015,Hounslow,E01002693,290,72,9,142,21286,0.013623978201634877
2015,Hounslow,E01002678,286,44,10,142,21286,0.013436061260922672
2015,Hounslow,E01002598,284,100,11,142,21286,0.01334210279056657
2015,Hounslow,E01033084,274,113,12,142,21286,0.012872310438786056
2015,Hounslow,E01002568,273,99,13,142,21286,0.012825331203608006
2015,Hounslow,E01002681,272,162,14,142,21286,0.012778351968429955
2015,Hounslow,E01002592,252,64,15,142,21286,0.011838767264868927
2015,Islington,E01002704,1116,210,1,123,27032,0.04128440366972477
2015,Islington,E01002794,944,201,2,123,27032,0.03492157443030482
2015,Islington,E01002731,819,211,3,123,27032,0.03029742527374963
2015,Islington,E01002724,807,94,4,123,27032,0.029853506954720332
2015,Islington,E01002696,713,137,5,123,27032,0.026376146788990827
2015,Islington,E01002711,626,159,6,123,27032,0.02315773897602841
2015,Islington,E01002770,574,213,7,123,27032,0.02123409292690145
2015,Islington,E01002803,539,106,8,123,27032,0.019939331163065996
2015,Islington,E01002734,522,196,9,123,27032,0.01931044687777449
2015,Islington,E01002795,495,152,10,123,27032,0.01831163065995857
2015,Islington,E01033491,445,130,11,123,27032,0.01646197099733649
2015,Islington,E01002695,439,139,12,123,27032,0.016240011837821842
2015,Islington,E01002740,359,61,13,123,27032,0.013280556377626518
2015,Kensington and Chelsea,E01002819,852,82,1,103,19070,0.044677503932878865
2015,Kensington and Chelsea,E01002818,711,76,2,103,19070,0.0372836916622968
2015,Kensington and Chelsea,E01002831,571,175,3,103,19070,0.02994231777661248
2015,Kensington and Chelsea,E01002833,429,67,4,103,19070,0.022496067121132668
2015,Kensington and Chelsea,E01002852,420,104,5,103,19070,0.02202412165705296
2015,Kensington and Chelsea,E01002821,407,72,6,103,19070,0.021342422653382275
2015,Kensington and Chelsea,E01002850,394,125,7,103,19070,0.02066072364971159
2015,Kensington and Chelsea,E01002889,389,46,8,103,19070,0.020398531725222862
2015,Kensington and Chelsea,E01002906,388,245,9,103,19070,0.020346093340325118
2015,Kensington and Chelsea,E01002884,372,57,10,103,19070,0.019507079181961196
2015,Kensington and Chelsea,E01002912,371,119,11,103,19070,0.019454640797063452
2015,Kingston upon Thames,E01002968,2465,648,1,98,9738,0.25313205997124666
2015,Kingston upon Thames,E01002964,413,135,2,98,9738,0.04241117272540563
2015,Kingston upon Thames,E01002987,314,94,3,98,9738,0.03224481413021154
2015,Kingston upon Thames,E01002930,266,83,4,98,9738,0.02731567056890532
2015,Kingston upon Thames,E01003003,197,61,5,98,9738,0.020230026699527625
2015,Kingston upon Thames,E01002948,184,60,6,98,9738,0.01889505031834052
2015,Kingston upon Thames,E01002965,181,58,7,98,9738,0.018586978845758884
2015,Kingston upon Thames,E01002969,164,88,8,98,9738,0.016841240501129597
2015,Kingston upon Thames,E01002972,154,53,9,98,9738,0.015814335592524133
2015,Kingston upon Thames,E01002954,137,51,10,98,9738,0.014068597247894846
2015,Lambeth,E01003047,1661,519,1,178,33164,0.05008442889880593
2015,Lambeth,E01003013,977,224,2,178,33164,0.02945965504764202
2015,Lambeth,E01032582,975,172,3,178,33164,0.029399348691352068
2015,Lambeth,E01003109,792,228,4,178,33164,0.023881317090821374
2015,Lambeth,E01003055,778,209,5,178,33164,0.023459172596791703
2015,Lambeth,E01003035,690,211,6,178,33164,0.020805692920033772
2015,Lambeth,E01003102,607,179,7,178,33164,0.018302979134000724
2015,Lambeth,E01003076,475,194,8,178,33164,0.014322759618863827
2015,Lambeth,E01003090,422,100,9,178,33164,0.012724641177180075
2015,Lambeth,E01003061,418,96,10,178,33164,0.012604028464600169
2015,Lambeth,E01003020,407,125,11,178,33164,0.012272343505005428
2015,Lambeth,E01003118,385,105,12,178,33164,0.011608973585815944
2015,Lambeth,E01003017,353,82,13,178,33164,0.010644071885176697
2015,Lambeth,E01033207,349,106,14,178,33164,0.010523459172596792
2015,Lambeth,E01003074,347,81,15,178,33164,0.010463152816306838
2015,Lambeth,E01003041,346,98,16,178,33164,0.010432999638161862
2015,Lambeth,E01003039,325,59,17,178,33164,0.009799782897117356
2015,Lambeth,E01003186,324,110,18,178,33164,0.00976962971897238
2015,Lewisham,E01033327,743,206,1,169,23437,0.031702009642872384
2015,Lewisham,E01003318,673,243,2,169,23437,0.028715279259290866
2015,Lewisham,E01003296,602,178,3,169,23437,0.02568588129880104
2015,Lewisham,E01003303,483,204,4,169,23437,0.020608439646712464
2015,Lewisham,E01003291,465,215,5,169,23437,0.01984042326236293
2015,Lewisham,E01003304,362,133,6,169,23437,0.01544566284080727
2015,Lewisham,E01003193,346,89,7,169,23437,0.014762981610274353
2015,Lewisham,E01003199,339,141,8,169,23437,0.0144643085719162
2015,Lewisham,E01003324,306,98,9,169,23437,0.013056278533942058
2015,Lewisham,E01003215,284,86,10,169,23437,0.012117591841959294
2015,Lewisham,E01003255,275,80,11,169,23437,0.011733583649784529
2015,Lewisham,E01003320,243,63,12,169,23437,0.010368221188718692
2015,Lewisham,E01032579,241,102,13,169,23437,0.010282886034902078
2015,Lewisham,E01003299,237,57,14,169,23437,0.010112215727268848
2015,Lewisham,E01003207,222,78,15,169,23437,0.009472202073644237
2015,Lewisham,E01003200,214,67,16,169,23437,0.009130861458377779
2015,Lewisham,E01003290,212,91,17,169,23437,0.009045526304561164
2015,Merton,E01003456,542,151,1,124,12273,0.044161981585594395
2015,Merton,E01003367,427,89,2,124,12273,0.034791819441049456
2015,Merton,E01003383,395,105,3,124,12273,0.0321844699747413
2015,Merton,E01003390,264,117,4,124,12273,0.02151063309704229
2015,Merton,E01003427,248,90,5,124,12273,0.02020695836388821
2015,Merton,E01003475,240,59,6,124,12273,0.01955512099731117
2015,Merton,E01003379,205,87,7,124,12273,0.016703332518536625
2015,Merton,E01003405,195,70,8,124,12273,0.015888535810315327
2015,Merton,E01003375,171,58,9,124,12273,0.013933023710584209
2015,Merton,E01003387,170,61,10,124,12273,0.01385154403976208
2015,Merton,E01003439,170,67,11,124,12273,0.01385154403976208
2015,Merton,E01003389,169,68,12,124,12273,0.01377006436893995
2015,Merton,E01003446,155,48,13,124,12273,0.012629348977430132
2015,Newham,E01033583,2771,449,1,164,29217,0.09484204401547044
2015,Newham,E01003617,1460,363,2,164,29217,0.04997090734846151
2015,Newham,E01003482,826,139,3,164,29217,0.028271211965636443
2015,Newham,E01003521,790,157,4,164,29217,0.02703905260635931
2015,Newham,E01003517,447,71,5,164,29217,0.015299312044357737
2015,Newham,E01003619,403,156,6,164,29217,0.013793339494130129
2015,Newham,E01003618,343,88,7,164,29217,0.011739740562001574
2015,Newham,E01003515,334,103,8,164,29217,0.011431700722182291
2015,Newham,E01003556,330,115,9,164,29217,0.011294794126707055
2015,Newham,E01003603,316,160,10,164,29217,0.010815621042543725
2015,Newham,E01003606,309,83,11,164,29217,0.01057603450046206
2015,Newham,E01003520,308,117,12,164,29217,0.010541807851593251
2015,Newham,E01003558,299,108,13,164,29217,0.010233768011773968
2015,Newham,E01003609,288,87,14,164,29217,0.009857274874217066
2015,Newham,E01003486,282,72,15,164,29217,0.00965191498100421
2015,Newham,E01003499,281,90,16,164,29217,0.0096176883321354
2015,Newham,E01003569,278,74,17,164,29217,0.009515008385528973
2015,Redbridge,E01003689,856,196,1,161,18897,0.04529819548076414
2015,Redbridge,E01003783,703,167,2,161,18897,0.03720167222310419
2015,Redbridge,E01033589,528,218,3,161,18897,0.02794094300682648
2015,Redbridge,E01003728,456,134,4,161,18897,0.024130814414986507
2015,Redbridge,E01003770,363,176,5,161,18897,0.019209398317193205
2015,Redbridge,E01003645,333,68,6,161,18897,0.017621844737259883
2015,Redbridge,E01003690,297,93,7,161,18897,0.015716780441339895
2015,Redbridge,E01003769,277,74,8,161,18897,0.014658411388051013
2015,Redbridge,E01003674,236,58,9,161,18897,0.012488754828808806
2015,Redbridge,E01003697,232,38,10,161,18897,0.01227708101815103
2015,Redbridge,E01003767,227,74,11,161,18897,0.012012488754828809
2015,Redbridge,E01003719,223,82,12,161,18897,0.011800814944171033
2015,Redbridge,E01033591,222,100,13,161,18897,0.011747896491506588
2015,Redbridge,E01003729,216,85,14,161,18897,0.011430385775519924
2015,Redbridge,E01003793,209,22,15,161,18897,0.011059956606868815
2015,Redbridge,E01003653,208,71,16,161,18897,0.011007038154204372
2015,Redbridge,E01003781,185,70,17,161,18897,0.009789913742922157
2015,Richmond upon Thames,E01003876,661,129,1,115,10413,0.06347834437722079
2015,Richmond upon Thames,E01003896,309,101,2,115,10413,0.029674445404782483
2015,Richmond upon Thames,E01003867,218,60,3,115,10413,0.02093536924997599
2015,Richmond upon Thames,E01003860,177,47,4,115,10413,0.01699798329011812
2015,Richmond upon Thames,E01003909,172,49,5,115,10413,0.01651781427062326
2015,Richmond upon Thames,E01003897,167,52,6,115,10413,0.016037645251128396
2015,Richmond upon Thames,E01003834,163,41,7,115,10413,0.015653510035532506
2015,Richmond upon Thames,E01003807,162,31,8,115,10413,0.015557476231633534
2015,Richmond upon Thames,E01003829,156,56,9,115,10413,0.0149812734082397
2015,Richmond upon Thames,E01003841,151,55,10,115,10413,0.014501104388744837
2015,Richmond upon Thames,E01003815,150,37,11,115,10413,0.014405070584845865
2015,Richmond upon Thames,E01003855,141,55,12,115,10413,0.013540766349755113
2015,Southwark,E01003929,994,120,1,166,30260,0.03284864507600793
2015,Southwark,E01004067,769,212,2,166,30260,0.025413086582947785
2015,Southwark,E01004027,756,150,3,166,30260,0.02498347653668209
2015,Southwark,E01032720,732,217,4,166,30260,0.02419035029742234
2015,Southwark,E01003939,672,149,5,166,30260,0.022207534699272967
2015,Southwark,E01004031,599,110,6,166,30260,0.019795109054857898
2015,Southwark,E01003927,593,131,7,166,30260,0.019596827495042962
2015,Southwark,E01003921,500,199,8,166,30260,0.016523463317911435
2015,Southwark,E01003981,474,104,9,166,30260,0.01566424322538004
2015,Southwark,E01004062,458,146,10,166,30260,0.015135492399206875
2015,Southwark,E01003913,428,228,11,166,30260,0.014144084600132188
2015,Southwark,E01032639,421,140,12,166,30260,0.013912756113681427
2015,Southwark,E01003964,393,137,13,166,30260,0.012987442167878387
2015,Southwark,E01003934,385,77,14,166,30260,0.012723066754791804
2015,Southwark,E01004040,375,73,15,166,30260,0.012392597488433575
2015,Southwark,E01003969,369,126,16,166,30260,0.01219431592861864
2015,Southwark,E01004042,307,100,17,166,30260,0.010145406477197621
2015,Sutton,E01004142,1181,346,1,121,10598,0.11143612002264579
2015,Sutton,E01004123,254,128,2,121,10598,0.023966786186072845
2015,Sutton,E01004178,235,87,3,121,10598,0.02217399509341385
2015,Sutton,E01004076,215,50,4,121,10598,0.020286846574825438
2015,Sutton,E01004137,198,51,5,121,10598,0.018682770334025288
2015,Sutton,E01004185,184,84,6,121,10598,0.017361766371013398
2015,Sutton,E01004130,177,37,7,121,10598,0.016701264389507454
2015,Sutton,E01004119,166,38,8,121,10598,0.015663332704283828
2015,Sutton,E01004140,147,71,9,121,10598,0.013870541611624834
2015,Sutton,E01004088,144,69,10,121,10598,0.013587469333836573
2015,Sutton,E01004128,143,68,11,121,10598,0.013493111907907153
2015,Sutton,E01004189,138,57,12,121,10598,0.01302132477826005
2015,Sutton,E01004170,134,35,13,121,10598,0.012643895074542366
2015,Tower Hamlets,E01004307,794,112,1,144,27493,0.028880078565453025
2015,Tower Hamlets,E01004317,761,213,2,144,27493,0.027679773033135707
2015,Tower Hamlets,E01004309,639,238,3,144,27493,0.023242279853053504
2015,Tower Hamlets,E01004208,540,157,4,144,27493,0.01964136325610155
2015,Tower Hamlets,E01032771,523,85,5,144,27493,0.01902302404248354
2015,Tower Hamlets,E01004238,433,158,6,144,27493,0.01574946349979995
2015,Tower Hamlets,E01004203,419,112,7,144,27493,0.015240242970938057
2015,Tower Hamlets,E01004322,411,126,8,144,27493,0.014949259811588404
2015,Tower Hamlets,E01004197,408,139,9,144,27493,0.014840141126832285
2015,Tower Hamlets,E01004242,386,119,10,144,27493,0.01403993743862074
2015,Tower Hamlets,E01004277,376,84,11,144,27493,0.013676208489433675
2015,Tower Hamlets,E01004262,362,196,12,144,27493,0.013166987960571782
2015,Tower Hamlets,E01004306,358,111,13,144,27493,0.013021496380896955
2015,Tower Hamlets,E01004259,348,117,14,144,27493,0.01265776743170989
2015,Tower Hamlets,E01004247,342,125,15,144,27493,0.01243953006219765
2015,Waltham Forest,E01004397,1017,280,1,144,20969,0.04850016691306214
2015,Waltham Forest,E01004392,639,169,2,144,20969,0.030473556202012496
2015,Waltham Forest,E01004430,539,131,3,144,20969,0.02570461156945968
2015,Waltham Forest,E01004438,449,151,4,144,20969,0.021412561400162143
2015,Waltham Forest,E01004455,426,79,5,144,20969,0.020315704134674997
2015,Waltham Forest,E01004422,362,70,6,144,20969,0.017263579569841193
2015,Waltham Forest,E01004420,355,105,7,144,20969,0.016929753445562495
2015,Waltham Forest,E01004424,287,125,8,144,20969,0.013686871095426581
2015,Waltham Forest,E01004348,282,74,9,144,20969,0.013448423863798941
2015,Waltham Forest,E01004448,265,54,10,144,20969,0.012637703276264962
2015,Waltham Forest,E01004456,241,65,11,144,20969,0.011493156564452286
2015,Waltham Forest,E01004365,237,107,12,144,20969,0.011302398779150175
2015,Waltham Forest,E01004444,225,77,13,144,20969,0.010730125423243836
2015,Waltham Forest,E01004452,212,74,14,144,20969,0.01011016262101197
2015,Waltham Forest,E01004464,210,62,15,144,20969,0.010014783728360914
2015,Wandsworth,E01004525,821,219,1,179,22401,0.03665014954689523
2015,Wandsworth,E01004609,661,155,2,179,22401,0.029507611267354135
2015,Wandsworth,E01004551,617,155,3,179,22401,0.027543413240480336
2015,Wandsworth,E01004600,543,151,4,179,22401,0.02423998928619258
2015,Wandsworth,E01004509,522,141,5,179,22401,0.023302531137002813
2015,Wandsworth,E01004552,438,76,6,179,22401,0.01955269854024374
2015,Wandsworth,E01004474,410,109,7,179,22401,0.018302754341324046
2015,Wandsworth,E01004617,406,148,8,179,22401,0.01812419088433552
2015,Wandsworth,E01004588,363,102,9,179,22401,0.016204633721708852
2015,Wandsworth,E01004626,311,204,10,179,22401,0.013883308780857997
2015,Wandsworth,E01004571,301,56,11,179,22401,0.013436900138386679
2015,Wandsworth,E01004493,242,108,12,179,22401,0.010803089147805901
2015,Wandsworth,E01004562,227,64,13,179,22401,0.010133476184098924
2015,Wandsworth,E01004548,226,41,14,179,22401,0.010088835319851792
2015,Wandsworth,E01004545,215,52,15,179,22401,0.009597785813133343
2015,Wandsworth,E01004644,206,79,16,179,22401,0.009196018034909156
2015,Wandsworth,E01004569,198,89,17,179,22401,0.008838891120932101
2015,Wandsworth,E01004476,197,60,18,179,22401,0.00879425025668497
2015,Westminster,E01033595,4985,614,1,128,47395,0.10517987129444034
2015,Westminster,E01004734,4451,1136,2,128,47395,0.09391286000632978
2015,Westminster,E01004763,3800,663,3,128,47395,0.08017723388543095
2015,Westminster,E01004736,2786,540,4,128,47395,0.05878257200126596
2015,Westminster,E01004735,2223,337,5,128,47395,0.046903681822977106
2015,Westminster,E01004714,1879,206,6,128,47395,0.039645532229138095
2015,Westminster,E01004765,1539,221,7,128,47395,0.032471779723599534
2015,Westminster,E01004761,1341,235,8,128,47395,0.02829412385272708
2015,Westminster,E01033596,1194,187,9,128,47395,0.02519253085768541
2015,Westminster,E01004762,1147,126,10,128,47395,0.024200865070155078
2015,Westminster,E01004689,787,116,11,128,47395,0.016605127123114252
2015,Westminster,E01004658,757,177,12,128,47395,0.01597214896086085
2015,Westminster,E01004750,755,178,13,128,47395,0.015929950416710623
2016,Barking and Dagenham,E01000010,1131,347,1,110,16741,0.0675586882504032
2016,Barking and Dagenham,E01000095,577,101,2,110,16741,0.034466280389463
2016,Barking and Dagenham,E01000092,500,172,3,110,16741,0.029866794098321485
2016,Barking and Dagenham,E01000023,434,161,4,110,16741,0.02592437727734305
2016,Barking and Dagenham,E01000045,416,99,5,110,16741,0.024849172689803477
2016,Barking and Dagenham,E01000007,373,166,6,110,16741,0.02228062839734783
2016,Barking and Dagenham,E01033587,351,102,7,110,16741,0.020966489457021682
2016,Barking and Dagenham,E01000105,309,92,8,110,16741,0.018457678752762677
2016,Barking and Dagenham,E01000060,272,108,9,110,16741,0.01624753598948689
2016,Barking and Dagenham,E01000087,234,62,10,110,16741,0.013977659638014455
2016,Barking and Dagenham,E01000013,230,65,11,110,16741,0.013738725285227883
2016,Barnet,E01000307,834,106,1,211,24684,0.03378706854642684
2016,Barnet,E01000141,521,178,2,211,24684,0.021106789823367365
2016,Barnet,E01000221,505,81,3,211,24684,0.020458596661805217
2016,Barnet,E01000193,416,74,4,211,24684,0.016853022200615783
2016,Barnet,E01000146,369,125,5,211,24684,0.01494895478852698
2016,Barnet,E01000316,350,83,6,211,24684,0.014179225409171933
2016,Barnet,E01000250,324,107,7,211,24684,0.013125911521633447
2016,Barnet,E01000129,322,115,8,211,24684,0.013044887376438179
2016,Barnet,E01000164,318,63,9,211,24684,0.012882839086047641
2016,Barnet,E01000323,318,103,10,211,24684,0.012882839086047641
2016,Barnet,E01000124,295,56,11,211,24684,0.011951061416302058
2016,Barnet,E01000125,288,150,12,211,24684,0.01166747690811862
2016,Barnet,E01000211,275,55,13,211,24684,0.011140819964349376
2016,Barnet,E01000310,267,104,14,211,24684,0.010816723383568304
2016,Barnet,E01000237,237,83,15,211,24684,0.009601361205639281
2016,Barnet,E01000194,220,77,16,211,24684,0.008912655971479501
2016,Barnet,E01000192,217,82,17,211,24684,0.0087911197536866
2016,Barnet,E01000243,215,52,18,211,24684,0.008710095608491331
2016,Barnet,E01000171,211,83,19,211,24684,0.008548047318100794
2016,Barnet,E01000257,211,54,20,211,24684,0.008548047318100794
2016,Barnet,E01000305,211,75,21,211,24684,0.008548047318100794
2016,Barnet,E01000155,208,85,22,211,24684,0.008426511100307892
2016,Bexley,E01000360,478,207,1,146,12840,0.03722741433021807
2016,Bexley,E01000362,477,120,2,146,12840,0.037149532710280375
2016,Bexley,E01000378,474,134,3,146,12840,0.03691588785046729
2016,Bexley,E01000403,406,120,4,146,12840,0.03161993769470405
2016,Bexley,E01000335,308,77,5,146,12840,0.023987538940809967
2016,Bexley,E01000392,229,83,6,146,12840,0.017834890965732087
2016,Bexley,E01000414,227,52,7,146,12840,0.017679127725856697
2016,Bexley,E01000457,222,64,8,146,12840,0.017289719626168223
2016,Bexley,E01000385,218,73,9,146,12840,0.016978193146417447
2016,Bexley,E01000416,215,86,10,146,12840,0.01674454828660436
2016,Bexley,E01000447,197,73,11,146,12840,0.015342679127725857
2016,Bexley,E01000404,191,73,12,146,12840,0.014875389408099689
2016,Bexley,E01000408,164,56,13,146,12840,0.01277258566978193
2016,Bexley,E01000433,159,73,14,146,12840,0.012383177570093457
2016,Bexley,E01000336,158,76,15,146,12840,0.012305295950155764
2016,Brent,E01033424,817,222,1,173,26693,0.03060727531562582
2016,Brent,E01000635,713,236,2,173,26693,0.02671112276626831
2016,Brent,E01000600,704,253,3,173,26693,0.026373955718727755
2016,Brent,E01000524,587,206,4,173,26693,0.02199078410070056
2016,Brent,E01000601,512,154,5,173,26693,0.019181058704529276
2016,Brent,E01000482,435,170,6,173,26693,0.016296407297793428
2016,Brent,E01000510,387,162,7,173,26693,0.01449818304424381
2016,Brent,E01000630,385,86,8,173,26693,0.014423257033679242
2016,Brent,E01000521,344,115,9,173,26693,0.012887273817105608
2016,Brent,E01000548,331,125,10,173,26693,0.01240025474843592
2016,Brent,E01000568,330,162,11,173,26693,0.012362791743153636
2016,Brent,E01000523,325,117,12,173,26693,0.012175476716742217
2016,Brent,E01000642,308,96,13,173,26693,0.011538605626943393
2016,Brent,E01000533,305,114,14,173,26693,0.011426216611096543
2016,Brent,E01000508,302,110,15,173,26693,0.01131382759524969
2016,Brent,E01033485,294,107,16,173,26693,0.01101412355299142
2016,Brent,E01000643,290,112,17,173,26693,0.010864271531862287
2016,Brent,E01000545,288,106,18,173,26693,0.010789345521297719
2016,Bromley,E01000675,1138,232,1,197,20164,0.05643721483832573
2016,Bromley,E01000790,561,130,2,197,20164,0.027821860741916286
2016,Bromley,E01000676,507,206,3,197,20164,0.025143820670501884
2016,Bromley,E01000714,421,154,4,197,20164,0.02087879389010117
2016,Bromley,E01000799,366,117,5,197,20164,0.018151160484030947
2016,Bromley,E01000719,337,95,6,197,20164,0.0167129537790121
2016,Bromley,E01000728,305,58,7,197,20164,0.015125967070025788
2016,Bromley,E01000677,279,56,8,197,20164,0.01383654036897441
2016,Bromley,E01000661,268,124,9,197,20164,0.013291013687760365
2016,Bromley,E01000740,263,75,10,197,20164,0.013043047014481253
2016,Bromley,E01000769,239,170,11,197,20164,0.011852806982741519
2016,Bromley,E01000729,232,98,12,197,20164,0.011505653640150763
2016,Bromley,E01000813,220,18,13,197,20164,0.010910533624280896
2016,Bromley,E01000720,209,53,14,197,20164,0.010365006943066852
2016,Bromley,E01000779,208,36,15,197,20164,0.010315413608411029
2016,Bromley,E01032568,201,66,16,197,20164,0.009968260265820273
2016,Bromley,E01000722,198,43,17,197,20164,0.009819480261852807
2016,Bromley,E01000782,191,94,18,197,20164,0.009472326919262052
2016,Bromley,E01000730,190,91,19,197,20164,0.009422733584606229
2016,Bromley,E01000693,179,40,20,197,20164,0.008877206903392184
2016,Camden,E01000863,1601,475,1,133,29183,0.054860706575746154
2016,Camden,E01000914,1286,204,2,133,29183,0.04406675119076175
2016,Camden,E01000850,997,162,3,133,29183,0.03416372545660144
2016,Camden,E01000919,984,174,4,133,29183,0.03371826063118939
2016,Camden,E01000854,941,209,5,133,29183,0.03224480005482644
2016,Camden,E01000858,900,233,6,133,29183,0.030839872528526883
2016,Camden,E01000855,898,138,7,133,29183,0.03077133947846349
2016,Camden,E01000918,786,136,8,133,29183,0.026933488674913478
2016,Camden,E01000947,779,228,9,133,29183,0.0266936229996916
2016,Camden,E01000953,692,170,10,133,29183,0.023712435321934004
2016,Camden,E01000931,502,122,11,133,29183,0.01720179556591166
2016,Camden,E01000956,448,114,12,133,29183,0.015351403214200048
2016,Camden,E01000916,438,80,13,133,29183,0.015008737963883082
2016,Camden,E01000861,437,166,14,133,29183,0.014974471438851385
2016,City of London,E01032739,98,14,1,6,178,0.550561797752809
2016,Croydon,E01001043,1471,638,1,220,28712,0.05123293396489273
2016,Croydon,E01001014,1132,277,2,220,28712,0.039426023962106434
2016,Croydon,E01001048,948,221,3,220,28712,0.033017553636110336
2016,Croydon,E01001045,885,337,4,220,28712,0.030823349122318194
2016,Croydon,E01001013,565,217,5,220,28712,0.01967818333797715
2016,Croydon,E01001097,459,146,6,220,28712,0.015986347171914182
2016,Croydon,E01001042,448,159,7,220,28712,0.01560323209807746
2016,Croydon,E01001155,403,142,8,220,28712,0.0140359431596545
2016,Croydon,E01001010,395,91,9,220,28712,0.013757314015045975
2016,Croydon,E01001178,324,155,10,220,28712,0.011284480356645305
2016,Croydon,E01001118,321,121,11,220,28712,0.011179994427417107
2016,Croydon,E01001172,308,130,12,220,28712,0.010727222067428254
2016,Croydon,E01001087,300,89,13,220,28712,0.010448592922819726
2016,Croydon,E01001136,290,127,14,220,28712,0.010100306492059069
2016,Croydon,E01001183,286,94,15,220,28712,0.009960991919754806
2016,Croydon,E01001116,278,57,16,220,28712,0.00968236277514628
2016,Croydon,E01001164,262,75,17,220,28712,0.009125104485929228
2016,Croydon,E01001076,256,112,18,220,28712,0.008916132627472834
2016,Croydon,E01001011,252,114,19,220,28712,0.00877681805516857
2016,Croydon,E01001191,235,80,20,220,28712,0.008184731122875454
2016,Croydon,E01001117,233,79,21,220,28712,0.008115073836723321
2016,Croydon,E01001115,222,83,22,220,28712,0.007731958762886598
2016,Ealing,E01001221,1237,306,1,196,27127,0.04560032440004424
2016,Ealing,E01001361,895,291,2,196,27127,0.03299295904449442
2016,Ealing,E01001247,744,162,3,196,27127,0.027426549194529436
2016,Ealing,E01001351,501,227,4,196,27127,0.01846868433663877
2016,Ealing,E01001340,482,366,5,196,27127,0.017768275150219337
2016,Ealing,E01001225,474,117,6,196,27127,0.017473366019095365
2016,Ealing,E01001202,456,147,7,196,27127,0.016809820474066428
2016,Ealing,E01001249,429,128,8,196,27127,0.01581450215652302
2016,Ealing,E01001261,421,133,9,196,27127,0.015519593025399049
2016,Ealing,E01001389,362,103,10,196,27127,0.013344638183359752
2016,Ealing,E01001222,290,88,11,196,27127,0.010690456003244
2016,Ealing,E01001367,279,124,12,196,27127,0.010284955947948538
2016,Ealing,E01032744,269,93,13,196,27127,0.009916319534043573
2016,Ealing,E01001337,268,131,14,196,27127,0.009879455892653077
2016,Ealing,E01001327,257,51,15,196,27127,0.009473955837357615
2016,Ealing,E01001323,253,75,16,196,27127,0.009326501271795629
2016,Ealing,E01001333,249,103,17,196,27127,0.009179046706233642
2016,Ealing,E01001238,248,108,18,196,27127,0.009142183064843145
2016,Ealing,E01001354,238,55,19,196,27127,0.00877354665093818
2016,Ealing,E01001347,233,63,20,196,27127,0.008589228443985696
2016,Enfield,E01001429,831,233,1,183,22485,0.03695797198132088
2016,Enfield,E01001559,556,92,2,183,22485,0.02472759617522793
2016,Enfield,E01001513,522,136,3,183,22485,0.02321547698465644
2016,Enfield,E01001519,429,100,4,183,22485,0.019079386257505004
2016,Enfield,E01001450,390,85,5,183,22485,0.01734489659773182
2016,Enfield,E01001507,388,117,6,183,22485,0.017255948410051146
2016,Enfield,E01001558,376,125,7,183,22485,0.01672225928396709
2016,Enfield,E01001511,302,42,8,183,22485,0.013431176339782077
2016,Enfield,E01032574,283,134,9,183,22485,0.012586168556815654
2016,Enfield,E01001425,275,88,10,183,22485,0.012230375806092951
2016,Enfield,E01001427,269,82,11,183,22485,0.011963531243050923
2016,Enfield,E01001498,264,84,12,183,22485,0.011741160773849233
2016,Enfield,E01001437,261,89,13,183,22485,0.01160773849232822
2016,Enfield,E01001412,255,69,14,183,22485,0.01134089392928619
2016,Enfield,E01001439,241,96,15,183,22485,0.010718256615521459
2016,Enfield,E01001506,231,50,16,183,22485,0.010273515677118079
2016,Enfield,E01001445,229,107,17,183,22485,0.010184567489437402
2016,Enfield,E01001536,229,76,18,183,22485,0.010184567489437402
2016,Enfield,E01001415,218,27,19,183,22485,0.009695352457193685
2016,Greenwich,E01001667,867,250,1,151,22730,0.03814342278926529
2016,Greenwich,E01001641,493,130,2,151,22730,0.02168939727232732
2016,Greenwich,E01033737,469,151,3,151,22730,0.020633523977122745
2016,Greenwich,E01001696,467,177,4,151,22730,0.020545534535855697
2016,Greenwich,E01033735,454,134,5,151,22730,0.019973603167619886
2016,Greenwich,E01033731,451,185,6,151,22730,0.019841619005719315
2016,Greenwich,E01001640,441,163,7,151,22730,0.019401671799384075
2016,Greenwich,E01001701,384,188,8,151,22730,0.01689397272327321
2016,Greenwich,E01001615,351,101,9,151,22730,0.015442146942366916
2016,Greenwich,E01033738,332,76,10,151,22730,0.014606247250329961
2016,Greenwich,E01001609,320,99,11,151,22730,0.014078310602727673
2016,Greenwich,E01001666,317,69,12,151,22730,0.0139463264408271
2016,Greenwich,E01033743,310,90,13,151,22730,0.013638363396392433
2016,Greenwich,E01033726,291,110,14,151,22730,0.012802463704355477
2016,Greenwich,E01001662,263,81,15,151,22730,0.011570611526616805
2016,Greenwich,E01001652,256,52,16,151,22730,0.011262648482182138
2016,Hackney,E01033708,2051,380,1,144,28265,0.07256324075712012
2016,Hackney,E01033706,956,199,2,144,28265,0.03382274898284097
2016,Hackney,E01033699,851,202,3,144,28265,0.0301079073058553
2016,Hackney,E01001760,754,204,4,144,28265,0.026676101185211392
2016,Hackney,E01001748,586,151,5,144,28265,0.02073235450203432
2016,Hackney,E01001731,496,151,6,144,28265,0.017548204493189456
2016,Hackney,E01033700,466,113,7,144,28265,0.016486821156907836
2016,Hackney,E01033704,437,100,8,144,28265,0.015460817265168937
2016,Hackney,E01001780,413,113,9,144,28265,0.014611710596143641
2016,Hackney,E01001735,400,196,10,144,28265,0.014151777817088271
2016,Hackney,E01001839,382,153,11,144,28265,0.0135149478153193
2016,Hackney,E01001747,376,133,12,144,28265,0.013302671148062975
2016,Hackney,E01033712,376,73,13,144,28265,0.013302671148062975
2016,Hackney,E01001777,365,115,14,144,28265,0.012913497258093048
2016,Hackney,E01001779,363,83,15,144,28265,0.012842738369007607
2016,Hammersmith and Fulham,E01001943,2014,423,1,113,20174,0.09983146624367999
2016,Hammersmith and Fulham,E01001898,882,274,2,113,20174,0.04371963913948647
2016,Hammersmith and Fulham,E01001899,625,105,3,113,20174,0.030980469911767623
2016,Hammersmith and Fulham,E01001941,610,266,4,113,20174,0.0302369386338852
2016,Hammersmith and Fulham,E01001857,492,122,5,113,20174,0.02438782591454347
2016,Hammersmith and Fulham,E01001890,451,268,6,113,20174,0.022355507088331516
2016,Hammersmith and Fulham,E01001920,430,132,7,113,20174,0.021314563299296124
2016,Hammersmith and Fulham,E01001876,392,185,8,113,20174,0.01943095072866065
2016,Hammersmith and Fulham,E01001932,368,97,9,113,20174,0.018241300684048774
2016,Hammersmith and Fulham,E01001874,321,119,10,113,20174,0.015911569346683852
2016,Hammersmith and Fulham,E01001953,295,94,11,113,20174,0.014622781798354318
2016,Hammersmith and Fulham,E01001881,290,90,12,113,20174,0.014374938039060177
2016,Haringey,E01002026,1257,158,1,145,27174,0.04625745197615368
2016,Haringey,E01002031,676,160,2,145,27174,0.024876720394494737
2016,Haringey,E01002029,662,257,3,145,27174,0.024361522043129462
2016,Haringey,E01002034,655,204,4,145,27174,0.024103922867446823
2016,Haringey,E01002069,623,200,5,145,27174,0.022926326635754765
2016,Haringey,E01002068,620,139,6,145,27174,0.022815926989033637
2016,Haringey,E01002080,547,143,7,145,27174,0.020129535585486125
2016,Haringey,E01002077,527,198,8,145,27174,0.01939353794067859
2016,Haringey,E01002002,471,118,9,145,27174,0.01733274453521749
2016,Haringey,E01001979,399,177,10,145,27174,0.014683153013910355
2016,Haringey,E01002105,372,156,11,145,27174,0.013689556193420181
2016,Haringey,E01002066,360,112,12,145,27174,0.01324795760653566
2016,Haringey,E01002085,360,116,13,145,27174,0.01324795760653566
2016,Haringey,E01002081,350,131,14,145,27174,0.01287995878413189
2016,Haringey,E01002072,325,97,15,145,27174,0.01195996172812247
2016,Harrow,E01002129,809,157,1,137,13153,0.06150688055956816
2016,Harrow,E01002130,597,164,2,137,13153,0.045388884665095414
2016,Harrow,E01002179,317,137,3,137,13153,0.024100965559188017
2016,Harrow,E01002213,289,97,4,137,13153,0.021972173648597278
2016,Harrow,E01002219,285,115,5,137,13153,0.02166806051851289
2016,Harrow,E01002126,276,118,6,137,13153,0.020983805975823007
2016,Harrow,E01002133,232,105,7,137,13153,0.0176385615448947
2016,Harrow,E01002226,183,42,8,137,13153,0.013913175701360907
2016,Harrow,E01002180,161,55,9,137,13153,0.012240553485896753
2016,Harrow,E01002119,159,59,10,137,13153,0.012088496920854558
2016,Harrow,E01002233,156,51,11,137,13153,0.011860412073291264
2016,Harrow,E01002118,153,68,12,137,13153,0.01163232722572797
2016,Harrow,E01002204,150,54,13,137,13153,0.011404242378164677
2016,Harrow,E01002136,146,56,14,137,13153,0.011100129248080286
2016,Havering,E01002356,1173,495,1,150,16903,0.06939596521327575
2016,Havering,E01032741,919,184,2,150,16903,0.054369046914748864
2016,Havering,E01002353,516,201,3,150,16903,0.030527125362361712
2016,Havering,E01002361,374,142,4,150,16903,0.022126249778145892
2016,Havering,E01002345,351,93,5,150,16903,0.020765544577885583
2016,Havering,E01002293,329,79,6,150,16903,0.019464000473288764
2016,Havering,E01002282,313,140,7,150,16903,0.018517422942672897
2016,Havering,E01002319,284,62,8,150,16903,0.01680175116843164
2016,Havering,E01002248,276,101,9,150,16903,0.016328462403123706
2016,Havering,E01002249,275,109,10,150,16903,0.016269301307460213
2016,Havering,E01002370,254,107,11,150,16903,0.01502691829852689
2016,Havering,E01002344,228,60,12,150,16903,0.013488729811276105
2016,Havering,E01002350,227,87,13,150,16903,0.013429568715612614
2016,Havering,E01002281,225,118,14,150,16903,0.01331124652428563
2016,Havering,E01002277,209,48,15,150,16903,0.012364668993669763
2016,Hillingdon,E01002444,2640,390,1,161,24341,0.10845897867795078
2016,Hillingdon,E01002554,744,194,2,161,24341,0.030565712172877037
2016,Hillingdon,E01002505,656,149,3,161,24341,0.026950412883612013
2016,Hillingdon,E01002521,604,187,4,161,24341,0.024814099667228133
2016,Hillingdon,E01002515,581,172,5,161,24341,0.023869191898442957
2016,Hillingdon,E01002506,514,171,6,161,24341,0.021116634485025265
2016,Hillingdon,E01002514,395,141,7,161,24341,0.016227763855223697
2016,Hillingdon,E01002406,382,117,8,161,24341,0.015693685551127726
2016,Hillingdon,E01002535,363,71,9,161,24341,0.014913109568218232
2016,Hillingdon,E01002407,358,127,10,161,24341,0.01470769483587363
2016,Hillingdon,E01002397,319,129,11,161,24341,0.01310545992358572
2016,Hillingdon,E01002412,301,162,12,161,24341,0.012365966887145146
2016,Hillingdon,E01033725,279,104,13,161,24341,0.01146214206482889
2016,Hillingdon,E01002497,276,50,14,161,24341,0.011338893225422128
2016,Hillingdon,E01002540,271,82,15,161,24341,0.011133478493077524
2016,Hillingdon,E01002490,261,65,16,161,24341,0.010722649028388317
2016,Hillingdon,E01033724,255,99,17,161,24341,0.010476151349574792
2016,Hounslow,E01033083,1220,234,1,142,22251,0.054828996449597774
2016,Hounslow,E01002664,483,126,2,142,22251,0.021706889577996494
2016,Hounslow,E01002642,448,179,3,142,22251,0.020133926565098197
2016,Hounslow,E01002637,446,112,4,142,22251,0.02004404296436115
2016,Hounslow,E01002681,372,180,5,142,22251,0.01671834973709047
2016,Hounslow,E01002568,364,136,6,142,22251,0.016358815334142286
2016,Hounslow,E01032573,362,63,7,142,22251,0.01626893173340524
2016,Hounslow,E01002566,355,84,8,142,22251,0.01595433913082558
2016,Hounslow,E01002641,333,134,9,142,22251,0.01496561952271808
2016,Hounslow,E01002592,307,92,10,142,22251,0.013797132713136488
2016,Hounslow,E01002648,290,138,11,142,22251,0.013033122106871601
2016,Hounslow,E01002589,288,73,12,142,22251,0.012943238506134555
2016,Hounslow,E01033030,285,78,13,142,22251,0.012808413105028987
2016,Hounslow,E01033084,268,127,14,142,22251,0.0120444024987641
2016,Hounslow,E01002678,267,46,15,142,22251,0.011999460698395577
2016,Islington,E01002704,1110,227,1,123,27092,0.04097150450317437
2016,Islington,E01002794,985,205,2,123,27092,0.03635759633840248
2016,Islington,E01002696,832,160,3,123,27092,0.030710172744721688
2016,Islington,E01002724,783,120,4,123,27092,0.028901520744131107
2016,Islington,E01002731,744,193,5,123,27092,0.02746198139672228
2016,Islington,E01002711,647,193,6,123,27092,0.023881588660859293
2016,Islington,E01002770,606,235,7,123,27092,0.022368226782814114
2016,Islington,E01002803,577,121,8,123,27092,0.021297800088587036
2016,Islington,E01002795,509,153,9,123,27092,0.01878783404695113
2016,Islington,E01002734,504,159,10,123,27092,0.018603277720360255
2016,Islington,E01033491,489,160,11,123,27092,0.018049608740587628
2016,Islington,E01002695,429,147,12,123,27092,0.01583493282149712
2016,Islington,E01002726,362,62,13,123,27092,0.013361878045179389
2016,Kensington and Chelsea,E01002819,914,102,1,103,19580,0.0466802860061287
2016,Kensington and Chelsea,E01002818,684,76,2,103,19580,0.03493360572012257
2016,Kensington and Chelsea,E01002831,533,155,3,103,19580,0.027221654749744636
2016,Kensington and Chelsea,E01002852,513,144,4,103,19580,0.02620020429009193
2016,Kensington and Chelsea,E01002884,477,96,5,103,19580,0.02436159346271706
2016,Kensington and Chelsea,E01002889,448,78,6,103,19580,0.022880490296220635
2016,Kensington and Chelsea,E01002883,426,59,7,103,19580,0.021756894790602655
2016,Kensington and Chelsea,E01002835,417,65,8,103,19580,0.021297242083758938
2016,Kensington and Chelsea,E01002821,392,61,9,103,19580,0.020020429009193055
2016,Kensington and Chelsea,E01002850,391,113,10,103,19580,0.01996935648621042
2016,Kensington and Chelsea,E01002826,375,66,11,103,19580,0.019152196118488254
2016,Kingston upon Thames,E01002968,2518,631,1,98,9983,0.25222878894120004
2016,Kingston upon Thames,E01002964,352,131,2,98,9983,0.03525994190123209
2016,Kingston upon Thames,E01002987,342,113,3,98,9983,0.034258239006310726
2016,Kingston upon Thames,E01002930,263,67,4,98,9983,0.026344786136431934
2016,Kingston upon Thames,E01002948,207,61,5,98,9983,0.020735249924872284
2016,Kingston upon Thames,E01003003,200,71,6,98,9983,0.020034057898427327
2016,Kingston upon Thames,E01002969,174,82,7,98,9983,0.017429630371631775
2016,Kingston upon Thames,E01002919,169,68,8,98,9983,0.016928778924171092
2016,Kingston upon Thames,E01002965,161,49,9,98,9983,0.016127416608233996
2016,Kingston upon Thames,E01002972,156,60,10,98,9983,0.015626565160773313
2016,Lambeth,E01003047,1730,545,1,178,34071,0.05077632003756861
2016,Lambeth,E01003013,1038,281,2,178,34071,0.030465792022541165
2016,Lambeth,E01032582,993,190,3,178,34071,0.02914502069208418
2016,Lambeth,E01003055,730,160,4,178,34071,0.021425846027413344
2016,Lambeth,E01003035,722,218,5,178,34071,0.0211910422353321
2016,Lambeth,E01003109,699,185,6,178,34071,0.02051598133309853
2016,Lambeth,E01003102,625,198,7,178,34071,0.01834404625634704
2016,Lambeth,E01003061,538,106,8,178,34071,0.015790555017463532
2016,Lambeth,E01003076,466,190,9,178,34071,0.013677320888732353
2016,Lambeth,E01003118,424,109,10,178,34071,0.012444600980305831
2016,Lambeth,E01003090,420,113,11,178,34071,0.012327199084265212
2016,Lambeth,E01003039,387,71,12,178,34071,0.011358633441930088
2016,Lambeth,E01003016,374,88,13,178,34071,0.010977077279798068
2016,Lambeth,E01003096,366,182,14,178,34071,0.010742273487716827
2016,Lambeth,E01003186,366,103,15,178,34071,0.010742273487716827
2016,Lambeth,E01003041,352,101,16,178,34071,0.010331366851574653
2016,Lambeth,E01003020,349,105,17,178,34071,0.010243315429544188
2016,Lambeth,E01003017,334,80,18,178,34071,0.009803058319391858
2016,Lewisham,E01033327,930,230,1,169,23904,0.03890562248995984
2016,Lewisham,E01003318,767,267,2,169,23904,0.03208668005354753
2016,Lewisham,E01003296,698,218,3,169,23904,0.029200133868808566
2016,Lewisham,E01003303,501,165,4,169,23904,0.020958835341365462
2016,Lewisham,E01003291,455,244,5,169,23904,0.01903447121820616
2016,Lewisham,E01003304,398,151,6,169,23904,0.016649933065595715
2016,Lewisham,E01003193,360,85,7,169,23904,0.015060240963855422
2016,Lewisham,E01003199,344,131,8,169,23904,0.014390896921017403
2016,Lewisham,E01003324,322,110,9,169,23904,0.013470548862115126
2016,Lewisham,E01003190,288,111,10,169,23904,0.012048192771084338
2016,Lewisham,E01003215,288,107,11,169,23904,0.012048192771084338
2016,Lewisham,E01032579,268,99,12,169,23904,0.011211512717536815
2016,Lewisham,E01003299,245,68,13,169,23904,0.010249330655957163
2016,Lewisham,E01003207,243,101,14,169,23904,0.01016566265060241
2016,Lewisham,E01003255,242,93,15,169,23904,0.010123828647925033
2016,Lewisham,E01003253,232,84,16,169,23904,0.009705488621151271
2016,Lewisham,E01003286,229,74,17,169,23904,0.009579986613119143
2016,Merton,E01003456,537,114,1,124,12755,0.04210113680909447
2016,Merton,E01003367,483,99,2,124,12755,0.03786750294002352
2016,Merton,E01003383,394,128,3,124,12755,0.03088984711877695
2016,Merton,E01003475,256,57,4,124,12755,0.020070560564484516
2016,Merton,E01003390,252,86,5,124,12755,0.019756958055664447
2016,Merton,E01003379,248,93,6,124,12755,0.019443355546844374
2016,Merton,E01003375,220,80,7,124,12755,0.01724813798510388
2016,Merton,E01003427,208,77,8,124,12755,0.01630733045864367
2016,Merton,E01003389,201,83,9,124,12755,0.015758526068208545
2016,Merton,E01003439,201,84,10,124,12755,0.015758526068208545
2016,Merton,E01003401,181,33,11,124,12755,0.014190513524108193
2016,Merton,E01003471,174,33,12,124,12755,0.01364170913367307
2016,Merton,E01003469,173,28,13,124,12755,0.013563308506468051
2016,Newham,E01033583,2659,518,1,164,30090,0.08836822864739116
2016,Newham,E01003617,1440,316,2,164,30090,0.047856430707876374
2016,Newham,E01003482,874,189,3,164,30090,0.029046194749086075
2016,Newham,E01003521,757,144,4,164,30090,0.02515785975407112
2016,Newham,E01003517,469,65,5,164,30090,0.015586573612495845
2016,Newham,E01003619,462,187,6,164,30090,0.015353938185443668
2016,Newham,E01003515,400,116,7,164,30090,0.013293452974410104
2016,Newham,E01003569,365,70,8,164,30090,0.012130275839149218
2016,Newham,E01003556,357,136,9,164,30090,0.011864406779661017
2016,Newham,E01003502,336,124,10,164,30090,0.011166500498504487
2016,Newham,E01003618,335,80,11,164,30090,0.011133266866068461
2016,Newham,E01033578,328,82,12,164,30090,0.010900631439016284
2016,Newham,E01003486,306,67,13,164,30090,0.010169491525423728
2016,Newham,E01003603,306,160,14,164,30090,0.010169491525423728
2016,Newham,E01003606,303,79,15,164,30090,0.010069790628115654
2016,Newham,E01003609,299,92,16,164,30090,0.009936856098371551
2016,Newham,E01003558,297,118,17,164,30090,0.009870388833499501
2016,Redbridge,E01003689,1037,221,1,161,19502,0.053174033432468466
2016,Redbridge,E01003783,792,182,2,161,19502,0.04061121936211671
2016,Redbridge,E01033589,476,199,3,161,19502,0.024407753050969132
2016,Redbridge,E01003728,370,124,4,161,19502,0.01897241308583735
2016,Redbridge,E01003770,336,177,5,161,19502,0.01722900215362527
2016,Redbridge,E01003645,316,63,6,161,19502,0.016203466311147576
2016,Redbridge,E01003767,294,96,7,161,19502,0.01507537688442211
2016,Redbridge,E01003690,290,96,8,161,19502,0.014870269715926572
2016,Redbridge,E01003769,288,90,9,161,19502,0.014767716131678802
2016,Redbridge,E01033591,271,107,10,161,19502,0.013896010665572762
2016,Redbridge,E01003793,238,24,11,161,19502,0.012203876525484566
2016,Redbridge,E01003729,235,92,12,161,19502,0.012050046149112911
2016,Redbridge,E01003778,229,49,13,161,19502,0.011742385396369603
2016,Redbridge,E01003674,225,69,14,161,19502,0.011537278227874065
2016,Redbridge,E01003719,218,89,15,161,19502,0.011178340683006872
2016,Redbridge,E01003788,218,64,16,161,19502,0.011178340683006872
2016,Redbridge,E01003781,204,84,17,161,19502,0.010460465593272485
2016,Richmond upon Thames,E01003876,773,140,1,115,11074,0.06980314249593643
2016,Richmond upon Thames,E01003896,322,96,2,115,11074,0.029077117572692796
2016,Richmond upon Thames,E01003807,226,40,3,115,11074,0.02040816326530612
2016,Richmond upon Thames,E01003897,200,62,4,115,11074,0.018060321473722232
2016,Richmond upon Thames,E01003860,193,54,5,115,11074,0.017428210222141954
2016,Richmond upon Thames,E01003862,193,47,6,115,11074,0.017428210222141954
2016,Richmond upon Thames,E01003829,186,69,7,115,11074,0.016796098970561675
2016,Richmond upon Thames,E01003841,158,79,8,115,11074,0.014267653964240564
2016,Richmond upon Thames,E01003855,153,48,9,115,11074,0.013816145927397508
2016,Richmond upon Thames,E01003888,152,48,10,115,11074,0.013725844320028897
2016,Richmond upon Thames,E01003909,151,43,11,115,11074,0.013635542712660285
2016,Richmond upon Thames,E01003819,149,64,12,115,11074,0.013454939497923063
2016,Southwark,E01003929,943,144,1,166,31636,0.029807813882918196
2016,Southwark,E01004067,811,246,2,166,31636,0.02563535213048426
2016,Southwark,E01004027,789,159,3,166,31636,0.024939941838411937
2016,Southwark,E01003939,759,190,4,166,31636,0.023991655076495134
2016,Southwark,E01032720,746,235,5,166,31636,0.02358073081299785
2016,Southwark,E01003927,661,123,6,166,31636,0.02089391832090024
2016,Southwark,E01004031,569,82,7,166,31636,0.01798583891768871
2016,Southwark,E01003934,516,83,8,166,31636,0.01631053230496902
2016,Southwark,E01003921,499,185,9,166,31636,0.0157731698065495
2016,Southwark,E01004062,445,144,10,166,31636,0.014066253635099253
2016,Southwark,E01003981,432,122,11,166,31636,0.013655329371601972
2016,Southwark,E01004010,417,153,12,166,31636,0.01318118599064357
2016,Southwark,E01003969,393,142,13,166,31636,0.012422556581110128
2016,Southwark,E01032639,385,134,14,166,31636,0.012169680111265646
2016,Southwark,E01003964,377,124,15,166,31636,0.011916803641421166
2016,Southwark,E01003988,374,120,16,166,31636,0.011821974965229486
2016,Southwark,E01003948,361,26,17,166,31636,0.011411050701732204
2016,Sutton,E01004142,1242,404,1,121,10658,0.11653218239819854
2016,Sutton,E01004178,281,87,2,121,10658,0.026365171702007882
2016,Sutton,E01004123,225,103,3,121,10658,0.0211109026083693
2016,Sutton,E01004137,209,57,4,121,10658,0.019609682867329704
2016,Sutton,E01004076,201,37,5,121,10658,0.018859072996809906
2016,Sutton,E01004119,189,39,6,121,10658,0.01773315819103021
2016,Sutton,E01004088,152,89,7,121,10658,0.01426158753987615
2016,Sutton,E01004130,152,51,8,121,10658,0.01426158753987615
2016,Sutton,E01004185,149,65,9,121,10658,0.013980108838431225
2016,Sutton,E01004170,147,34,10,121,10658,0.013792456370801277
2016,Sutton,E01004140,140,55,11,121,10658,0.013135672734096453
2016,Sutton,E01004128,137,63,12,121,10658,0.01285419403265153
2016,Sutton,E01004121,133,36,13,121,10658,0.012478889097391631
2016,Tower Hamlets,E01004307,814,135,1,144,29253,0.027826205859228112
2016,Tower Hamlets,E01004317,793,219,2,144,29253,0.027108330769493726
2016,Tower Hamlets,E01004309,699,235,3,144,29253,0.023894985129730283
2016,Tower Hamlets,E01004208,527,177,4,144,29253,0.018015246299524834
2016,Tower Hamlets,E01032771,523,106,5,144,29253,0.017878508187194476
2016,Tower Hamlets,E01004238,522,162,6,144,29253,0.017844323659111885
2016,Tower Hamlets,E01004277,474,102,7,144,29253,0.016203466311147576
2016,Tower Hamlets,E01004325,440,124,8,144,29253,0.01504119235633952
2016,Tower Hamlets,E01004203,423,148,9,144,29253,0.014460055378935494
2016,Tower Hamlets,E01004322,415,118,10,144,29253,0.014186579154274775
2016,Tower Hamlets,E01004197,406,142,11,144,29253,0.013878918401531467
2016,Tower Hamlets,E01004259,391,115,12,144,29253,0.01336615048029262
2016,Tower Hamlets,E01004247,372,120,13,144,29253,0.012716644446723413
2016,Tower Hamlets,E01004262,359,207,14,144,29253,0.012272245581649745
2016,Tower Hamlets,E01004293,359,66,15,144,29253,0.012272245581649745
2016,Waltham Forest,E01004397,1083,292,1,144,20716,0.052278432129754776
2016,Waltham Forest,E01004430,604,137,2,144,20716,0.029156207762116238
2016,Waltham Forest,E01004392,591,187,3,144,20716,0.028528673489090557
2016,Waltham Forest,E01004438,501,137,4,144,20716,0.024184205445066616
2016,Waltham Forest,E01004455,405,96,5,144,20716,0.019550106198107743
2016,Waltham Forest,E01004420,354,133,6,144,20716,0.01708824097316084
2016,Waltham Forest,E01004422,317,65,7,144,20716,0.015302181888395444
2016,Waltham Forest,E01004348,300,105,8,144,20716,0.014481560146746475
2016,Waltham Forest,E01004456,297,61,9,144,20716,0.014336744545279011
2016,Waltham Forest,E01004464,271,123,10,144,20716,0.01308167599922765
2016,Waltham Forest,E01004424,227,96,11,144,20716,0.0109577138443715
2016,Waltham Forest,E01004444,226,87,12,144,20716,0.010909441977215679
2016,Waltham Forest,E01004440,225,89,13,144,20716,0.010861170110059857
2016,Waltham Forest,E01004341,222,93,14,144,20716,0.010716354508592393
2016,Waltham Forest,E01004342,214,83,15,144,20716,0.01033017957134582
2016,Wandsworth,E01004525,827,217,1,179,23679,0.03492546137928122
2016,Wandsworth,E01004551,679,152,2,179,23679,0.028675197432324
2016,Wandsworth,E01004609,606,125,3,179,23679,0.02559229697200051
2016,Wandsworth,E01004600,585,122,4,179,23679,0.024705435195743062
2016,Wandsworth,E01004509,565,145,5,179,23679,0.023860804932640735
2016,Wandsworth,E01004474,476,113,6,179,23679,0.02010220026183538
2016,Wandsworth,E01004617,445,153,7,179,23679,0.018793023354026776
2016,Wandsworth,E01004588,433,114,8,179,23679,0.01828624519616538
2016,Wandsworth,E01004552,431,86,9,179,23679,0.018201782169855147
2016,Wandsworth,E01004626,310,199,10,179,23679,0.013091769078086068
2016,Wandsworth,E01004571,293,47,11,179,23679,0.01237383335444909
2016,Wandsworth,E01004562,264,81,12,179,23679,0.011149119472950716
2016,Wandsworth,E01004606,249,15,13,179,23679,0.010515646775623971
2016,Wandsworth,E01004545,248,49,14,179,23679,0.010473415262468854
2016,Wandsworth,E01004570,237,181,15,179,23679,0.010008868617762574
2016,Wandsworth,E01004560,218,51,16,179,23679,0.009206469867815363
2016,Wandsworth,E01004476,216,33,17,179,23679,0.009122006841505131
2016,Wandsworth,E01004644,216,114,18,179,23679,0.009122006841505131
2016,Westminster,E01033595,5047,688,1,128,48330,0.10442789157872957
2016,Westminster,E01004734,4163,1174,2,128,48330,0.08613697496379061
2016,Westminster,E01004763,3733,737,3,128,48330,0.07723980964204429
2016,Westminster,E01004736,3016,616,4,128,48330,0.06240430374508587
2016,Westminster,E01004735,1950,319,5,128,48330,0.040347610180012414
2016,Westminster,E01004714,1885,179,6,128,48330,0.039002689840678666
2016,Westminster,E01004765,1571,248,7,128,48330,0.03250569004758949
2016,Westminster,E01004761,1339,283,8,128,48330,0.02770535899027519
2016,Westminster,E01033596,1212,185,9,128,48330,0.025077591558038487
2016,Westminster,E01004762,1074,142,10,128,48330,0.022222222222222223
2016,Westminster,E01004689,979,159,11,128,48330,0.020256569418580592
2016,Westminster,E01004658,840,194,12,128,48330,0.01738050900062073
2016,Westminster,E01004733,781,256,13,128,48330,0.016159735154148563
