ano,bairro,categoria_original,crimes,meses_disponiveis,crimes_anterior,ano_anterior,meses_anterior,variacao_absoluta,variacao_yoy
2008,Barking and Dagenham,Burglary,1764,12,,,,,
2008,Barking and Dagenham,Criminal Damage,2934,12,,,,,
2008,Barking and Dagenham,Drugs,1467,12,,,,,
2008,Barking and Dagenham,Fraud or Forgery,205,12,,,,,
2008,Barking and Dagenham,Other Notifiable Offences,253,12,,,,,
2008,Barking and Dagenham,Robbery,635,12,,,,,
2008,Barking and Dagenham,Sexual Offences,49,12,,,,,
2008,Barking and Dagenham,Theft and Handling,5354,12,,,,,
2008,Barking and Dagenham,Violence Against the Person,4995,12,,,,,
2008,Barnet,Burglary,3750,12,,,,,
2008,Barnet,Criminal Damage,2918,12,,,,,
2008,Barnet,Drugs,1264,12,,,,,
2008,Barnet,Fraud or Forgery,175,12,,,,,
2008,Barnet,Other Notifiable Offences,297,12,,,,,
2008,Barnet,Robbery,794,12,,,,,
2008,Barnet,Sexual Offences,38,12,,,,,
2008,Barnet,Theft and Handling,9872,12,,,,,
2008,Barnet,Violence Against the Person,4836,12,,,,,
2008,Bexley,Burglary,2284,12,,,,,
2008,Bexley,Criminal Damage,2893,12,,,,,
2008,Bexley,Drugs,996,12,,,,,
2008,Bexley,Fraud or Forgery,106,12,,,,,
2008,Bexley,Other Notifiable Offences,148,12,,,,,
2008,Bexley,Robbery,349,12,,,,,
2008,Bexley,Sexual Offences,22,12,,,,,
2008,Bexley,Theft and Handling,5236,12,,,,,
2008,Bexley,Violence Against the Person,3271,12,,,,,
2008,Brent,Burglary,3266,12,,,,,
2008,Brent,Criminal Damage,2504,12,,,,,
2008,Brent,Drugs,2813,12,,,,,
2008,Brent,Fraud or Forgery,157,12,,,,,
2008,Brent,Other Notifiable Offences,274,12,,,,,
2008,Brent,Robbery,1555,12,,,,,
2008,Brent,Sexual Offences,39,12,,,,,
2008,Brent,Theft and Handling,7206,12,,,,,
2008,Brent,Violence Against the Person,5690,12,,,,,
2008,Bromley,Burglary,3447,12,,,,,
2008,Bromley,Criminal Damage,4230,12,,,,,
2008,Bromley,Drugs,1089,12,,,,,
2008,Bromley,Fraud or Forgery,196,12,,,,,
2008,Bromley,Other Notifiable Offences,220,12,,,,,
2008,Bromley,Robbery,762,12,,,,,
2008,Bromley,Sexual Offences,31,12,,,,,
2008,Bromley,Theft and Handling,8809,12,,,,,
2008,Bromley,Violence Against the Person,5231,12,,,,,
2008,Camden,Burglary,3575,12,,,,,
2008,Camden,Criminal Damage,2629,12,,,,,
2008,Camden,Drugs,3982,12,,,,,
2008,Camden,Fraud or Forgery,123,12,,,,,
2008,Camden,Other Notifiable Offences,459,12,,,,,
2008,Camden,Robbery,913,12,,,,,
2008,Camden,Sexual Offences,36,12,,,,,
2008,Camden,Theft and Handling,14394,12,,,,,
2008,Camden,Violence Against the Person,5899,12,,,,,
2008,City of London,Burglary,0,12,,,,,
2008,City of London,Criminal Damage,0,12,,,,,
2008,City of London,Drugs,0,12,,,,,
2008,City of London,Other Notifiable Offences,0,12,,,,,
2008,City of London,Robbery,0,12,,,,,
2008,City of London,Theft and Handling,0,12,,,,,
2008,City of London,Violence Against the Person,0,12,,,,,
2008,Croydon,Burglary,3737,12,,,,,
2008,Croydon,Criminal Damage,4511,12,,,,,
2008,Croydon,Drugs,2798,12,,,,,
2008,Croydon,Fraud or Forgery,270,12,,,,,
2008,Croydon,Other Notifiable Offences,386,12,,,,,
2008,Croydon,Robbery,1394,12,,,,,
2008,Croydon,Sexual Offences,55,12,,,,,
2008,Croydon,Theft and Handling,9604,12,,,,,
2008,Croydon,Violence Against the Person,6761,12,,,,,
2008,Ealing,Burglary,3837,12,,,,,
2008,Ealing,Criminal Damage,3365,12,,,,,
2008,Ealing,Drugs,3083,12,,,,,
2008,Ealing,Fraud or Forgery,175,12,,,,,
2008,Ealing,Other Notifiable Offences,410,12,,,,,
2008,Ealing,Robbery,1308,12,,,,,
2008,Ealing,Sexual Offences,52,12,,,,,
2008,Ealing,Theft and Handling,9562,12,,,,,
2008,Ealing,Violence Against the Person,7155,12,,,,,
2008,Enfield,Burglary,3819,12,,,,,
2008,Enfield,Criminal Damage,3379,12,,,,,
2008,Enfield,Drugs,2125,12,,,,,
2008,Enfield,Fraud or Forgery,132,12,,,,,
2008,Enfield,Other Notifiable Offences,247,12,,,,,
2008,Enfield,Robbery,1019,12,,,,,
2008,Enfield,Sexual Offences,38,12,,,,,
2008,Enfield,Theft and Handling,7454,12,,,,,
2008,Enfield,Violence Against the Person,3767,12,,,,,
2008,Greenwich,Burglary,3008,12,,,,,
2008,Greenwich,Criminal Damage,3353,12,,,,,
2008,Greenwich,Drugs,1612,12,,,,,
2008,Greenwich,Fraud or Forgery,107,12,,,,,
2008,Greenwich,Other Notifiable Offences,317,12,,,,,
2008,Greenwich,Robbery,898,12,,,,,
2008,Greenwich,Sexual Offences,56,12,,,,,
2008,Greenwich,Theft and Handling,7162,12,,,,,
2008,Greenwich,Violence Against the Person,5497,12,,,,,
2008,Hackney,Burglary,2161,12,,,,,
2008,Hackney,Criminal Damage,2199,12,,,,,
2008,Hackney,Drugs,3197,12,,,,,
2008,Hackney,Fraud or Forgery,143,12,,,,,
2008,Hackney,Other Notifiable Offences,337,12,,,,,
2008,Hackney,Robbery,894,12,,,,,
2008,Hackney,Sexual Offences,46,12,,,,,
2008,Hackney,Theft and Handling,7569,12,,,,,
2008,Hackney,Violence Against the Person,5458,12,,,,,
2008,Hammersmith and Fulham,Burglary,2438,12,,,,,
2008,Hammersmith and Fulham,Criminal Damage,2068,12,,,,,
2008,Hammersmith and Fulham,Drugs,2068,12,,,,,
2008,Hammersmith and Fulham,Fraud or Forgery,91,12,,,,,
2008,Hammersmith and Fulham,Other Notifiable Offences,256,12,,,,,
2008,Hammersmith and Fulham,Robbery,664,12,,,,,
2008,Hammersmith and Fulham,Sexual Offences,45,12,,,,,
2008,Hammersmith and Fulham,Theft and Handling,8800,12,,,,,
2008,Hammersmith and Fulham,Violence Against the Person,4684,12,,,,,
2008,Haringey,Burglary,3679,12,,,,,
2008,Haringey,Criminal Damage,3422,12,,,,,
2008,Haringey,Drugs,2468,12,,,,,
2008,Haringey,Fraud or Forgery,207,12,,,,,
2008,Haringey,Other Notifiable Offences,284,12,,,,,
2008,Haringey,Robbery,1147,12,,,,,
2008,Haringey,Sexual Offences,40,12,,,,,
2008,Haringey,Theft and Handling,9373,12,,,,,
2008,Haringey,Violence Against the Person,5104,12,,,,,
2008,Harrow,Burglary,2290,12,,,,,
2008,Harrow,Criminal Damage,1778,12,,,,,
2008,Harrow,Drugs,1010,12,,,,,
2008,Harrow,Fraud or Forgery,92,12,,,,,
2008,Harrow,Other Notifiable Offences,198,12,,,,,
2008,Harrow,Robbery,550,12,,,,,
2008,Harrow,Sexual Offences,27,12,,,,,
2008,Harrow,Theft and Handling,4864,12,,,,,
2008,Harrow,Violence Against the Person,2965,12,,,,,
2008,Havering,Burglary,2403,12,,,,,
2008,Havering,Criminal Damage,2885,12,,,,,
2008,Havering,Drugs,1016,12,,,,,
2008,Havering,Fraud or Forgery,179,12,,,,,
2008,Havering,Other Notifiable Offences,185,12,,,,,
2008,Havering,Robbery,297,12,,,,,
2008,Havering,Sexual Offences,19,12,,,,,
2008,Havering,Theft and Handling,5635,12,,,,,
2008,Havering,Violence Against the Person,2776,12,,,,,
2008,Hillingdon,Burglary,2867,12,,,,,
2008,Hillingdon,Criminal Damage,3667,12,,,,,
2008,Hillingdon,Drugs,1830,12,,,,,
2008,Hillingdon,Fraud or Forgery,223,12,,,,,
2008,Hillingdon,Other Notifiable Offences,461,12,,,,,
2008,Hillingdon,Robbery,749,12,,,,,
2008,Hillingdon,Sexual Offences,44,12,,,,,
2008,Hillingdon,Theft and Handling,8529,12,,,,,
2008,Hillingdon,Violence Against the Person,5948,12,,,,,
2008,Hounslow,Burglary,2411,12,,,,,
2008,Hounslow,Criminal Damage,3003,12,,,,,
2008,Hounslow,Drugs,1937,12,,,,,
2008,Hounslow,Fraud or Forgery,183,12,,,,,
2008,Hounslow,Other Notifiable Offences,378,12,,,,,
2008,Hounslow,Robbery,665,12,,,,,
2008,Hounslow,Sexual Offences,40,12,,,,,
2008,Hounslow,Theft and Handling,6552,12,,,,,
2008,Hounslow,Violence Against the Person,5035,12,,,,,
2008,Islington,Burglary,2769,12,,,,,
2008,Islington,Criminal Damage,2535,12,,,,,
2008,Islington,Drugs,3140,12,,,,,
2008,Islington,Fraud or Forgery,85,12,,,,,
2008,Islington,Other Notifiable Offences,386,12,,,,,
2008,Islington,Robbery,1022,12,,,,,
2008,Islington,Sexual Offences,40,12,,,,,
2008,Islington,Theft and Handling,11063,12,,,,,
2008,Islington,Violence Against the Person,5233,12,,,,,
2008,Kensington and Chelsea,Burglary,1783,12,,,,,
2008,Kensington and Chelsea,Criminal Damage,1413,12,,,,,
2008,Kensington and Chelsea,Drugs,2784,12,,,,,
2008,Kensington and Chelsea,Fraud or Forgery,85,12,,,,,
2008,Kensington and Chelsea,Other Notifiable Offences,253,12,,,,,
2008,Kensington and Chelsea,Robbery,530,12,,,,,
2008,Kensington and Chelsea,Sexual Offences,24,12,,,,,
2008,Kensington and Chelsea,Theft and Handling,10745,12,,,,,
2008,Kensington and Chelsea,Violence Against the Person,3046,12,,,,,
2008,Kingston upon Thames,Burglary,1054,12,,,,,
2008,Kingston upon Thames,Criminal Damage,1658,12,,,,,
2008,Kingston upon Thames,Drugs,611,12,,,,,
2008,Kingston upon Thames,Fraud or Forgery,65,12,,,,,
2008,Kingston upon Thames,Other Notifiable Offences,152,12,,,,,
2008,Kingston upon Thames,Robbery,249,12,,,,,
2008,Kingston upon Thames,Sexual Offences,18,12,,,,,
2008,Kingston upon Thames,Theft and Handling,4614,12,,,,,
2008,Kingston upon Thames,Violence Against the Person,2240,12,,,,,
2008,Lambeth,Burglary,3269,12,,,,,
2008,Lambeth,Criminal Damage,3589,12,,,,,
2008,Lambeth,Drugs,3848,12,,,,,
2008,Lambeth,Fraud or Forgery,137,12,,,,,
2008,Lambeth,Other Notifiable Offences,544,12,,,,,
2008,Lambeth,Robbery,1992,12,,,,,
2008,Lambeth,Sexual Offences,70,12,,,,,
2008,Lambeth,Theft and Handling,10869,12,,,,,
2008,Lambeth,Violence Against the Person,7399,12,,,,,
2008,Lewisham,Burglary,2659,12,,,,,
2008,Lewisham,Criminal Damage,3710,12,,,,,
2008,Lewisham,Drugs,2475,12,,,,,
2008,Lewisham,Fraud or Forgery,262,12,,,,,
2008,Lewisham,Other Notifiable Offences,425,12,,,,,
2008,Lewisham,Robbery,1251,12,,,,,
2008,Lewisham,Sexual Offences,71,12,,,,,
2008,Lewisham,Theft and Handling,8262,12,,,,,
2008,Lewisham,Violence Against the Person,7939,12,,,,,
2008,Merton,Burglary,1811,12,,,,,
2008,Merton,Criminal Damage,2149,12,,,,,
2008,Merton,Drugs,917,12,,,,,
2008,Merton,Fraud or Forgery,111,12,,,,,
2008,Merton,Other Notifiable Offences,213,12,,,,,
2008,Merton,Robbery,498,12,,,,,
2008,Merton,Sexual Offences,26,12,,,,,
2008,Merton,Theft and Handling,4580,12,,,,,
2008,Merton,Violence Against the Person,3570,12,,,,,
2008,Newham,Burglary,3033,12,,,,,
2008,Newham,Criminal Damage,3690,12,,,,,
2008,Newham,Drugs,2526,12,,,,,
2008,Newham,Fraud or Forgery,323,12,,,,,
2008,Newham,Other Notifiable Offences,416,12,,,,,
2008,Newham,Robbery,1618,12,,,,,
2008,Newham,Sexual Offences,43,12,,,,,
2008,Newham,Theft and Handling,11295,12,,,,,
2008,Newham,Violence Against the Person,6808,12,,,,,
2008,Redbridge,Burglary,3199,12,,,,,
2008,Redbridge,Criminal Damage,2533,12,,,,,
2008,Redbridge,Drugs,2064,12,,,,,
2008,Redbridge,Fraud or Forgery,284,12,,,,,
2008,Redbridge,Other Notifiable Offences,194,12,,,,,
2008,Redbridge,Robbery,926,12,,,,,
2008,Redbridge,Sexual Offences,31,12,,,,,
2008,Redbridge,Theft and Handling,7825,12,,,,,
2008,Redbridge,Violence Against the Person,3817,12,,,,,
2008,Richmond upon Thames,Burglary,1897,12,,,,,
2008,Richmond upon Thames,Criminal Damage,1640,12,,,,,
2008,Richmond upon Thames,Drugs,725,12,,,,,
2008,Richmond upon Thames,Fraud or Forgery,37,12,,,,,
2008,Richmond upon Thames,Other Notifiable Offences,134,12,,,,,
2008,Richmond upon Thames,Robbery,218,12,,,,,
2008,Richmond upon Thames,Sexual Offences,26,12,,,,,
2008,Richmond upon Thames,Theft and Handling,4559,12,,,,,
2008,Richmond upon Thames,Violence Against the Person,1870,12,,,,,
2008,Southwark,Burglary,3185,12,,,,,
2008,Southwark,Criminal Damage,3317,12,,,,,
2008,Southwark,Drugs,4178,12,,,,,
2008,Southwark,Fraud or Forgery,321,12,,,,,
2008,Southwark,Other Notifiable Offences,563,12,,,,,
2008,Southwark,Robbery,1651,12,,,,,
2008,Southwark,Sexual Offences,40,12,,,,,
2008,Southwark,Theft and Handling,12222,12,,,,,
2008,Southwark,Violence Against the Person,7993,12,,,,,
2008,Sutton,Burglary,1648,12,,,,,
2008,Sutton,Criminal Damage,2415,12,,,,,
2008,Sutton,Drugs,491,12,,,,,
2008,Sutton,Fraud or Forgery,57,12,,,,,
2008,Sutton,Other Notifiable Offences,161,12,,,,,
2008,Sutton,Robbery,317,12,,,,,
2008,Sutton,Sexual Offences,20,12,,,,,
2008,Sutton,Theft and Handling,5284,12,,,,,
2008,Sutton,Violence Against the Person,2550,12,,,,,
2008,Tower Hamlets,Burglary,2092,12,,,,,
2008,Tower Hamlets,Criminal Damage,2869,12,,,,,
2008,Tower Hamlets,Drugs,2769,12,,,,,
2008,Tower Hamlets,Fraud or Forgery,124,12,,,,,
2008,Tower Hamlets,Other Notifiable Offences,416,12,,,,,
2008,Tower Hamlets,Robbery,991,12,,,,,
2008,Tower Hamlets,Sexual Offences,47,12,,,,,
2008,Tower Hamlets,Theft and Handling,8847,12,,,,,
2008,Tower Hamlets,Violence Against the Person,5423,12,,,,,
2008,Waltham Forest,Burglary,3174,12,,,,,
2008,Waltham Forest,Criminal Damage,3160,12,,,,,
2008,Waltham Forest,Drugs,2165,12,,,,,
2008,Waltham Forest,Fraud or Forgery,236,12,,,,,
2008,Waltham Forest,Other Notifiable Offences,277,12,,,,,
2008,Waltham Forest,Robbery,1414,12,,,,,
2008,Waltham Forest,Sexual Offences,34,12,,,,,
2008,Waltham Forest,Theft and Handling,8253,12,,,,,
2008,Waltham Forest,Violence Against the Person,5367,12,,,,,
2008,Wandsworth,Burglary,2821,12,,,,,
2008,Wandsworth,Criminal Damage,2857,12,,,,,
2008,Wandsworth,Drugs,1281,12,,,,,
2008,Wandsworth,Fraud or Forgery,161,12,,,,,
2008,Wandsworth,Other Notifiable Offences,280,12,,,,,
2008,Wandsworth,Robbery,1030,12,,,,,
2008,Wandsworth,Sexual Offences,47,12,,,,,
2008,Wandsworth,Theft and Handling,10033,12,,,,,
2008,Wandsworth,Violence Against the Person,4820,12,,,,,
2008,Westminster,Burglary,2962,12,,,,,
2008,Westminster,Criminal Damage,2599,12,,,,,
2008,Westminster,Drugs,4075,12,,,,,
2008,Westminster,Fraud or Forgery,273,12,,,,,
2008,Westminster,Other Notifiable Offences,588,12,,,,,
2008,Westminster,Robbery,1327,12,,,,,
2008,Westminster,Sexual Offences,59,12,,,,,
2008,Westminster,Theft and Handling,29266,12,,,,,
2008,Westminster,Violence Against the Person,6697,12,,,,,
2009,Barking and Dagenham,Burglary,2418,12,1764.0,2008.0,12.0,654.0,0.3707482993197279
2009,Barking and Dagenham,Criminal Damage,2721,12,2934.0,2008.0,12.0,-213.0,-0.07259713701431493
2009,Barking and Dagenham,Drugs,997,12,1467.0,2008.0,12.0,-470.0,-0.3203817314246762
2009,Barking and Dagenham,Fraud or Forgery,0,12,205.0,2008.0,12.0,-205.0,-1.0
2009,Barking and Dagenham,Other Notifiable Offences,334,12,253.0,2008.0,12.0,81.0,0.3201581027667984
2009,Barking and Dagenham,Robbery,785,12,635.0,2008.0,12.0,150.0,0.23622047244094488
2009,Barking and Dagenham,Sexual Offences,0,12,49.0,2008.0,12.0,-49.0,-1.0
2009,Barking and Dagenham,Theft and Handling,5384,12,5354.0,2008.0,12.0,30.0,0.0056032872618602915
2009,Barking and Dagenham,Violence Against the Person,5074,12,4995.0,2008.0,12.0,79.0,0.015815815815815815
2009,Barnet,Burglary,4090,12,3750.0,2008.0,12.0,340.0,0.09066666666666667
2009,Barnet,Criminal Damage,2628,12,2918.0,2008.0,12.0,-290.0,-0.0993831391363948
2009,Barnet,Drugs,1397,12,1264.0,2008.0,12.0,133.0,0.10522151898734178
2009,Barnet,Fraud or Forgery,0,12,175.0,2008.0,12.0,-175.0,-1.0
2009,Barnet,Other Notifiable Offences,273,12,297.0,2008.0,12.0,-24.0,-0.08080808080808081
2009,Barnet,Robbery,890,12,794.0,2008.0,12.0,96.0,0.12090680100755667
2009,Barnet,Sexual Offences,0,12,38.0,2008.0,12.0,-38.0,-1.0
2009,Barnet,Theft and Handling,9441,12,9872.0,2008.0,12.0,-431.0,-0.04365883306320908
2009,Barnet,Violence Against the Person,4730,12,4836.0,2008.0,12.0,-106.0,-0.021918941273779982
2009,Bexley,Burglary,2054,12,2284.0,2008.0,12.0,-230.0,-0.10070052539404553
2009,Bexley,Criminal Damage,2716,12,2893.0,2008.0,12.0,-177.0,-0.0611821638437608
2009,Bexley,Drugs,781,12,996.0,2008.0,12.0,-215.0,-0.21586345381526104
2009,Bexley,Fraud or Forgery,0,12,106.0,2008.0,12.0,-106.0,-1.0
2009,Bexley,Other Notifiable Offences,175,12,148.0,2008.0,12.0,27.0,0.18243243243243243
2009,Bexley,Robbery,312,12,349.0,2008.0,12.0,-37.0,-0.10601719197707736
2009,Bexley,Sexual Offences,0,12,22.0,2008.0,12.0,-22.0,-1.0
2009,Bexley,Theft and Handling,4793,12,5236.0,2008.0,12.0,-443.0,-0.08460656990068754
2009,Bexley,Violence Against the Person,3614,12,3271.0,2008.0,12.0,343.0,0.10486089880770406
2009,Brent,Burglary,3546,12,3266.0,2008.0,12.0,280.0,0.08573178199632578
2009,Brent,Criminal Damage,2647,12,2504.0,2008.0,12.0,143.0,0.057108626198083066
2009,Brent,Drugs,2579,12,2813.0,2008.0,12.0,-234.0,-0.08318521151795237
2009,Brent,Fraud or Forgery,0,12,157.0,2008.0,12.0,-157.0,-1.0
2009,Brent,Other Notifiable Offences,301,12,274.0,2008.0,12.0,27.0,0.09854014598540146
2009,Brent,Robbery,1630,12,1555.0,2008.0,12.0,75.0,0.04823151125401929
2009,Brent,Sexual Offences,0,12,39.0,2008.0,12.0,-39.0,-1.0
2009,Brent,Theft and Handling,7659,12,7206.0,2008.0,12.0,453.0,0.06286427976686094
2009,Brent,Violence Against the Person,6386,12,5690.0,2008.0,12.0,696.0,0.12231985940246046
2009,Bromley,Burglary,3626,12,3447.0,2008.0,12.0,179.0,0.05192921380910937
2009,Bromley,Criminal Damage,3462,12,4230.0,2008.0,12.0,-768.0,-0.18156028368794327
2009,Bromley,Drugs,1101,12,1089.0,2008.0,12.0,12.0,0.011019283746556474
2009,Bromley,Fraud or Forgery,0,12,196.0,2008.0,12.0,-196.0,-1.0
2009,Bromley,Other Notifiable Offences,270,12,220.0,2008.0,12.0,50.0,0.22727272727272727
2009,Bromley,Robbery,544,12,762.0,2008.0,12.0,-218.0,-0.28608923884514437
2009,Bromley,Sexual Offences,0,12,31.0,2008.0,12.0,-31.0,-1.0
2009,Bromley,Theft and Handling,7641,12,8809.0,2008.0,12.0,-1168.0,-0.13259166761266886
2009,Bromley,Violence Against the Person,5214,12,5231.0,2008.0,12.0,-17.0,-0.003249856623972472
2009,Camden,Burglary,3311,12,3575.0,2008.0,12.0,-264.0,-0.07384615384615385
2009,Camden,Criminal Damage,2569,12,2629.0,2008.0,12.0,-60.0,-0.022822365918600228
2009,Camden,Drugs,3244,12,3982.0,2008.0,12.0,-738.0,-0.18533400301356104
2009,Camden,Fraud or Forgery,0,12,123.0,2008.0,12.0,-123.0,-1.0
2009,Camden,Other Notifiable Offences,409,12,459.0,2008.0,12.0,-50.0,-0.10893246187363835
2009,Camden,Robbery,1002,12,913.0,2008.0,12.0,89.0,0.09748083242059145
2009,Camden,Sexual Offences,0,12,36.0,2008.0,12.0,-36.0,-1.0
2009,Camden,Theft and Handling,15537,12,14394.0,2008.0,12.0,1143.0,0.07940808670279283
2009,Camden,Violence Against the Person,5540,12,5899.0,2008.0,12.0,-359.0,-0.0608577725038142
2009,City of London,Burglary,0,12,0.0,2008.0,12.0,0.0,
2009,City of London,Criminal Damage,0,12,0.0,2008.0,12.0,0.0,
2009,City of London,Drugs,0,12,0.0,2008.0,12.0,0.0,
2009,City of London,Other Notifiable Offences,0,12,0.0,2008.0,12.0,0.0,
2009,City of London,Robbery,0,12,0.0,2008.0,12.0,0.0,
2009,City of London,Theft and Handling,0,12,0.0,2008.0,12.0,0.0,
2009,City of London,Violence Against the Person,0,12,0.0,2008.0,12.0,0.0,
2009,Croydon,Burglary,4210,12,3737.0,2008.0,12.0,473.0,0.12657211667112658
2009,Croydon,Criminal Damage,4224,12,4511.0,2008.0,12.0,-287.0,-0.06362225670583019
2009,Croydon,Drugs,2534,12,2798.0,2008.0,12.0,-264.0,-0.0943531093638313
2009,Croydon,Fraud or Forgery,0,12,270.0,2008.0,12.0,-270.0,-1.0
2009,Croydon,Other Notifiable Offences,416,12,386.0,2008.0,12.0,30.0,0.07772020725388601
2009,Croydon,Robbery,1501,12,1394.0,2008.0,12.0,107.0,0.07675753228120516
2009,Croydon,Sexual Offences,0,12,55.0,2008.0,12.0,-55.0,-1.0
2009,Croydon,Theft and Handling,10026,12,9604.0,2008.0,12.0,422.0,0.04394002498958767
2009,Croydon,Violence Against the Person,6873,12,6761.0,2008.0,12.0,112.0,0.01656559680520633
2009,Ealing,Burglary,3881,12,3837.0,2008.0,12.0,44.0,0.011467292155329685
2009,Ealing,Criminal Damage,3434,12,3365.0,2008.0,12.0,69.0,0.02050520059435364
2009,Ealing,Drugs,2355,12,3083.0,2008.0,12.0,-728.0,-0.2361336360687642
2009,Ealing,Fraud or Forgery,0,12,175.0,2008.0,12.0,-175.0,-1.0
2009,Ealing,Other Notifiable Offences,393,12,410.0,2008.0,12.0,-17.0,-0.041463414634146344
2009,Ealing,Robbery,1166,12,1308.0,2008.0,12.0,-142.0,-0.10856269113149847
2009,Ealing,Sexual Offences,0,12,52.0,2008.0,12.0,-52.0,-1.0
2009,Ealing,Theft and Handling,10119,12,9562.0,2008.0,12.0,557.0,0.05825141183852751
2009,Ealing,Violence Against the Person,7269,12,7155.0,2008.0,12.0,114.0,0.015932914046121592
2009,Enfield,Burglary,3880,12,3819.0,2008.0,12.0,61.0,0.015972767740246138
2009,Enfield,Criminal Damage,3251,12,3379.0,2008.0,12.0,-128.0,-0.03788102989050015
2009,Enfield,Drugs,1620,12,2125.0,2008.0,12.0,-505.0,-0.2376470588235294
2009,Enfield,Fraud or Forgery,0,12,132.0,2008.0,12.0,-132.0,-1.0
2009,Enfield,Other Notifiable Offences,281,12,247.0,2008.0,12.0,34.0,0.13765182186234817
2009,Enfield,Robbery,1136,12,1019.0,2008.0,12.0,117.0,0.11481844946025516
2009,Enfield,Sexual Offences,0,12,38.0,2008.0,12.0,-38.0,-1.0
2009,Enfield,Theft and Handling,6807,12,7454.0,2008.0,12.0,-647.0,-0.08679903407566407
2009,Enfield,Violence Against the Person,4172,12,3767.0,2008.0,12.0,405.0,0.10751260950358375
2009,Greenwich,Burglary,2701,12,3008.0,2008.0,12.0,-307.0,-0.10206117021276596
2009,Greenwich,Criminal Damage,3190,12,3353.0,2008.0,12.0,-163.0,-0.04861318222487325
2009,Greenwich,Drugs,1281,12,1612.0,2008.0,12.0,-331.0,-0.2053349875930521
2009,Greenwich,Fraud or Forgery,0,12,107.0,2008.0,12.0,-107.0,-1.0
2009,Greenwich,Other Notifiable Offences,406,12,317.0,2008.0,12.0,89.0,0.2807570977917981
2009,Greenwich,Robbery,680,12,898.0,2008.0,12.0,-218.0,-0.24276169265033407
2009,Greenwich,Sexual Offences,0,12,56.0,2008.0,12.0,-56.0,-1.0
2009,Greenwich,Theft and Handling,6574,12,7162.0,2008.0,12.0,-588.0,-0.08209997207483943
2009,Greenwich,Violence Against the Person,5019,12,5497.0,2008.0,12.0,-478.0,-0.08695652173913043
2009,Hackney,Burglary,2272,12,2161.0,2008.0,12.0,111.0,0.051365108745950946
2009,Hackney,Criminal Damage,1945,12,2199.0,2008.0,12.0,-254.0,-0.11550704865848113
2009,Hackney,Drugs,2734,12,3197.0,2008.0,12.0,-463.0,-0.14482327181732874
2009,Hackney,Fraud or Forgery,0,12,143.0,2008.0,12.0,-143.0,-1.0
2009,Hackney,Other Notifiable Offences,328,12,337.0,2008.0,12.0,-9.0,-0.026706231454005934
2009,Hackney,Robbery,802,12,894.0,2008.0,12.0,-92.0,-0.1029082774049217
2009,Hackney,Sexual Offences,0,12,46.0,2008.0,12.0,-46.0,-1.0
2009,Hackney,Theft and Handling,7249,12,7569.0,2008.0,12.0,-320.0,-0.042277711718853216
2009,Hackney,Violence Against the Person,5388,12,5458.0,2008.0,12.0,-70.0,-0.01282521069989007
2009,Hammersmith and Fulham,Burglary,1918,12,2438.0,2008.0,12.0,-520.0,-0.2132895816242822
2009,Hammersmith and Fulham,Criminal Damage,1923,12,2068.0,2008.0,12.0,-145.0,-0.07011605415860735
2009,Hammersmith and Fulham,Drugs,1935,12,2068.0,2008.0,12.0,-133.0,-0.06431334622823985
2009,Hammersmith and Fulham,Fraud or Forgery,0,12,91.0,2008.0,12.0,-91.0,-1.0
2009,Hammersmith and Fulham,Other Notifiable Offences,309,12,256.0,2008.0,12.0,53.0,0.20703125
2009,Hammersmith and Fulham,Robbery,653,12,664.0,2008.0,12.0,-11.0,-0.016566265060240965
2009,Hammersmith and Fulham,Sexual Offences,0,12,45.0,2008.0,12.0,-45.0,-1.0
2009,Hammersmith and Fulham,Theft and Handling,9921,12,8800.0,2008.0,12.0,1121.0,0.12738636363636363
2009,Hammersmith and Fulham,Violence Against the Person,4552,12,4684.0,2008.0,12.0,-132.0,-0.028181041844577284
2009,Haringey,Burglary,3662,12,3679.0,2008.0,12.0,-17.0,-0.0046208208752378365
2009,Haringey,Criminal Damage,2991,12,3422.0,2008.0,12.0,-431.0,-0.12594973699590883
2009,Haringey,Drugs,2143,12,2468.0,2008.0,12.0,-325.0,-0.13168557536466774
2009,Haringey,Fraud or Forgery,0,12,207.0,2008.0,12.0,-207.0,-1.0
2009,Haringey,Other Notifiable Offences,266,12,284.0,2008.0,12.0,-18.0,-0.06338028169014084
2009,Haringey,Robbery,1045,12,1147.0,2008.0,12.0,-102.0,-0.08892763731473409
2009,Haringey,Sexual Offences,0,12,40.0,2008.0,12.0,-40.0,-1.0
2009,Haringey,Theft and Handling,8601,12,9373.0,2008.0,12.0,-772.0,-0.08236423770404352
2009,Haringey,Violence Against the Person,4996,12,5104.0,2008.0,12.0,-108.0,-0.02115987460815047
2009,Harrow,Burglary,2333,12,2290.0,2008.0,12.0,43.0,0.018777292576419215
2009,Harrow,Criminal Damage,1886,12,1778.0,2008.0,12.0,108.0,0.06074240719910011
2009,Harrow,Drugs,901,12,1010.0,2008.0,12.0,-109.0,-0.10792079207920792
2009,Harrow,Fraud or Forgery,0,12,92.0,2008.0,12.0,-92.0,-1.0
2009,Harrow,Other Notifiable Offences,207,12,198.0,2008.0,12.0,9.0,0.045454545454545456
2009,Harrow,Robbery,447,12,550.0,2008.0,12.0,-103.0,-0.18727272727272729
2009,Harrow,Sexual Offences,0,12,27.0,2008.0,12.0,-27.0,-1.0
2009,Harrow,Theft and Handling,4893,12,4864.0,2008.0,12.0,29.0,0.005962171052631579
2009,Harrow,Violence Against the Person,3281,12,2965.0,2008.0,12.0,316.0,0.10657672849915684
2009,Havering,Burglary,2652,12,2403.0,2008.0,12.0,249.0,0.10362047440699126
2009,Havering,Criminal Damage,2370,12,2885.0,2008.0,12.0,-515.0,-0.17850953206239167
2009,Havering,Drugs,928,12,1016.0,2008.0,12.0,-88.0,-0.08661417322834646
2009,Havering,Fraud or Forgery,0,12,179.0,2008.0,12.0,-179.0,-1.0
2009,Havering,Other Notifiable Offences,171,12,185.0,2008.0,12.0,-14.0,-0.07567567567567568
2009,Havering,Robbery,308,12,297.0,2008.0,12.0,11.0,0.037037037037037035
2009,Havering,Sexual Offences,0,12,19.0,2008.0,12.0,-19.0,-1.0
2009,Havering,Theft and Handling,5067,12,5635.0,2008.0,12.0,-568.0,-0.1007985803016859
2009,Havering,Violence Against the Person,3042,12,2776.0,2008.0,12.0,266.0,0.09582132564841499
2009,Hillingdon,Burglary,3256,12,2867.0,2008.0,12.0,389.0,0.13568189745378445
2009,Hillingdon,Criminal Damage,3303,12,3667.0,2008.0,12.0,-364.0,-0.09926370329970002
2009,Hillingdon,Drugs,1488,12,1830.0,2008.0,12.0,-342.0,-0.18688524590163935
2009,Hillingdon,Fraud or Forgery,0,12,223.0,2008.0,12.0,-223.0,-1.0
2009,Hillingdon,Other Notifiable Offences,608,12,461.0,2008.0,12.0,147.0,0.3188720173535792
2009,Hillingdon,Robbery,645,12,749.0,2008.0,12.0,-104.0,-0.13885180240320427
2009,Hillingdon,Sexual Offences,0,12,44.0,2008.0,12.0,-44.0,-1.0
2009,Hillingdon,Theft and Handling,9441,12,8529.0,2008.0,12.0,912.0,0.10692930003517412
2009,Hillingdon,Violence Against the Person,5864,12,5948.0,2008.0,12.0,-84.0,-0.014122394082044385
2009,Hounslow,Burglary,2637,12,2411.0,2008.0,12.0,226.0,0.09373703857320614
2009,Hounslow,Criminal Damage,2758,12,3003.0,2008.0,12.0,-245.0,-0.08158508158508158
2009,Hounslow,Drugs,1668,12,1937.0,2008.0,12.0,-269.0,-0.13887454827052143
2009,Hounslow,Fraud or Forgery,0,12,183.0,2008.0,12.0,-183.0,-1.0
2009,Hounslow,Other Notifiable Offences,357,12,378.0,2008.0,12.0,-21.0,-0.05555555555555555
2009,Hounslow,Robbery,574,12,665.0,2008.0,12.0,-91.0,-0.1368421052631579
2009,Hounslow,Sexual Offences,0,12,40.0,2008.0,12.0,-40.0,-1.0
2009,Hounslow,Theft and Handling,6706,12,6552.0,2008.0,12.0,154.0,0.023504273504273504
2009,Hounslow,Violence Against the Person,5083,12,5035.0,2008.0,12.0,48.0,0.009533267130089375
2009,Islington,Burglary,2801,12,2769.0,2008.0,12.0,32.0,0.01155651859877212
2009,Islington,Criminal Damage,2432,12,2535.0,2008.0,12.0,-103.0,-0.04063116370808678
2009,Islington,Drugs,2345,12,3140.0,2008.0,12.0,-795.0,-0.2531847133757962
2009,Islington,Fraud or Forgery,0,12,85.0,2008.0,12.0,-85.0,-1.0
2009,Islington,Other Notifiable Offences,380,12,386.0,2008.0,12.0,-6.0,-0.015544041450777202
2009,Islington,Robbery,847,12,1022.0,2008.0,12.0,-175.0,-0.17123287671232876
2009,Islington,Sexual Offences,0,12,40.0,2008.0,12.0,-40.0,-1.0
2009,Islington,Theft and Handling,11278,12,11063.0,2008.0,12.0,215.0,0.01943414986893248
2009,Islington,Violence Against the Person,5402,12,5233.0,2008.0,12.0,169.0,0.03229505064016816
2009,Kensington and Chelsea,Burglary,1696,12,1783.0,2008.0,12.0,-87.0,-0.04879416713404375
2009,Kensington and Chelsea,Criminal Damage,1172,12,1413.0,2008.0,12.0,-241.0,-0.17055909412597312
2009,Kensington and Chelsea,Drugs,2064,12,2784.0,2008.0,12.0,-720.0,-0.25862068965517243
2009,Kensington and Chelsea,Fraud or Forgery,0,12,85.0,2008.0,12.0,-85.0,-1.0
2009,Kensington and Chelsea,Other Notifiable Offences,251,12,253.0,2008.0,12.0,-2.0,-0.007905138339920948
2009,Kensington and Chelsea,Robbery,522,12,530.0,2008.0,12.0,-8.0,-0.01509433962264151
2009,Kensington and Chelsea,Sexual Offences,0,12,24.0,2008.0,12.0,-24.0,-1.0
2009,Kensington and Chelsea,Theft and Handling,10147,12,10745.0,2008.0,12.0,-598.0,-0.05565379246161005
2009,Kensington and Chelsea,Violence Against the Person,2890,12,3046.0,2008.0,12.0,-156.0,-0.05121470781352593
2009,Kingston upon Thames,Burglary,1229,12,1054.0,2008.0,12.0,175.0,0.16603415559772297
2009,Kingston upon Thames,Criminal Damage,1433,12,1658.0,2008.0,12.0,-225.0,-0.13570566948130278
2009,Kingston upon Thames,Drugs,507,12,611.0,2008.0,12.0,-104.0,-0.1702127659574468
2009,Kingston upon Thames,Fraud or Forgery,0,12,65.0,2008.0,12.0,-65.0,-1.0
2009,Kingston upon Thames,Other Notifiable Offences,146,12,152.0,2008.0,12.0,-6.0,-0.039473684210526314
2009,Kingston upon Thames,Robbery,260,12,249.0,2008.0,12.0,11.0,0.04417670682730924
2009,Kingston upon Thames,Sexual Offences,0,12,18.0,2008.0,12.0,-18.0,-1.0
2009,Kingston upon Thames,Theft and Handling,4478,12,4614.0,2008.0,12.0,-136.0,-0.029475509319462505
2009,Kingston upon Thames,Violence Against the Person,2110,12,2240.0,2008.0,12.0,-130.0,-0.05803571428571429
2009,Lambeth,Burglary,3833,12,3269.0,2008.0,12.0,564.0,0.1725298256347507
2009,Lambeth,Criminal Damage,3478,12,3589.0,2008.0,12.0,-111.0,-0.030927835051546393
2009,Lambeth,Drugs,3154,12,3848.0,2008.0,12.0,-694.0,-0.18035343035343035
2009,Lambeth,Fraud or Forgery,0,12,137.0,2008.0,12.0,-137.0,-1.0
2009,Lambeth,Other Notifiable Offences,492,12,544.0,2008.0,12.0,-52.0,-0.09558823529411764
2009,Lambeth,Robbery,2159,12,1992.0,2008.0,12.0,167.0,0.08383534136546185
2009,Lambeth,Sexual Offences,0,12,70.0,2008.0,12.0,-70.0,-1.0
2009,Lambeth,Theft and Handling,10812,12,10869.0,2008.0,12.0,-57.0,-0.005244272702180514
2009,Lambeth,Violence Against the Person,7297,12,7399.0,2008.0,12.0,-102.0,-0.013785646709014731
2009,Lewisham,Burglary,2925,12,2659.0,2008.0,12.0,266.0,0.10003760812335465
2009,Lewisham,Criminal Damage,3546,12,3710.0,2008.0,12.0,-164.0,-0.044204851752021566
2009,Lewisham,Drugs,2348,12,2475.0,2008.0,12.0,-127.0,-0.05131313131313131
2009,Lewisham,Fraud or Forgery,0,12,262.0,2008.0,12.0,-262.0,-1.0
2009,Lewisham,Other Notifiable Offences,506,12,425.0,2008.0,12.0,81.0,0.19058823529411764
2009,Lewisham,Robbery,1196,12,1251.0,2008.0,12.0,-55.0,-0.04396482813749001
2009,Lewisham,Sexual Offences,0,12,71.0,2008.0,12.0,-71.0,-1.0
2009,Lewisham,Theft and Handling,7377,12,8262.0,2008.0,12.0,-885.0,-0.10711692084241103
2009,Lewisham,Violence Against the Person,7284,12,7939.0,2008.0,12.0,-655.0,-0.08250409371457362
2009,Merton,Burglary,1891,12,1811.0,2008.0,12.0,80.0,0.04417448923246825
2009,Merton,Criminal Damage,2070,12,2149.0,2008.0,12.0,-79.0,-0.036761284318287575
2009,Merton,Drugs,830,12,917.0,2008.0,12.0,-87.0,-0.09487459105779716
2009,Merton,Fraud or Forgery,0,12,111.0,2008.0,12.0,-111.0,-1.0
2009,Merton,Other Notifiable Offences,190,12,213.0,2008.0,12.0,-23.0,-0.107981220657277
2009,Merton,Robbery,520,12,498.0,2008.0,12.0,22.0,0.04417670682730924
2009,Merton,Sexual Offences,0,12,26.0,2008.0,12.0,-26.0,-1.0
2009,Merton,Theft and Handling,4682,12,4580.0,2008.0,12.0,102.0,0.0222707423580786
2009,Merton,Violence Against the Person,3378,12,3570.0,2008.0,12.0,-192.0,-0.05378151260504202
2009,Newham,Burglary,3124,12,3033.0,2008.0,12.0,91.0,0.030003297065611605
2009,Newham,Criminal Damage,3431,12,3690.0,2008.0,12.0,-259.0,-0.07018970189701897
2009,Newham,Drugs,2365,12,2526.0,2008.0,12.0,-161.0,-0.06373713380839272
2009,Newham,Fraud or Forgery,0,12,323.0,2008.0,12.0,-323.0,-1.0
2009,Newham,Other Notifiable Offences,378,12,416.0,2008.0,12.0,-38.0,-0.09134615384615384
2009,Newham,Robbery,1907,12,1618.0,2008.0,12.0,289.0,0.17861557478368356
2009,Newham,Sexual Offences,0,12,43.0,2008.0,12.0,-43.0,-1.0
2009,Newham,Theft and Handling,10632,12,11295.0,2008.0,12.0,-663.0,-0.058698539176626825
2009,Newham,Violence Against the Person,6773,12,6808.0,2008.0,12.0,-35.0,-0.0051410105757931845
2009,Redbridge,Burglary,3321,12,3199.0,2008.0,12.0,122.0,0.038136917786808375
2009,Redbridge,Criminal Damage,2405,12,2533.0,2008.0,12.0,-128.0,-0.050532964863797866
2009,Redbridge,Drugs,2062,12,2064.0,2008.0,12.0,-2.0,-0.0009689922480620155
2009,Redbridge,Fraud or Forgery,0,12,284.0,2008.0,12.0,-284.0,-1.0
2009,Redbridge,Other Notifiable Offences,213,12,194.0,2008.0,12.0,19.0,0.0979381443298969
2009,Redbridge,Robbery,897,12,926.0,2008.0,12.0,-29.0,-0.03131749460043196
2009,Redbridge,Sexual Offences,0,12,31.0,2008.0,12.0,-31.0,-1.0
2009,Redbridge,Theft and Handling,8074,12,7825.0,2008.0,12.0,249.0,0.03182108626198083
2009,Redbridge,Violence Against the Person,3865,12,3817.0,2008.0,12.0,48.0,0.012575320932669635
2009,Richmond upon Thames,Burglary,1712,12,1897.0,2008.0,12.0,-185.0,-0.09752240379546652
2009,Richmond upon Thames,Criminal Damage,1587,12,1640.0,2008.0,12.0,-53.0,-0.03231707317073171
2009,Richmond upon Thames,Drugs,593,12,725.0,2008.0,12.0,-132.0,-0.1820689655172414
2009,Richmond upon Thames,Fraud or Forgery,0,12,37.0,2008.0,12.0,-37.0,-1.0
2009,Richmond upon Thames,Other Notifiable Offences,105,12,134.0,2008.0,12.0,-29.0,-0.21641791044776118
2009,Richmond upon Thames,Robbery,206,12,218.0,2008.0,12.0,-12.0,-0.05504587155963303
2009,Richmond upon Thames,Sexual Offences,0,12,26.0,2008.0,12.0,-26.0,-1.0
2009,Richmond upon Thames,Theft and Handling,4403,12,4559.0,2008.0,12.0,-156.0,-0.03421803026979601
2009,Richmond upon Thames,Violence Against the Person,2012,12,1870.0,2008.0,12.0,142.0,0.07593582887700535
2009,Southwark,Burglary,3027,12,3185.0,2008.0,12.0,-158.0,-0.049607535321821036
2009,Southwark,Criminal Damage,2969,12,3317.0,2008.0,12.0,-348.0,-0.10491407898703647
2009,Southwark,Drugs,3917,12,4178.0,2008.0,12.0,-261.0,-0.06247008137865007
2009,Southwark,Fraud or Forgery,0,12,321.0,2008.0,12.0,-321.0,-1.0
2009,Southwark,Other Notifiable Offences,665,12,563.0,2008.0,12.0,102.0,0.1811722912966252
2009,Southwark,Robbery,1725,12,1651.0,2008.0,12.0,74.0,0.04482132041187159
2009,Southwark,Sexual Offences,0,12,40.0,2008.0,12.0,-40.0,-1.0
2009,Southwark,Theft and Handling,10450,12,12222.0,2008.0,12.0,-1772.0,-0.1449844542628048
2009,Southwark,Violence Against the Person,7870,12,7993.0,2008.0,12.0,-123.0,-0.015388464906793443
2009,Sutton,Burglary,1497,12,1648.0,2008.0,12.0,-151.0,-0.09162621359223301
2009,Sutton,Criminal Damage,2137,12,2415.0,2008.0,12.0,-278.0,-0.11511387163561076
2009,Sutton,Drugs,513,12,491.0,2008.0,12.0,22.0,0.04480651731160896
2009,Sutton,Fraud or Forgery,0,12,57.0,2008.0,12.0,-57.0,-1.0
2009,Sutton,Other Notifiable Offences,140,12,161.0,2008.0,12.0,-21.0,-0.13043478260869565
2009,Sutton,Robbery,315,12,317.0,2008.0,12.0,-2.0,-0.006309148264984227
2009,Sutton,Sexual Offences,0,12,20.0,2008.0,12.0,-20.0,-1.0
2009,Sutton,Theft and Handling,4992,12,5284.0,2008.0,12.0,-292.0,-0.05526116578349735
2009,Sutton,Violence Against the Person,2646,12,2550.0,2008.0,12.0,96.0,0.03764705882352941
2009,Tower Hamlets,Burglary,1836,12,2092.0,2008.0,12.0,-256.0,-0.12237093690248566
2009,Tower Hamlets,Criminal Damage,2678,12,2869.0,2008.0,12.0,-191.0,-0.06657371906587661
2009,Tower Hamlets,Drugs,2792,12,2769.0,2008.0,12.0,23.0,0.008306247742867461
2009,Tower Hamlets,Fraud or Forgery,0,12,124.0,2008.0,12.0,-124.0,-1.0
2009,Tower Hamlets,Other Notifiable Offences,400,12,416.0,2008.0,12.0,-16.0,-0.038461538461538464
2009,Tower Hamlets,Robbery,787,12,991.0,2008.0,12.0,-204.0,-0.2058526740665994
2009,Tower Hamlets,Sexual Offences,0,12,47.0,2008.0,12.0,-47.0,-1.0
2009,Tower Hamlets,Theft and Handling,8011,12,8847.0,2008.0,12.0,-836.0,-0.09449530914434272
2009,Tower Hamlets,Violence Against the Person,5455,12,5423.0,2008.0,12.0,32.0,0.005900792919048497
2009,Waltham Forest,Burglary,3399,12,3174.0,2008.0,12.0,225.0,0.07088846880907372
2009,Waltham Forest,Criminal Damage,2924,12,3160.0,2008.0,12.0,-236.0,-0.07468354430379746
2009,Waltham Forest,Drugs,2123,12,2165.0,2008.0,12.0,-42.0,-0.019399538106235566
2009,Waltham Forest,Fraud or Forgery,0,12,236.0,2008.0,12.0,-236.0,-1.0
2009,Waltham Forest,Other Notifiable Offences,336,12,277.0,2008.0,12.0,59.0,0.21299638989169675
2009,Waltham Forest,Robbery,1525,12,1414.0,2008.0,12.0,111.0,0.0785007072135785
2009,Waltham Forest,Sexual Offences,0,12,34.0,2008.0,12.0,-34.0,-1.0
2009,Waltham Forest,Theft and Handling,8813,12,8253.0,2008.0,12.0,560.0,0.06785411365564037
2009,Waltham Forest,Violence Against the Person,5641,12,5367.0,2008.0,12.0,274.0,0.05105272964412148
2009,Wandsworth,Burglary,2924,12,2821.0,2008.0,12.0,103.0,0.036511875221552643
2009,Wandsworth,Criminal Damage,2721,12,2857.0,2008.0,12.0,-136.0,-0.04760238011900595
2009,Wandsworth,Drugs,1356,12,1281.0,2008.0,12.0,75.0,0.0585480093676815
2009,Wandsworth,Fraud or Forgery,0,12,161.0,2008.0,12.0,-161.0,-1.0
2009,Wandsworth,Other Notifiable Offences,327,12,280.0,2008.0,12.0,47.0,0.16785714285714284
2009,Wandsworth,Robbery,1172,12,1030.0,2008.0,12.0,142.0,0.1378640776699029
2009,Wandsworth,Sexual Offences,0,12,47.0,2008.0,12.0,-47.0,-1.0
2009,Wandsworth,Theft and Handling,9517,12,10033.0,2008.0,12.0,-516.0,-0.051430280075750026
2009,Wandsworth,Violence Against the Person,5004,12,4820.0,2008.0,12.0,184.0,0.038174273858921165
2009,Westminster,Burglary,2957,12,2962.0,2008.0,12.0,-5.0,-0.001688048615800135
2009,Westminster,Criminal Damage,2564,12,2599.0,2008.0,12.0,-35.0,-0.013466717968449404
2009,Westminster,Drugs,3894,12,4075.0,2008.0,12.0,-181.0,-0.04441717791411043
2009,Westminster,Fraud or Forgery,0,12,273.0,2008.0,12.0,-273.0,-1.0
2009,Westminster,Other Notifiable Offences,611,12,588.0,2008.0,12.0,23.0,0.0391156462585034
2009,Westminster,Robbery,1410,12,1327.0,2008.0,12.0,83.0,0.06254709871891484
2009,Westminster,Sexual Offences,0,12,59.0,2008.0,12.0,-59.0,-1.0
2009,Westminster,Theft and Handling,29967,12,29266.0,2008.0,12.0,701.0,0.023952709628920932
2009,Westminster,Violence Against the Person,7053,12,6697.0,2008.0,12.0,356.0,0.053158130506196805
2010,Barking and Dagenham,Burglary,2153,12,2418.0,2009.0,12.0,-265.0,-0.10959470636889991
2010,Barking and Dagenham,Criminal Damage,2390,12,2721.0,2009.0,12.0,-331.0,-0.12164645350973907
2010,Barking and Dagenham,Drugs,1096,12,997.0,2009.0,12.0,99.0,0.09929789368104312
2010,Barking and Dagenham,Fraud or Forgery,0,12,0.0,2009.0,12.0,0.0,
2010,Barking and Dagenham,Other Notifiable Offences,307,12,334.0,2009.0,12.0,-27.0,-0.08083832335329341
2010,Barking and Dagenham,Robbery,834,12,785.0,2009.0,12.0,49.0,0.062420382165605096
2010,Barking and Dagenham,Sexual Offences,0,12,0.0,2009.0,12.0,0.0,
2010,Barking and Dagenham,Theft and Handling,5805,12,5384.0,2009.0,12.0,421.0,0.07819465081723626
2010,Barking and Dagenham,Violence Against the Person,4545,12,5074.0,2009.0,12.0,-529.0,-0.10425699645250296
2010,Barnet,Burglary,4300,12,4090.0,2009.0,12.0,210.0,0.05134474327628362
2010,Barnet,Criminal Damage,2715,12,2628.0,2009.0,12.0,87.0,0.033105022831050226
2010,Barnet,Drugs,1177,12,1397.0,2009.0,12.0,-220.0,-0.15748031496062992
2010,Barnet,Fraud or Forgery,0,12,0.0,2009.0,12.0,0.0,
2010,Barnet,Other Notifiable Offences,268,12,273.0,2009.0,12.0,-5.0,-0.018315018315018316
2010,Barnet,Robbery,939,12,890.0,2009.0,12.0,49.0,0.0550561797752809
2010,Barnet,Sexual Offences,0,12,0.0,2009.0,12.0,0.0,
2010,Barnet,Theft and Handling,9582,12,9441.0,2009.0,12.0,141.0,0.014934858595487766
2010,Barnet,Violence Against the Person,4435,12,4730.0,2009.0,12.0,-295.0,-0.06236786469344609
2010,Bexley,Burglary,1924,12,2054.0,2009.0,12.0,-130.0,-0.06329113924050633
2010,Bexley,Criminal Damage,2201,12,2716.0,2009.0,12.0,-515.0,-0.18961708394698085
2010,Bexley,Drugs,933,12,781.0,2009.0,12.0,152.0,0.1946222791293214
2010,Bexley,Fraud or Forgery,0,12,0.0,2009.0,12.0,0.0,
2010,Bexley,Other Notifiable Offences,168,12,175.0,2009.0,12.0,-7.0,-0.04
2010,Bexley,Robbery,246,12,312.0,2009.0,12.0,-66.0,-0.21153846153846154
2010,Bexley,Sexual Offences,0,12,0.0,2009.0,12.0,0.0,
2010,Bexley,Theft and Handling,4514,12,4793.0,2009.0,12.0,-279.0,-0.058209889422073856
2010,Bexley,Violence Against the Person,3180,12,3614.0,2009.0,12.0,-434.0,-0.1200885445489762
2010,Brent,Burglary,3445,12,3546.0,2009.0,12.0,-101.0,-0.028482797518330515
2010,Brent,Criminal Damage,2418,12,2647.0,2009.0,12.0,-229.0,-0.0865130336229694
2010,Brent,Drugs,2980,12,2579.0,2009.0,12.0,401.0,0.15548662272198527
2010,Brent,Fraud or Forgery,0,12,0.0,2009.0,12.0,0.0,
2010,Brent,Other Notifiable Offences,415,12,301.0,2009.0,12.0,114.0,0.3787375415282392
2010,Brent,Robbery,1797,12,1630.0,2009.0,12.0,167.0,0.10245398773006135
2010,Brent,Sexual Offences,0,12,0.0,2009.0,12.0,0.0,
2010,Brent,Theft and Handling,7932,12,7659.0,2009.0,12.0,273.0,0.03564433999216608
2010,Brent,Violence Against the Person,6525,12,6386.0,2009.0,12.0,139.0,0.021766363921077357
2010,Bromley,Burglary,2953,12,3626.0,2009.0,12.0,-673.0,-0.18560397131825704
2010,Bromley,Criminal Damage,2713,12,3462.0,2009.0,12.0,-749.0,-0.21634893125361063
2010,Bromley,Drugs,1064,12,1101.0,2009.0,12.0,-37.0,-0.03360581289736603
2010,Bromley,Fraud or Forgery,0,12,0.0,2009.0,12.0,0.0,
2010,Bromley,Other Notifiable Offences,276,12,270.0,2009.0,12.0,6.0,0.022222222222222223
2010,Bromley,Robbery,580,12,544.0,2009.0,12.0,36.0,0.0661764705882353
2010,Bromley,Sexual Offences,0,12,0.0,2009.0,12.0,0.0,
2010,Bromley,Theft and Handling,7312,12,7641.0,2009.0,12.0,-329.0,-0.04305719146708546
2010,Bromley,Violence Against the Person,4674,12,5214.0,2009.0,12.0,-540.0,-0.10356731875719218
2010,Camden,Burglary,3217,12,3311.0,2009.0,12.0,-94.0,-0.028390214436726065
2010,Camden,Criminal Damage,2262,12,2569.0,2009.0,12.0,-307.0,-0.11950175165434021
2010,Camden,Drugs,2474,12,3244.0,2009.0,12.0,-770.0,-0.2373612823674476
2010,Camden,Fraud or Forgery,0,12,0.0,2009.0,12.0,0.0,
2010,Camden,Other Notifiable Offences,378,12,409.0,2009.0,12.0,-31.0,-0.07579462102689487
2010,Camden,Robbery,1158,12,1002.0,2009.0,12.0,156.0,0.15568862275449102
2010,Camden,Sexual Offences,0,12,0.0,2009.0,12.0,0.0,
2010,Camden,Theft and Handling,16425,12,15537.0,2009.0,12.0,888.0,0.05715389071249276
2010,Camden,Violence Against the Person,5890,12,5540.0,2009.0,12.0,350.0,0.0631768953068592
2010,City of London,Burglary,0,12,0.0,2009.0,12.0,0.0,
2010,City of London,Criminal Damage,0,12,0.0,2009.0,12.0,0.0,
2010,City of London,Drugs,0,12,0.0,2009.0,12.0,0.0,
2010,City of London,Other Notifiable Offences,0,12,0.0,2009.0,12.0,0.0,
2010,City of London,Robbery,0,12,0.0,2009.0,12.0,0.0,
2010,City of London,Theft and Handling,0,12,0.0,2009.0,12.0,0.0,
2010,City of London,Violence Against the Person,0,12,0.0,2009.0,12.0,0.0,
2010,Croydon,Burglary,4219,12,4210.0,2009.0,12.0,9.0,0.0021377672209026127
2010,Croydon,Criminal Damage,4002,12,4224.0,2009.0,12.0,-222.0,-0.052556818181818184
2010,Croydon,Drugs,2277,12,2534.0,2009.0,12.0,-257.0,-0.10142067876874507
2010,Croydon,Fraud or Forgery,0,12,0.0,2009.0,12.0,0.0,
2010,Croydon,Other Notifiable Offences,425,12,416.0,2009.0,12.0,9.0,0.021634615384615384
2010,Croydon,Robbery,1524,12,1501.0,2009.0,12.0,23.0,0.015323117921385743
2010,Croydon,Sexual Offences,0,12,0.0,2009.0,12.0,0.0,
2010,Croydon,Theft and Handling,10494,12,10026.0,2009.0,12.0,468.0,0.0466786355475763
2010,Croydon,Violence Against the Person,6432,12,6873.0,2009.0,12.0,-441.0,-0.06416412047140986
2010,Ealing,Burglary,3738,12,3881.0,2009.0,12.0,-143.0,-0.03684617366658078
2010,Ealing,Criminal Damage,3472,12,3434.0,2009.0,12.0,38.0,0.0110658124635993
2010,Ealing,Drugs,2510,12,2355.0,2009.0,12.0,155.0,0.06581740976645435
2010,Ealing,Fraud or Forgery,0,12,0.0,2009.0,12.0,0.0,
2010,Ealing,Other Notifiable Offences,521,12,393.0,2009.0,12.0,128.0,0.3256997455470738
2010,Ealing,Robbery,1568,12,1166.0,2009.0,12.0,402.0,0.34476843910806176
2010,Ealing,Sexual Offences,0,12,0.0,2009.0,12.0,0.0,
2010,Ealing,Theft and Handling,11454,12,10119.0,2009.0,12.0,1335.0,0.13193003261191819
2010,Ealing,Violence Against the Person,8097,12,7269.0,2009.0,12.0,828.0,0.11390837804374743
2010,Enfield,Burglary,3324,12,3880.0,2009.0,12.0,-556.0,-0.14329896907216494
2010,Enfield,Criminal Damage,2861,12,3251.0,2009.0,12.0,-390.0,-0.11996308828052907
2010,Enfield,Drugs,1649,12,1620.0,2009.0,12.0,29.0,0.017901234567901235
2010,Enfield,Fraud or Forgery,0,12,0.0,2009.0,12.0,0.0,
2010,Enfield,Other Notifiable Offences,392,12,281.0,2009.0,12.0,111.0,0.39501779359430605
2010,Enfield,Robbery,1232,12,1136.0,2009.0,12.0,96.0,0.08450704225352113
2010,Enfield,Sexual Offences,0,12,0.0,2009.0,12.0,0.0,
2010,Enfield,Theft and Handling,7165,12,6807.0,2009.0,12.0,358.0,0.05259291905391509
2010,Enfield,Violence Against the Person,4185,12,4172.0,2009.0,12.0,13.0,0.0031160115052732505
2010,Greenwich,Burglary,2494,12,2701.0,2009.0,12.0,-207.0,-0.07663828211773417
2010,Greenwich,Criminal Damage,2760,12,3190.0,2009.0,12.0,-430.0,-0.13479623824451412
2010,Greenwich,Drugs,987,12,1281.0,2009.0,12.0,-294.0,-0.22950819672131148
2010,Greenwich,Fraud or Forgery,0,12,0.0,2009.0,12.0,0.0,
2010,Greenwich,Other Notifiable Offences,337,12,406.0,2009.0,12.0,-69.0,-0.16995073891625614
2010,Greenwich,Robbery,711,12,680.0,2009.0,12.0,31.0,0.045588235294117645
2010,Greenwich,Sexual Offences,0,12,0.0,2009.0,12.0,0.0,
2010,Greenwich,Theft and Handling,6689,12,6574.0,2009.0,12.0,115.0,0.017493154852449042
2010,Greenwich,Violence Against the Person,4648,12,5019.0,2009.0,12.0,-371.0,-0.07391910739191074
2010,Hackney,Burglary,1974,12,2272.0,2009.0,12.0,-298.0,-0.1311619718309859
2010,Hackney,Criminal Damage,1911,12,1945.0,2009.0,12.0,-34.0,-0.017480719794344474
2010,Hackney,Drugs,2083,12,2734.0,2009.0,12.0,-651.0,-0.23811265544989027
2010,Hackney,Fraud or Forgery,0,12,0.0,2009.0,12.0,0.0,
2010,Hackney,Other Notifiable Offences,292,12,328.0,2009.0,12.0,-36.0,-0.10975609756097561
2010,Hackney,Robbery,988,12,802.0,2009.0,12.0,186.0,0.23192019950124687
2010,Hackney,Sexual Offences,0,12,0.0,2009.0,12.0,0.0,
2010,Hackney,Theft and Handling,7736,12,7249.0,2009.0,12.0,487.0,0.06718168023175611
2010,Hackney,Violence Against the Person,5191,12,5388.0,2009.0,12.0,-197.0,-0.03656273199703044
2010,Hammersmith and Fulham,Burglary,2226,12,1918.0,2009.0,12.0,308.0,0.16058394160583941
2010,Hammersmith and Fulham,Criminal Damage,1976,12,1923.0,2009.0,12.0,53.0,0.027561102444097763
2010,Hammersmith and Fulham,Drugs,1842,12,1935.0,2009.0,12.0,-93.0,-0.04806201550387597
2010,Hammersmith and Fulham,Fraud or Forgery,0,12,0.0,2009.0,12.0,0.0,
2010,Hammersmith and Fulham,Other Notifiable Offences,361,12,309.0,2009.0,12.0,52.0,0.16828478964401294
2010,Hammersmith and Fulham,Robbery,812,12,653.0,2009.0,12.0,159.0,0.2434915773353752
2010,Hammersmith and Fulham,Sexual Offences,0,12,0.0,2009.0,12.0,0.0,
2010,Hammersmith and Fulham,Theft and Handling,10017,12,9921.0,2009.0,12.0,96.0,0.009676443906864228
2010,Hammersmith and Fulham,Violence Against the Person,4707,12,4552.0,2009.0,12.0,155.0,0.034050966608084356
2010,Haringey,Burglary,3218,12,3662.0,2009.0,12.0,-444.0,-0.12124522119060623
2010,Haringey,Criminal Damage,2644,12,2991.0,2009.0,12.0,-347.0,-0.11601471079906386
2010,Haringey,Drugs,1623,12,2143.0,2009.0,12.0,-520.0,-0.24265048996733551
2010,Haringey,Fraud or Forgery,0,12,0.0,2009.0,12.0,0.0,
2010,Haringey,Other Notifiable Offences,238,12,266.0,2009.0,12.0,-28.0,-0.10526315789473684
2010,Haringey,Robbery,1027,12,1045.0,2009.0,12.0,-18.0,-0.01722488038277512
2010,Haringey,Sexual Offences,0,12,0.0,2009.0,12.0,0.0,
2010,Haringey,Theft and Handling,8674,12,8601.0,2009.0,12.0,73.0,0.008487385187768865
2010,Haringey,Violence Against the Person,4732,12,4996.0,2009.0,12.0,-264.0,-0.05284227381905524
2010,Harrow,Burglary,2311,12,2333.0,2009.0,12.0,-22.0,-0.009429918559794257
2010,Harrow,Criminal Damage,1661,12,1886.0,2009.0,12.0,-225.0,-0.11930010604453871
2010,Harrow,Drugs,907,12,901.0,2009.0,12.0,6.0,0.006659267480577136
2010,Harrow,Fraud or Forgery,0,12,0.0,2009.0,12.0,0.0,
2010,Harrow,Other Notifiable Offences,217,12,207.0,2009.0,12.0,10.0,0.04830917874396135
2010,Harrow,Robbery,452,12,447.0,2009.0,12.0,5.0,0.011185682326621925
2010,Harrow,Sexual Offences,0,12,0.0,2009.0,12.0,0.0,
2010,Harrow,Theft and Handling,5096,12,4893.0,2009.0,12.0,203.0,0.04148783977110158
2010,Harrow,Violence Against the Person,3301,12,3281.0,2009.0,12.0,20.0,0.00609570252971655
2010,Havering,Burglary,2271,12,2652.0,2009.0,12.0,-381.0,-0.1436651583710407
2010,Havering,Criminal Damage,2112,12,2370.0,2009.0,12.0,-258.0,-0.10886075949367088
2010,Havering,Drugs,989,12,928.0,2009.0,12.0,61.0,0.06573275862068965
2010,Havering,Fraud or Forgery,0,12,0.0,2009.0,12.0,0.0,
2010,Havering,Other Notifiable Offences,213,12,171.0,2009.0,12.0,42.0,0.24561403508771928
2010,Havering,Robbery,377,12,308.0,2009.0,12.0,69.0,0.22402597402597402
2010,Havering,Sexual Offences,0,12,0.0,2009.0,12.0,0.0,
2010,Havering,Theft and Handling,5496,12,5067.0,2009.0,12.0,429.0,0.08466548253404381
2010,Havering,Violence Against the Person,3499,12,3042.0,2009.0,12.0,457.0,0.15023011176857332
2010,Hillingdon,Burglary,2986,12,3256.0,2009.0,12.0,-270.0,-0.08292383292383293
2010,Hillingdon,Criminal Damage,3084,12,3303.0,2009.0,12.0,-219.0,-0.06630336058128973
2010,Hillingdon,Drugs,1372,12,1488.0,2009.0,12.0,-116.0,-0.07795698924731183
2010,Hillingdon,Fraud or Forgery,0,12,0.0,2009.0,12.0,0.0,
2010,Hillingdon,Other Notifiable Offences,608,12,608.0,2009.0,12.0,0.0,0.0
2010,Hillingdon,Robbery,774,12,645.0,2009.0,12.0,129.0,0.2
2010,Hillingdon,Sexual Offences,0,12,0.0,2009.0,12.0,0.0,
2010,Hillingdon,Theft and Handling,8678,12,9441.0,2009.0,12.0,-763.0,-0.0808177099883487
2010,Hillingdon,Violence Against the Person,5919,12,5864.0,2009.0,12.0,55.0,0.009379263301500683
2010,Hounslow,Burglary,2399,12,2637.0,2009.0,12.0,-238.0,-0.09025407660219947
2010,Hounslow,Criminal Damage,2586,12,2758.0,2009.0,12.0,-172.0,-0.06236403190717912
2010,Hounslow,Drugs,1703,12,1668.0,2009.0,12.0,35.0,0.020983213429256596
2010,Hounslow,Fraud or Forgery,0,12,0.0,2009.0,12.0,0.0,
2010,Hounslow,Other Notifiable Offences,363,12,357.0,2009.0,12.0,6.0,0.01680672268907563
2010,Hounslow,Robbery,562,12,574.0,2009.0,12.0,-12.0,-0.020905923344947737
2010,Hounslow,Sexual Offences,0,12,0.0,2009.0,12.0,0.0,
2010,Hounslow,Theft and Handling,6811,12,6706.0,2009.0,12.0,105.0,0.015657620041753653
2010,Hounslow,Violence Against the Person,5241,12,5083.0,2009.0,12.0,158.0,0.031084005508557937
2010,Islington,Burglary,2415,12,2801.0,2009.0,12.0,-386.0,-0.13780792574080686
2010,Islington,Criminal Damage,2126,12,2432.0,2009.0,12.0,-306.0,-0.12582236842105263
2010,Islington,Drugs,1816,12,2345.0,2009.0,12.0,-529.0,-0.2255863539445629
2010,Islington,Fraud or Forgery,0,12,0.0,2009.0,12.0,0.0,
2010,Islington,Other Notifiable Offences,370,12,380.0,2009.0,12.0,-10.0,-0.02631578947368421
2010,Islington,Robbery,895,12,847.0,2009.0,12.0,48.0,0.05667060212514758
2010,Islington,Sexual Offences,0,12,0.0,2009.0,12.0,0.0,
2010,Islington,Theft and Handling,11578,12,11278.0,2009.0,12.0,300.0,0.02660046107465863
2010,Islington,Violence Against the Person,5493,12,5402.0,2009.0,12.0,91.0,0.016845612736023696
2010,Kensington and Chelsea,Burglary,1621,12,1696.0,2009.0,12.0,-75.0,-0.044221698113207544
2010,Kensington and Chelsea,Criminal Damage,1160,12,1172.0,2009.0,12.0,-12.0,-0.010238907849829351
2010,Kensington and Chelsea,Drugs,2153,12,2064.0,2009.0,12.0,89.0,0.04312015503875969
2010,Kensington and Chelsea,Fraud or Forgery,0,12,0.0,2009.0,12.0,0.0,
2010,Kensington and Chelsea,Other Notifiable Offences,242,12,251.0,2009.0,12.0,-9.0,-0.035856573705179286
2010,Kensington and Chelsea,Robbery,503,12,522.0,2009.0,12.0,-19.0,-0.03639846743295019
2010,Kensington and Chelsea,Sexual Offences,0,12,0.0,2009.0,12.0,0.0,
2010,Kensington and Chelsea,Theft and Handling,10911,12,10147.0,2009.0,12.0,764.0,0.07529319010544988
2010,Kensington and Chelsea,Violence Against the Person,2891,12,2890.0,2009.0,12.0,1.0,0.00034602076124567473
2010,Kingston upon Thames,Burglary,1166,12,1229.0,2009.0,12.0,-63.0,-0.05126118795768918
2010,Kingston upon Thames,Criminal Damage,1286,12,1433.0,2009.0,12.0,-147.0,-0.10258199581297976
2010,Kingston upon Thames,Drugs,505,12,507.0,2009.0,12.0,-2.0,-0.0039447731755424065
2010,Kingston upon Thames,Fraud or Forgery,0,12,0.0,2009.0,12.0,0.0,
2010,Kingston upon Thames,Other Notifiable Offences,147,12,146.0,2009.0,12.0,1.0,0.00684931506849315
2010,Kingston upon Thames,Robbery,228,12,260.0,2009.0,12.0,-32.0,-0.12307692307692308
2010,Kingston upon Thames,Sexual Offences,0,12,0.0,2009.0,12.0,0.0,
2010,Kingston upon Thames,Theft and Handling,4696,12,4478.0,2009.0,12.0,218.0,0.048682447521214825
2010,Kingston upon Thames,Violence Against the Person,2143,12,2110.0,2009.0,12.0,33.0,0.015639810426540283
2010,Lambeth,Burglary,3204,12,3833.0,2009.0,12.0,-629.0,-0.16410122619358206
2010,Lambeth,Criminal Damage,3178,12,3478.0,2009.0,12.0,-300.0,-0.08625646923519265
2010,Lambeth,Drugs,2950,12,3154.0,2009.0,12.0,-204.0,-0.06467977171845275
2010,Lambeth,Fraud or Forgery,0,12,0.0,2009.0,12.0,0.0,
2010,Lambeth,Other Notifiable Offences,448,12,492.0,2009.0,12.0,-44.0,-0.08943089430894309
2010,Lambeth,Robbery,2490,12,2159.0,2009.0,12.0,331.0,0.15331171838814267
2010,Lambeth,Sexual Offences,0,12,0.0,2009.0,12.0,0.0,
2010,Lambeth,Theft and Handling,11989,12,10812.0,2009.0,12.0,1177.0,0.10886052534221236
2010,Lambeth,Violence Against the Person,7412,12,7297.0,2009.0,12.0,115.0,0.015759901329313417
2010,Lewisham,Burglary,3023,12,2925.0,2009.0,12.0,98.0,0.033504273504273506
2010,Lewisham,Criminal Damage,3130,12,3546.0,2009.0,12.0,-416.0,-0.11731528482797518
2010,Lewisham,Drugs,2263,12,2348.0,2009.0,12.0,-85.0,-0.036201022146507666
2010,Lewisham,Fraud or Forgery,0,12,0.0,2009.0,12.0,0.0,
2010,Lewisham,Other Notifiable Offences,512,12,506.0,2009.0,12.0,6.0,0.011857707509881422
2010,Lewisham,Robbery,1377,12,1196.0,2009.0,12.0,181.0,0.15133779264214048
2010,Lewisham,Sexual Offences,0,12,0.0,2009.0,12.0,0.0,
2010,Lewisham,Theft and Handling,7899,12,7377.0,2009.0,12.0,522.0,0.07076047173647824
2010,Lewisham,Violence Against the Person,6328,12,7284.0,2009.0,12.0,-956.0,-0.1312465678198792
2010,Merton,Burglary,2069,12,1891.0,2009.0,12.0,178.0,0.09413008989952407
2010,Merton,Criminal Damage,1808,12,2070.0,2009.0,12.0,-262.0,-0.12657004830917876
2010,Merton,Drugs,921,12,830.0,2009.0,12.0,91.0,0.10963855421686747
2010,Merton,Fraud or Forgery,0,12,0.0,2009.0,12.0,0.0,
2010,Merton,Other Notifiable Offences,128,12,190.0,2009.0,12.0,-62.0,-0.3263157894736842
2010,Merton,Robbery,542,12,520.0,2009.0,12.0,22.0,0.04230769230769231
2010,Merton,Sexual Offences,0,12,0.0,2009.0,12.0,0.0,
2010,Merton,Theft and Handling,5228,12,4682.0,2009.0,12.0,546.0,0.11661683041435283
2010,Merton,Violence Against the Person,2899,12,3378.0,2009.0,12.0,-479.0,-0.1417998815867377
2010,Newham,Burglary,3330,12,3124.0,2009.0,12.0,206.0,0.06594110115236876
2010,Newham,Criminal Damage,3025,12,3431.0,2009.0,12.0,-406.0,-0.1183328475663072
2010,Newham,Drugs,2772,12,2365.0,2009.0,12.0,407.0,0.17209302325581396
2010,Newham,Fraud or Forgery,0,12,0.0,2009.0,12.0,0.0,
2010,Newham,Other Notifiable Offences,438,12,378.0,2009.0,12.0,60.0,0.15873015873015872
2010,Newham,Robbery,2195,12,1907.0,2009.0,12.0,288.0,0.15102254850550603
2010,Newham,Sexual Offences,0,12,0.0,2009.0,12.0,0.0,
2010,Newham,Theft and Handling,12184,12,10632.0,2009.0,12.0,1552.0,0.14597441685477802
2010,Newham,Violence Against the Person,6784,12,6773.0,2009.0,12.0,11.0,0.0016240956739997047
2010,Redbridge,Burglary,3239,12,3321.0,2009.0,12.0,-82.0,-0.024691358024691357
2010,Redbridge,Criminal Damage,2229,12,2405.0,2009.0,12.0,-176.0,-0.07318087318087318
2010,Redbridge,Drugs,1806,12,2062.0,2009.0,12.0,-256.0,-0.12415130940834142
2010,Redbridge,Fraud or Forgery,0,12,0.0,2009.0,12.0,0.0,
2010,Redbridge,Other Notifiable Offences,193,12,213.0,2009.0,12.0,-20.0,-0.09389671361502347
2010,Redbridge,Robbery,878,12,897.0,2009.0,12.0,-19.0,-0.021181716833890748
2010,Redbridge,Sexual Offences,0,12,0.0,2009.0,12.0,0.0,
2010,Redbridge,Theft and Handling,8482,12,8074.0,2009.0,12.0,408.0,0.050532573693336635
2010,Redbridge,Violence Against the Person,3825,12,3865.0,2009.0,12.0,-40.0,-0.01034928848641656
2010,Richmond upon Thames,Burglary,1926,12,1712.0,2009.0,12.0,214.0,0.125
2010,Richmond upon Thames,Criminal Damage,1465,12,1587.0,2009.0,12.0,-122.0,-0.07687460617517328
2010,Richmond upon Thames,Drugs,530,12,593.0,2009.0,12.0,-63.0,-0.10623946037099494
2010,Richmond upon Thames,Fraud or Forgery,0,12,0.0,2009.0,12.0,0.0,
2010,Richmond upon Thames,Other Notifiable Offences,134,12,105.0,2009.0,12.0,29.0,0.2761904761904762
2010,Richmond upon Thames,Robbery,163,12,206.0,2009.0,12.0,-43.0,-0.2087378640776699
2010,Richmond upon Thames,Sexual Offences,0,12,0.0,2009.0,12.0,0.0,
2010,Richmond upon Thames,Theft and Handling,4203,12,4403.0,2009.0,12.0,-200.0,-0.04542357483533954
2010,Richmond upon Thames,Violence Against the Person,2180,12,2012.0,2009.0,12.0,168.0,0.08349900596421471
2010,Southwark,Burglary,3005,12,3027.0,2009.0,12.0,-22.0,-0.00726792203501817
2010,Southwark,Criminal Damage,2821,12,2969.0,2009.0,12.0,-148.0,-0.0498484338160997
2010,Southwark,Drugs,4231,12,3917.0,2009.0,12.0,314.0,0.08016339034975747
2010,Southwark,Fraud or Forgery,0,12,0.0,2009.0,12.0,0.0,
2010,Southwark,Other Notifiable Offences,643,12,665.0,2009.0,12.0,-22.0,-0.03308270676691729
2010,Southwark,Robbery,2001,12,1725.0,2009.0,12.0,276.0,0.16
2010,Southwark,Sexual Offences,0,12,0.0,2009.0,12.0,0.0,
2010,Southwark,Theft and Handling,11180,12,10450.0,2009.0,12.0,730.0,0.06985645933014355
2010,Southwark,Violence Against the Person,7439,12,7870.0,2009.0,12.0,-431.0,-0.054764930114358325
2010,Sutton,Burglary,1581,12,1497.0,2009.0,12.0,84.0,0.056112224448897796
2010,Sutton,Criminal Damage,1898,12,2137.0,2009.0,12.0,-239.0,-0.11183902667290595
2010,Sutton,Drugs,578,12,513.0,2009.0,12.0,65.0,0.1267056530214425
2010,Sutton,Fraud or Forgery,0,12,0.0,2009.0,12.0,0.0,
2010,Sutton,Other Notifiable Offences,119,12,140.0,2009.0,12.0,-21.0,-0.15
2010,Sutton,Robbery,304,12,315.0,2009.0,12.0,-11.0,-0.03492063492063492
2010,Sutton,Sexual Offences,0,12,0.0,2009.0,12.0,0.0,
2010,Sutton,Theft and Handling,5236,12,4992.0,2009.0,12.0,244.0,0.04887820512820513
2010,Sutton,Violence Against the Person,2316,12,2646.0,2009.0,12.0,-330.0,-0.12471655328798185
2010,Tower Hamlets,Burglary,2088,12,1836.0,2009.0,12.0,252.0,0.13725490196078433
2010,Tower Hamlets,Criminal Damage,2474,12,2678.0,2009.0,12.0,-204.0,-0.07617625093353249
2010,Tower Hamlets,Drugs,2828,12,2792.0,2009.0,12.0,36.0,0.012893982808022923
2010,Tower Hamlets,Fraud or Forgery,0,12,0.0,2009.0,12.0,0.0,
2010,Tower Hamlets,Other Notifiable Offences,347,12,400.0,2009.0,12.0,-53.0,-0.1325
2010,Tower Hamlets,Robbery,894,12,787.0,2009.0,12.0,107.0,0.13595933926302414
2010,Tower Hamlets,Sexual Offences,0,12,0.0,2009.0,12.0,0.0,
2010,Tower Hamlets,Theft and Handling,8817,12,8011.0,2009.0,12.0,806.0,0.10061165896891774
2010,Tower Hamlets,Violence Against the Person,5624,12,5455.0,2009.0,12.0,169.0,0.030980751604032998
2010,Waltham Forest,Burglary,3426,12,3399.0,2009.0,12.0,27.0,0.00794351279788173
2010,Waltham Forest,Criminal Damage,2564,12,2924.0,2009.0,12.0,-360.0,-0.12311901504787962
2010,Waltham Forest,Drugs,1762,12,2123.0,2009.0,12.0,-361.0,-0.1700423928403203
2010,Waltham Forest,Fraud or Forgery,0,12,0.0,2009.0,12.0,0.0,
2010,Waltham Forest,Other Notifiable Offences,303,12,336.0,2009.0,12.0,-33.0,-0.09821428571428571
2010,Waltham Forest,Robbery,1665,12,1525.0,2009.0,12.0,140.0,0.09180327868852459
2010,Waltham Forest,Sexual Offences,0,12,0.0,2009.0,12.0,0.0,
2010,Waltham Forest,Theft and Handling,9726,12,8813.0,2009.0,12.0,913.0,0.1035969590377851
2010,Waltham Forest,Violence Against the Person,5372,12,5641.0,2009.0,12.0,-269.0,-0.04768658039354724
2010,Wandsworth,Burglary,2899,12,2924.0,2009.0,12.0,-25.0,-0.008549931600547196
2010,Wandsworth,Criminal Damage,2580,12,2721.0,2009.0,12.0,-141.0,-0.05181918412348401
2010,Wandsworth,Drugs,1261,12,1356.0,2009.0,12.0,-95.0,-0.0700589970501475
2010,Wandsworth,Fraud or Forgery,0,12,0.0,2009.0,12.0,0.0,
2010,Wandsworth,Other Notifiable Offences,305,12,327.0,2009.0,12.0,-22.0,-0.0672782874617737
2010,Wandsworth,Robbery,1186,12,1172.0,2009.0,12.0,14.0,0.011945392491467578
2010,Wandsworth,Sexual Offences,0,12,0.0,2009.0,12.0,0.0,
2010,Wandsworth,Theft and Handling,9724,12,9517.0,2009.0,12.0,207.0,0.021750551644425766
2010,Wandsworth,Violence Against the Person,4860,12,5004.0,2009.0,12.0,-144.0,-0.02877697841726619
2010,Westminster,Burglary,2682,12,2957.0,2009.0,12.0,-275.0,-0.09299966181941156
2010,Westminster,Criminal Damage,2385,12,2564.0,2009.0,12.0,-179.0,-0.06981279251170047
2010,Westminster,Drugs,4632,12,3894.0,2009.0,12.0,738.0,0.18952234206471494
2010,Westminster,Fraud or Forgery,0,12,0.0,2009.0,12.0,0.0,
2010,Westminster,Other Notifiable Offences,660,12,611.0,2009.0,12.0,49.0,0.08019639934533551
2010,Westminster,Robbery,1439,12,1410.0,2009.0,12.0,29.0,0.02056737588652482
2010,Westminster,Sexual Offences,0,12,0.0,2009.0,12.0,0.0,
2010,Westminster,Theft and Handling,29191,12,29967.0,2009.0,12.0,-776.0,-0.025895151333133113
2010,Westminster,Violence Against the Person,7127,12,7053.0,2009.0,12.0,74.0,0.010491989224443499
2011,Barking and Dagenham,Burglary,2301,12,2153.0,2010.0,12.0,148.0,0.06874129122155133
2011,Barking and Dagenham,Criminal Damage,2104,12,2390.0,2010.0,12.0,-286.0,-0.1196652719665272
2011,Barking and Dagenham,Drugs,934,12,1096.0,2010.0,12.0,-162.0,-0.1478102189781022
2011,Barking and Dagenham,Fraud or Forgery,0,12,0.0,2010.0,12.0,0.0,
2011,Barking and Dagenham,Other Notifiable Offences,345,12,307.0,2010.0,12.0,38.0,0.1237785016286645
2011,Barking and Dagenham,Robbery,998,12,834.0,2010.0,12.0,164.0,0.19664268585131894
2011,Barking and Dagenham,Sexual Offences,0,12,0.0,2010.0,12.0,0.0,
2011,Barking and Dagenham,Theft and Handling,6070,12,5805.0,2010.0,12.0,265.0,0.04565030146425495
2011,Barking and Dagenham,Violence Against the Person,3934,12,4545.0,2010.0,12.0,-611.0,-0.13443344334433444
2011,Barnet,Burglary,4873,12,4300.0,2010.0,12.0,573.0,0.13325581395348837
2011,Barnet,Criminal Damage,2393,12,2715.0,2010.0,12.0,-322.0,-0.11860036832412522
2011,Barnet,Drugs,1218,12,1177.0,2010.0,12.0,41.0,0.034834324553950725
2011,Barnet,Fraud or Forgery,0,12,0.0,2010.0,12.0,0.0,
2011,Barnet,Other Notifiable Offences,285,12,268.0,2010.0,12.0,17.0,0.06343283582089553
2011,Barnet,Robbery,1159,12,939.0,2010.0,12.0,220.0,0.23429179978700745
2011,Barnet,Sexual Offences,0,12,0.0,2010.0,12.0,0.0,
2011,Barnet,Theft and Handling,9952,12,9582.0,2010.0,12.0,370.0,0.03861406804424963
2011,Barnet,Violence Against the Person,4127,12,4435.0,2010.0,12.0,-308.0,-0.06944757609921082
2011,Bexley,Burglary,1487,12,1924.0,2010.0,12.0,-437.0,-0.22713097713097713
2011,Bexley,Criminal Damage,1708,12,2201.0,2010.0,12.0,-493.0,-0.22398909586551569
2011,Bexley,Drugs,921,12,933.0,2010.0,12.0,-12.0,-0.012861736334405145
2011,Bexley,Fraud or Forgery,0,12,0.0,2010.0,12.0,0.0,
2011,Bexley,Other Notifiable Offences,156,12,168.0,2010.0,12.0,-12.0,-0.07142857142857142
2011,Bexley,Robbery,348,12,246.0,2010.0,12.0,102.0,0.4146341463414634
2011,Bexley,Sexual Offences,0,12,0.0,2010.0,12.0,0.0,
2011,Bexley,Theft and Handling,3979,12,4514.0,2010.0,12.0,-535.0,-0.11852015950376606
2011,Bexley,Violence Against the Person,2726,12,3180.0,2010.0,12.0,-454.0,-0.14276729559748427
2011,Brent,Burglary,3675,12,3445.0,2010.0,12.0,230.0,0.06676342525399129
2011,Brent,Criminal Damage,2301,12,2418.0,2010.0,12.0,-117.0,-0.04838709677419355
2011,Brent,Drugs,4042,12,2980.0,2010.0,12.0,1062.0,0.35637583892617447
2011,Brent,Fraud or Forgery,0,12,0.0,2010.0,12.0,0.0,
2011,Brent,Other Notifiable Offences,422,12,415.0,2010.0,12.0,7.0,0.016867469879518072
2011,Brent,Robbery,2027,12,1797.0,2010.0,12.0,230.0,0.12799109627156371
2011,Brent,Sexual Offences,0,12,0.0,2010.0,12.0,0.0,
2011,Brent,Theft and Handling,8398,12,7932.0,2010.0,12.0,466.0,0.05874936964195663
2011,Brent,Violence Against the Person,6804,12,6525.0,2010.0,12.0,279.0,0.04275862068965517
2011,Bromley,Burglary,3119,12,2953.0,2010.0,12.0,166.0,0.05621401964104301
2011,Bromley,Criminal Damage,2619,12,2713.0,2010.0,12.0,-94.0,-0.034647991153704386
2011,Bromley,Drugs,1041,12,1064.0,2010.0,12.0,-23.0,-0.021616541353383457
2011,Bromley,Fraud or Forgery,0,12,0.0,2010.0,12.0,0.0,
2011,Bromley,Other Notifiable Offences,205,12,276.0,2010.0,12.0,-71.0,-0.2572463768115942
2011,Bromley,Robbery,684,12,580.0,2010.0,12.0,104.0,0.1793103448275862
2011,Bromley,Sexual Offences,0,12,0.0,2010.0,12.0,0.0,
2011,Bromley,Theft and Handling,7680,12,7312.0,2010.0,12.0,368.0,0.05032822757111598
2011,Bromley,Violence Against the Person,4520,12,4674.0,2010.0,12.0,-154.0,-0.0329482242190843
2011,Camden,Burglary,3409,12,3217.0,2010.0,12.0,192.0,0.05968293441094187
2011,Camden,Criminal Damage,2080,12,2262.0,2010.0,12.0,-182.0,-0.08045977011494253
2011,Camden,Drugs,2554,12,2474.0,2010.0,12.0,80.0,0.03233629749393695
2011,Camden,Fraud or Forgery,0,12,0.0,2010.0,12.0,0.0,
2011,Camden,Other Notifiable Offences,345,12,378.0,2010.0,12.0,-33.0,-0.0873015873015873
2011,Camden,Robbery,1439,12,1158.0,2010.0,12.0,281.0,0.24265975820379965
2011,Camden,Sexual Offences,0,12,0.0,2010.0,12.0,0.0,
2011,Camden,Theft and Handling,18573,12,16425.0,2010.0,12.0,2148.0,0.13077625570776255
2011,Camden,Violence Against the Person,5556,12,5890.0,2010.0,12.0,-334.0,-0.0567062818336163
2011,City of London,Burglary,1,12,0.0,2010.0,12.0,1.0,
2011,City of London,Criminal Damage,2,12,0.0,2010.0,12.0,2.0,
2011,City of London,Drugs,4,12,0.0,2010.0,12.0,4.0,
2011,City of London,Other Notifiable Offences,1,12,0.0,2010.0,12.0,1.0,
2011,City of London,Robbery,2,12,0.0,2010.0,12.0,2.0,
2011,City of London,Theft and Handling,45,12,0.0,2010.0,12.0,45.0,
2011,City of London,Violence Against the Person,14,12,0.0,2010.0,12.0,14.0,
2011,Croydon,Burglary,4619,12,4219.0,2010.0,12.0,400.0,0.09480919649205972
2011,Croydon,Criminal Damage,3426,12,4002.0,2010.0,12.0,-576.0,-0.14392803598200898
2011,Croydon,Drugs,2315,12,2277.0,2010.0,12.0,38.0,0.01668862538427756
2011,Croydon,Fraud or Forgery,0,12,0.0,2010.0,12.0,0.0,
2011,Croydon,Other Notifiable Offences,427,12,425.0,2010.0,12.0,2.0,0.004705882352941176
2011,Croydon,Robbery,1762,12,1524.0,2010.0,12.0,238.0,0.15616797900262466
2011,Croydon,Sexual Offences,0,12,0.0,2010.0,12.0,0.0,
2011,Croydon,Theft and Handling,10727,12,10494.0,2010.0,12.0,233.0,0.022203163712597673
2011,Croydon,Violence Against the Person,6554,12,6432.0,2010.0,12.0,122.0,0.01896766169154229
2011,Ealing,Burglary,3824,12,3738.0,2010.0,12.0,86.0,0.023006955591225255
2011,Ealing,Criminal Damage,3120,12,3472.0,2010.0,12.0,-352.0,-0.10138248847926268
2011,Ealing,Drugs,2205,12,2510.0,2010.0,12.0,-305.0,-0.12151394422310757
2011,Ealing,Fraud or Forgery,0,12,0.0,2010.0,12.0,0.0,
2011,Ealing,Other Notifiable Offences,550,12,521.0,2010.0,12.0,29.0,0.05566218809980806
2011,Ealing,Robbery,1429,12,1568.0,2010.0,12.0,-139.0,-0.08864795918367346
2011,Ealing,Sexual Offences,0,12,0.0,2010.0,12.0,0.0,
2011,Ealing,Theft and Handling,11309,12,11454.0,2010.0,12.0,-145.0,-0.012659332984110355
2011,Ealing,Violence Against the Person,7100,12,8097.0,2010.0,12.0,-997.0,-0.12313202420649623
2011,Enfield,Burglary,3627,12,3324.0,2010.0,12.0,303.0,0.09115523465703972
2011,Enfield,Criminal Damage,2564,12,2861.0,2010.0,12.0,-297.0,-0.10380985669346382
2011,Enfield,Drugs,1451,12,1649.0,2010.0,12.0,-198.0,-0.12007277137659188
2011,Enfield,Fraud or Forgery,0,12,0.0,2010.0,12.0,0.0,
2011,Enfield,Other Notifiable Offences,375,12,392.0,2010.0,12.0,-17.0,-0.04336734693877551
2011,Enfield,Robbery,1103,12,1232.0,2010.0,12.0,-129.0,-0.10470779220779221
2011,Enfield,Sexual Offences,0,12,0.0,2010.0,12.0,0.0,
2011,Enfield,Theft and Handling,7847,12,7165.0,2010.0,12.0,682.0,0.09518492672714585
2011,Enfield,Violence Against the Person,4074,12,4185.0,2010.0,12.0,-111.0,-0.026523297491039426
2011,Greenwich,Burglary,2300,12,2494.0,2010.0,12.0,-194.0,-0.07778668805132317
2011,Greenwich,Criminal Damage,2490,12,2760.0,2010.0,12.0,-270.0,-0.09782608695652174
2011,Greenwich,Drugs,1285,12,987.0,2010.0,12.0,298.0,0.30192502532928067
2011,Greenwich,Fraud or Forgery,0,12,0.0,2010.0,12.0,0.0,
2011,Greenwich,Other Notifiable Offences,303,12,337.0,2010.0,12.0,-34.0,-0.10089020771513353
2011,Greenwich,Robbery,741,12,711.0,2010.0,12.0,30.0,0.04219409282700422
2011,Greenwich,Sexual Offences,0,12,0.0,2010.0,12.0,0.0,
2011,Greenwich,Theft and Handling,6878,12,6689.0,2010.0,12.0,189.0,0.028255344595604723
2011,Greenwich,Violence Against the Person,4555,12,4648.0,2010.0,12.0,-93.0,-0.020008605851979347
2011,Hackney,Burglary,1968,12,1974.0,2010.0,12.0,-6.0,-0.00303951367781155
2011,Hackney,Criminal Damage,1836,12,1911.0,2010.0,12.0,-75.0,-0.03924646781789639
2011,Hackney,Drugs,2095,12,2083.0,2010.0,12.0,12.0,0.005760921747479597
2011,Hackney,Fraud or Forgery,0,12,0.0,2010.0,12.0,0.0,
2011,Hackney,Other Notifiable Offences,272,12,292.0,2010.0,12.0,-20.0,-0.0684931506849315
2011,Hackney,Robbery,993,12,988.0,2010.0,12.0,5.0,0.005060728744939271
2011,Hackney,Sexual Offences,0,12,0.0,2010.0,12.0,0.0,
2011,Hackney,Theft and Handling,9534,12,7736.0,2010.0,12.0,1798.0,0.23241985522233713
2011,Hackney,Violence Against the Person,4697,12,5191.0,2010.0,12.0,-494.0,-0.09516470814871894
2011,Hammersmith and Fulham,Burglary,2499,12,2226.0,2010.0,12.0,273.0,0.12264150943396226
2011,Hammersmith and Fulham,Criminal Damage,1723,12,1976.0,2010.0,12.0,-253.0,-0.12803643724696356
2011,Hammersmith and Fulham,Drugs,1501,12,1842.0,2010.0,12.0,-341.0,-0.18512486427795874
2011,Hammersmith and Fulham,Fraud or Forgery,0,12,0.0,2010.0,12.0,0.0,
2011,Hammersmith and Fulham,Other Notifiable Offences,395,12,361.0,2010.0,12.0,34.0,0.09418282548476455
2011,Hammersmith and Fulham,Robbery,769,12,812.0,2010.0,12.0,-43.0,-0.05295566502463054
2011,Hammersmith and Fulham,Sexual Offences,0,12,0.0,2010.0,12.0,0.0,
2011,Hammersmith and Fulham,Theft and Handling,11008,12,10017.0,2010.0,12.0,991.0,0.09893181591294799
2011,Hammersmith and Fulham,Violence Against the Person,4256,12,4707.0,2010.0,12.0,-451.0,-0.09581474399830041
2011,Haringey,Burglary,3564,12,3218.0,2010.0,12.0,346.0,0.10752019888129273
2011,Haringey,Criminal Damage,2660,12,2644.0,2010.0,12.0,16.0,0.006051437216338881
2011,Haringey,Drugs,1556,12,1623.0,2010.0,12.0,-67.0,-0.041281577325939615
2011,Haringey,Fraud or Forgery,0,12,0.0,2010.0,12.0,0.0,
2011,Haringey,Other Notifiable Offences,233,12,238.0,2010.0,12.0,-5.0,-0.02100840336134454
2011,Haringey,Robbery,1383,12,1027.0,2010.0,12.0,356.0,0.3466407010710808
2011,Haringey,Sexual Offences,0,12,0.0,2010.0,12.0,0.0,
2011,Haringey,Theft and Handling,9191,12,8674.0,2010.0,12.0,517.0,0.05960341249711782
2011,Haringey,Violence Against the Person,4592,12,4732.0,2010.0,12.0,-140.0,-0.029585798816568046
2011,Harrow,Burglary,2586,12,2311.0,2010.0,12.0,275.0,0.11899610558199913
2011,Harrow,Criminal Damage,1448,12,1661.0,2010.0,12.0,-213.0,-0.12823600240818783
2011,Harrow,Drugs,679,12,907.0,2010.0,12.0,-228.0,-0.2513781697905182
2011,Harrow,Fraud or Forgery,0,12,0.0,2010.0,12.0,0.0,
2011,Harrow,Other Notifiable Offences,220,12,217.0,2010.0,12.0,3.0,0.013824884792626729
2011,Harrow,Robbery,641,12,452.0,2010.0,12.0,189.0,0.41814159292035397
2011,Harrow,Sexual Offences,0,12,0.0,2010.0,12.0,0.0,
2011,Harrow,Theft and Handling,4442,12,5096.0,2010.0,12.0,-654.0,-0.1283359497645212
2011,Harrow,Violence Against the Person,2785,12,3301.0,2010.0,12.0,-516.0,-0.15631626779763708
2011,Havering,Burglary,2794,12,2271.0,2010.0,12.0,523.0,0.23029502421840597
2011,Havering,Criminal Damage,1791,12,2112.0,2010.0,12.0,-321.0,-0.15198863636363635
2011,Havering,Drugs,1011,12,989.0,2010.0,12.0,22.0,0.022244691607684528
2011,Havering,Fraud or Forgery,0,12,0.0,2010.0,12.0,0.0,
2011,Havering,Other Notifiable Offences,229,12,213.0,2010.0,12.0,16.0,0.07511737089201878
2011,Havering,Robbery,467,12,377.0,2010.0,12.0,90.0,0.23872679045092837
2011,Havering,Sexual Offences,0,12,0.0,2010.0,12.0,0.0,
2011,Havering,Theft and Handling,6054,12,5496.0,2010.0,12.0,558.0,0.10152838427947598
2011,Havering,Violence Against the Person,3150,12,3499.0,2010.0,12.0,-349.0,-0.09974278365247213
2011,Hillingdon,Burglary,3615,12,2986.0,2010.0,12.0,629.0,0.21064969859343605
2011,Hillingdon,Criminal Damage,2808,12,3084.0,2010.0,12.0,-276.0,-0.08949416342412451
2011,Hillingdon,Drugs,1531,12,1372.0,2010.0,12.0,159.0,0.11588921282798834
2011,Hillingdon,Fraud or Forgery,0,12,0.0,2010.0,12.0,0.0,
2011,Hillingdon,Other Notifiable Offences,570,12,608.0,2010.0,12.0,-38.0,-0.0625
2011,Hillingdon,Robbery,862,12,774.0,2010.0,12.0,88.0,0.11369509043927649
2011,Hillingdon,Sexual Offences,0,12,0.0,2010.0,12.0,0.0,
2011,Hillingdon,Theft and Handling,9554,12,8678.0,2010.0,12.0,876.0,0.10094491818391334
2011,Hillingdon,Violence Against the Person,5342,12,5919.0,2010.0,12.0,-577.0,-0.09748268288562258
2011,Hounslow,Burglary,2665,12,2399.0,2010.0,12.0,266.0,0.11087953313880784
2011,Hounslow,Criminal Damage,2503,12,2586.0,2010.0,12.0,-83.0,-0.03209590100541377
2011,Hounslow,Drugs,1629,12,1703.0,2010.0,12.0,-74.0,-0.04345273047563124
2011,Hounslow,Fraud or Forgery,0,12,0.0,2010.0,12.0,0.0,
2011,Hounslow,Other Notifiable Offences,463,12,363.0,2010.0,12.0,100.0,0.27548209366391185
2011,Hounslow,Robbery,632,12,562.0,2010.0,12.0,70.0,0.12455516014234876
2011,Hounslow,Sexual Offences,0,12,0.0,2010.0,12.0,0.0,
2011,Hounslow,Theft and Handling,8127,12,6811.0,2010.0,12.0,1316.0,0.1932168550873587
2011,Hounslow,Violence Against the Person,5086,12,5241.0,2010.0,12.0,-155.0,-0.029574508681549323
2011,Islington,Burglary,2669,12,2415.0,2010.0,12.0,254.0,0.105175983436853
2011,Islington,Criminal Damage,1967,12,2126.0,2010.0,12.0,-159.0,-0.07478833490122296
2011,Islington,Drugs,1664,12,1816.0,2010.0,12.0,-152.0,-0.08370044052863436
2011,Islington,Fraud or Forgery,0,12,0.0,2010.0,12.0,0.0,
2011,Islington,Other Notifiable Offences,336,12,370.0,2010.0,12.0,-34.0,-0.0918918918918919
2011,Islington,Robbery,1117,12,895.0,2010.0,12.0,222.0,0.24804469273743016
2011,Islington,Sexual Offences,0,12,0.0,2010.0,12.0,0.0,
2011,Islington,Theft and Handling,12287,12,11578.0,2010.0,12.0,709.0,0.06123682846778373
2011,Islington,Violence Against the Person,4940,12,5493.0,2010.0,12.0,-553.0,-0.10067358456217003
2011,Kensington and Chelsea,Burglary,1730,12,1621.0,2010.0,12.0,109.0,0.06724244293645898
2011,Kensington and Chelsea,Criminal Damage,1148,12,1160.0,2010.0,12.0,-12.0,-0.010344827586206896
2011,Kensington and Chelsea,Drugs,1627,12,2153.0,2010.0,12.0,-526.0,-0.24431026474686485
2011,Kensington and Chelsea,Fraud or Forgery,0,12,0.0,2010.0,12.0,0.0,
2011,Kensington and Chelsea,Other Notifiable Offences,171,12,242.0,2010.0,12.0,-71.0,-0.29338842975206614
2011,Kensington and Chelsea,Robbery,609,12,503.0,2010.0,12.0,106.0,0.21073558648111332
2011,Kensington and Chelsea,Sexual Offences,0,12,0.0,2010.0,12.0,0.0,
2011,Kensington and Chelsea,Theft and Handling,11124,12,10911.0,2010.0,12.0,213.0,0.019521583722848502
2011,Kensington and Chelsea,Violence Against the Person,2737,12,2891.0,2010.0,12.0,-154.0,-0.053268765133171914
2011,Kingston upon Thames,Burglary,1320,12,1166.0,2010.0,12.0,154.0,0.1320754716981132
2011,Kingston upon Thames,Criminal Damage,1134,12,1286.0,2010.0,12.0,-152.0,-0.1181959564541213
2011,Kingston upon Thames,Drugs,658,12,505.0,2010.0,12.0,153.0,0.30297029702970296
2011,Kingston upon Thames,Fraud or Forgery,0,12,0.0,2010.0,12.0,0.0,
2011,Kingston upon Thames,Other Notifiable Offences,130,12,147.0,2010.0,12.0,-17.0,-0.11564625850340136
2011,Kingston upon Thames,Robbery,236,12,228.0,2010.0,12.0,8.0,0.03508771929824561
2011,Kingston upon Thames,Sexual Offences,0,12,0.0,2010.0,12.0,0.0,
2011,Kingston upon Thames,Theft and Handling,4531,12,4696.0,2010.0,12.0,-165.0,-0.035136286201022146
2011,Kingston upon Thames,Violence Against the Person,2146,12,2143.0,2010.0,12.0,3.0,0.0013999066728884741
2011,Lambeth,Burglary,3743,12,3204.0,2010.0,12.0,539.0,0.16822721598002496
2011,Lambeth,Criminal Damage,2971,12,3178.0,2010.0,12.0,-207.0,-0.06513530522341095
2011,Lambeth,Drugs,2920,12,2950.0,2010.0,12.0,-30.0,-0.010169491525423728
2011,Lambeth,Fraud or Forgery,0,12,0.0,2010.0,12.0,0.0,
2011,Lambeth,Other Notifiable Offences,367,12,448.0,2010.0,12.0,-81.0,-0.18080357142857142
2011,Lambeth,Robbery,2935,12,2490.0,2010.0,12.0,445.0,0.178714859437751
2011,Lambeth,Sexual Offences,0,12,0.0,2010.0,12.0,0.0,
2011,Lambeth,Theft and Handling,13374,12,11989.0,2010.0,12.0,1385.0,0.11552256234881975
2011,Lambeth,Violence Against the Person,6914,12,7412.0,2010.0,12.0,-498.0,-0.06718834322719913
2011,Lewisham,Burglary,3116,12,3023.0,2010.0,12.0,93.0,0.030764141581210717
2011,Lewisham,Criminal Damage,2801,12,3130.0,2010.0,12.0,-329.0,-0.10511182108626198
2011,Lewisham,Drugs,2061,12,2263.0,2010.0,12.0,-202.0,-0.08926204153778171
2011,Lewisham,Fraud or Forgery,0,12,0.0,2010.0,12.0,0.0,
2011,Lewisham,Other Notifiable Offences,415,12,512.0,2010.0,12.0,-97.0,-0.189453125
2011,Lewisham,Robbery,1593,12,1377.0,2010.0,12.0,216.0,0.1568627450980392
2011,Lewisham,Sexual Offences,0,12,0.0,2010.0,12.0,0.0,
2011,Lewisham,Theft and Handling,8123,12,7899.0,2010.0,12.0,224.0,0.028358020002531965
2011,Lewisham,Violence Against the Person,6092,12,6328.0,2010.0,12.0,-236.0,-0.03729456384323641
2011,Merton,Burglary,2396,12,2069.0,2010.0,12.0,327.0,0.1580473658772354
2011,Merton,Criminal Damage,1681,12,1808.0,2010.0,12.0,-127.0,-0.0702433628318584
2011,Merton,Drugs,1000,12,921.0,2010.0,12.0,79.0,0.08577633007600434
2011,Merton,Fraud or Forgery,0,12,0.0,2010.0,12.0,0.0,
2011,Merton,Other Notifiable Offences,104,12,128.0,2010.0,12.0,-24.0,-0.1875
2011,Merton,Robbery,631,12,542.0,2010.0,12.0,89.0,0.16420664206642066
2011,Merton,Sexual Offences,0,12,0.0,2010.0,12.0,0.0,
2011,Merton,Theft and Handling,5201,12,5228.0,2010.0,12.0,-27.0,-0.005164498852333588
2011,Merton,Violence Against the Person,2535,12,2899.0,2010.0,12.0,-364.0,-0.12556053811659193
2011,Newham,Burglary,3040,12,3330.0,2010.0,12.0,-290.0,-0.08708708708708708
2011,Newham,Criminal Damage,2477,12,3025.0,2010.0,12.0,-548.0,-0.18115702479338844
2011,Newham,Drugs,2160,12,2772.0,2010.0,12.0,-612.0,-0.22077922077922077
2011,Newham,Fraud or Forgery,0,12,0.0,2010.0,12.0,0.0,
2011,Newham,Other Notifiable Offences,426,12,438.0,2010.0,12.0,-12.0,-0.0273972602739726
2011,Newham,Robbery,2264,12,2195.0,2010.0,12.0,69.0,0.03143507972665148
2011,Newham,Sexual Offences,0,12,0.0,2010.0,12.0,0.0,
2011,Newham,Theft and Handling,11464,12,12184.0,2010.0,12.0,-720.0,-0.05909389363099146
2011,Newham,Violence Against the Person,6147,12,6784.0,2010.0,12.0,-637.0,-0.09389740566037735
2011,Redbridge,Burglary,3712,12,3239.0,2010.0,12.0,473.0,0.1460327261500463
2011,Redbridge,Criminal Damage,2274,12,2229.0,2010.0,12.0,45.0,0.020188425302826378
2011,Redbridge,Drugs,2253,12,1806.0,2010.0,12.0,447.0,0.24750830564784054
2011,Redbridge,Fraud or Forgery,0,12,0.0,2010.0,12.0,0.0,
2011,Redbridge,Other Notifiable Offences,255,12,193.0,2010.0,12.0,62.0,0.32124352331606215
2011,Redbridge,Robbery,1098,12,878.0,2010.0,12.0,220.0,0.2505694760820046
2011,Redbridge,Sexual Offences,0,12,0.0,2010.0,12.0,0.0,
2011,Redbridge,Theft and Handling,8803,12,8482.0,2010.0,12.0,321.0,0.037844847913228015
2011,Redbridge,Violence Against the Person,3599,12,3825.0,2010.0,12.0,-226.0,-0.05908496732026144
2011,Richmond upon Thames,Burglary,2060,12,1926.0,2010.0,12.0,134.0,0.0695742471443406
2011,Richmond upon Thames,Criminal Damage,1377,12,1465.0,2010.0,12.0,-88.0,-0.060068259385665526
2011,Richmond upon Thames,Drugs,529,12,530.0,2010.0,12.0,-1.0,-0.0018867924528301887
2011,Richmond upon Thames,Fraud or Forgery,0,12,0.0,2010.0,12.0,0.0,
2011,Richmond upon Thames,Other Notifiable Offences,124,12,134.0,2010.0,12.0,-10.0,-0.07462686567164178
2011,Richmond upon Thames,Robbery,197,12,163.0,2010.0,12.0,34.0,0.2085889570552147
2011,Richmond upon Thames,Sexual Offences,0,12,0.0,2010.0,12.0,0.0,
2011,Richmond upon Thames,Theft and Handling,4723,12,4203.0,2010.0,12.0,520.0,0.12372115155841065
2011,Richmond upon Thames,Violence Against the Person,1886,12,2180.0,2010.0,12.0,-294.0,-0.13486238532110092
2011,Southwark,Burglary,3259,12,3005.0,2010.0,12.0,254.0,0.08452579034941764
2011,Southwark,Criminal Damage,2948,12,2821.0,2010.0,12.0,127.0,0.04501949663239986
2011,Southwark,Drugs,3128,12,4231.0,2010.0,12.0,-1103.0,-0.26069487118884427
2011,Southwark,Fraud or Forgery,0,12,0.0,2010.0,12.0,0.0,
2011,Southwark,Other Notifiable Offences,458,12,643.0,2010.0,12.0,-185.0,-0.28771384136858474
2011,Southwark,Robbery,2212,12,2001.0,2010.0,12.0,211.0,0.1054472763618191
2011,Southwark,Sexual Offences,0,12,0.0,2010.0,12.0,0.0,
2011,Southwark,Theft and Handling,12513,12,11180.0,2010.0,12.0,1333.0,0.11923076923076924
2011,Southwark,Violence Against the Person,6205,12,7439.0,2010.0,12.0,-1234.0,-0.1658825110902003
2011,Sutton,Burglary,1609,12,1581.0,2010.0,12.0,28.0,0.017710309930423784
2011,Sutton,Criminal Damage,1557,12,1898.0,2010.0,12.0,-341.0,-0.17966280295047418
2011,Sutton,Drugs,553,12,578.0,2010.0,12.0,-25.0,-0.04325259515570934
2011,Sutton,Fraud or Forgery,0,12,0.0,2010.0,12.0,0.0,
2011,Sutton,Other Notifiable Offences,101,12,119.0,2010.0,12.0,-18.0,-0.15126050420168066
2011,Sutton,Robbery,293,12,304.0,2010.0,12.0,-11.0,-0.03618421052631579
2011,Sutton,Sexual Offences,0,12,0.0,2010.0,12.0,0.0,
2011,Sutton,Theft and Handling,4630,12,5236.0,2010.0,12.0,-606.0,-0.11573720397249809
2011,Sutton,Violence Against the Person,2325,12,2316.0,2010.0,12.0,9.0,0.0038860103626943004
2011,Tower Hamlets,Burglary,2495,12,2088.0,2010.0,12.0,407.0,0.19492337164750959
2011,Tower Hamlets,Criminal Damage,2274,12,2474.0,2010.0,12.0,-200.0,-0.08084074373484236
2011,Tower Hamlets,Drugs,3109,12,2828.0,2010.0,12.0,281.0,0.09936350777934937
2011,Tower Hamlets,Fraud or Forgery,0,12,0.0,2010.0,12.0,0.0,
2011,Tower Hamlets,Other Notifiable Offences,403,12,347.0,2010.0,12.0,56.0,0.16138328530259366
2011,Tower Hamlets,Robbery,1315,12,894.0,2010.0,12.0,421.0,0.470917225950783
2011,Tower Hamlets,Sexual Offences,0,12,0.0,2010.0,12.0,0.0,
2011,Tower Hamlets,Theft and Handling,9934,12,8817.0,2010.0,12.0,1117.0,0.12668708177384597
2011,Tower Hamlets,Violence Against the Person,5182,12,5624.0,2010.0,12.0,-442.0,-0.07859174964438122
2011,Waltham Forest,Burglary,3347,12,3426.0,2010.0,12.0,-79.0,-0.023058960887332166
2011,Waltham Forest,Criminal Damage,2346,12,2564.0,2010.0,12.0,-218.0,-0.08502340093603744
2011,Waltham Forest,Drugs,1240,12,1762.0,2010.0,12.0,-522.0,-0.29625425652667425
2011,Waltham Forest,Fraud or Forgery,0,12,0.0,2010.0,12.0,0.0,
2011,Waltham Forest,Other Notifiable Offences,266,12,303.0,2010.0,12.0,-37.0,-0.12211221122112212
2011,Waltham Forest,Robbery,1714,12,1665.0,2010.0,12.0,49.0,0.02942942942942943
2011,Waltham Forest,Sexual Offences,0,12,0.0,2010.0,12.0,0.0,
2011,Waltham Forest,Theft and Handling,9863,12,9726.0,2010.0,12.0,137.0,0.014085955171704708
2011,Waltham Forest,Violence Against the Person,4938,12,5372.0,2010.0,12.0,-434.0,-0.08078927773641102
2011,Wandsworth,Burglary,2993,12,2899.0,2010.0,12.0,94.0,0.032424974129010006
2011,Wandsworth,Criminal Damage,2137,12,2580.0,2010.0,12.0,-443.0,-0.17170542635658914
2011,Wandsworth,Drugs,1006,12,1261.0,2010.0,12.0,-255.0,-0.20222045995241872
2011,Wandsworth,Fraud or Forgery,0,12,0.0,2010.0,12.0,0.0,
2011,Wandsworth,Other Notifiable Offences,260,12,305.0,2010.0,12.0,-45.0,-0.14754098360655737
2011,Wandsworth,Robbery,1212,12,1186.0,2010.0,12.0,26.0,0.021922428330522766
2011,Wandsworth,Sexual Offences,0,12,0.0,2010.0,12.0,0.0,
2011,Wandsworth,Theft and Handling,9825,12,9724.0,2010.0,12.0,101.0,0.010386672151378033
2011,Wandsworth,Violence Against the Person,3951,12,4860.0,2010.0,12.0,-909.0,-0.18703703703703703
2011,Westminster,Burglary,2900,12,2682.0,2010.0,12.0,218.0,0.08128262490678598
2011,Westminster,Criminal Damage,2246,12,2385.0,2010.0,12.0,-139.0,-0.05828092243186583
2011,Westminster,Drugs,5670,12,4632.0,2010.0,12.0,1038.0,0.22409326424870465
2011,Westminster,Fraud or Forgery,0,12,0.0,2010.0,12.0,0.0,
2011,Westminster,Other Notifiable Offences,652,12,660.0,2010.0,12.0,-8.0,-0.012121212121212121
2011,Westminster,Robbery,1814,12,1439.0,2010.0,12.0,375.0,0.26059763724808893
2011,Westminster,Sexual Offences,0,12,0.0,2010.0,12.0,0.0,
2011,Westminster,Theft and Handling,33529,12,29191.0,2010.0,12.0,4338.0,0.14860744750094207
2011,Westminster,Violence Against the Person,7432,12,7127.0,2010.0,12.0,305.0,0.042795004910902205
2012,Barking and Dagenham,Burglary,2435,12,2301.0,2011.0,12.0,134.0,0.05823554976097349
2012,Barking and Dagenham,Criminal Damage,1696,12,2104.0,2011.0,12.0,-408.0,-0.19391634980988592
2012,Barking and Dagenham,Drugs,949,12,934.0,2011.0,12.0,15.0,0.016059957173447537
2012,Barking and Dagenham,Fraud or Forgery,0,12,0.0,2011.0,12.0,0.0,
2012,Barking and Dagenham,Other Notifiable Offences,257,12,345.0,2011.0,12.0,-88.0,-0.25507246376811593
2012,Barking and Dagenham,Robbery,746,12,998.0,2011.0,12.0,-252.0,-0.25250501002004005
2012,Barking and Dagenham,Sexual Offences,0,12,0.0,2011.0,12.0,0.0,
2012,Barking and Dagenham,Theft and Handling,6173,12,6070.0,2011.0,12.0,103.0,0.016968698517298188
2012,Barking and Dagenham,Violence Against the Person,3734,12,3934.0,2011.0,12.0,-200.0,-0.05083884087442806
2012,Barnet,Burglary,4830,12,4873.0,2011.0,12.0,-43.0,-0.008824132977631849
2012,Barnet,Criminal Damage,1985,12,2393.0,2011.0,12.0,-408.0,-0.17049728374425407
2012,Barnet,Drugs,942,12,1218.0,2011.0,12.0,-276.0,-0.22660098522167488
2012,Barnet,Fraud or Forgery,0,12,0.0,2011.0,12.0,0.0,
2012,Barnet,Other Notifiable Offences,281,12,285.0,2011.0,12.0,-4.0,-0.014035087719298246
2012,Barnet,Robbery,1142,12,1159.0,2011.0,12.0,-17.0,-0.014667817083692839
2012,Barnet,Sexual Offences,0,12,0.0,2011.0,12.0,0.0,
2012,Barnet,Theft and Handling,10451,12,9952.0,2011.0,12.0,499.0,0.050140675241157555
2012,Barnet,Violence Against the Person,3942,12,4127.0,2011.0,12.0,-185.0,-0.04482675066634359
2012,Bexley,Burglary,1693,12,1487.0,2011.0,12.0,206.0,0.13853396099529253
2012,Bexley,Criminal Damage,1596,12,1708.0,2011.0,12.0,-112.0,-0.06557377049180328
2012,Bexley,Drugs,792,12,921.0,2011.0,12.0,-129.0,-0.14006514657980457
2012,Bexley,Fraud or Forgery,0,12,0.0,2011.0,12.0,0.0,
2012,Bexley,Other Notifiable Offences,199,12,156.0,2011.0,12.0,43.0,0.27564102564102566
2012,Bexley,Robbery,231,12,348.0,2011.0,12.0,-117.0,-0.33620689655172414
2012,Bexley,Sexual Offences,0,12,0.0,2011.0,12.0,0.0,
2012,Bexley,Theft and Handling,4414,12,3979.0,2011.0,12.0,435.0,0.10932395074139231
2012,Bexley,Violence Against the Person,2744,12,2726.0,2011.0,12.0,18.0,0.006603081438004402
2012,Brent,Burglary,3936,12,3675.0,2011.0,12.0,261.0,0.07102040816326531
2012,Brent,Criminal Damage,2161,12,2301.0,2011.0,12.0,-140.0,-0.060843111690569315
2012,Brent,Drugs,3428,12,4042.0,2011.0,12.0,-614.0,-0.15190499752597725
2012,Brent,Fraud or Forgery,0,12,0.0,2011.0,12.0,0.0,
2012,Brent,Other Notifiable Offences,456,12,422.0,2011.0,12.0,34.0,0.08056872037914692
2012,Brent,Robbery,1643,12,2027.0,2011.0,12.0,-384.0,-0.18944252590034533
2012,Brent,Sexual Offences,0,12,0.0,2011.0,12.0,0.0,
2012,Brent,Theft and Handling,8338,12,8398.0,2011.0,12.0,-60.0,-0.00714455822814956
2012,Brent,Violence Against the Person,6395,12,6804.0,2011.0,12.0,-409.0,-0.06011169900058789
2012,Bromley,Burglary,3445,12,3119.0,2011.0,12.0,326.0,0.10452067970503366
2012,Bromley,Criminal Damage,2250,12,2619.0,2011.0,12.0,-369.0,-0.140893470790378
2012,Bromley,Drugs,1013,12,1041.0,2011.0,12.0,-28.0,-0.026897214217098942
2012,Bromley,Fraud or Forgery,0,12,0.0,2011.0,12.0,0.0,
2012,Bromley,Other Notifiable Offences,241,12,205.0,2011.0,12.0,36.0,0.17560975609756097
2012,Bromley,Robbery,601,12,684.0,2011.0,12.0,-83.0,-0.12134502923976608
2012,Bromley,Sexual Offences,0,12,0.0,2011.0,12.0,0.0,
2012,Bromley,Theft and Handling,7929,12,7680.0,2011.0,12.0,249.0,0.032421875
2012,Bromley,Violence Against the Person,4143,12,4520.0,2011.0,12.0,-377.0,-0.08340707964601769
2012,Camden,Burglary,2935,12,3409.0,2011.0,12.0,-474.0,-0.13904370783220885
2012,Camden,Criminal Damage,1865,12,2080.0,2011.0,12.0,-215.0,-0.10336538461538461
2012,Camden,Drugs,2296,12,2554.0,2011.0,12.0,-258.0,-0.10101801096319499
2012,Camden,Fraud or Forgery,0,12,0.0,2011.0,12.0,0.0,
2012,Camden,Other Notifiable Offences,449,12,345.0,2011.0,12.0,104.0,0.30144927536231886
2012,Camden,Robbery,1093,12,1439.0,2011.0,12.0,-346.0,-0.2404447533009034
2012,Camden,Sexual Offences,0,12,0.0,2011.0,12.0,0.0,
2012,Camden,Theft and Handling,17717,12,18573.0,2011.0,12.0,-856.0,-0.04608840790394659
2012,Camden,Violence Against the Person,5117,12,5556.0,2011.0,12.0,-439.0,-0.07901367890568754
2012,City of London,Burglary,3,12,1.0,2011.0,12.0,2.0,2.0
2012,City of London,Criminal Damage,2,12,2.0,2011.0,12.0,0.0,0.0
2012,City of London,Drugs,6,12,4.0,2011.0,12.0,2.0,0.5
2012,City of London,Other Notifiable Offences,4,12,1.0,2011.0,12.0,3.0,3.0
2012,City of London,Robbery,6,12,2.0,2011.0,12.0,4.0,2.0
2012,City of London,Theft and Handling,121,12,45.0,2011.0,12.0,76.0,1.6888888888888889
2012,City of London,Violence Against the Person,15,12,14.0,2011.0,12.0,1.0,0.07142857142857142
2012,Croydon,Burglary,4038,12,4619.0,2011.0,12.0,-581.0,-0.12578480190517427
2012,Croydon,Criminal Damage,3072,12,3426.0,2011.0,12.0,-354.0,-0.10332749562171628
2012,Croydon,Drugs,2356,12,2315.0,2011.0,12.0,41.0,0.017710583153347732
2012,Croydon,Fraud or Forgery,0,12,0.0,2011.0,12.0,0.0,
2012,Croydon,Other Notifiable Offences,489,12,427.0,2011.0,12.0,62.0,0.1451990632318501
2012,Croydon,Robbery,1925,12,1762.0,2011.0,12.0,163.0,0.09250851305334847
2012,Croydon,Sexual Offences,0,12,0.0,2011.0,12.0,0.0,
2012,Croydon,Theft and Handling,11754,12,10727.0,2011.0,12.0,1027.0,0.09573972219632702
2012,Croydon,Violence Against the Person,6555,12,6554.0,2011.0,12.0,1.0,0.00015257857796765334
2012,Ealing,Burglary,3940,12,3824.0,2011.0,12.0,116.0,0.030334728033472803
2012,Ealing,Criminal Damage,2606,12,3120.0,2011.0,12.0,-514.0,-0.16474358974358974
2012,Ealing,Drugs,2170,12,2205.0,2011.0,12.0,-35.0,-0.015873015873015872
2012,Ealing,Fraud or Forgery,0,12,0.0,2011.0,12.0,0.0,
2012,Ealing,Other Notifiable Offences,478,12,550.0,2011.0,12.0,-72.0,-0.13090909090909092
2012,Ealing,Robbery,1233,12,1429.0,2011.0,12.0,-196.0,-0.1371588523442967
2012,Ealing,Sexual Offences,0,12,0.0,2011.0,12.0,0.0,
2012,Ealing,Theft and Handling,11555,12,11309.0,2011.0,12.0,246.0,0.02175258643558228
2012,Ealing,Violence Against the Person,6850,12,7100.0,2011.0,12.0,-250.0,-0.035211267605633804
2012,Enfield,Burglary,3719,12,3627.0,2011.0,12.0,92.0,0.025365315687896333
2012,Enfield,Criminal Damage,2138,12,2564.0,2011.0,12.0,-426.0,-0.16614664586583464
2012,Enfield,Drugs,1135,12,1451.0,2011.0,12.0,-316.0,-0.21778084079944865
2012,Enfield,Fraud or Forgery,0,12,0.0,2011.0,12.0,0.0,
2012,Enfield,Other Notifiable Offences,300,12,375.0,2011.0,12.0,-75.0,-0.2
2012,Enfield,Robbery,1121,12,1103.0,2011.0,12.0,18.0,0.016319129646418858
2012,Enfield,Sexual Offences,0,12,0.0,2011.0,12.0,0.0,
2012,Enfield,Theft and Handling,8425,12,7847.0,2011.0,12.0,578.0,0.07365872307888365
2012,Enfield,Violence Against the Person,4231,12,4074.0,2011.0,12.0,157.0,0.03853706431026019
2012,Greenwich,Burglary,2305,12,2300.0,2011.0,12.0,5.0,0.002173913043478261
2012,Greenwich,Criminal Damage,2216,12,2490.0,2011.0,12.0,-274.0,-0.11004016064257029
2012,Greenwich,Drugs,1313,12,1285.0,2011.0,12.0,28.0,0.02178988326848249
2012,Greenwich,Fraud or Forgery,0,12,0.0,2011.0,12.0,0.0,
2012,Greenwich,Other Notifiable Offences,369,12,303.0,2011.0,12.0,66.0,0.21782178217821782
2012,Greenwich,Robbery,580,12,741.0,2011.0,12.0,-161.0,-0.21727395411605938
2012,Greenwich,Sexual Offences,0,12,0.0,2011.0,12.0,0.0,
2012,Greenwich,Theft and Handling,7935,12,6878.0,2011.0,12.0,1057.0,0.1536783948822332
2012,Greenwich,Violence Against the Person,5310,12,4555.0,2011.0,12.0,755.0,0.16575192096597147
2012,Hackney,Burglary,2389,12,1968.0,2011.0,12.0,421.0,0.21392276422764228
2012,Hackney,Criminal Damage,1844,12,1836.0,2011.0,12.0,8.0,0.004357298474945534
2012,Hackney,Drugs,2184,12,2095.0,2011.0,12.0,89.0,0.04248210023866349
2012,Hackney,Fraud or Forgery,0,12,0.0,2011.0,12.0,0.0,
2012,Hackney,Other Notifiable Offences,338,12,272.0,2011.0,12.0,66.0,0.2426470588235294
2012,Hackney,Robbery,1249,12,993.0,2011.0,12.0,256.0,0.2578046324269889
2012,Hackney,Sexual Offences,0,12,0.0,2011.0,12.0,0.0,
2012,Hackney,Theft and Handling,13375,12,9534.0,2011.0,12.0,3841.0,0.4028739249003566
2012,Hackney,Violence Against the Person,5716,12,4697.0,2011.0,12.0,1019.0,0.2169469874387907
2012,Hammersmith and Fulham,Burglary,1864,12,2499.0,2011.0,12.0,-635.0,-0.2541016406562625
2012,Hammersmith and Fulham,Criminal Damage,1467,12,1723.0,2011.0,12.0,-256.0,-0.1485780615206036
2012,Hammersmith and Fulham,Drugs,1644,12,1501.0,2011.0,12.0,143.0,0.09526982011992005
2012,Hammersmith and Fulham,Fraud or Forgery,0,12,0.0,2011.0,12.0,0.0,
2012,Hammersmith and Fulham,Other Notifiable Offences,339,12,395.0,2011.0,12.0,-56.0,-0.14177215189873418
2012,Hammersmith and Fulham,Robbery,697,12,769.0,2011.0,12.0,-72.0,-0.09362808842652796
2012,Hammersmith and Fulham,Sexual Offences,0,12,0.0,2011.0,12.0,0.0,
2012,Hammersmith and Fulham,Theft and Handling,10777,12,11008.0,2011.0,12.0,-231.0,-0.020984738372093022
2012,Hammersmith and Fulham,Violence Against the Person,4242,12,4256.0,2011.0,12.0,-14.0,-0.003289473684210526
2012,Haringey,Burglary,3435,12,3564.0,2011.0,12.0,-129.0,-0.0361952861952862
2012,Haringey,Criminal Damage,2176,12,2660.0,2011.0,12.0,-484.0,-0.18195488721804512
2012,Haringey,Drugs,1534,12,1556.0,2011.0,12.0,-22.0,-0.014138817480719794
2012,Haringey,Fraud or Forgery,0,12,0.0,2011.0,12.0,0.0,
2012,Haringey,Other Notifiable Offences,282,12,233.0,2011.0,12.0,49.0,0.21030042918454936
2012,Haringey,Robbery,1120,12,1383.0,2011.0,12.0,-263.0,-0.19016630513376717
2012,Haringey,Sexual Offences,0,12,0.0,2011.0,12.0,0.0,
2012,Haringey,Theft and Handling,9957,12,9191.0,2011.0,12.0,766.0,0.08334240017408334
2012,Haringey,Violence Against the Person,4727,12,4592.0,2011.0,12.0,135.0,0.029398954703832754
2012,Harrow,Burglary,2515,12,2586.0,2011.0,12.0,-71.0,-0.02745552977571539
2012,Harrow,Criminal Damage,1240,12,1448.0,2011.0,12.0,-208.0,-0.143646408839779
2012,Harrow,Drugs,703,12,679.0,2011.0,12.0,24.0,0.035346097201767304
2012,Harrow,Fraud or Forgery,0,12,0.0,2011.0,12.0,0.0,
2012,Harrow,Other Notifiable Offences,224,12,220.0,2011.0,12.0,4.0,0.01818181818181818
2012,Harrow,Robbery,655,12,641.0,2011.0,12.0,14.0,0.0218408736349454
2012,Harrow,Sexual Offences,0,12,0.0,2011.0,12.0,0.0,
2012,Harrow,Theft and Handling,4551,12,4442.0,2011.0,12.0,109.0,0.024538496172895094
2012,Harrow,Violence Against the Person,2915,12,2785.0,2011.0,12.0,130.0,0.0466786355475763
2012,Havering,Burglary,2814,12,2794.0,2011.0,12.0,20.0,0.0071581961345740875
2012,Havering,Criminal Damage,1589,12,1791.0,2011.0,12.0,-202.0,-0.11278615298715801
2012,Havering,Drugs,1049,12,1011.0,2011.0,12.0,38.0,0.03758654797230465
2012,Havering,Fraud or Forgery,0,12,0.0,2011.0,12.0,0.0,
2012,Havering,Other Notifiable Offences,243,12,229.0,2011.0,12.0,14.0,0.0611353711790393
2012,Havering,Robbery,427,12,467.0,2011.0,12.0,-40.0,-0.08565310492505353
2012,Havering,Sexual Offences,0,12,0.0,2011.0,12.0,0.0,
2012,Havering,Theft and Handling,6540,12,6054.0,2011.0,12.0,486.0,0.0802775024777007
2012,Havering,Violence Against the Person,3303,12,3150.0,2011.0,12.0,153.0,0.04857142857142857
2012,Hillingdon,Burglary,3353,12,3615.0,2011.0,12.0,-262.0,-0.07247579529737207
2012,Hillingdon,Criminal Damage,2268,12,2808.0,2011.0,12.0,-540.0,-0.19230769230769232
2012,Hillingdon,Drugs,1092,12,1531.0,2011.0,12.0,-439.0,-0.286740692357936
2012,Hillingdon,Fraud or Forgery,0,12,0.0,2011.0,12.0,0.0,
2012,Hillingdon,Other Notifiable Offences,513,12,570.0,2011.0,12.0,-57.0,-0.1
2012,Hillingdon,Robbery,845,12,862.0,2011.0,12.0,-17.0,-0.019721577726218097
2012,Hillingdon,Sexual Offences,0,12,0.0,2011.0,12.0,0.0,
2012,Hillingdon,Theft and Handling,8923,12,9554.0,2011.0,12.0,-631.0,-0.06604563533598493
2012,Hillingdon,Violence Against the Person,5109,12,5342.0,2011.0,12.0,-233.0,-0.04361662298764508
2012,Hounslow,Burglary,2932,12,2665.0,2011.0,12.0,267.0,0.100187617260788
2012,Hounslow,Criminal Damage,2252,12,2503.0,2011.0,12.0,-251.0,-0.10027966440271674
2012,Hounslow,Drugs,1595,12,1629.0,2011.0,12.0,-34.0,-0.020871700429711478
2012,Hounslow,Fraud or Forgery,0,12,0.0,2011.0,12.0,0.0,
2012,Hounslow,Other Notifiable Offences,391,12,463.0,2011.0,12.0,-72.0,-0.15550755939524838
2012,Hounslow,Robbery,767,12,632.0,2011.0,12.0,135.0,0.21360759493670886
2012,Hounslow,Sexual Offences,0,12,0.0,2011.0,12.0,0.0,
2012,Hounslow,Theft and Handling,9427,12,8127.0,2011.0,12.0,1300.0,0.15996062507690414
2012,Hounslow,Violence Against the Person,5360,12,5086.0,2011.0,12.0,274.0,0.05387337790011797
2012,Islington,Burglary,2402,12,2669.0,2011.0,12.0,-267.0,-0.10003746721618584
2012,Islington,Criminal Damage,1864,12,1967.0,2011.0,12.0,-103.0,-0.05236400610066091
2012,Islington,Drugs,1703,12,1664.0,2011.0,12.0,39.0,0.0234375
2012,Islington,Fraud or Forgery,0,12,0.0,2011.0,12.0,0.0,
2012,Islington,Other Notifiable Offences,385,12,336.0,2011.0,12.0,49.0,0.14583333333333334
2012,Islington,Robbery,1160,12,1117.0,2011.0,12.0,43.0,0.03849597135183527
2012,Islington,Sexual Offences,0,12,0.0,2011.0,12.0,0.0,
2012,Islington,Theft and Handling,13479,12,12287.0,2011.0,12.0,1192.0,0.09701310327988931
2012,Islington,Violence Against the Person,5275,12,4940.0,2011.0,12.0,335.0,0.06781376518218624
2012,Kensington and Chelsea,Burglary,1784,12,1730.0,2011.0,12.0,54.0,0.03121387283236994
2012,Kensington and Chelsea,Criminal Damage,1048,12,1148.0,2011.0,12.0,-100.0,-0.08710801393728224
2012,Kensington and Chelsea,Drugs,1355,12,1627.0,2011.0,12.0,-272.0,-0.16717885679164105
2012,Kensington and Chelsea,Fraud or Forgery,0,12,0.0,2011.0,12.0,0.0,
2012,Kensington and Chelsea,Other Notifiable Offences,211,12,171.0,2011.0,12.0,40.0,0.23391812865497075
2012,Kensington and Chelsea,Robbery,653,12,609.0,2011.0,12.0,44.0,0.0722495894909688
2012,Kensington and Chelsea,Sexual Offences,0,12,0.0,2011.0,12.0,0.0,
2012,Kensington and Chelsea,Theft and Handling,12042,12,11124.0,2011.0,12.0,918.0,0.0825242718446602
2012,Kensington and Chelsea,Violence Against the Person,2664,12,2737.0,2011.0,12.0,-73.0,-0.026671538180489587
2012,Kingston upon Thames,Burglary,1373,12,1320.0,2011.0,12.0,53.0,0.04015151515151515
2012,Kingston upon Thames,Criminal Damage,1088,12,1134.0,2011.0,12.0,-46.0,-0.04056437389770723
2012,Kingston upon Thames,Drugs,419,12,658.0,2011.0,12.0,-239.0,-0.36322188449848025
2012,Kingston upon Thames,Fraud or Forgery,0,12,0.0,2011.0,12.0,0.0,
2012,Kingston upon Thames,Other Notifiable Offences,119,12,130.0,2011.0,12.0,-11.0,-0.08461538461538462
2012,Kingston upon Thames,Robbery,236,12,236.0,2011.0,12.0,0.0,0.0
2012,Kingston upon Thames,Sexual Offences,0,12,0.0,2011.0,12.0,0.0,
2012,Kingston upon Thames,Theft and Handling,4458,12,4531.0,2011.0,12.0,-73.0,-0.016111233723239905
2012,Kingston upon Thames,Violence Against the Person,2263,12,2146.0,2011.0,12.0,117.0,0.054520037278657965
2012,Lambeth,Burglary,3599,12,3743.0,2011.0,12.0,-144.0,-0.03847181405289874
2012,Lambeth,Criminal Damage,2506,12,2971.0,2011.0,12.0,-465.0,-0.15651295859979805
2012,Lambeth,Drugs,2290,12,2920.0,2011.0,12.0,-630.0,-0.21575342465753425
2012,Lambeth,Fraud or Forgery,0,12,0.0,2011.0,12.0,0.0,
2012,Lambeth,Other Notifiable Offences,407,12,367.0,2011.0,12.0,40.0,0.10899182561307902
2012,Lambeth,Robbery,2673,12,2935.0,2011.0,12.0,-262.0,-0.08926746166950596
2012,Lambeth,Sexual Offences,0,12,0.0,2011.0,12.0,0.0,
2012,Lambeth,Theft and Handling,15095,12,13374.0,2011.0,12.0,1721.0,0.12868251831912667
2012,Lambeth,Violence Against the Person,6903,12,6914.0,2011.0,12.0,-11.0,-0.001590974833670813
2012,Lewisham,Burglary,3296,12,3116.0,2011.0,12.0,180.0,0.057766367137355584
2012,Lewisham,Criminal Damage,2432,12,2801.0,2011.0,12.0,-369.0,-0.13173866476258478
2012,Lewisham,Drugs,1431,12,2061.0,2011.0,12.0,-630.0,-0.3056768558951965
2012,Lewisham,Fraud or Forgery,0,12,0.0,2011.0,12.0,0.0,
2012,Lewisham,Other Notifiable Offences,338,12,415.0,2011.0,12.0,-77.0,-0.1855421686746988
2012,Lewisham,Robbery,1301,12,1593.0,2011.0,12.0,-292.0,-0.18330194601381042
2012,Lewisham,Sexual Offences,0,12,0.0,2011.0,12.0,0.0,
2012,Lewisham,Theft and Handling,8986,12,8123.0,2011.0,12.0,863.0,0.1062415363781854
2012,Lewisham,Violence Against the Person,5868,12,6092.0,2011.0,12.0,-224.0,-0.036769533814839134
2012,Merton,Burglary,2029,12,2396.0,2011.0,12.0,-367.0,-0.1531719532554257
2012,Merton,Criminal Damage,1328,12,1681.0,2011.0,12.0,-353.0,-0.2099940511600238
2012,Merton,Drugs,842,12,1000.0,2011.0,12.0,-158.0,-0.158
2012,Merton,Fraud or Forgery,0,12,0.0,2011.0,12.0,0.0,
2012,Merton,Other Notifiable Offences,158,12,104.0,2011.0,12.0,54.0,0.5192307692307693
2012,Merton,Robbery,561,12,631.0,2011.0,12.0,-70.0,-0.1109350237717908
2012,Merton,Sexual Offences,0,12,0.0,2011.0,12.0,0.0,
2012,Merton,Theft and Handling,5408,12,5201.0,2011.0,12.0,207.0,0.039800038454143434
2012,Merton,Violence Against the Person,2530,12,2535.0,2011.0,12.0,-5.0,-0.0019723865877712033
2012,Newham,Burglary,3056,12,3040.0,2011.0,12.0,16.0,0.005263157894736842
2012,Newham,Criminal Damage,2357,12,2477.0,2011.0,12.0,-120.0,-0.04844570044408559
2012,Newham,Drugs,1857,12,2160.0,2011.0,12.0,-303.0,-0.14027777777777778
2012,Newham,Fraud or Forgery,0,12,0.0,2011.0,12.0,0.0,
2012,Newham,Other Notifiable Offences,456,12,426.0,2011.0,12.0,30.0,0.07042253521126761
2012,Newham,Robbery,2310,12,2264.0,2011.0,12.0,46.0,0.020318021201413426
2012,Newham,Sexual Offences,0,12,0.0,2011.0,12.0,0.0,
2012,Newham,Theft and Handling,13416,12,11464.0,2011.0,12.0,1952.0,0.1702721563154222
2012,Newham,Violence Against the Person,6615,12,6147.0,2011.0,12.0,468.0,0.07613469985358712
2012,Redbridge,Burglary,3398,12,3712.0,2011.0,12.0,-314.0,-0.08459051724137931
2012,Redbridge,Criminal Damage,1722,12,2274.0,2011.0,12.0,-552.0,-0.24274406332453827
2012,Redbridge,Drugs,1928,12,2253.0,2011.0,12.0,-325.0,-0.1442521083000444
2012,Redbridge,Fraud or Forgery,0,12,0.0,2011.0,12.0,0.0,
2012,Redbridge,Other Notifiable Offences,290,12,255.0,2011.0,12.0,35.0,0.13725490196078433
2012,Redbridge,Robbery,1036,12,1098.0,2011.0,12.0,-62.0,-0.056466302367941715
2012,Redbridge,Sexual Offences,0,12,0.0,2011.0,12.0,0.0,
2012,Redbridge,Theft and Handling,8935,12,8803.0,2011.0,12.0,132.0,0.01499488810632739
2012,Redbridge,Violence Against the Person,4115,12,3599.0,2011.0,12.0,516.0,0.14337315921089192
2012,Richmond upon Thames,Burglary,2008,12,2060.0,2011.0,12.0,-52.0,-0.02524271844660194
2012,Richmond upon Thames,Criminal Damage,1197,12,1377.0,2011.0,12.0,-180.0,-0.13071895424836602
2012,Richmond upon Thames,Drugs,529,12,529.0,2011.0,12.0,0.0,0.0
2012,Richmond upon Thames,Fraud or Forgery,0,12,0.0,2011.0,12.0,0.0,
2012,Richmond upon Thames,Other Notifiable Offences,154,12,124.0,2011.0,12.0,30.0,0.24193548387096775
2012,Richmond upon Thames,Robbery,226,12,197.0,2011.0,12.0,29.0,0.14720812182741116
2012,Richmond upon Thames,Sexual Offences,0,12,0.0,2011.0,12.0,0.0,
2012,Richmond upon Thames,Theft and Handling,4998,12,4723.0,2011.0,12.0,275.0,0.058225704001693836
2012,Richmond upon Thames,Violence Against the Person,2056,12,1886.0,2011.0,12.0,170.0,0.09013785790031813
2012,Southwark,Burglary,3278,12,3259.0,2011.0,12.0,19.0,0.005830009205277692
2012,Southwark,Criminal Damage,2374,12,2948.0,2011.0,12.0,-574.0,-0.19470827679782904
2012,Southwark,Drugs,2437,12,3128.0,2011.0,12.0,-691.0,-0.22090792838874682
2012,Southwark,Fraud or Forgery,0,12,0.0,2011.0,12.0,0.0,
2012,Southwark,Other Notifiable Offences,471,12,458.0,2011.0,12.0,13.0,0.028384279475982533
2012,Southwark,Robbery,2506,12,2212.0,2011.0,12.0,294.0,0.13291139240506328
2012,Southwark,Sexual Offences,0,12,0.0,2011.0,12.0,0.0,
2012,Southwark,Theft and Handling,13200,12,12513.0,2011.0,12.0,687.0,0.054902900982977704
2012,Southwark,Violence Against the Person,6471,12,6205.0,2011.0,12.0,266.0,0.042868654311039485
2012,Sutton,Burglary,1536,12,1609.0,2011.0,12.0,-73.0,-0.045369794903666875
2012,Sutton,Criminal Damage,1354,12,1557.0,2011.0,12.0,-203.0,-0.13037893384714194
2012,Sutton,Drugs,557,12,553.0,2011.0,12.0,4.0,0.007233273056057866
2012,Sutton,Fraud or Forgery,0,12,0.0,2011.0,12.0,0.0,
2012,Sutton,Other Notifiable Offences,163,12,101.0,2011.0,12.0,62.0,0.6138613861386139
2012,Sutton,Robbery,303,12,293.0,2011.0,12.0,10.0,0.034129692832764506
2012,Sutton,Sexual Offences,0,12,0.0,2011.0,12.0,0.0,
2012,Sutton,Theft and Handling,4378,12,4630.0,2011.0,12.0,-252.0,-0.054427645788336934
2012,Sutton,Violence Against the Person,2657,12,2325.0,2011.0,12.0,332.0,0.14279569892473118
2012,Tower Hamlets,Burglary,2631,12,2495.0,2011.0,12.0,136.0,0.054509018036072145
2012,Tower Hamlets,Criminal Damage,2228,12,2274.0,2011.0,12.0,-46.0,-0.020228671943711522
2012,Tower Hamlets,Drugs,3259,12,3109.0,2011.0,12.0,150.0,0.04824702476680605
2012,Tower Hamlets,Fraud or Forgery,0,12,0.0,2011.0,12.0,0.0,
2012,Tower Hamlets,Other Notifiable Offences,404,12,403.0,2011.0,12.0,1.0,0.0024813895781637717
2012,Tower Hamlets,Robbery,1356,12,1315.0,2011.0,12.0,41.0,0.0311787072243346
2012,Tower Hamlets,Sexual Offences,0,12,0.0,2011.0,12.0,0.0,
2012,Tower Hamlets,Theft and Handling,10902,12,9934.0,2011.0,12.0,968.0,0.09744312462250855
2012,Tower Hamlets,Violence Against the Person,6004,12,5182.0,2011.0,12.0,822.0,0.1586260131223466
2012,Waltham Forest,Burglary,2943,12,3347.0,2011.0,12.0,-404.0,-0.12070510905288317
2012,Waltham Forest,Criminal Damage,1964,12,2346.0,2011.0,12.0,-382.0,-0.1628303495311168
2012,Waltham Forest,Drugs,1269,12,1240.0,2011.0,12.0,29.0,0.02338709677419355
2012,Waltham Forest,Fraud or Forgery,0,12,0.0,2011.0,12.0,0.0,
2012,Waltham Forest,Other Notifiable Offences,306,12,266.0,2011.0,12.0,40.0,0.15037593984962405
2012,Waltham Forest,Robbery,1348,12,1714.0,2011.0,12.0,-366.0,-0.21353558926487748
2012,Waltham Forest,Sexual Offences,0,12,0.0,2011.0,12.0,0.0,
2012,Waltham Forest,Theft and Handling,9873,12,9863.0,2011.0,12.0,10.0,0.0010138902970698571
2012,Waltham Forest,Violence Against the Person,4944,12,4938.0,2011.0,12.0,6.0,0.001215066828675577
2012,Wandsworth,Burglary,3395,12,2993.0,2011.0,12.0,402.0,0.13431339792849983
2012,Wandsworth,Criminal Damage,2019,12,2137.0,2011.0,12.0,-118.0,-0.055217594759007955
2012,Wandsworth,Drugs,1045,12,1006.0,2011.0,12.0,39.0,0.03876739562624255
2012,Wandsworth,Fraud or Forgery,0,12,0.0,2011.0,12.0,0.0,
2012,Wandsworth,Other Notifiable Offences,319,12,260.0,2011.0,12.0,59.0,0.22692307692307692
2012,Wandsworth,Robbery,1198,12,1212.0,2011.0,12.0,-14.0,-0.01155115511551155
2012,Wandsworth,Sexual Offences,0,12,0.0,2011.0,12.0,0.0,
2012,Wandsworth,Theft and Handling,12370,12,9825.0,2011.0,12.0,2545.0,0.2590330788804071
2012,Wandsworth,Violence Against the Person,4111,12,3951.0,2011.0,12.0,160.0,0.04049607694254619
2012,Westminster,Burglary,4083,12,2900.0,2011.0,12.0,1183.0,0.40793103448275864
2012,Westminster,Criminal Damage,2254,12,2246.0,2011.0,12.0,8.0,0.003561887800534283
2012,Westminster,Drugs,4654,12,5670.0,2011.0,12.0,-1016.0,-0.17918871252204585
2012,Westminster,Fraud or Forgery,0,12,0.0,2011.0,12.0,0.0,
2012,Westminster,Other Notifiable Offences,641,12,652.0,2011.0,12.0,-11.0,-0.01687116564417178
2012,Westminster,Robbery,2312,12,1814.0,2011.0,12.0,498.0,0.2745314222712238
2012,Westminster,Sexual Offences,0,12,0.0,2011.0,12.0,0.0,
2012,Westminster,Theft and Handling,38152,12,33529.0,2011.0,12.0,4623.0,0.13788064063944644
2012,Westminster,Violence Against the Person,7130,12,7432.0,2011.0,12.0,-302.0,-0.040635091496232505
2013,Barking and Dagenham,Burglary,2222,12,2435.0,2012.0,12.0,-213.0,-0.08747433264887064
2013,Barking and Dagenham,Criminal Damage,1619,12,1696.0,2012.0,12.0,-77.0,-0.04540094339622641
2013,Barking and Dagenham,Drugs,1079,12,949.0,2012.0,12.0,130.0,0.136986301369863
2013,Barking and Dagenham,Fraud or Forgery,0,12,0.0,2012.0,12.0,0.0,
2013,Barking and Dagenham,Other Notifiable Offences,284,12,257.0,2012.0,12.0,27.0,0.10505836575875487
2013,Barking and Dagenham,Robbery,526,12,746.0,2012.0,12.0,-220.0,-0.2949061662198391
2013,Barking and Dagenham,Sexual Offences,0,12,0.0,2012.0,12.0,0.0,
2013,Barking and Dagenham,Theft and Handling,6140,12,6173.0,2012.0,12.0,-33.0,-0.005345861007613802
2013,Barking and Dagenham,Violence Against the Person,3889,12,3734.0,2012.0,12.0,155.0,0.04151044456347081
2013,Barnet,Burglary,4262,12,4830.0,2012.0,12.0,-568.0,-0.11759834368530021
2013,Barnet,Criminal Damage,1855,12,1985.0,2012.0,12.0,-130.0,-0.0654911838790932
2013,Barnet,Drugs,1041,12,942.0,2012.0,12.0,99.0,0.10509554140127389
2013,Barnet,Fraud or Forgery,0,12,0.0,2012.0,12.0,0.0,
2013,Barnet,Other Notifiable Offences,300,12,281.0,2012.0,12.0,19.0,0.06761565836298933
2013,Barnet,Robbery,802,12,1142.0,2012.0,12.0,-340.0,-0.29772329246935203
2013,Barnet,Sexual Offences,0,12,0.0,2012.0,12.0,0.0,
2013,Barnet,Theft and Handling,9958,12,10451.0,2012.0,12.0,-493.0,-0.04717251937613626
2013,Barnet,Violence Against the Person,4292,12,3942.0,2012.0,12.0,350.0,0.08878741755454084
2013,Bexley,Burglary,1784,12,1693.0,2012.0,12.0,91.0,0.05375073833431778
2013,Bexley,Criminal Damage,1432,12,1596.0,2012.0,12.0,-164.0,-0.10275689223057644
2013,Bexley,Drugs,837,12,792.0,2012.0,12.0,45.0,0.056818181818181816
2013,Bexley,Fraud or Forgery,0,12,0.0,2012.0,12.0,0.0,
2013,Bexley,Other Notifiable Offences,224,12,199.0,2012.0,12.0,25.0,0.12562814070351758
2013,Bexley,Robbery,268,12,231.0,2012.0,12.0,37.0,0.16017316017316016
2013,Bexley,Sexual Offences,0,12,0.0,2012.0,12.0,0.0,
2013,Bexley,Theft and Handling,4293,12,4414.0,2012.0,12.0,-121.0,-0.027412777526053467
2013,Bexley,Violence Against the Person,2714,12,2744.0,2012.0,12.0,-30.0,-0.010932944606413994
2013,Brent,Burglary,3084,12,3936.0,2012.0,12.0,-852.0,-0.21646341463414634
2013,Brent,Criminal Damage,1994,12,2161.0,2012.0,12.0,-167.0,-0.07727903748264692
2013,Brent,Drugs,3341,12,3428.0,2012.0,12.0,-87.0,-0.025379229871645273
2013,Brent,Fraud or Forgery,0,12,0.0,2012.0,12.0,0.0,
2013,Brent,Other Notifiable Offences,424,12,456.0,2012.0,12.0,-32.0,-0.07017543859649122
2013,Brent,Robbery,1143,12,1643.0,2012.0,12.0,-500.0,-0.30432136335970783
2013,Brent,Sexual Offences,0,12,0.0,2012.0,12.0,0.0,
2013,Brent,Theft and Handling,7776,12,8338.0,2012.0,12.0,-562.0,-0.06740225473734708
2013,Brent,Violence Against the Person,5997,12,6395.0,2012.0,12.0,-398.0,-0.06223612197028929
2013,Bromley,Burglary,3121,12,3445.0,2012.0,12.0,-324.0,-0.09404934687953556
2013,Bromley,Criminal Damage,1995,12,2250.0,2012.0,12.0,-255.0,-0.11333333333333333
2013,Bromley,Drugs,1046,12,1013.0,2012.0,12.0,33.0,0.03257650542941757
2013,Bromley,Fraud or Forgery,0,12,0.0,2012.0,12.0,0.0,
2013,Bromley,Other Notifiable Offences,276,12,241.0,2012.0,12.0,35.0,0.14522821576763487
2013,Bromley,Robbery,575,12,601.0,2012.0,12.0,-26.0,-0.04326123128119801
2013,Bromley,Sexual Offences,0,12,0.0,2012.0,12.0,0.0,
2013,Bromley,Theft and Handling,7725,12,7929.0,2012.0,12.0,-204.0,-0.025728339008702233
2013,Bromley,Violence Against the Person,4207,12,4143.0,2012.0,12.0,64.0,0.015447743181269612
2013,Camden,Burglary,3085,12,2935.0,2012.0,12.0,150.0,0.05110732538330494
2013,Camden,Criminal Damage,1576,12,1865.0,2012.0,12.0,-289.0,-0.1549597855227882
2013,Camden,Drugs,2172,12,2296.0,2012.0,12.0,-124.0,-0.05400696864111498
2013,Camden,Fraud or Forgery,0,12,0.0,2012.0,12.0,0.0,
2013,Camden,Other Notifiable Offences,412,12,449.0,2012.0,12.0,-37.0,-0.08240534521158129
2013,Camden,Robbery,872,12,1093.0,2012.0,12.0,-221.0,-0.20219579139981703
2013,Camden,Sexual Offences,0,12,0.0,2012.0,12.0,0.0,
2013,Camden,Theft and Handling,15767,12,17717.0,2012.0,12.0,-1950.0,-0.11006378054975448
2013,Camden,Violence Against the Person,4551,12,5117.0,2012.0,12.0,-566.0,-0.11061168653507915
2013,City of London,Burglary,3,12,3.0,2012.0,12.0,0.0,0.0
2013,City of London,Criminal Damage,3,12,2.0,2012.0,12.0,1.0,0.5
2013,City of London,Drugs,4,12,6.0,2012.0,12.0,-2.0,-0.3333333333333333
2013,City of London,Other Notifiable Offences,4,12,4.0,2012.0,12.0,0.0,0.0
2013,City of London,Robbery,3,12,6.0,2012.0,12.0,-3.0,-0.5
2013,City of London,Theft and Handling,79,12,121.0,2012.0,12.0,-42.0,-0.34710743801652894
2013,City of London,Violence Against the Person,14,12,15.0,2012.0,12.0,-1.0,-0.06666666666666667
2013,Croydon,Burglary,3958,12,4038.0,2012.0,12.0,-80.0,-0.01981178801386825
2013,Croydon,Criminal Damage,2821,12,3072.0,2012.0,12.0,-251.0,-0.08170572916666667
2013,Croydon,Drugs,2079,12,2356.0,2012.0,12.0,-277.0,-0.11757215619694397
2013,Croydon,Fraud or Forgery,0,12,0.0,2012.0,12.0,0.0,
2013,Croydon,Other Notifiable Offences,394,12,489.0,2012.0,12.0,-95.0,-0.19427402862985685
2013,Croydon,Robbery,1699,12,1925.0,2012.0,12.0,-226.0,-0.1174025974025974
2013,Croydon,Sexual Offences,0,12,0.0,2012.0,12.0,0.0,
2013,Croydon,Theft and Handling,10307,12,11754.0,2012.0,12.0,-1447.0,-0.12310702739492939
2013,Croydon,Violence Against the Person,6186,12,6555.0,2012.0,12.0,-369.0,-0.056292906178489706
2013,Ealing,Burglary,3584,12,3940.0,2012.0,12.0,-356.0,-0.09035532994923857
2013,Ealing,Criminal Damage,2254,12,2606.0,2012.0,12.0,-352.0,-0.1350729086722947
2013,Ealing,Drugs,1897,12,2170.0,2012.0,12.0,-273.0,-0.12580645161290321
2013,Ealing,Fraud or Forgery,0,12,0.0,2012.0,12.0,0.0,
2013,Ealing,Other Notifiable Offences,422,12,478.0,2012.0,12.0,-56.0,-0.11715481171548117
2013,Ealing,Robbery,911,12,1233.0,2012.0,12.0,-322.0,-0.2611516626115166
2013,Ealing,Sexual Offences,0,12,0.0,2012.0,12.0,0.0,
2013,Ealing,Theft and Handling,10564,12,11555.0,2012.0,12.0,-991.0,-0.08576373864128083
2013,Ealing,Violence Against the Person,6285,12,6850.0,2012.0,12.0,-565.0,-0.08248175182481751
2013,Enfield,Burglary,3449,12,3719.0,2012.0,12.0,-270.0,-0.07260016133369185
2013,Enfield,Criminal Damage,1964,12,2138.0,2012.0,12.0,-174.0,-0.0813844714686623
2013,Enfield,Drugs,1557,12,1135.0,2012.0,12.0,422.0,0.37180616740088107
2013,Enfield,Fraud or Forgery,0,12,0.0,2012.0,12.0,0.0,
2013,Enfield,Other Notifiable Offences,339,12,300.0,2012.0,12.0,39.0,0.13
2013,Enfield,Robbery,935,12,1121.0,2012.0,12.0,-186.0,-0.16592328278322926
2013,Enfield,Sexual Offences,0,12,0.0,2012.0,12.0,0.0,
2013,Enfield,Theft and Handling,8814,12,8425.0,2012.0,12.0,389.0,0.04617210682492581
2013,Enfield,Violence Against the Person,4516,12,4231.0,2012.0,12.0,285.0,0.06735996218388088
2013,Greenwich,Burglary,2369,12,2305.0,2012.0,12.0,64.0,0.02776572668112798
2013,Greenwich,Criminal Damage,2013,12,2216.0,2012.0,12.0,-203.0,-0.09160649819494585
2013,Greenwich,Drugs,1311,12,1313.0,2012.0,12.0,-2.0,-0.0015232292460015233
2013,Greenwich,Fraud or Forgery,0,12,0.0,2012.0,12.0,0.0,
2013,Greenwich,Other Notifiable Offences,387,12,369.0,2012.0,12.0,18.0,0.04878048780487805
2013,Greenwich,Robbery,471,12,580.0,2012.0,12.0,-109.0,-0.1879310344827586
2013,Greenwich,Sexual Offences,0,12,0.0,2012.0,12.0,0.0,
2013,Greenwich,Theft and Handling,7319,12,7935.0,2012.0,12.0,-616.0,-0.07763074984247006
2013,Greenwich,Violence Against the Person,5078,12,5310.0,2012.0,12.0,-232.0,-0.043691148775894535
2013,Hackney,Burglary,2784,12,2389.0,2012.0,12.0,395.0,0.1653411469233989
2013,Hackney,Criminal Damage,1659,12,1844.0,2012.0,12.0,-185.0,-0.10032537960954446
2013,Hackney,Drugs,1883,12,2184.0,2012.0,12.0,-301.0,-0.13782051282051283
2013,Hackney,Fraud or Forgery,0,12,0.0,2012.0,12.0,0.0,
2013,Hackney,Other Notifiable Offences,365,12,338.0,2012.0,12.0,27.0,0.07988165680473373
2013,Hackney,Robbery,1017,12,1249.0,2012.0,12.0,-232.0,-0.18574859887910328
2013,Hackney,Sexual Offences,0,12,0.0,2012.0,12.0,0.0,
2013,Hackney,Theft and Handling,12180,12,13375.0,2012.0,12.0,-1195.0,-0.08934579439252337
2013,Hackney,Violence Against the Person,5745,12,5716.0,2012.0,12.0,29.0,0.005073477956613016
2013,Hammersmith and Fulham,Burglary,1514,12,1864.0,2012.0,12.0,-350.0,-0.18776824034334763
2013,Hammersmith and Fulham,Criminal Damage,1196,12,1467.0,2012.0,12.0,-271.0,-0.18473074301295161
2013,Hammersmith and Fulham,Drugs,1958,12,1644.0,2012.0,12.0,314.0,0.19099756690997566
2013,Hammersmith and Fulham,Fraud or Forgery,0,12,0.0,2012.0,12.0,0.0,
2013,Hammersmith and Fulham,Other Notifiable Offences,368,12,339.0,2012.0,12.0,29.0,0.0855457227138643
2013,Hammersmith and Fulham,Robbery,560,12,697.0,2012.0,12.0,-137.0,-0.19655667144906744
2013,Hammersmith and Fulham,Sexual Offences,0,12,0.0,2012.0,12.0,0.0,
2013,Hammersmith and Fulham,Theft and Handling,9048,12,10777.0,2012.0,12.0,-1729.0,-0.16043425814234016
2013,Hammersmith and Fulham,Violence Against the Person,3961,12,4242.0,2012.0,12.0,-281.0,-0.06624233851956625
2013,Haringey,Burglary,2731,12,3435.0,2012.0,12.0,-704.0,-0.2049490538573508
2013,Haringey,Criminal Damage,1862,12,2176.0,2012.0,12.0,-314.0,-0.14430147058823528
2013,Haringey,Drugs,1196,12,1534.0,2012.0,12.0,-338.0,-0.22033898305084745
2013,Haringey,Fraud or Forgery,0,12,0.0,2012.0,12.0,0.0,
2013,Haringey,Other Notifiable Offences,278,12,282.0,2012.0,12.0,-4.0,-0.014184397163120567
2013,Haringey,Robbery,900,12,1120.0,2012.0,12.0,-220.0,-0.19642857142857142
2013,Haringey,Sexual Offences,0,12,0.0,2012.0,12.0,0.0,
2013,Haringey,Theft and Handling,9305,12,9957.0,2012.0,12.0,-652.0,-0.06548157075424324
2013,Haringey,Violence Against the Person,4433,12,4727.0,2012.0,12.0,-294.0,-0.06219589591707214
2013,Harrow,Burglary,2097,12,2515.0,2012.0,12.0,-418.0,-0.1662027833001988
2013,Harrow,Criminal Damage,1134,12,1240.0,2012.0,12.0,-106.0,-0.08548387096774193
2013,Harrow,Drugs,892,12,703.0,2012.0,12.0,189.0,0.26884779516358465
2013,Harrow,Fraud or Forgery,0,12,0.0,2012.0,12.0,0.0,
2013,Harrow,Other Notifiable Offences,223,12,224.0,2012.0,12.0,-1.0,-0.004464285714285714
2013,Harrow,Robbery,503,12,655.0,2012.0,12.0,-152.0,-0.23206106870229007
2013,Harrow,Sexual Offences,0,12,0.0,2012.0,12.0,0.0,
2013,Harrow,Theft and Handling,4057,12,4551.0,2012.0,12.0,-494.0,-0.1085475719622061
2013,Harrow,Violence Against the Person,3008,12,2915.0,2012.0,12.0,93.0,0.031903945111492284
2013,Havering,Burglary,2480,12,2814.0,2012.0,12.0,-334.0,-0.11869225302061123
2013,Havering,Criminal Damage,1486,12,1589.0,2012.0,12.0,-103.0,-0.06482064191315293
2013,Havering,Drugs,1006,12,1049.0,2012.0,12.0,-43.0,-0.04099142040038131
2013,Havering,Fraud or Forgery,0,12,0.0,2012.0,12.0,0.0,
2013,Havering,Other Notifiable Offences,249,12,243.0,2012.0,12.0,6.0,0.024691358024691357
2013,Havering,Robbery,292,12,427.0,2012.0,12.0,-135.0,-0.3161592505854801
2013,Havering,Sexual Offences,0,12,0.0,2012.0,12.0,0.0,
2013,Havering,Theft and Handling,6312,12,6540.0,2012.0,12.0,-228.0,-0.03486238532110092
2013,Havering,Violence Against the Person,3264,12,3303.0,2012.0,12.0,-39.0,-0.011807447774750226
2013,Hillingdon,Burglary,2853,12,3353.0,2012.0,12.0,-500.0,-0.14912019087384432
2013,Hillingdon,Criminal Damage,2149,12,2268.0,2012.0,12.0,-119.0,-0.05246913580246913
2013,Hillingdon,Drugs,1031,12,1092.0,2012.0,12.0,-61.0,-0.055860805860805864
2013,Hillingdon,Fraud or Forgery,0,12,0.0,2012.0,12.0,0.0,
2013,Hillingdon,Other Notifiable Offences,540,12,513.0,2012.0,12.0,27.0,0.05263157894736842
2013,Hillingdon,Robbery,543,12,845.0,2012.0,12.0,-302.0,-0.357396449704142
2013,Hillingdon,Sexual Offences,0,12,0.0,2012.0,12.0,0.0,
2013,Hillingdon,Theft and Handling,8177,12,8923.0,2012.0,12.0,-746.0,-0.08360416900145691
2013,Hillingdon,Violence Against the Person,4955,12,5109.0,2012.0,12.0,-154.0,-0.030142885104717167
2013,Hounslow,Burglary,2473,12,2932.0,2012.0,12.0,-459.0,-0.15654843110504774
2013,Hounslow,Criminal Damage,1988,12,2252.0,2012.0,12.0,-264.0,-0.1172291296625222
2013,Hounslow,Drugs,1493,12,1595.0,2012.0,12.0,-102.0,-0.06394984326018809
2013,Hounslow,Fraud or Forgery,0,12,0.0,2012.0,12.0,0.0,
2013,Hounslow,Other Notifiable Offences,358,12,391.0,2012.0,12.0,-33.0,-0.08439897698209718
2013,Hounslow,Robbery,479,12,767.0,2012.0,12.0,-288.0,-0.3754889178617992
2013,Hounslow,Sexual Offences,0,12,0.0,2012.0,12.0,0.0,
2013,Hounslow,Theft and Handling,7911,12,9427.0,2012.0,12.0,-1516.0,-0.16081468123475123
2013,Hounslow,Violence Against the Person,5047,12,5360.0,2012.0,12.0,-313.0,-0.0583955223880597
2013,Islington,Burglary,2394,12,2402.0,2012.0,12.0,-8.0,-0.0033305578684429643
2013,Islington,Criminal Damage,1592,12,1864.0,2012.0,12.0,-272.0,-0.1459227467811159
2013,Islington,Drugs,1410,12,1703.0,2012.0,12.0,-293.0,-0.17204932472108045
2013,Islington,Fraud or Forgery,0,12,0.0,2012.0,12.0,0.0,
2013,Islington,Other Notifiable Offences,382,12,385.0,2012.0,12.0,-3.0,-0.007792207792207792
2013,Islington,Robbery,943,12,1160.0,2012.0,12.0,-217.0,-0.1870689655172414
2013,Islington,Sexual Offences,0,12,0.0,2012.0,12.0,0.0,
2013,Islington,Theft and Handling,12169,12,13479.0,2012.0,12.0,-1310.0,-0.09718821871058683
2013,Islington,Violence Against the Person,4894,12,5275.0,2012.0,12.0,-381.0,-0.07222748815165876
2013,Kensington and Chelsea,Burglary,1754,12,1784.0,2012.0,12.0,-30.0,-0.016816143497757848
2013,Kensington and Chelsea,Criminal Damage,824,12,1048.0,2012.0,12.0,-224.0,-0.21374045801526717
2013,Kensington and Chelsea,Drugs,1098,12,1355.0,2012.0,12.0,-257.0,-0.1896678966789668
2013,Kensington and Chelsea,Fraud or Forgery,0,12,0.0,2012.0,12.0,0.0,
2013,Kensington and Chelsea,Other Notifiable Offences,216,12,211.0,2012.0,12.0,5.0,0.023696682464454975
2013,Kensington and Chelsea,Robbery,538,12,653.0,2012.0,12.0,-115.0,-0.17611026033690658
2013,Kensington and Chelsea,Sexual Offences,0,12,0.0,2012.0,12.0,0.0,
2013,Kensington and Chelsea,Theft and Handling,10742,12,12042.0,2012.0,12.0,-1300.0,-0.1079554891214084
2013,Kensington and Chelsea,Violence Against the Person,2530,12,2664.0,2012.0,12.0,-134.0,-0.0503003003003003
2013,Kingston upon Thames,Burglary,1190,12,1373.0,2012.0,12.0,-183.0,-0.13328477785870357
2013,Kingston upon Thames,Criminal Damage,947,12,1088.0,2012.0,12.0,-141.0,-0.12959558823529413
2013,Kingston upon Thames,Drugs,588,12,419.0,2012.0,12.0,169.0,0.4033412887828162
2013,Kingston upon Thames,Fraud or Forgery,0,12,0.0,2012.0,12.0,0.0,
2013,Kingston upon Thames,Other Notifiable Offences,104,12,119.0,2012.0,12.0,-15.0,-0.12605042016806722
2013,Kingston upon Thames,Robbery,156,12,236.0,2012.0,12.0,-80.0,-0.3389830508474576
2013,Kingston upon Thames,Sexual Offences,0,12,0.0,2012.0,12.0,0.0,
2013,Kingston upon Thames,Theft and Handling,4161,12,4458.0,2012.0,12.0,-297.0,-0.06662180349932706
2013,Kingston upon Thames,Violence Against the Person,2045,12,2263.0,2012.0,12.0,-218.0,-0.0963323022536456
2013,Lambeth,Burglary,3876,12,3599.0,2012.0,12.0,277.0,0.07696582383995554
2013,Lambeth,Criminal Damage,2415,12,2506.0,2012.0,12.0,-91.0,-0.036312849162011177
2013,Lambeth,Drugs,1894,12,2290.0,2012.0,12.0,-396.0,-0.17292576419213973
2013,Lambeth,Fraud or Forgery,0,12,0.0,2012.0,12.0,0.0,
2013,Lambeth,Other Notifiable Offences,405,12,407.0,2012.0,12.0,-2.0,-0.004914004914004914
2013,Lambeth,Robbery,2422,12,2673.0,2012.0,12.0,-251.0,-0.09390198279087168
2013,Lambeth,Sexual Offences,0,12,0.0,2012.0,12.0,0.0,
2013,Lambeth,Theft and Handling,13995,12,15095.0,2012.0,12.0,-1100.0,-0.0728718118582312
2013,Lambeth,Violence Against the Person,6861,12,6903.0,2012.0,12.0,-42.0,-0.006084311169056932
2013,Lewisham,Burglary,3297,12,3296.0,2012.0,12.0,1.0,0.00030339805825242716
2013,Lewisham,Criminal Damage,2188,12,2432.0,2012.0,12.0,-244.0,-0.10032894736842106
2013,Lewisham,Drugs,1714,12,1431.0,2012.0,12.0,283.0,0.19776380153738643
2013,Lewisham,Fraud or Forgery,0,12,0.0,2012.0,12.0,0.0,
2013,Lewisham,Other Notifiable Offences,344,12,338.0,2012.0,12.0,6.0,0.01775147928994083
2013,Lewisham,Robbery,1271,12,1301.0,2012.0,12.0,-30.0,-0.023059185242121444
2013,Lewisham,Sexual Offences,0,12,0.0,2012.0,12.0,0.0,
2013,Lewisham,Theft and Handling,7319,12,8986.0,2012.0,12.0,-1667.0,-0.18551079456933006
2013,Lewisham,Violence Against the Person,5941,12,5868.0,2012.0,12.0,73.0,0.012440354464894342
2013,Merton,Burglary,1763,12,2029.0,2012.0,12.0,-266.0,-0.1310990635781173
2013,Merton,Criminal Damage,1205,12,1328.0,2012.0,12.0,-123.0,-0.09262048192771084
2013,Merton,Drugs,638,12,842.0,2012.0,12.0,-204.0,-0.24228028503562946
2013,Merton,Fraud or Forgery,0,12,0.0,2012.0,12.0,0.0,
2013,Merton,Other Notifiable Offences,155,12,158.0,2012.0,12.0,-3.0,-0.0189873417721519
2013,Merton,Robbery,440,12,561.0,2012.0,12.0,-121.0,-0.21568627450980393
2013,Merton,Sexual Offences,0,12,0.0,2012.0,12.0,0.0,
2013,Merton,Theft and Handling,4930,12,5408.0,2012.0,12.0,-478.0,-0.08838757396449703
2013,Merton,Violence Against the Person,2464,12,2530.0,2012.0,12.0,-66.0,-0.02608695652173913
2013,Newham,Burglary,2904,12,3056.0,2012.0,12.0,-152.0,-0.049738219895287955
2013,Newham,Criminal Damage,2081,12,2357.0,2012.0,12.0,-276.0,-0.11709800593975392
2013,Newham,Drugs,1622,12,1857.0,2012.0,12.0,-235.0,-0.12654819601507808
2013,Newham,Fraud or Forgery,0,12,0.0,2012.0,12.0,0.0,
2013,Newham,Other Notifiable Offences,424,12,456.0,2012.0,12.0,-32.0,-0.07017543859649122
2013,Newham,Robbery,2121,12,2310.0,2012.0,12.0,-189.0,-0.08181818181818182
2013,Newham,Sexual Offences,0,12,0.0,2012.0,12.0,0.0,
2013,Newham,Theft and Handling,12271,12,13416.0,2012.0,12.0,-1145.0,-0.0853458556946929
2013,Newham,Violence Against the Person,6154,12,6615.0,2012.0,12.0,-461.0,-0.06969009826152683
2013,Redbridge,Burglary,2993,12,3398.0,2012.0,12.0,-405.0,-0.11918775750441436
2013,Redbridge,Criminal Damage,1488,12,1722.0,2012.0,12.0,-234.0,-0.13588850174216027
2013,Redbridge,Drugs,1796,12,1928.0,2012.0,12.0,-132.0,-0.06846473029045644
2013,Redbridge,Fraud or Forgery,0,12,0.0,2012.0,12.0,0.0,
2013,Redbridge,Other Notifiable Offences,296,12,290.0,2012.0,12.0,6.0,0.020689655172413793
2013,Redbridge,Robbery,883,12,1036.0,2012.0,12.0,-153.0,-0.1476833976833977
2013,Redbridge,Sexual Offences,0,12,0.0,2012.0,12.0,0.0,
2013,Redbridge,Theft and Handling,8099,12,8935.0,2012.0,12.0,-836.0,-0.09356463346390599
2013,Redbridge,Violence Against the Person,4238,12,4115.0,2012.0,12.0,123.0,0.0298906439854192
2013,Richmond upon Thames,Burglary,1927,12,2008.0,2012.0,12.0,-81.0,-0.04033864541832669
2013,Richmond upon Thames,Criminal Damage,1147,12,1197.0,2012.0,12.0,-50.0,-0.04177109440267335
2013,Richmond upon Thames,Drugs,628,12,529.0,2012.0,12.0,99.0,0.18714555765595464
2013,Richmond upon Thames,Fraud or Forgery,0,12,0.0,2012.0,12.0,0.0,
2013,Richmond upon Thames,Other Notifiable Offences,144,12,154.0,2012.0,12.0,-10.0,-0.06493506493506493
2013,Richmond upon Thames,Robbery,194,12,226.0,2012.0,12.0,-32.0,-0.1415929203539823
2013,Richmond upon Thames,Sexual Offences,0,12,0.0,2012.0,12.0,0.0,
2013,Richmond upon Thames,Theft and Handling,4489,12,4998.0,2012.0,12.0,-509.0,-0.1018407362945178
2013,Richmond upon Thames,Violence Against the Person,1910,12,2056.0,2012.0,12.0,-146.0,-0.07101167315175097
2013,Southwark,Burglary,3458,12,3278.0,2012.0,12.0,180.0,0.05491153142159853
2013,Southwark,Criminal Damage,2370,12,2374.0,2012.0,12.0,-4.0,-0.0016849199663016006
2013,Southwark,Drugs,2657,12,2437.0,2012.0,12.0,220.0,0.09027492819039803
2013,Southwark,Fraud or Forgery,0,12,0.0,2012.0,12.0,0.0,
2013,Southwark,Other Notifiable Offences,451,12,471.0,2012.0,12.0,-20.0,-0.04246284501061571
2013,Southwark,Robbery,2249,12,2506.0,2012.0,12.0,-257.0,-0.10255387071029529
2013,Southwark,Sexual Offences,0,12,0.0,2012.0,12.0,0.0,
2013,Southwark,Theft and Handling,13689,12,13200.0,2012.0,12.0,489.0,0.03704545454545455
2013,Southwark,Violence Against the Person,6254,12,6471.0,2012.0,12.0,-217.0,-0.033534229639932
2013,Sutton,Burglary,1427,12,1536.0,2012.0,12.0,-109.0,-0.07096354166666667
2013,Sutton,Criminal Damage,1219,12,1354.0,2012.0,12.0,-135.0,-0.09970457902511078
2013,Sutton,Drugs,477,12,557.0,2012.0,12.0,-80.0,-0.1436265709156194
2013,Sutton,Fraud or Forgery,0,12,0.0,2012.0,12.0,0.0,
2013,Sutton,Other Notifiable Offences,140,12,163.0,2012.0,12.0,-23.0,-0.1411042944785276
2013,Sutton,Robbery,246,12,303.0,2012.0,12.0,-57.0,-0.18811881188118812
2013,Sutton,Sexual Offences,0,12,0.0,2012.0,12.0,0.0,
2013,Sutton,Theft and Handling,4173,12,4378.0,2012.0,12.0,-205.0,-0.04682503426222019
2013,Sutton,Violence Against the Person,2375,12,2657.0,2012.0,12.0,-282.0,-0.10613473842679715
2013,Tower Hamlets,Burglary,2695,12,2631.0,2012.0,12.0,64.0,0.024325351577347016
2013,Tower Hamlets,Criminal Damage,2054,12,2228.0,2012.0,12.0,-174.0,-0.07809694793536805
2013,Tower Hamlets,Drugs,3019,12,3259.0,2012.0,12.0,-240.0,-0.0736422215403498
2013,Tower Hamlets,Fraud or Forgery,0,12,0.0,2012.0,12.0,0.0,
2013,Tower Hamlets,Other Notifiable Offences,494,12,404.0,2012.0,12.0,90.0,0.22277227722772278
2013,Tower Hamlets,Robbery,1253,12,1356.0,2012.0,12.0,-103.0,-0.07595870206489676
2013,Tower Hamlets,Sexual Offences,0,12,0.0,2012.0,12.0,0.0,
2013,Tower Hamlets,Theft and Handling,10430,12,10902.0,2012.0,12.0,-472.0,-0.0432948082920565
2013,Tower Hamlets,Violence Against the Person,6313,12,6004.0,2012.0,12.0,309.0,0.05146568954030646
2013,Waltham Forest,Burglary,2701,12,2943.0,2012.0,12.0,-242.0,-0.08222901800883452
2013,Waltham Forest,Criminal Damage,1795,12,1964.0,2012.0,12.0,-169.0,-0.08604887983706722
2013,Waltham Forest,Drugs,1692,12,1269.0,2012.0,12.0,423.0,0.3333333333333333
2013,Waltham Forest,Fraud or Forgery,0,12,0.0,2012.0,12.0,0.0,
2013,Waltham Forest,Other Notifiable Offences,321,12,306.0,2012.0,12.0,15.0,0.049019607843137254
2013,Waltham Forest,Robbery,981,12,1348.0,2012.0,12.0,-367.0,-0.27225519287833827
2013,Waltham Forest,Sexual Offences,0,12,0.0,2012.0,12.0,0.0,
2013,Waltham Forest,Theft and Handling,9240,12,9873.0,2012.0,12.0,-633.0,-0.06411425098754178
2013,Waltham Forest,Violence Against the Person,5173,12,4944.0,2012.0,12.0,229.0,0.046318770226537215
2013,Wandsworth,Burglary,3084,12,3395.0,2012.0,12.0,-311.0,-0.09160530191458026
2013,Wandsworth,Criminal Damage,1801,12,2019.0,2012.0,12.0,-218.0,-0.10797424467558198
2013,Wandsworth,Drugs,1071,12,1045.0,2012.0,12.0,26.0,0.024880382775119617
2013,Wandsworth,Fraud or Forgery,0,12,0.0,2012.0,12.0,0.0,
2013,Wandsworth,Other Notifiable Offences,326,12,319.0,2012.0,12.0,7.0,0.0219435736677116
2013,Wandsworth,Robbery,943,12,1198.0,2012.0,12.0,-255.0,-0.21285475792988315
2013,Wandsworth,Sexual Offences,0,12,0.0,2012.0,12.0,0.0,
2013,Wandsworth,Theft and Handling,11065,12,12370.0,2012.0,12.0,-1305.0,-0.10549717057396928
2013,Wandsworth,Violence Against the Person,4000,12,4111.0,2012.0,12.0,-111.0,-0.02700072974945269
2013,Westminster,Burglary,3906,12,4083.0,2012.0,12.0,-177.0,-0.04335047759000735
2013,Westminster,Criminal Damage,2080,12,2254.0,2012.0,12.0,-174.0,-0.0771960958296362
2013,Westminster,Drugs,4151,12,4654.0,2012.0,12.0,-503.0,-0.1080790717662226
2013,Westminster,Fraud or Forgery,0,12,0.0,2012.0,12.0,0.0,
2013,Westminster,Other Notifiable Offences,762,12,641.0,2012.0,12.0,121.0,0.18876755070202808
2013,Westminster,Robbery,2198,12,2312.0,2012.0,12.0,-114.0,-0.04930795847750865
2013,Westminster,Sexual Offences,0,12,0.0,2012.0,12.0,0.0,
2013,Westminster,Theft and Handling,33868,12,38152.0,2012.0,12.0,-4284.0,-0.11228769133990354
2013,Westminster,Violence Against the Person,6887,12,7130.0,2012.0,12.0,-243.0,-0.03408134642356241
2014,Barking and Dagenham,Burglary,1894,12,2222.0,2013.0,12.0,-328.0,-0.1476147614761476
2014,Barking and Dagenham,Criminal Damage,1653,12,1619.0,2013.0,12.0,34.0,0.021000617665225447
2014,Barking and Dagenham,Drugs,803,12,1079.0,2013.0,12.0,-276.0,-0.2557924003707136
2014,Barking and Dagenham,Fraud or Forgery,0,12,0.0,2013.0,12.0,0.0,
2014,Barking and Dagenham,Other Notifiable Offences,328,12,284.0,2013.0,12.0,44.0,0.15492957746478872
2014,Barking and Dagenham,Robbery,494,12,526.0,2013.0,12.0,-32.0,-0.060836501901140684
2014,Barking and Dagenham,Sexual Offences,0,12,0.0,2013.0,12.0,0.0,
2014,Barking and Dagenham,Theft and Handling,5289,12,6140.0,2013.0,12.0,-851.0,-0.13859934853420194
2014,Barking and Dagenham,Violence Against the Person,4965,12,3889.0,2013.0,12.0,1076.0,0.27667780920545126
2014,Barnet,Burglary,3621,12,4262.0,2013.0,12.0,-641.0,-0.15039887376818395
2014,Barnet,Criminal Damage,2095,12,1855.0,2013.0,12.0,240.0,0.1293800539083558
2014,Barnet,Drugs,1042,12,1041.0,2013.0,12.0,1.0,0.0009606147934678194
2014,Barnet,Fraud or Forgery,0,12,0.0,2013.0,12.0,0.0,
2014,Barnet,Other Notifiable Offences,361,12,300.0,2013.0,12.0,61.0,0.20333333333333334
2014,Barnet,Robbery,560,12,802.0,2013.0,12.0,-242.0,-0.30174563591022446
2014,Barnet,Sexual Offences,0,12,0.0,2013.0,12.0,0.0,
2014,Barnet,Theft and Handling,9094,12,9958.0,2013.0,12.0,-864.0,-0.08676441052420164
2014,Barnet,Violence Against the Person,5799,12,4292.0,2013.0,12.0,1507.0,0.35111835973904937
2014,Bexley,Burglary,1539,12,1784.0,2013.0,12.0,-245.0,-0.13733183856502243
2014,Bexley,Criminal Damage,1460,12,1432.0,2013.0,12.0,28.0,0.019553072625698324
2014,Bexley,Drugs,762,12,837.0,2013.0,12.0,-75.0,-0.08960573476702509
2014,Bexley,Fraud or Forgery,0,12,0.0,2013.0,12.0,0.0,
2014,Bexley,Other Notifiable Offences,248,12,224.0,2013.0,12.0,24.0,0.10714285714285714
2014,Bexley,Robbery,204,12,268.0,2013.0,12.0,-64.0,-0.23880597014925373
2014,Bexley,Sexual Offences,0,12,0.0,2013.0,12.0,0.0,
2014,Bexley,Theft and Handling,4285,12,4293.0,2013.0,12.0,-8.0,-0.0018634987188446308
2014,Bexley,Violence Against the Person,3346,12,2714.0,2013.0,12.0,632.0,0.2328666175386883
2014,Brent,Burglary,2639,12,3084.0,2013.0,12.0,-445.0,-0.14429312581063553
2014,Brent,Criminal Damage,2136,12,1994.0,2013.0,12.0,142.0,0.0712136409227683
2014,Brent,Drugs,2891,12,3341.0,2013.0,12.0,-450.0,-0.13469021251122418
2014,Brent,Fraud or Forgery,0,12,0.0,2013.0,12.0,0.0,
2014,Brent,Other Notifiable Offences,472,12,424.0,2013.0,12.0,48.0,0.11320754716981132
2014,Brent,Robbery,876,12,1143.0,2013.0,12.0,-267.0,-0.2335958005249344
2014,Brent,Sexual Offences,0,12,0.0,2013.0,12.0,0.0,
2014,Brent,Theft and Handling,7721,12,7776.0,2013.0,12.0,-55.0,-0.007073045267489712
2014,Brent,Violence Against the Person,7691,12,5997.0,2013.0,12.0,1694.0,0.2824745706186427
2014,Bromley,Burglary,2686,12,3121.0,2013.0,12.0,-435.0,-0.1393784043575777
2014,Bromley,Criminal Damage,2273,12,1995.0,2013.0,12.0,278.0,0.1393483709273183
2014,Bromley,Drugs,990,12,1046.0,2013.0,12.0,-56.0,-0.05353728489483748
2014,Bromley,Fraud or Forgery,0,12,0.0,2013.0,12.0,0.0,
2014,Bromley,Other Notifiable Offences,328,12,276.0,2013.0,12.0,52.0,0.18840579710144928
2014,Bromley,Robbery,390,12,575.0,2013.0,12.0,-185.0,-0.3217391304347826
2014,Bromley,Sexual Offences,0,12,0.0,2013.0,12.0,0.0,
2014,Bromley,Theft and Handling,7489,12,7725.0,2013.0,12.0,-236.0,-0.030550161812297735
2014,Bromley,Violence Against the Person,5512,12,4207.0,2013.0,12.0,1305.0,0.3101972902305681
2014,Camden,Burglary,2925,12,3085.0,2013.0,12.0,-160.0,-0.05186385737439222
2014,Camden,Criminal Damage,1670,12,1576.0,2013.0,12.0,94.0,0.05964467005076142
2014,Camden,Drugs,1919,12,2172.0,2013.0,12.0,-253.0,-0.11648250460405156
2014,Camden,Fraud or Forgery,0,12,0.0,2013.0,12.0,0.0,
2014,Camden,Other Notifiable Offences,477,12,412.0,2013.0,12.0,65.0,0.15776699029126215
2014,Camden,Robbery,880,12,872.0,2013.0,12.0,8.0,0.009174311926605505
2014,Camden,Sexual Offences,0,12,0.0,2013.0,12.0,0.0,
2014,Camden,Theft and Handling,13640,12,15767.0,2013.0,12.0,-2127.0,-0.13490201052831863
2014,Camden,Violence Against the Person,5687,12,4551.0,2013.0,12.0,1136.0,0.24961546912766425
2014,City of London,Burglary,1,12,3.0,2013.0,12.0,-2.0,-0.6666666666666666
2014,City of London,Criminal Damage,4,12,3.0,2013.0,12.0,1.0,0.3333333333333333
2014,City of London,Drugs,3,12,4.0,2013.0,12.0,-1.0,-0.25
2014,City of London,Other Notifiable Offences,2,12,4.0,2013.0,12.0,-2.0,-0.5
2014,City of London,Robbery,4,12,3.0,2013.0,12.0,1.0,0.3333333333333333
2014,City of London,Theft and Handling,83,12,79.0,2013.0,12.0,4.0,0.05063291139240506
2014,City of London,Violence Against the Person,18,12,14.0,2013.0,12.0,4.0,0.2857142857142857
2014,Croydon,Burglary,3139,12,3958.0,2013.0,12.0,-819.0,-0.20692268822637697
2014,Croydon,Criminal Damage,2830,12,2821.0,2013.0,12.0,9.0,0.0031903580290677065
2014,Croydon,Drugs,1868,12,2079.0,2013.0,12.0,-211.0,-0.10149110149110149
2014,Croydon,Fraud or Forgery,0,12,0.0,2013.0,12.0,0.0,
2014,Croydon,Other Notifiable Offences,506,12,394.0,2013.0,12.0,112.0,0.28426395939086296
2014,Croydon,Robbery,972,12,1699.0,2013.0,12.0,-727.0,-0.42789876397881105
2014,Croydon,Sexual Offences,0,12,0.0,2013.0,12.0,0.0,
2014,Croydon,Theft and Handling,9794,12,10307.0,2013.0,12.0,-513.0,-0.04977199961191423
2014,Croydon,Violence Against the Person,8248,12,6186.0,2013.0,12.0,2062.0,0.3333333333333333
2014,Ealing,Burglary,2905,12,3584.0,2013.0,12.0,-679.0,-0.189453125
2014,Ealing,Criminal Damage,2326,12,2254.0,2013.0,12.0,72.0,0.03194321206743567
2014,Ealing,Drugs,1606,12,1897.0,2013.0,12.0,-291.0,-0.15340010542962573
2014,Ealing,Fraud or Forgery,0,12,0.0,2013.0,12.0,0.0,
2014,Ealing,Other Notifiable Offences,472,12,422.0,2013.0,12.0,50.0,0.11848341232227488
2014,Ealing,Robbery,648,12,911.0,2013.0,12.0,-263.0,-0.28869374313940727
2014,Ealing,Sexual Offences,0,12,0.0,2013.0,12.0,0.0,
2014,Ealing,Theft and Handling,9628,12,10564.0,2013.0,12.0,-936.0,-0.08860280196895115
2014,Ealing,Violence Against the Person,7393,12,6285.0,2013.0,12.0,1108.0,0.17629276054097057
2014,Enfield,Burglary,3045,12,3449.0,2013.0,12.0,-404.0,-0.1171354015656712
2014,Enfield,Criminal Damage,2068,12,1964.0,2013.0,12.0,104.0,0.05295315682281059
2014,Enfield,Drugs,1420,12,1557.0,2013.0,12.0,-137.0,-0.08798972382787412
2014,Enfield,Fraud or Forgery,0,12,0.0,2013.0,12.0,0.0,
2014,Enfield,Other Notifiable Offences,440,12,339.0,2013.0,12.0,101.0,0.29793510324483774
2014,Enfield,Robbery,767,12,935.0,2013.0,12.0,-168.0,-0.17967914438502675
2014,Enfield,Sexual Offences,0,12,0.0,2013.0,12.0,0.0,
2014,Enfield,Theft and Handling,7995,12,8814.0,2013.0,12.0,-819.0,-0.09292035398230089
2014,Enfield,Violence Against the Person,5965,12,4516.0,2013.0,12.0,1449.0,0.320859167404783
2014,Greenwich,Burglary,2145,12,2369.0,2013.0,12.0,-224.0,-0.09455466441536513
2014,Greenwich,Criminal Damage,1976,12,2013.0,2013.0,12.0,-37.0,-0.01838052657724789
2014,Greenwich,Drugs,1235,12,1311.0,2013.0,12.0,-76.0,-0.057971014492753624
2014,Greenwich,Fraud or Forgery,0,12,0.0,2013.0,12.0,0.0,
2014,Greenwich,Other Notifiable Offences,445,12,387.0,2013.0,12.0,58.0,0.14987080103359174
2014,Greenwich,Robbery,399,12,471.0,2013.0,12.0,-72.0,-0.15286624203821655
2014,Greenwich,Sexual Offences,0,12,0.0,2013.0,12.0,0.0,
2014,Greenwich,Theft and Handling,7250,12,7319.0,2013.0,12.0,-69.0,-0.009427517420412625
2014,Greenwich,Violence Against the Person,6444,12,5078.0,2013.0,12.0,1366.0,0.2690035447026388
2014,Hackney,Burglary,2669,12,2784.0,2013.0,12.0,-115.0,-0.04130747126436782
2014,Hackney,Criminal Damage,1919,12,1659.0,2013.0,12.0,260.0,0.1567209162145871
2014,Hackney,Drugs,1298,12,1883.0,2013.0,12.0,-585.0,-0.3106744556558683
2014,Hackney,Fraud or Forgery,0,12,0.0,2013.0,12.0,0.0,
2014,Hackney,Other Notifiable Offences,432,12,365.0,2013.0,12.0,67.0,0.18356164383561643
2014,Hackney,Robbery,959,12,1017.0,2013.0,12.0,-58.0,-0.05703048180924287
2014,Hackney,Sexual Offences,0,12,0.0,2013.0,12.0,0.0,
2014,Hackney,Theft and Handling,10500,12,12180.0,2013.0,12.0,-1680.0,-0.13793103448275862
2014,Hackney,Violence Against the Person,7116,12,5745.0,2013.0,12.0,1371.0,0.23864229765013054
2014,Hammersmith and Fulham,Burglary,1449,12,1514.0,2013.0,12.0,-65.0,-0.042932628797886396
2014,Hammersmith and Fulham,Criminal Damage,1363,12,1196.0,2013.0,12.0,167.0,0.13963210702341136
2014,Hammersmith and Fulham,Drugs,1807,12,1958.0,2013.0,12.0,-151.0,-0.07711950970377937
2014,Hammersmith and Fulham,Fraud or Forgery,0,12,0.0,2013.0,12.0,0.0,
2014,Hammersmith and Fulham,Other Notifiable Offences,429,12,368.0,2013.0,12.0,61.0,0.16576086956521738
2014,Hammersmith and Fulham,Robbery,370,12,560.0,2013.0,12.0,-190.0,-0.3392857142857143
2014,Hammersmith and Fulham,Sexual Offences,0,12,0.0,2013.0,12.0,0.0,
2014,Hammersmith and Fulham,Theft and Handling,8929,12,9048.0,2013.0,12.0,-119.0,-0.013152077807250221
2014,Hammersmith and Fulham,Violence Against the Person,4838,12,3961.0,2013.0,12.0,877.0,0.2214087351678869
2014,Haringey,Burglary,2882,12,2731.0,2013.0,12.0,151.0,0.055291102160380814
2014,Haringey,Criminal Damage,2143,12,1862.0,2013.0,12.0,281.0,0.15091299677765843
2014,Haringey,Drugs,1168,12,1196.0,2013.0,12.0,-28.0,-0.023411371237458192
2014,Haringey,Fraud or Forgery,0,12,0.0,2013.0,12.0,0.0,
2014,Haringey,Other Notifiable Offences,394,12,278.0,2013.0,12.0,116.0,0.4172661870503597
2014,Haringey,Robbery,979,12,900.0,2013.0,12.0,79.0,0.08777777777777777
2014,Haringey,Sexual Offences,0,12,0.0,2013.0,12.0,0.0,
2014,Haringey,Theft and Handling,8956,12,9305.0,2013.0,12.0,-349.0,-0.037506716818914564
2014,Haringey,Violence Against the Person,6251,12,4433.0,2013.0,12.0,1818.0,0.4101060230092488
2014,Harrow,Burglary,1833,12,2097.0,2013.0,12.0,-264.0,-0.12589413447782546
2014,Harrow,Criminal Damage,1185,12,1134.0,2013.0,12.0,51.0,0.04497354497354497
2014,Harrow,Drugs,934,12,892.0,2013.0,12.0,42.0,0.04708520179372197
2014,Harrow,Fraud or Forgery,0,12,0.0,2013.0,12.0,0.0,
2014,Harrow,Other Notifiable Offences,235,12,223.0,2013.0,12.0,12.0,0.053811659192825115
2014,Harrow,Robbery,306,12,503.0,2013.0,12.0,-197.0,-0.39165009940357853
2014,Harrow,Sexual Offences,0,12,0.0,2013.0,12.0,0.0,
2014,Harrow,Theft and Handling,3949,12,4057.0,2013.0,12.0,-108.0,-0.026620655656889328
2014,Harrow,Violence Against the Person,3467,12,3008.0,2013.0,12.0,459.0,0.15259308510638298
2014,Havering,Burglary,2122,12,2480.0,2013.0,12.0,-358.0,-0.1443548387096774
2014,Havering,Criminal Damage,1555,12,1486.0,2013.0,12.0,69.0,0.046433378196500674
2014,Havering,Drugs,749,12,1006.0,2013.0,12.0,-257.0,-0.2554671968190855
2014,Havering,Fraud or Forgery,0,12,0.0,2013.0,12.0,0.0,
2014,Havering,Other Notifiable Offences,320,12,249.0,2013.0,12.0,71.0,0.285140562248996
2014,Havering,Robbery,287,12,292.0,2013.0,12.0,-5.0,-0.017123287671232876
2014,Havering,Sexual Offences,0,12,0.0,2013.0,12.0,0.0,
2014,Havering,Theft and Handling,5736,12,6312.0,2013.0,12.0,-576.0,-0.09125475285171103
2014,Havering,Violence Against the Person,3965,12,3264.0,2013.0,12.0,701.0,0.21476715686274508
2014,Hillingdon,Burglary,2681,12,2853.0,2013.0,12.0,-172.0,-0.06028741675429373
2014,Hillingdon,Criminal Damage,2423,12,2149.0,2013.0,12.0,274.0,0.1275011633317822
2014,Hillingdon,Drugs,924,12,1031.0,2013.0,12.0,-107.0,-0.1037827352085354
2014,Hillingdon,Fraud or Forgery,0,12,0.0,2013.0,12.0,0.0,
2014,Hillingdon,Other Notifiable Offences,891,12,540.0,2013.0,12.0,351.0,0.65
2014,Hillingdon,Robbery,503,12,543.0,2013.0,12.0,-40.0,-0.07366482504604052
2014,Hillingdon,Sexual Offences,0,12,0.0,2013.0,12.0,0.0,
2014,Hillingdon,Theft and Handling,8859,12,8177.0,2013.0,12.0,682.0,0.08340467163996576
2014,Hillingdon,Violence Against the Person,6847,12,4955.0,2013.0,12.0,1892.0,0.38183652875882945
2014,Hounslow,Burglary,1921,12,2473.0,2013.0,12.0,-552.0,-0.22321067529316618
2014,Hounslow,Criminal Damage,1940,12,1988.0,2013.0,12.0,-48.0,-0.02414486921529175
2014,Hounslow,Drugs,1514,12,1493.0,2013.0,12.0,21.0,0.01406563965170797
2014,Hounslow,Fraud or Forgery,0,12,0.0,2013.0,12.0,0.0,
2014,Hounslow,Other Notifiable Offences,455,12,358.0,2013.0,12.0,97.0,0.2709497206703911
2014,Hounslow,Robbery,397,12,479.0,2013.0,12.0,-82.0,-0.17118997912317327
2014,Hounslow,Sexual Offences,0,12,0.0,2013.0,12.0,0.0,
2014,Hounslow,Theft and Handling,7726,12,7911.0,2013.0,12.0,-185.0,-0.023385159903931235
2014,Hounslow,Violence Against the Person,6052,12,5047.0,2013.0,12.0,1005.0,0.1991281949673073
2014,Islington,Burglary,2357,12,2394.0,2013.0,12.0,-37.0,-0.015455304928989139
2014,Islington,Criminal Damage,1954,12,1592.0,2013.0,12.0,362.0,0.22738693467336685
2014,Islington,Drugs,1312,12,1410.0,2013.0,12.0,-98.0,-0.06950354609929078
2014,Islington,Fraud or Forgery,0,12,0.0,2013.0,12.0,0.0,
2014,Islington,Other Notifiable Offences,448,12,382.0,2013.0,12.0,66.0,0.17277486910994763
2014,Islington,Robbery,837,12,943.0,2013.0,12.0,-106.0,-0.11240721102863202
2014,Islington,Sexual Offences,0,12,0.0,2013.0,12.0,0.0,
2014,Islington,Theft and Handling,11264,12,12169.0,2013.0,12.0,-905.0,-0.07436929903854056
2014,Islington,Violence Against the Person,6507,12,4894.0,2013.0,12.0,1613.0,0.3295872496935022
2014,Kensington and Chelsea,Burglary,1573,12,1754.0,2013.0,12.0,-181.0,-0.1031927023945268
2014,Kensington and Chelsea,Criminal Damage,970,12,824.0,2013.0,12.0,146.0,0.17718446601941748
2014,Kensington and Chelsea,Drugs,786,12,1098.0,2013.0,12.0,-312.0,-0.28415300546448086
2014,Kensington and Chelsea,Fraud or Forgery,0,12,0.0,2013.0,12.0,0.0,
2014,Kensington and Chelsea,Other Notifiable Offences,246,12,216.0,2013.0,12.0,30.0,0.1388888888888889
2014,Kensington and Chelsea,Robbery,456,12,538.0,2013.0,12.0,-82.0,-0.1524163568773234
2014,Kensington and Chelsea,Sexual Offences,0,12,0.0,2013.0,12.0,0.0,
2014,Kensington and Chelsea,Theft and Handling,10229,12,10742.0,2013.0,12.0,-513.0,-0.047756469931111524
2014,Kensington and Chelsea,Violence Against the Person,3580,12,2530.0,2013.0,12.0,1050.0,0.4150197628458498
2014,Kingston upon Thames,Burglary,993,12,1190.0,2013.0,12.0,-197.0,-0.16554621848739495
2014,Kingston upon Thames,Criminal Damage,982,12,947.0,2013.0,12.0,35.0,0.03695881731784583
2014,Kingston upon Thames,Drugs,750,12,588.0,2013.0,12.0,162.0,0.2755102040816326
2014,Kingston upon Thames,Fraud or Forgery,0,12,0.0,2013.0,12.0,0.0,
2014,Kingston upon Thames,Other Notifiable Offences,144,12,104.0,2013.0,12.0,40.0,0.38461538461538464
2014,Kingston upon Thames,Robbery,107,12,156.0,2013.0,12.0,-49.0,-0.3141025641025641
2014,Kingston upon Thames,Sexual Offences,0,12,0.0,2013.0,12.0,0.0,
2014,Kingston upon Thames,Theft and Handling,3927,12,4161.0,2013.0,12.0,-234.0,-0.05623648161499639
2014,Kingston upon Thames,Violence Against the Person,2385,12,2045.0,2013.0,12.0,340.0,0.16625916870415647
2014,Lambeth,Burglary,3019,12,3876.0,2013.0,12.0,-857.0,-0.22110423116615066
2014,Lambeth,Criminal Damage,2543,12,2415.0,2013.0,12.0,128.0,0.05300207039337474
2014,Lambeth,Drugs,2637,12,1894.0,2013.0,12.0,743.0,0.39229144667370647
2014,Lambeth,Fraud or Forgery,0,12,0.0,2013.0,12.0,0.0,
2014,Lambeth,Other Notifiable Offences,583,12,405.0,2013.0,12.0,178.0,0.43950617283950616
2014,Lambeth,Robbery,1383,12,2422.0,2013.0,12.0,-1039.0,-0.42898431048720065
2014,Lambeth,Sexual Offences,0,12,0.0,2013.0,12.0,0.0,
2014,Lambeth,Theft and Handling,12647,12,13995.0,2013.0,12.0,-1348.0,-0.09632011432654519
2014,Lambeth,Violence Against the Person,8953,12,6861.0,2013.0,12.0,2092.0,0.304911820434339
2014,Lewisham,Burglary,2338,12,3297.0,2013.0,12.0,-959.0,-0.2908704883227176
2014,Lewisham,Criminal Damage,2186,12,2188.0,2013.0,12.0,-2.0,-0.0009140767824497258
2014,Lewisham,Drugs,1321,12,1714.0,2013.0,12.0,-393.0,-0.22928821470245042
2014,Lewisham,Fraud or Forgery,0,12,0.0,2013.0,12.0,0.0,
2014,Lewisham,Other Notifiable Offences,371,12,344.0,2013.0,12.0,27.0,0.07848837209302326
2014,Lewisham,Robbery,786,12,1271.0,2013.0,12.0,-485.0,-0.3815892997639654
2014,Lewisham,Sexual Offences,0,12,0.0,2013.0,12.0,0.0,
2014,Lewisham,Theft and Handling,7148,12,7319.0,2013.0,12.0,-171.0,-0.023363847520153025
2014,Lewisham,Violence Against the Person,6951,12,5941.0,2013.0,12.0,1010.0,0.17000504965494023
2014,Merton,Burglary,1679,12,1763.0,2013.0,12.0,-84.0,-0.0476460578559274
2014,Merton,Criminal Damage,1255,12,1205.0,2013.0,12.0,50.0,0.04149377593360996
2014,Merton,Drugs,561,12,638.0,2013.0,12.0,-77.0,-0.1206896551724138
2014,Merton,Fraud or Forgery,0,12,0.0,2013.0,12.0,0.0,
2014,Merton,Other Notifiable Offences,170,12,155.0,2013.0,12.0,15.0,0.0967741935483871
2014,Merton,Robbery,285,12,440.0,2013.0,12.0,-155.0,-0.3522727272727273
2014,Merton,Sexual Offences,0,12,0.0,2013.0,12.0,0.0,
2014,Merton,Theft and Handling,4623,12,4930.0,2013.0,12.0,-307.0,-0.06227180527383367
2014,Merton,Violence Against the Person,3023,12,2464.0,2013.0,12.0,559.0,0.2268668831168831
2014,Newham,Burglary,2480,12,2904.0,2013.0,12.0,-424.0,-0.14600550964187328
2014,Newham,Criminal Damage,2223,12,2081.0,2013.0,12.0,142.0,0.06823642479577126
2014,Newham,Drugs,1721,12,1622.0,2013.0,12.0,99.0,0.06103575832305795
2014,Newham,Fraud or Forgery,0,12,0.0,2013.0,12.0,0.0,
2014,Newham,Other Notifiable Offences,575,12,424.0,2013.0,12.0,151.0,0.3561320754716981
2014,Newham,Robbery,1627,12,2121.0,2013.0,12.0,-494.0,-0.23290900518623292
2014,Newham,Sexual Offences,0,12,0.0,2013.0,12.0,0.0,
2014,Newham,Theft and Handling,11499,12,12271.0,2013.0,12.0,-772.0,-0.06291255806372749
2014,Newham,Violence Against the Person,7880,12,6154.0,2013.0,12.0,1726.0,0.2804679883002925
2014,Redbridge,Burglary,2631,12,2993.0,2013.0,12.0,-362.0,-0.12094888072168393
2014,Redbridge,Criminal Damage,1615,12,1488.0,2013.0,12.0,127.0,0.08534946236559139
2014,Redbridge,Drugs,1538,12,1796.0,2013.0,12.0,-258.0,-0.14365256124721604
2014,Redbridge,Fraud or Forgery,0,12,0.0,2013.0,12.0,0.0,
2014,Redbridge,Other Notifiable Offences,400,12,296.0,2013.0,12.0,104.0,0.35135135135135137
2014,Redbridge,Robbery,714,12,883.0,2013.0,12.0,-169.0,-0.1913929784824462
2014,Redbridge,Sexual Offences,0,12,0.0,2013.0,12.0,0.0,
2014,Redbridge,Theft and Handling,7025,12,8099.0,2013.0,12.0,-1074.0,-0.13260896406963824
2014,Redbridge,Violence Against the Person,5667,12,4238.0,2013.0,12.0,1429.0,0.33718735252477583
2014,Richmond upon Thames,Burglary,1757,12,1927.0,2013.0,12.0,-170.0,-0.08822003113648158
2014,Richmond upon Thames,Criminal Damage,1087,12,1147.0,2013.0,12.0,-60.0,-0.05231037489102005
2014,Richmond upon Thames,Drugs,457,12,628.0,2013.0,12.0,-171.0,-0.27229299363057324
2014,Richmond upon Thames,Fraud or Forgery,0,12,0.0,2013.0,12.0,0.0,
2014,Richmond upon Thames,Other Notifiable Offences,191,12,144.0,2013.0,12.0,47.0,0.3263888888888889
2014,Richmond upon Thames,Robbery,131,12,194.0,2013.0,12.0,-63.0,-0.3247422680412371
2014,Richmond upon Thames,Sexual Offences,0,12,0.0,2013.0,12.0,0.0,
2014,Richmond upon Thames,Theft and Handling,4449,12,4489.0,2013.0,12.0,-40.0,-0.008910670527957229
2014,Richmond upon Thames,Violence Against the Person,2384,12,1910.0,2013.0,12.0,474.0,0.2481675392670157
2014,Southwark,Burglary,2831,12,3458.0,2013.0,12.0,-627.0,-0.1813186813186813
2014,Southwark,Criminal Damage,2458,12,2370.0,2013.0,12.0,88.0,0.03713080168776371
2014,Southwark,Drugs,2723,12,2657.0,2013.0,12.0,66.0,0.024840045163718478
2014,Southwark,Fraud or Forgery,0,12,0.0,2013.0,12.0,0.0,
2014,Southwark,Other Notifiable Offences,480,12,451.0,2013.0,12.0,29.0,0.06430155210643015
2014,Southwark,Robbery,1272,12,2249.0,2013.0,12.0,-977.0,-0.434415295686972
2014,Southwark,Sexual Offences,0,12,0.0,2013.0,12.0,0.0,
2014,Southwark,Theft and Handling,11377,12,13689.0,2013.0,12.0,-2312.0,-0.1688947329972971
2014,Southwark,Violence Against the Person,7771,12,6254.0,2013.0,12.0,1517.0,0.2425647585545251
2014,Sutton,Burglary,1397,12,1427.0,2013.0,12.0,-30.0,-0.02102312543798178
2014,Sutton,Criminal Damage,1257,12,1219.0,2013.0,12.0,38.0,0.031173092698933553
2014,Sutton,Drugs,456,12,477.0,2013.0,12.0,-21.0,-0.0440251572327044
2014,Sutton,Fraud or Forgery,0,12,0.0,2013.0,12.0,0.0,
2014,Sutton,Other Notifiable Offences,134,12,140.0,2013.0,12.0,-6.0,-0.04285714285714286
2014,Sutton,Robbery,202,12,246.0,2013.0,12.0,-44.0,-0.17886178861788618
2014,Sutton,Sexual Offences,0,12,0.0,2013.0,12.0,0.0,
2014,Sutton,Theft and Handling,3867,12,4173.0,2013.0,12.0,-306.0,-0.07332854061826025
2014,Sutton,Violence Against the Person,3130,12,2375.0,2013.0,12.0,755.0,0.3178947368421053
2014,Tower Hamlets,Burglary,2319,12,2695.0,2013.0,12.0,-376.0,-0.13951762523191094
2014,Tower Hamlets,Criminal Damage,2233,12,2054.0,2013.0,12.0,179.0,0.08714703018500487
2014,Tower Hamlets,Drugs,2191,12,3019.0,2013.0,12.0,-828.0,-0.27426300099370654
2014,Tower Hamlets,Fraud or Forgery,0,12,0.0,2013.0,12.0,0.0,
2014,Tower Hamlets,Other Notifiable Offences,513,12,494.0,2013.0,12.0,19.0,0.038461538461538464
2014,Tower Hamlets,Robbery,1110,12,1253.0,2013.0,12.0,-143.0,-0.11412609736632083
2014,Tower Hamlets,Sexual Offences,0,12,0.0,2013.0,12.0,0.0,
2014,Tower Hamlets,Theft and Handling,9583,12,10430.0,2013.0,12.0,-847.0,-0.08120805369127516
2014,Tower Hamlets,Violence Against the Person,7555,12,6313.0,2013.0,12.0,1242.0,0.19673689212735626
2014,Waltham Forest,Burglary,2472,12,2701.0,2013.0,12.0,-229.0,-0.08478341355053684
2014,Waltham Forest,Criminal Damage,1730,12,1795.0,2013.0,12.0,-65.0,-0.036211699164345405
2014,Waltham Forest,Drugs,1360,12,1692.0,2013.0,12.0,-332.0,-0.19621749408983452
2014,Waltham Forest,Fraud or Forgery,0,12,0.0,2013.0,12.0,0.0,
2014,Waltham Forest,Other Notifiable Offences,375,12,321.0,2013.0,12.0,54.0,0.16822429906542055
2014,Waltham Forest,Robbery,714,12,981.0,2013.0,12.0,-267.0,-0.27217125382262997
2014,Waltham Forest,Sexual Offences,0,12,0.0,2013.0,12.0,0.0,
2014,Waltham Forest,Theft and Handling,7479,12,9240.0,2013.0,12.0,-1761.0,-0.19058441558441558
2014,Waltham Forest,Violence Against the Person,6141,12,5173.0,2013.0,12.0,968.0,0.18712545911463369
2014,Wandsworth,Burglary,2676,12,3084.0,2013.0,12.0,-408.0,-0.13229571984435798
2014,Wandsworth,Criminal Damage,1751,12,1801.0,2013.0,12.0,-50.0,-0.0277623542476402
2014,Wandsworth,Drugs,885,12,1071.0,2013.0,12.0,-186.0,-0.17366946778711484
2014,Wandsworth,Fraud or Forgery,0,12,0.0,2013.0,12.0,0.0,
2014,Wandsworth,Other Notifiable Offences,372,12,326.0,2013.0,12.0,46.0,0.1411042944785276
2014,Wandsworth,Robbery,598,12,943.0,2013.0,12.0,-345.0,-0.36585365853658536
2014,Wandsworth,Sexual Offences,0,12,0.0,2013.0,12.0,0.0,
2014,Wandsworth,Theft and Handling,9696,12,11065.0,2013.0,12.0,-1369.0,-0.1237234523271577
2014,Wandsworth,Violence Against the Person,5386,12,4000.0,2013.0,12.0,1386.0,0.3465
2014,Westminster,Burglary,3435,12,3906.0,2013.0,12.0,-471.0,-0.1205837173579109
2014,Westminster,Criminal Damage,2016,12,2080.0,2013.0,12.0,-64.0,-0.03076923076923077
2014,Westminster,Drugs,2804,12,4151.0,2013.0,12.0,-1347.0,-0.32450012045290294
2014,Westminster,Fraud or Forgery,0,12,0.0,2013.0,12.0,0.0,
2014,Westminster,Other Notifiable Offences,800,12,762.0,2013.0,12.0,38.0,0.049868766404199474
2014,Westminster,Robbery,1933,12,2198.0,2013.0,12.0,-265.0,-0.1205641492265696
2014,Westminster,Sexual Offences,0,12,0.0,2013.0,12.0,0.0,
2014,Westminster,Theft and Handling,28144,12,33868.0,2013.0,12.0,-5724.0,-0.16900909413015236
2014,Westminster,Violence Against the Person,8432,12,6887.0,2013.0,12.0,1545.0,0.22433570495135763
2015,Barking and Dagenham,Burglary,1629,12,1894.0,2014.0,12.0,-265.0,-0.13991552270327348
2015,Barking and Dagenham,Criminal Damage,1822,12,1653.0,2014.0,12.0,169.0,0.10223835450695705
2015,Barking and Dagenham,Drugs,944,12,803.0,2014.0,12.0,141.0,0.17559153175591533
2015,Barking and Dagenham,Fraud or Forgery,0,12,0.0,2014.0,12.0,0.0,
2015,Barking and Dagenham,Other Notifiable Offences,333,12,328.0,2014.0,12.0,5.0,0.01524390243902439
2015,Barking and Dagenham,Robbery,553,12,494.0,2014.0,12.0,59.0,0.1194331983805668
2015,Barking and Dagenham,Sexual Offences,0,12,0.0,2014.0,12.0,0.0,
2015,Barking and Dagenham,Theft and Handling,5177,12,5289.0,2014.0,12.0,-112.0,-0.021176025713745508
2015,Barking and Dagenham,Violence Against the Person,5888,12,4965.0,2014.0,12.0,923.0,0.18590130916414904
2015,Barnet,Burglary,3853,12,3621.0,2014.0,12.0,232.0,0.06407069870201602
2015,Barnet,Criminal Damage,2252,12,2095.0,2014.0,12.0,157.0,0.07494033412887828
2015,Barnet,Drugs,809,12,1042.0,2014.0,12.0,-233.0,-0.2236084452975048
2015,Barnet,Fraud or Forgery,0,12,0.0,2014.0,12.0,0.0,
2015,Barnet,Other Notifiable Offences,389,12,361.0,2014.0,12.0,28.0,0.07756232686980609
2015,Barnet,Robbery,624,12,560.0,2014.0,12.0,64.0,0.11428571428571428
2015,Barnet,Sexual Offences,0,12,0.0,2014.0,12.0,0.0,
2015,Barnet,Theft and Handling,9204,12,9094.0,2014.0,12.0,110.0,0.012095887398284584
2015,Barnet,Violence Against the Person,6905,12,5799.0,2014.0,12.0,1106.0,0.19072253836868425
2015,Bexley,Burglary,1085,12,1539.0,2014.0,12.0,-454.0,-0.294996751137102
2015,Bexley,Criminal Damage,1565,12,1460.0,2014.0,12.0,105.0,0.07191780821917808
2015,Bexley,Drugs,678,12,762.0,2014.0,12.0,-84.0,-0.11023622047244094
2015,Bexley,Fraud or Forgery,0,12,0.0,2014.0,12.0,0.0,
2015,Bexley,Other Notifiable Offences,387,12,248.0,2014.0,12.0,139.0,0.5604838709677419
2015,Bexley,Robbery,171,12,204.0,2014.0,12.0,-33.0,-0.16176470588235295
2015,Bexley,Sexual Offences,0,12,0.0,2014.0,12.0,0.0,
2015,Bexley,Theft and Handling,4165,12,4285.0,2014.0,12.0,-120.0,-0.028004667444574097
2015,Bexley,Violence Against the Person,3939,12,3346.0,2014.0,12.0,593.0,0.17722653915122535
2015,Brent,Burglary,2701,12,2639.0,2014.0,12.0,62.0,0.023493747631678667
2015,Brent,Criminal Damage,2128,12,2136.0,2014.0,12.0,-8.0,-0.003745318352059925
2015,Brent,Drugs,1808,12,2891.0,2014.0,12.0,-1083.0,-0.37461086129367
2015,Brent,Fraud or Forgery,0,12,0.0,2014.0,12.0,0.0,
2015,Brent,Other Notifiable Offences,411,12,472.0,2014.0,12.0,-61.0,-0.1292372881355932
2015,Brent,Robbery,883,12,876.0,2014.0,12.0,7.0,0.007990867579908675
2015,Brent,Sexual Offences,0,12,0.0,2014.0,12.0,0.0,
2015,Brent,Theft and Handling,8467,12,7721.0,2014.0,12.0,746.0,0.0966196088589561
2015,Brent,Violence Against the Person,8485,12,7691.0,2014.0,12.0,794.0,0.1032375503835652
2015,Bromley,Burglary,2524,12,2686.0,2014.0,12.0,-162.0,-0.06031273268801191
2015,Bromley,Criminal Damage,2295,12,2273.0,2014.0,12.0,22.0,0.009678838539375276
2015,Bromley,Drugs,870,12,990.0,2014.0,12.0,-120.0,-0.12121212121212122
2015,Bromley,Fraud or Forgery,0,12,0.0,2014.0,12.0,0.0,
2015,Bromley,Other Notifiable Offences,404,12,328.0,2014.0,12.0,76.0,0.23170731707317074
2015,Bromley,Robbery,363,12,390.0,2014.0,12.0,-27.0,-0.06923076923076923
2015,Bromley,Sexual Offences,0,12,0.0,2014.0,12.0,0.0,
2015,Bromley,Theft and Handling,7573,12,7489.0,2014.0,12.0,84.0,0.011216450794498598
2015,Bromley,Violence Against the Person,6608,12,5512.0,2014.0,12.0,1096.0,0.1988388969521045
2015,Camden,Burglary,2830,12,2925.0,2014.0,12.0,-95.0,-0.03247863247863248
2015,Camden,Criminal Damage,1896,12,1670.0,2014.0,12.0,226.0,0.13532934131736526
2015,Camden,Drugs,1682,12,1919.0,2014.0,12.0,-237.0,-0.12350182386659718
2015,Camden,Fraud or Forgery,0,12,0.0,2014.0,12.0,0.0,
2015,Camden,Other Notifiable Offences,438,12,477.0,2014.0,12.0,-39.0,-0.08176100628930817
2015,Camden,Robbery,1030,12,880.0,2014.0,12.0,150.0,0.17045454545454544
2015,Camden,Sexual Offences,0,12,0.0,2014.0,12.0,0.0,
2015,Camden,Theft and Handling,14455,12,13640.0,2014.0,12.0,815.0,0.059750733137829914
2015,Camden,Violence Against the Person,7146,12,5687.0,2014.0,12.0,1459.0,0.25655002637594515
2015,City of London,Burglary,5,12,1.0,2014.0,12.0,4.0,4.0
2015,City of London,Criminal Damage,3,12,4.0,2014.0,12.0,-1.0,-0.25
2015,City of London,Drugs,6,12,3.0,2014.0,12.0,3.0,1.0
2015,City of London,Other Notifiable Offences,0,12,2.0,2014.0,12.0,-2.0,-1.0
2015,City of London,Robbery,5,12,4.0,2014.0,12.0,1.0,0.25
2015,City of London,Theft and Handling,104,12,83.0,2014.0,12.0,21.0,0.25301204819277107
2015,City of London,Violence Against the Person,28,12,18.0,2014.0,12.0,10.0,0.5555555555555556
2015,Croydon,Burglary,2718,12,3139.0,2014.0,12.0,-421.0,-0.1341191462249124
2015,Croydon,Criminal Damage,3113,12,2830.0,2014.0,12.0,283.0,0.1
2015,Croydon,Drugs,1568,12,1868.0,2014.0,12.0,-300.0,-0.16059957173447537
2015,Croydon,Fraud or Forgery,0,12,0.0,2014.0,12.0,0.0,
2015,Croydon,Other Notifiable Offences,579,12,506.0,2014.0,12.0,73.0,0.1442687747035573
2015,Croydon,Robbery,729,12,972.0,2014.0,12.0,-243.0,-0.25
2015,Croydon,Sexual Offences,0,12,0.0,2014.0,12.0,0.0,
2015,Croydon,Theft and Handling,9502,12,9794.0,2014.0,12.0,-292.0,-0.02981417194200531
2015,Croydon,Violence Against the Person,9880,12,8248.0,2014.0,12.0,1632.0,0.19786614936954414
2015,Ealing,Burglary,2630,12,2905.0,2014.0,12.0,-275.0,-0.09466437177280551
2015,Ealing,Criminal Damage,2474,12,2326.0,2014.0,12.0,148.0,0.06362854686156492
2015,Ealing,Drugs,1410,12,1606.0,2014.0,12.0,-196.0,-0.12204234122042341
2015,Ealing,Fraud or Forgery,0,12,0.0,2014.0,12.0,0.0,
2015,Ealing,Other Notifiable Offences,547,12,472.0,2014.0,12.0,75.0,0.15889830508474576
2015,Ealing,Robbery,636,12,648.0,2014.0,12.0,-12.0,-0.018518518518518517
2015,Ealing,Sexual Offences,0,12,0.0,2014.0,12.0,0.0,
2015,Ealing,Theft and Handling,9603,12,9628.0,2014.0,12.0,-25.0,-0.002596593269630245
2015,Ealing,Violence Against the Person,8947,12,7393.0,2014.0,12.0,1554.0,0.21019883673745435
2015,Enfield,Burglary,2809,12,3045.0,2014.0,12.0,-236.0,-0.07750410509031198
2015,Enfield,Criminal Damage,2126,12,2068.0,2014.0,12.0,58.0,0.02804642166344294
2015,Enfield,Drugs,1231,12,1420.0,2014.0,12.0,-189.0,-0.13309859154929576
2015,Enfield,Fraud or Forgery,0,12,0.0,2014.0,12.0,0.0,
2015,Enfield,Other Notifiable Offences,427,12,440.0,2014.0,12.0,-13.0,-0.029545454545454545
2015,Enfield,Robbery,939,12,767.0,2014.0,12.0,172.0,0.2242503259452412
2015,Enfield,Sexual Offences,0,12,0.0,2014.0,12.0,0.0,
2015,Enfield,Theft and Handling,7827,12,7995.0,2014.0,12.0,-168.0,-0.02101313320825516
2015,Enfield,Violence Against the Person,6717,12,5965.0,2014.0,12.0,752.0,0.12606873428331936
2015,Greenwich,Burglary,1864,12,2145.0,2014.0,12.0,-281.0,-0.131002331002331
2015,Greenwich,Criminal Damage,2281,12,1976.0,2014.0,12.0,305.0,0.15435222672064777
2015,Greenwich,Drugs,945,12,1235.0,2014.0,12.0,-290.0,-0.23481781376518218
2015,Greenwich,Fraud or Forgery,0,12,0.0,2014.0,12.0,0.0,
2015,Greenwich,Other Notifiable Offences,513,12,445.0,2014.0,12.0,68.0,0.15280898876404495
2015,Greenwich,Robbery,464,12,399.0,2014.0,12.0,65.0,0.16290726817042606
2015,Greenwich,Sexual Offences,0,12,0.0,2014.0,12.0,0.0,
2015,Greenwich,Theft and Handling,7106,12,7250.0,2014.0,12.0,-144.0,-0.019862068965517243
2015,Greenwich,Violence Against the Person,7756,12,6444.0,2014.0,12.0,1312.0,0.20360024829298573
2015,Hackney,Burglary,2514,12,2669.0,2014.0,12.0,-155.0,-0.05807418508804796
2015,Hackney,Criminal Damage,2033,12,1919.0,2014.0,12.0,114.0,0.0594059405940594
2015,Hackney,Drugs,1317,12,1298.0,2014.0,12.0,19.0,0.014637904468412942
2015,Hackney,Fraud or Forgery,0,12,0.0,2014.0,12.0,0.0,
2015,Hackney,Other Notifiable Offences,469,12,432.0,2014.0,12.0,37.0,0.08564814814814815
2015,Hackney,Robbery,1043,12,959.0,2014.0,12.0,84.0,0.08759124087591241
2015,Hackney,Sexual Offences,0,12,0.0,2014.0,12.0,0.0,
2015,Hackney,Theft and Handling,11124,12,10500.0,2014.0,12.0,624.0,0.05942857142857143
2015,Hackney,Violence Against the Person,8441,12,7116.0,2014.0,12.0,1325.0,0.1862001124227094
2015,Hammersmith and Fulham,Burglary,1571,12,1449.0,2014.0,12.0,122.0,0.0841959972394755
2015,Hammersmith and Fulham,Criminal Damage,1471,12,1363.0,2014.0,12.0,108.0,0.07923697725605282
2015,Hammersmith and Fulham,Drugs,1416,12,1807.0,2014.0,12.0,-391.0,-0.21638074156059767
2015,Hammersmith and Fulham,Fraud or Forgery,0,12,0.0,2014.0,12.0,0.0,
2015,Hammersmith and Fulham,Other Notifiable Offences,421,12,429.0,2014.0,12.0,-8.0,-0.018648018648018648
2015,Hammersmith and Fulham,Robbery,357,12,370.0,2014.0,12.0,-13.0,-0.03513513513513514
2015,Hammersmith and Fulham,Sexual Offences,0,12,0.0,2014.0,12.0,0.0,
2015,Hammersmith and Fulham,Theft and Handling,8956,12,8929.0,2014.0,12.0,27.0,0.0030238548549669617
2015,Hammersmith and Fulham,Violence Against the Person,5656,12,4838.0,2014.0,12.0,818.0,0.1690781314592807
2015,Haringey,Burglary,2568,12,2882.0,2014.0,12.0,-314.0,-0.10895211658570438
2015,Haringey,Criminal Damage,2141,12,2143.0,2014.0,12.0,-2.0,-0.0009332711152589828
2015,Haringey,Drugs,1335,12,1168.0,2014.0,12.0,167.0,0.1429794520547945
2015,Haringey,Fraud or Forgery,0,12,0.0,2014.0,12.0,0.0,
2015,Haringey,Other Notifiable Offences,445,12,394.0,2014.0,12.0,51.0,0.12944162436548223
2015,Haringey,Robbery,1235,12,979.0,2014.0,12.0,256.0,0.26149131767109296
2015,Haringey,Sexual Offences,0,12,0.0,2014.0,12.0,0.0,
2015,Haringey,Theft and Handling,9368,12,8956.0,2014.0,12.0,412.0,0.04600267976775346
2015,Haringey,Violence Against the Person,7534,12,6251.0,2014.0,12.0,1283.0,0.2052471604543273
2015,Harrow,Burglary,1671,12,1833.0,2014.0,12.0,-162.0,-0.088379705400982
2015,Harrow,Criminal Damage,1180,12,1185.0,2014.0,12.0,-5.0,-0.004219409282700422
2015,Harrow,Drugs,623,12,934.0,2014.0,12.0,-311.0,-0.3329764453961456
2015,Harrow,Fraud or Forgery,0,12,0.0,2014.0,12.0,0.0,
2015,Harrow,Other Notifiable Offences,207,12,235.0,2014.0,12.0,-28.0,-0.11914893617021277
2015,Harrow,Robbery,311,12,306.0,2014.0,12.0,5.0,0.016339869281045753
2015,Harrow,Sexual Offences,0,12,0.0,2014.0,12.0,0.0,
2015,Harrow,Theft and Handling,4411,12,3949.0,2014.0,12.0,462.0,0.116991643454039
2015,Harrow,Violence Against the Person,4198,12,3467.0,2014.0,12.0,731.0,0.2108451110470147
2015,Havering,Burglary,1940,12,2122.0,2014.0,12.0,-182.0,-0.08576814326107446
2015,Havering,Criminal Damage,1660,12,1555.0,2014.0,12.0,105.0,0.06752411575562701
2015,Havering,Drugs,705,12,749.0,2014.0,12.0,-44.0,-0.05874499332443257
2015,Havering,Fraud or Forgery,0,12,0.0,2014.0,12.0,0.0,
2015,Havering,Other Notifiable Offences,359,12,320.0,2014.0,12.0,39.0,0.121875
2015,Havering,Robbery,323,12,287.0,2014.0,12.0,36.0,0.1254355400696864
2015,Havering,Sexual Offences,0,12,0.0,2014.0,12.0,0.0,
2015,Havering,Theft and Handling,5850,12,5736.0,2014.0,12.0,114.0,0.0198744769874477
2015,Havering,Violence Against the Person,5033,12,3965.0,2014.0,12.0,1068.0,0.2693568726355612
2015,Hillingdon,Burglary,2216,12,2681.0,2014.0,12.0,-465.0,-0.17344274524431183
2015,Hillingdon,Criminal Damage,2313,12,2423.0,2014.0,12.0,-110.0,-0.04539826661163846
2015,Hillingdon,Drugs,1103,12,924.0,2014.0,12.0,179.0,0.1937229437229437
2015,Hillingdon,Fraud or Forgery,0,12,0.0,2014.0,12.0,0.0,
2015,Hillingdon,Other Notifiable Offences,1008,12,891.0,2014.0,12.0,117.0,0.13131313131313133
2015,Hillingdon,Robbery,322,12,503.0,2014.0,12.0,-181.0,-0.35984095427435386
2015,Hillingdon,Sexual Offences,0,12,0.0,2014.0,12.0,0.0,
2015,Hillingdon,Theft and Handling,8822,12,8859.0,2014.0,12.0,-37.0,-0.004176543627948979
2015,Hillingdon,Violence Against the Person,7450,12,6847.0,2014.0,12.0,603.0,0.08806776690521397
2015,Hounslow,Burglary,1780,12,1921.0,2014.0,12.0,-141.0,-0.07339927121290994
2015,Hounslow,Criminal Damage,2164,12,1940.0,2014.0,12.0,224.0,0.1154639175257732
2015,Hounslow,Drugs,1097,12,1514.0,2014.0,12.0,-417.0,-0.27542932628797884
2015,Hounslow,Fraud or Forgery,0,12,0.0,2014.0,12.0,0.0,
2015,Hounslow,Other Notifiable Offences,533,12,455.0,2014.0,12.0,78.0,0.17142857142857143
2015,Hounslow,Robbery,379,12,397.0,2014.0,12.0,-18.0,-0.04534005037783375
2015,Hounslow,Sexual Offences,0,12,0.0,2014.0,12.0,0.0,
2015,Hounslow,Theft and Handling,8238,12,7726.0,2014.0,12.0,512.0,0.06626973854517215
2015,Hounslow,Violence Against the Person,7095,12,6052.0,2014.0,12.0,1043.0,0.17233972240581627
2015,Islington,Burglary,2349,12,2357.0,2014.0,12.0,-8.0,-0.0033941450997030122
2015,Islington,Criminal Damage,1981,12,1954.0,2014.0,12.0,27.0,0.013817809621289662
2015,Islington,Drugs,1386,12,1312.0,2014.0,12.0,74.0,0.056402439024390245
2015,Islington,Fraud or Forgery,0,12,0.0,2014.0,12.0,0.0,
2015,Islington,Other Notifiable Offences,480,12,448.0,2014.0,12.0,32.0,0.07142857142857142
2015,Islington,Robbery,979,12,837.0,2014.0,12.0,142.0,0.16965352449223417
2015,Islington,Sexual Offences,0,12,0.0,2014.0,12.0,0.0,
2015,Islington,Theft and Handling,12466,12,11264.0,2014.0,12.0,1202.0,0.10671164772727272
2015,Islington,Violence Against the Person,7391,12,6507.0,2014.0,12.0,884.0,0.13585369601967112
2015,Kensington and Chelsea,Burglary,1590,12,1573.0,2014.0,12.0,17.0,0.01080737444373808
2015,Kensington and Chelsea,Criminal Damage,1053,12,970.0,2014.0,12.0,83.0,0.08556701030927835
2015,Kensington and Chelsea,Drugs,1026,12,786.0,2014.0,12.0,240.0,0.3053435114503817
2015,Kensington and Chelsea,Fraud or Forgery,0,12,0.0,2014.0,12.0,0.0,
2015,Kensington and Chelsea,Other Notifiable Offences,287,12,246.0,2014.0,12.0,41.0,0.16666666666666666
2015,Kensington and Chelsea,Robbery,410,12,456.0,2014.0,12.0,-46.0,-0.10087719298245613
2015,Kensington and Chelsea,Sexual Offences,0,12,0.0,2014.0,12.0,0.0,
2015,Kensington and Chelsea,Theft and Handling,10168,12,10229.0,2014.0,12.0,-61.0,-0.0059634372861472286
2015,Kensington and Chelsea,Violence Against the Person,4536,12,3580.0,2014.0,12.0,956.0,0.2670391061452514
2015,Kingston upon Thames,Burglary,927,12,993.0,2014.0,12.0,-66.0,-0.06646525679758308
2015,Kingston upon Thames,Criminal Damage,1028,12,982.0,2014.0,12.0,46.0,0.04684317718940937
2015,Kingston upon Thames,Drugs,901,12,750.0,2014.0,12.0,151.0,0.20133333333333334
2015,Kingston upon Thames,Fraud or Forgery,0,12,0.0,2014.0,12.0,0.0,
2015,Kingston upon Thames,Other Notifiable Offences,201,12,144.0,2014.0,12.0,57.0,0.3958333333333333
2015,Kingston upon Thames,Robbery,109,12,107.0,2014.0,12.0,2.0,0.018691588785046728
2015,Kingston upon Thames,Sexual Offences,0,12,0.0,2014.0,12.0,0.0,
2015,Kingston upon Thames,Theft and Handling,3558,12,3927.0,2014.0,12.0,-369.0,-0.09396485867074103
2015,Kingston upon Thames,Violence Against the Person,3014,12,2385.0,2014.0,12.0,629.0,0.26373165618448635
2015,Lambeth,Burglary,2569,12,3019.0,2014.0,12.0,-450.0,-0.14905597880092747
2015,Lambeth,Criminal Damage,2692,12,2543.0,2014.0,12.0,149.0,0.05859221392056626
2015,Lambeth,Drugs,2652,12,2637.0,2014.0,12.0,15.0,0.005688282138794084
2015,Lambeth,Fraud or Forgery,0,12,0.0,2014.0,12.0,0.0,
2015,Lambeth,Other Notifiable Offences,639,12,583.0,2014.0,12.0,56.0,0.09605488850771869
2015,Lambeth,Robbery,1158,12,1383.0,2014.0,12.0,-225.0,-0.16268980477223427
2015,Lambeth,Sexual Offences,0,12,0.0,2014.0,12.0,0.0,
2015,Lambeth,Theft and Handling,12963,12,12647.0,2014.0,12.0,316.0,0.024986162726338263
2015,Lambeth,Violence Against the Person,10491,12,8953.0,2014.0,12.0,1538.0,0.17178599352172455
2015,Lewisham,Burglary,2146,12,2338.0,2014.0,12.0,-192.0,-0.08212147134302823
2015,Lewisham,Criminal Damage,2466,12,2186.0,2014.0,12.0,280.0,0.1280878316559927
2015,Lewisham,Drugs,1595,12,1321.0,2014.0,12.0,274.0,0.20741862225586677
2015,Lewisham,Fraud or Forgery,0,12,0.0,2014.0,12.0,0.0,
2015,Lewisham,Other Notifiable Offences,413,12,371.0,2014.0,12.0,42.0,0.11320754716981132
2015,Lewisham,Robbery,811,12,786.0,2014.0,12.0,25.0,0.031806615776081425
2015,Lewisham,Sexual Offences,0,12,0.0,2014.0,12.0,0.0,
2015,Lewisham,Theft and Handling,7566,12,7148.0,2014.0,12.0,418.0,0.05847789591494124
2015,Lewisham,Violence Against the Person,8440,12,6951.0,2014.0,12.0,1489.0,0.214213782189613
2015,Merton,Burglary,1428,12,1679.0,2014.0,12.0,-251.0,-0.14949374627754616
2015,Merton,Criminal Damage,1425,12,1255.0,2014.0,12.0,170.0,0.13545816733067728
2015,Merton,Drugs,476,12,561.0,2014.0,12.0,-85.0,-0.15151515151515152
2015,Merton,Fraud or Forgery,0,12,0.0,2014.0,12.0,0.0,
2015,Merton,Other Notifiable Offences,204,12,170.0,2014.0,12.0,34.0,0.2
2015,Merton,Robbery,261,12,285.0,2014.0,12.0,-24.0,-0.08421052631578947
2015,Merton,Sexual Offences,0,12,0.0,2014.0,12.0,0.0,
2015,Merton,Theft and Handling,4582,12,4623.0,2014.0,12.0,-41.0,-0.008868699978369024
2015,Merton,Violence Against the Person,3897,12,3023.0,2014.0,12.0,874.0,0.28911677141912007
2015,Newham,Burglary,2274,12,2480.0,2014.0,12.0,-206.0,-0.08306451612903226
2015,Newham,Criminal Damage,2397,12,2223.0,2014.0,12.0,174.0,0.07827260458839407
2015,Newham,Drugs,1682,12,1721.0,2014.0,12.0,-39.0,-0.02266124346310285
2015,Newham,Fraud or Forgery,0,12,0.0,2014.0,12.0,0.0,
2015,Newham,Other Notifiable Offences,630,12,575.0,2014.0,12.0,55.0,0.09565217391304348
2015,Newham,Robbery,1399,12,1627.0,2014.0,12.0,-228.0,-0.14013521819299324
2015,Newham,Sexual Offences,0,12,0.0,2014.0,12.0,0.0,
2015,Newham,Theft and Handling,11421,12,11499.0,2014.0,12.0,-78.0,-0.006783198539003391
2015,Newham,Violence Against the Person,9414,12,7880.0,2014.0,12.0,1534.0,0.19467005076142133
2015,Redbridge,Burglary,2245,12,2631.0,2014.0,12.0,-386.0,-0.1467122767008742
2015,Redbridge,Criminal Damage,1627,12,1615.0,2014.0,12.0,12.0,0.007430340557275541
2015,Redbridge,Drugs,1272,12,1538.0,2014.0,12.0,-266.0,-0.1729518855656697
2015,Redbridge,Fraud or Forgery,0,12,0.0,2014.0,12.0,0.0,
2015,Redbridge,Other Notifiable Offences,397,12,400.0,2014.0,12.0,-3.0,-0.0075
2015,Redbridge,Robbery,657,12,714.0,2014.0,12.0,-57.0,-0.07983193277310924
2015,Redbridge,Sexual Offences,0,12,0.0,2014.0,12.0,0.0,
2015,Redbridge,Theft and Handling,6806,12,7025.0,2014.0,12.0,-219.0,-0.031174377224199287
2015,Redbridge,Violence Against the Person,5893,12,5667.0,2014.0,12.0,226.0,0.03988000705840833
2015,Richmond upon Thames,Burglary,1451,12,1757.0,2014.0,12.0,-306.0,-0.17416050085372795
2015,Richmond upon Thames,Criminal Damage,1074,12,1087.0,2014.0,12.0,-13.0,-0.011959521619135235
2015,Richmond upon Thames,Drugs,396,12,457.0,2014.0,12.0,-61.0,-0.13347921225382933
2015,Richmond upon Thames,Fraud or Forgery,0,12,0.0,2014.0,12.0,0.0,
2015,Richmond upon Thames,Other Notifiable Offences,217,12,191.0,2014.0,12.0,26.0,0.13612565445026178
2015,Richmond upon Thames,Robbery,149,12,131.0,2014.0,12.0,18.0,0.13740458015267176
2015,Richmond upon Thames,Sexual Offences,0,12,0.0,2014.0,12.0,0.0,
2015,Richmond upon Thames,Theft and Handling,4265,12,4449.0,2014.0,12.0,-184.0,-0.04135760845133738
2015,Richmond upon Thames,Violence Against the Person,2861,12,2384.0,2014.0,12.0,477.0,0.20008389261744966
2015,Southwark,Burglary,2991,12,2831.0,2014.0,12.0,160.0,0.0565171317555634
2015,Southwark,Criminal Damage,2572,12,2458.0,2014.0,12.0,114.0,0.046379170056956874
2015,Southwark,Drugs,2272,12,2723.0,2014.0,12.0,-451.0,-0.16562614763128902
2015,Southwark,Fraud or Forgery,0,12,0.0,2014.0,12.0,0.0,
2015,Southwark,Other Notifiable Offences,471,12,480.0,2014.0,12.0,-9.0,-0.01875
2015,Southwark,Robbery,1220,12,1272.0,2014.0,12.0,-52.0,-0.040880503144654086
2015,Southwark,Sexual Offences,0,12,0.0,2014.0,12.0,0.0,
2015,Southwark,Theft and Handling,11855,12,11377.0,2014.0,12.0,478.0,0.04201459084117078
2015,Southwark,Violence Against the Person,8879,12,7771.0,2014.0,12.0,1108.0,0.1425813923561961
2015,Sutton,Burglary,1279,12,1397.0,2014.0,12.0,-118.0,-0.08446671438797423
2015,Sutton,Criminal Damage,1321,12,1257.0,2014.0,12.0,64.0,0.05091487669053302
2015,Sutton,Drugs,500,12,456.0,2014.0,12.0,44.0,0.09649122807017543
2015,Sutton,Fraud or Forgery,0,12,0.0,2014.0,12.0,0.0,
2015,Sutton,Other Notifiable Offences,182,12,134.0,2014.0,12.0,48.0,0.3582089552238806
2015,Sutton,Robbery,163,12,202.0,2014.0,12.0,-39.0,-0.19306930693069307
2015,Sutton,Sexual Offences,0,12,0.0,2014.0,12.0,0.0,
2015,Sutton,Theft and Handling,3457,12,3867.0,2014.0,12.0,-410.0,-0.10602534264287561
2015,Sutton,Violence Against the Person,3696,12,3130.0,2014.0,12.0,566.0,0.18083067092651758
2015,Tower Hamlets,Burglary,2560,12,2319.0,2014.0,12.0,241.0,0.10392410521776628
2015,Tower Hamlets,Criminal Damage,2426,12,2233.0,2014.0,12.0,193.0,0.0864308105687416
2015,Tower Hamlets,Drugs,1812,12,2191.0,2014.0,12.0,-379.0,-0.17298037425832952
2015,Tower Hamlets,Fraud or Forgery,0,12,0.0,2014.0,12.0,0.0,
2015,Tower Hamlets,Other Notifiable Offences,613,12,513.0,2014.0,12.0,100.0,0.1949317738791423
2015,Tower Hamlets,Robbery,1110,12,1110.0,2014.0,12.0,0.0,0.0
2015,Tower Hamlets,Sexual Offences,0,12,0.0,2014.0,12.0,0.0,
2015,Tower Hamlets,Theft and Handling,10143,12,9583.0,2014.0,12.0,560.0,0.05843681519357195
2015,Tower Hamlets,Violence Against the Person,8829,12,7555.0,2014.0,12.0,1274.0,0.16863004632693582
2015,Waltham Forest,Burglary,2230,12,2472.0,2014.0,12.0,-242.0,-0.09789644012944984
2015,Waltham Forest,Criminal Damage,1987,12,1730.0,2014.0,12.0,257.0,0.1485549132947977
2015,Waltham Forest,Drugs,1448,12,1360.0,2014.0,12.0,88.0,0.06470588235294118
2015,Waltham Forest,Fraud or Forgery,0,12,0.0,2014.0,12.0,0.0,
2015,Waltham Forest,Other Notifiable Offences,412,12,375.0,2014.0,12.0,37.0,0.09866666666666667
2015,Waltham Forest,Robbery,643,12,714.0,2014.0,12.0,-71.0,-0.09943977591036414
2015,Waltham Forest,Sexual Offences,0,12,0.0,2014.0,12.0,0.0,
2015,Waltham Forest,Theft and Handling,7336,12,7479.0,2014.0,12.0,-143.0,-0.0191202032357267
2015,Waltham Forest,Violence Against the Person,6913,12,6141.0,2014.0,12.0,772.0,0.12571242468653313
2015,Wandsworth,Burglary,2390,12,2676.0,2014.0,12.0,-286.0,-0.10687593423019431
2015,Wandsworth,Criminal Damage,1928,12,1751.0,2014.0,12.0,177.0,0.1010850942318675
2015,Wandsworth,Drugs,718,12,885.0,2014.0,12.0,-167.0,-0.18870056497175142
2015,Wandsworth,Fraud or Forgery,0,12,0.0,2014.0,12.0,0.0,
2015,Wandsworth,Other Notifiable Offences,487,12,372.0,2014.0,12.0,115.0,0.30913978494623656
2015,Wandsworth,Robbery,450,12,598.0,2014.0,12.0,-148.0,-0.24749163879598662
2015,Wandsworth,Sexual Offences,0,12,0.0,2014.0,12.0,0.0,
2015,Wandsworth,Theft and Handling,9504,12,9696.0,2014.0,12.0,-192.0,-0.019801980198019802
2015,Wandsworth,Violence Against the Person,6924,12,5386.0,2014.0,12.0,1538.0,0.28555514296323803
2015,Westminster,Burglary,3152,12,3435.0,2014.0,12.0,-283.0,-0.08238719068413392
2015,Westminster,Criminal Damage,2082,12,2016.0,2014.0,12.0,66.0,0.03273809523809524
2015,Westminster,Drugs,2102,12,2804.0,2014.0,12.0,-702.0,-0.25035663338088443
2015,Westminster,Fraud or Forgery,0,12,0.0,2014.0,12.0,0.0,
2015,Westminster,Other Notifiable Offences,726,12,800.0,2014.0,12.0,-74.0,-0.0925
2015,Westminster,Robbery,1497,12,1933.0,2014.0,12.0,-436.0,-0.2255561303673047
2015,Westminster,Sexual Offences,0,12,0.0,2014.0,12.0,0.0,
2015,Westminster,Theft and Handling,27980,12,28144.0,2014.0,12.0,-164.0,-0.005827174530983513
2015,Westminster,Violence Against the Person,9856,12,8432.0,2014.0,12.0,1424.0,0.16888045540796964
2016,Barking and Dagenham,Burglary,1287,12,1629.0,2015.0,12.0,-342.0,-0.20994475138121546
2016,Barking and Dagenham,Criminal Damage,1949,12,1822.0,2015.0,12.0,127.0,0.06970362239297476
2016,Barking and Dagenham,Drugs,919,12,944.0,2015.0,12.0,-25.0,-0.026483050847457626
2016,Barking and Dagenham,Fraud or Forgery,0,12,0.0,2015.0,12.0,0.0,
2016,Barking and Dagenham,Other Notifiable Offences,378,12,333.0,2015.0,12.0,45.0,0.13513513513513514
2016,Barking and Dagenham,Robbery,534,12,553.0,2015.0,12.0,-19.0,-0.034358047016274866
2016,Barking and Dagenham,Sexual Offences,0,12,0.0,2015.0,12.0,0.0,
2016,Barking and Dagenham,Theft and Handling,5607,12,5177.0,2015.0,12.0,430.0,0.08305968707745799
2016,Barking and Dagenham,Violence Against the Person,6067,12,5888.0,2015.0,12.0,179.0,0.030400815217391304
2016,Barnet,Burglary,3402,12,3853.0,2015.0,12.0,-451.0,-0.11705164806644174
2016,Barnet,Criminal Damage,2183,12,2252.0,2015.0,12.0,-69.0,-0.03063943161634103
2016,Barnet,Drugs,906,12,809.0,2015.0,12.0,97.0,0.11990111248454882
2016,Barnet,Fraud or Forgery,0,12,0.0,2015.0,12.0,0.0,
2016,Barnet,Other Notifiable Offences,499,12,389.0,2015.0,12.0,110.0,0.2827763496143959
2016,Barnet,Robbery,464,12,624.0,2015.0,12.0,-160.0,-0.2564102564102564
2016,Barnet,Sexual Offences,0,12,0.0,2015.0,12.0,0.0,
2016,Barnet,Theft and Handling,9731,12,9204.0,2015.0,12.0,527.0,0.057257714037375056
2016,Barnet,Violence Against the Person,7499,12,6905.0,2015.0,12.0,594.0,0.08602461984069515
2016,Bexley,Burglary,1123,12,1085.0,2015.0,12.0,38.0,0.035023041474654376
2016,Bexley,Criminal Damage,1673,12,1565.0,2015.0,12.0,108.0,0.06900958466453674
2016,Bexley,Drugs,646,12,678.0,2015.0,12.0,-32.0,-0.0471976401179941
2016,Bexley,Fraud or Forgery,0,12,0.0,2015.0,12.0,0.0,
2016,Bexley,Other Notifiable Offences,294,12,387.0,2015.0,12.0,-93.0,-0.24031007751937986
2016,Bexley,Robbery,209,12,171.0,2015.0,12.0,38.0,0.2222222222222222
2016,Bexley,Sexual Offences,0,12,0.0,2015.0,12.0,0.0,
2016,Bexley,Theft and Handling,4392,12,4165.0,2015.0,12.0,227.0,0.05450180072028812
2016,Bexley,Violence Against the Person,4503,12,3939.0,2015.0,12.0,564.0,0.1431835491241432
2016,Brent,Burglary,2631,12,2701.0,2015.0,12.0,-70.0,-0.0259163272861903
2016,Brent,Criminal Damage,2280,12,2128.0,2015.0,12.0,152.0,0.07142857142857142
2016,Brent,Drugs,2096,12,1808.0,2015.0,12.0,288.0,0.1592920353982301
2016,Brent,Fraud or Forgery,0,12,0.0,2015.0,12.0,0.0,
2016,Brent,Other Notifiable Offences,536,12,411.0,2015.0,12.0,125.0,0.30413625304136255
2016,Brent,Robbery,919,12,883.0,2015.0,12.0,36.0,0.04077010192525481
2016,Brent,Sexual Offences,0,12,0.0,2015.0,12.0,0.0,
2016,Brent,Theft and Handling,9026,12,8467.0,2015.0,12.0,559.0,0.06602102279437817
2016,Brent,Violence Against the Person,9205,12,8485.0,2015.0,12.0,720.0,0.08485562757807896
2016,Bromley,Burglary,2214,12,2524.0,2015.0,12.0,-310.0,-0.12282091917591126
2016,Bromley,Criminal Damage,2202,12,2295.0,2015.0,12.0,-93.0,-0.040522875816993466
2016,Bromley,Drugs,728,12,870.0,2015.0,12.0,-142.0,-0.1632183908045977
2016,Bromley,Fraud or Forgery,0,12,0.0,2015.0,12.0,0.0,
2016,Bromley,Other Notifiable Offences,417,12,404.0,2015.0,12.0,13.0,0.03217821782178218
2016,Bromley,Robbery,369,12,363.0,2015.0,12.0,6.0,0.01652892561983471
2016,Bromley,Sexual Offences,0,12,0.0,2015.0,12.0,0.0,
2016,Bromley,Theft and Handling,7584,12,7573.0,2015.0,12.0,11.0,0.0014525287204542453
2016,Bromley,Violence Against the Person,6650,12,6608.0,2015.0,12.0,42.0,0.006355932203389831
2016,Camden,Burglary,2652,12,2830.0,2015.0,12.0,-178.0,-0.06289752650176679
2016,Camden,Criminal Damage,1935,12,1896.0,2015.0,12.0,39.0,0.020569620253164556
2016,Camden,Drugs,1493,12,1682.0,2015.0,12.0,-189.0,-0.11236623067776456
2016,Camden,Fraud or Forgery,0,12,0.0,2015.0,12.0,0.0,
2016,Camden,Other Notifiable Offences,490,12,438.0,2015.0,12.0,52.0,0.1187214611872146
2016,Camden,Robbery,899,12,1030.0,2015.0,12.0,-131.0,-0.12718446601941746
2016,Camden,Sexual Offences,0,12,0.0,2015.0,12.0,0.0,
2016,Camden,Theft and Handling,14088,12,14455.0,2015.0,12.0,-367.0,-0.02538913870632999
2016,Camden,Violence Against the Person,7626,12,7146.0,2015.0,12.0,480.0,0.06717044500419815
2016,City of London,Burglary,2,12,5.0,2015.0,12.0,-3.0,-0.6
2016,City of London,Criminal Damage,2,12,3.0,2015.0,12.0,-1.0,-0.3333333333333333
2016,City of London,Drugs,10,12,6.0,2015.0,12.0,4.0,0.6666666666666666
2016,City of London,Other Notifiable Offences,6,12,0.0,2015.0,12.0,6.0,
2016,City of London,Robbery,4,12,5.0,2015.0,12.0,-1.0,-0.2
2016,City of London,Theft and Handling,129,12,104.0,2015.0,12.0,25.0,0.2403846153846154
2016,City of London,Violence Against the Person,25,12,28.0,2015.0,12.0,-3.0,-0.10714285714285714
2016,Croydon,Burglary,2738,12,2718.0,2015.0,12.0,20.0,0.007358351729212656
2016,Croydon,Criminal Damage,3219,12,3113.0,2015.0,12.0,106.0,0.03405075489881144
2016,Croydon,Drugs,1367,12,1568.0,2015.0,12.0,-201.0,-0.12818877551020408
2016,Croydon,Fraud or Forgery,0,12,0.0,2015.0,12.0,0.0,
2016,Croydon,Other Notifiable Offences,718,12,579.0,2015.0,12.0,139.0,0.24006908462867013
2016,Croydon,Robbery,1139,12,729.0,2015.0,12.0,410.0,0.5624142661179699
2016,Croydon,Sexual Offences,0,12,0.0,2015.0,12.0,0.0,
2016,Croydon,Theft and Handling,9229,12,9502.0,2015.0,12.0,-273.0,-0.028730793517154282
2016,Croydon,Violence Against the Person,10302,12,9880.0,2015.0,12.0,422.0,0.04271255060728745
2016,Ealing,Burglary,2492,12,2630.0,2015.0,12.0,-138.0,-0.05247148288973384
2016,Ealing,Criminal Damage,2562,12,2474.0,2015.0,12.0,88.0,0.03556992724333064
2016,Ealing,Drugs,1355,12,1410.0,2015.0,12.0,-55.0,-0.03900709219858156
2016,Ealing,Fraud or Forgery,0,12,0.0,2015.0,12.0,0.0,
2016,Ealing,Other Notifiable Offences,613,12,547.0,2015.0,12.0,66.0,0.1206581352833638
2016,Ealing,Robbery,669,12,636.0,2015.0,12.0,33.0,0.05188679245283019
2016,Ealing,Sexual Offences,0,12,0.0,2015.0,12.0,0.0,
2016,Ealing,Theft and Handling,10040,12,9603.0,2015.0,12.0,437.0,0.04550661251692179
2016,Ealing,Violence Against the Person,9396,12,8947.0,2015.0,12.0,449.0,0.05018441935844417
2016,Enfield,Burglary,2541,12,2809.0,2015.0,12.0,-268.0,-0.09540761836952652
2016,Enfield,Criminal Damage,2136,12,2126.0,2015.0,12.0,10.0,0.004703668861712135
2016,Enfield,Drugs,1063,12,1231.0,2015.0,12.0,-168.0,-0.1364744110479285
2016,Enfield,Fraud or Forgery,0,12,0.0,2015.0,12.0,0.0,
2016,Enfield,Other Notifiable Offences,492,12,427.0,2015.0,12.0,65.0,0.1522248243559719
2016,Enfield,Robbery,807,12,939.0,2015.0,12.0,-132.0,-0.14057507987220447
2016,Enfield,Sexual Offences,0,12,0.0,2015.0,12.0,0.0,
2016,Enfield,Theft and Handling,8037,12,7827.0,2015.0,12.0,210.0,0.026830203142966653
2016,Enfield,Violence Against the Person,7409,12,6717.0,2015.0,12.0,692.0,0.1030221825219592
2016,Greenwich,Burglary,1780,12,1864.0,2015.0,12.0,-84.0,-0.045064377682403435
2016,Greenwich,Criminal Damage,2476,12,2281.0,2015.0,12.0,195.0,0.08548882069267864
2016,Greenwich,Drugs,867,12,945.0,2015.0,12.0,-78.0,-0.08253968253968254
2016,Greenwich,Fraud or Forgery,0,12,0.0,2015.0,12.0,0.0,
2016,Greenwich,Other Notifiable Offences,521,12,513.0,2015.0,12.0,8.0,0.015594541910331383
2016,Greenwich,Robbery,486,12,464.0,2015.0,12.0,22.0,0.04741379310344827
2016,Greenwich,Sexual Offences,0,12,0.0,2015.0,12.0,0.0,
2016,Greenwich,Theft and Handling,8010,12,7106.0,2015.0,12.0,904.0,0.12721643681396003
2016,Greenwich,Violence Against the Person,8590,12,7756.0,2015.0,12.0,834.0,0.1075296544610624
2016,Hackney,Burglary,2719,12,2514.0,2015.0,12.0,205.0,0.08154335719968178
2016,Hackney,Criminal Damage,1981,12,2033.0,2015.0,12.0,-52.0,-0.02557796360059026
2016,Hackney,Drugs,1353,12,1317.0,2015.0,12.0,36.0,0.02733485193621868
2016,Hackney,Fraud or Forgery,0,12,0.0,2015.0,12.0,0.0,
2016,Hackney,Other Notifiable Offences,499,12,469.0,2015.0,12.0,30.0,0.06396588486140725
2016,Hackney,Robbery,1030,12,1043.0,2015.0,12.0,-13.0,-0.012464046021093002
2016,Hackney,Sexual Offences,0,12,0.0,2015.0,12.0,0.0,
2016,Hackney,Theft and Handling,11851,12,11124.0,2015.0,12.0,727.0,0.0653541891405969
2016,Hackney,Violence Against the Person,8832,12,8441.0,2015.0,12.0,391.0,0.04632152588555858
2016,Hammersmith and Fulham,Burglary,1531,12,1571.0,2015.0,12.0,-40.0,-0.025461489497135583
2016,Hammersmith and Fulham,Criminal Damage,1408,12,1471.0,2015.0,12.0,-63.0,-0.04282800815771584
2016,Hammersmith and Fulham,Drugs,1321,12,1416.0,2015.0,12.0,-95.0,-0.067090395480226
2016,Hammersmith and Fulham,Fraud or Forgery,0,12,0.0,2015.0,12.0,0.0,
2016,Hammersmith and Fulham,Other Notifiable Offences,474,12,421.0,2015.0,12.0,53.0,0.12589073634204276
2016,Hammersmith and Fulham,Robbery,397,12,357.0,2015.0,12.0,40.0,0.11204481792717087
2016,Hammersmith and Fulham,Sexual Offences,0,12,0.0,2015.0,12.0,0.0,
2016,Hammersmith and Fulham,Theft and Handling,8925,12,8956.0,2015.0,12.0,-31.0,-0.0034613666815542653
2016,Hammersmith and Fulham,Violence Against the Person,6118,12,5656.0,2015.0,12.0,462.0,0.08168316831683169
2016,Haringey,Burglary,2474,12,2568.0,2015.0,12.0,-94.0,-0.03660436137071651
2016,Haringey,Criminal Damage,2233,12,2141.0,2015.0,12.0,92.0,0.04297057449789818
2016,Haringey,Drugs,1540,12,1335.0,2015.0,12.0,205.0,0.15355805243445692
2016,Haringey,Fraud or Forgery,0,12,0.0,2015.0,12.0,0.0,
2016,Haringey,Other Notifiable Offences,551,12,445.0,2015.0,12.0,106.0,0.23820224719101124
2016,Haringey,Robbery,1248,12,1235.0,2015.0,12.0,13.0,0.010526315789473684
2016,Haringey,Sexual Offences,0,12,0.0,2015.0,12.0,0.0,
2016,Haringey,Theft and Handling,10554,12,9368.0,2015.0,12.0,1186.0,0.12660119555935098
2016,Haringey,Violence Against the Person,8574,12,7534.0,2015.0,12.0,1040.0,0.13804088133793468
2016,Harrow,Burglary,1994,12,1671.0,2015.0,12.0,323.0,0.19329742669060443
2016,Harrow,Criminal Damage,1212,12,1180.0,2015.0,12.0,32.0,0.02711864406779661
2016,Harrow,Drugs,473,12,623.0,2015.0,12.0,-150.0,-0.24077046548956663
2016,Harrow,Fraud or Forgery,0,12,0.0,2015.0,12.0,0.0,
2016,Harrow,Other Notifiable Offences,267,12,207.0,2015.0,12.0,60.0,0.2898550724637681
2016,Harrow,Robbery,377,12,311.0,2015.0,12.0,66.0,0.21221864951768488
2016,Harrow,Sexual Offences,0,12,0.0,2015.0,12.0,0.0,
2016,Harrow,Theft and Handling,4537,12,4411.0,2015.0,12.0,126.0,0.02856495125821809
2016,Harrow,Violence Against the Person,4293,12,4198.0,2015.0,12.0,95.0,0.02262982372558361
2016,Havering,Burglary,1826,12,1940.0,2015.0,12.0,-114.0,-0.058762886597938144
2016,Havering,Criminal Damage,1804,12,1660.0,2015.0,12.0,144.0,0.08674698795180723
2016,Havering,Drugs,718,12,705.0,2015.0,12.0,13.0,0.018439716312056736
2016,Havering,Fraud or Forgery,0,12,0.0,2015.0,12.0,0.0,
2016,Havering,Other Notifiable Offences,389,12,359.0,2015.0,12.0,30.0,0.08356545961002786
2016,Havering,Robbery,311,12,323.0,2015.0,12.0,-12.0,-0.03715170278637771
2016,Havering,Sexual Offences,0,12,0.0,2015.0,12.0,0.0,
2016,Havering,Theft and Handling,5919,12,5850.0,2015.0,12.0,69.0,0.011794871794871795
2016,Havering,Violence Against the Person,5936,12,5033.0,2015.0,12.0,903.0,0.17941585535465926
2016,Hillingdon,Burglary,2229,12,2216.0,2015.0,12.0,13.0,0.0058664259927797835
2016,Hillingdon,Criminal Damage,2470,12,2313.0,2015.0,12.0,157.0,0.06787721573713791
2016,Hillingdon,Drugs,1042,12,1103.0,2015.0,12.0,-61.0,-0.05530371713508613
2016,Hillingdon,Fraud or Forgery,0,12,0.0,2015.0,12.0,0.0,
2016,Hillingdon,Other Notifiable Offences,1305,12,1008.0,2015.0,12.0,297.0,0.29464285714285715
2016,Hillingdon,Robbery,420,12,322.0,2015.0,12.0,98.0,0.30434782608695654
2016,Hillingdon,Sexual Offences,0,12,0.0,2015.0,12.0,0.0,
2016,Hillingdon,Theft and Handling,9045,12,8822.0,2015.0,12.0,223.0,0.025277714803899343
2016,Hillingdon,Violence Against the Person,7830,12,7450.0,2015.0,12.0,380.0,0.05100671140939597
2016,Hounslow,Burglary,1808,12,1780.0,2015.0,12.0,28.0,0.015730337078651686
2016,Hounslow,Criminal Damage,2213,12,2164.0,2015.0,12.0,49.0,0.02264325323475046
2016,Hounslow,Drugs,1086,12,1097.0,2015.0,12.0,-11.0,-0.010027347310847767
2016,Hounslow,Fraud or Forgery,0,12,0.0,2015.0,12.0,0.0,
2016,Hounslow,Other Notifiable Offences,665,12,533.0,2015.0,12.0,132.0,0.24765478424015008
2016,Hounslow,Robbery,392,12,379.0,2015.0,12.0,13.0,0.03430079155672823
2016,Hounslow,Sexual Offences,0,12,0.0,2015.0,12.0,0.0,
2016,Hounslow,Theft and Handling,8682,12,8238.0,2015.0,12.0,444.0,0.053896576839038604
2016,Hounslow,Violence Against the Person,7405,12,7095.0,2015.0,12.0,310.0,0.04369274136715997
2016,Islington,Burglary,2051,12,2349.0,2015.0,12.0,-298.0,-0.12686249467858662
2016,Islington,Criminal Damage,1903,12,1981.0,2015.0,12.0,-78.0,-0.03937405350832913
2016,Islington,Drugs,1777,12,1386.0,2015.0,12.0,391.0,0.2821067821067821
2016,Islington,Fraud or Forgery,0,12,0.0,2015.0,12.0,0.0,
2016,Islington,Other Notifiable Offences,508,12,480.0,2015.0,12.0,28.0,0.058333333333333334
2016,Islington,Robbery,936,12,979.0,2015.0,12.0,-43.0,-0.043922369765066395
2016,Islington,Sexual Offences,0,12,0.0,2015.0,12.0,0.0,
2016,Islington,Theft and Handling,12077,12,12466.0,2015.0,12.0,-389.0,-0.031204877266163965
2016,Islington,Violence Against the Person,7840,12,7391.0,2015.0,12.0,449.0,0.06074956027601137
2016,Kensington and Chelsea,Burglary,1449,12,1590.0,2015.0,12.0,-141.0,-0.08867924528301886
2016,Kensington and Chelsea,Criminal Damage,1051,12,1053.0,2015.0,12.0,-2.0,-0.001899335232668566
2016,Kensington and Chelsea,Drugs,1680,12,1026.0,2015.0,12.0,654.0,0.6374269005847953
2016,Kensington and Chelsea,Fraud or Forgery,0,12,0.0,2015.0,12.0,0.0,
2016,Kensington and Chelsea,Other Notifiable Offences,326,12,287.0,2015.0,12.0,39.0,0.13588850174216027
2016,Kensington and Chelsea,Robbery,523,12,410.0,2015.0,12.0,113.0,0.275609756097561
2016,Kensington and Chelsea,Sexual Offences,0,12,0.0,2015.0,12.0,0.0,
2016,Kensington and Chelsea,Theft and Handling,9855,12,10168.0,2015.0,12.0,-313.0,-0.030782848151062157
2016,Kensington and Chelsea,Violence Against the Person,4696,12,4536.0,2015.0,12.0,160.0,0.03527336860670194
2016,Kingston upon Thames,Burglary,879,12,927.0,2015.0,12.0,-48.0,-0.05177993527508091
2016,Kingston upon Thames,Criminal Damage,1054,12,1028.0,2015.0,12.0,26.0,0.02529182879377432
2016,Kingston upon Thames,Drugs,743,12,901.0,2015.0,12.0,-158.0,-0.1753607103218646
2016,Kingston upon Thames,Fraud or Forgery,0,12,0.0,2015.0,12.0,0.0,
2016,Kingston upon Thames,Other Notifiable Offences,189,12,201.0,2015.0,12.0,-12.0,-0.05970149253731343
2016,Kingston upon Thames,Robbery,121,12,109.0,2015.0,12.0,12.0,0.11009174311926606
2016,Kingston upon Thames,Sexual Offences,0,12,0.0,2015.0,12.0,0.0,
2016,Kingston upon Thames,Theft and Handling,3803,12,3558.0,2015.0,12.0,245.0,0.06885890949971894
2016,Kingston upon Thames,Violence Against the Person,3194,12,3014.0,2015.0,12.0,180.0,0.059721300597213006
2016,Lambeth,Burglary,3087,12,2569.0,2015.0,12.0,518.0,0.2016348773841962
2016,Lambeth,Criminal Damage,2764,12,2692.0,2015.0,12.0,72.0,0.02674591381872214
2016,Lambeth,Drugs,2738,12,2652.0,2015.0,12.0,86.0,0.032428355957767725
2016,Lambeth,Fraud or Forgery,0,12,0.0,2015.0,12.0,0.0,
2016,Lambeth,Other Notifiable Offences,635,12,639.0,2015.0,12.0,-4.0,-0.006259780907668232
2016,Lambeth,Robbery,1196,12,1158.0,2015.0,12.0,38.0,0.03281519861830743
2016,Lambeth,Sexual Offences,0,12,0.0,2015.0,12.0,0.0,
2016,Lambeth,Theft and Handling,13155,12,12963.0,2015.0,12.0,192.0,0.014811386253182134
2016,Lambeth,Violence Against the Person,10496,12,10491.0,2015.0,12.0,5.0,0.00047659898961014205
2016,Lewisham,Burglary,2071,12,2146.0,2015.0,12.0,-75.0,-0.03494874184529357
2016,Lewisham,Criminal Damage,2351,12,2466.0,2015.0,12.0,-115.0,-0.04663422546634226
2016,Lewisham,Drugs,1617,12,1595.0,2015.0,12.0,22.0,0.013793103448275862
2016,Lewisham,Fraud or Forgery,0,12,0.0,2015.0,12.0,0.0,
2016,Lewisham,Other Notifiable Offences,485,12,413.0,2015.0,12.0,72.0,0.17433414043583534
2016,Lewisham,Robbery,869,12,811.0,2015.0,12.0,58.0,0.07151664611590629
2016,Lewisham,Sexual Offences,0,12,0.0,2015.0,12.0,0.0,
2016,Lewisham,Theft and Handling,7702,12,7566.0,2015.0,12.0,136.0,0.01797515199577055
2016,Lewisham,Violence Against the Person,8809,12,8440.0,2015.0,12.0,369.0,0.04372037914691943
2016,Merton,Burglary,1419,12,1428.0,2015.0,12.0,-9.0,-0.0063025210084033615
2016,Merton,Criminal Damage,1418,12,1425.0,2015.0,12.0,-7.0,-0.004912280701754386
2016,Merton,Drugs,466,12,476.0,2015.0,12.0,-10.0,-0.02100840336134454
2016,Merton,Fraud or Forgery,0,12,0.0,2015.0,12.0,0.0,
2016,Merton,Other Notifiable Offences,249,12,204.0,2015.0,12.0,45.0,0.22058823529411764
2016,Merton,Robbery,283,12,261.0,2015.0,12.0,22.0,0.0842911877394636
2016,Merton,Sexual Offences,0,12,0.0,2015.0,12.0,0.0,
2016,Merton,Theft and Handling,4894,12,4582.0,2015.0,12.0,312.0,0.06809253601047577
2016,Merton,Violence Against the Person,4026,12,3897.0,2015.0,12.0,129.0,0.033102386451116246
2016,Newham,Burglary,2115,12,2274.0,2015.0,12.0,-159.0,-0.06992084432717678
2016,Newham,Criminal Damage,2496,12,2397.0,2015.0,12.0,99.0,0.04130162703379224
2016,Newham,Drugs,1684,12,1682.0,2015.0,12.0,2.0,0.0011890606420927466
2016,Newham,Fraud or Forgery,0,12,0.0,2015.0,12.0,0.0,
2016,Newham,Other Notifiable Offences,713,12,630.0,2015.0,12.0,83.0,0.13174603174603175
2016,Newham,Robbery,1472,12,1399.0,2015.0,12.0,73.0,0.05218012866333095
2016,Newham,Sexual Offences,0,12,0.0,2015.0,12.0,0.0,
2016,Newham,Theft and Handling,11964,12,11421.0,2015.0,12.0,543.0,0.047543997898607825
2016,Newham,Violence Against the Person,9646,12,9414.0,2015.0,12.0,232.0,0.02464414701508392
2016,Redbridge,Burglary,1997,12,2245.0,2015.0,12.0,-248.0,-0.11046770601336303
2016,Redbridge,Criminal Damage,1650,12,1627.0,2015.0,12.0,23.0,0.014136447449293177
2016,Redbridge,Drugs,1017,12,1272.0,2015.0,12.0,-255.0,-0.20047169811320756
2016,Redbridge,Fraud or Forgery,0,12,0.0,2015.0,12.0,0.0,
2016,Redbridge,Other Notifiable Offences,381,12,397.0,2015.0,12.0,-16.0,-0.04030226700251889
2016,Redbridge,Robbery,599,12,657.0,2015.0,12.0,-58.0,-0.0882800608828006
2016,Redbridge,Sexual Offences,0,12,0.0,2015.0,12.0,0.0,
2016,Redbridge,Theft and Handling,7447,12,6806.0,2015.0,12.0,641.0,0.09418160446664707
2016,Redbridge,Violence Against the Person,6411,12,5893.0,2015.0,12.0,518.0,0.08790089937213644
2016,Richmond upon Thames,Burglary,1359,12,1451.0,2015.0,12.0,-92.0,-0.06340454858718125
2016,Richmond upon Thames,Criminal Damage,1148,12,1074.0,2015.0,12.0,74.0,0.06890130353817504
2016,Richmond upon Thames,Drugs,320,12,396.0,2015.0,12.0,-76.0,-0.1919191919191919
2016,Richmond upon Thames,Fraud or Forgery,0,12,0.0,2015.0,12.0,0.0,
2016,Richmond upon Thames,Other Notifiable Offences,217,12,217.0,2015.0,12.0,0.0,0.0
2016,Richmond upon Thames,Robbery,106,12,149.0,2015.0,12.0,-43.0,-0.28859060402684567
2016,Richmond upon Thames,Sexual Offences,0,12,0.0,2015.0,12.0,0.0,
2016,Richmond upon Thames,Theft and Handling,4769,12,4265.0,2015.0,12.0,504.0,0.11817116060961314
2016,Richmond upon Thames,Violence Against the Person,3155,12,2861.0,2015.0,12.0,294.0,0.10276127228241873
2016,Southwark,Burglary,2946,12,2991.0,2015.0,12.0,-45.0,-0.015045135406218655
2016,Southwark,Criminal Damage,2621,12,2572.0,2015.0,12.0,49.0,0.019051321928460343
2016,Southwark,Drugs,1838,12,2272.0,2015.0,12.0,-434.0,-0.19102112676056338
2016,Southwark,Fraud or Forgery,0,12,0.0,2015.0,12.0,0.0,
2016,Southwark,Other Notifiable Offences,494,12,471.0,2015.0,12.0,23.0,0.04883227176220807
2016,Southwark,Robbery,1317,12,1220.0,2015.0,12.0,97.0,0.07950819672131147
2016,Southwark,Sexual Offences,0,12,0.0,2015.0,12.0,0.0,
2016,Southwark,Theft and Handling,12946,12,11855.0,2015.0,12.0,1091.0,0.09202867988190637
2016,Southwark,Violence Against the Person,9474,12,8879.0,2015.0,12.0,595.0,0.06701205090663363
2016,Sutton,Burglary,1233,12,1279.0,2015.0,12.0,-46.0,-0.03596559812353401
2016,Sutton,Criminal Damage,1316,12,1321.0,2015.0,12.0,-5.0,-0.003785011355034065
2016,Sutton,Drugs,461,12,500.0,2015.0,12.0,-39.0,-0.078
2016,Sutton,Fraud or Forgery,0,12,0.0,2015.0,12.0,0.0,
2016,Sutton,Other Notifiable Offences,253,12,182.0,2015.0,12.0,71.0,0.3901098901098901
2016,Sutton,Robbery,165,12,163.0,2015.0,12.0,2.0,0.012269938650306749
2016,Sutton,Sexual Offences,0,12,0.0,2015.0,12.0,0.0,
2016,Sutton,Theft and Handling,3516,12,3457.0,2015.0,12.0,59.0,0.017066820943014174
2016,Sutton,Violence Against the Person,3714,12,3696.0,2015.0,12.0,18.0,0.00487012987012987
2016,Tower Hamlets,Burglary,2794,12,2560.0,2015.0,12.0,234.0,0.09140625
2016,Tower Hamlets,Criminal Damage,2357,12,2426.0,2015.0,12.0,-69.0,-0.028441879637262985
2016,Tower Hamlets,Drugs,1629,12,1812.0,2015.0,12.0,-183.0,-0.10099337748344371
2016,Tower Hamlets,Fraud or Forgery,0,12,0.0,2015.0,12.0,0.0,
2016,Tower Hamlets,Other Notifiable Offences,678,12,613.0,2015.0,12.0,65.0,0.10603588907014681
2016,Tower Hamlets,Robbery,1234,12,1110.0,2015.0,12.0,124.0,0.11171171171171171
2016,Tower Hamlets,Sexual Offences,0,12,0.0,2015.0,12.0,0.0,
2016,Tower Hamlets,Theft and Handling,10953,12,10143.0,2015.0,12.0,810.0,0.07985803016858918
2016,Tower Hamlets,Violence Against the Person,9608,12,8829.0,2015.0,12.0,779.0,0.08823196284969985
2016,Waltham Forest,Burglary,1873,12,2230.0,2015.0,12.0,-357.0,-0.1600896860986547
2016,Waltham Forest,Criminal Damage,1989,12,1987.0,2015.0,12.0,2.0,0.0010065425264217413
2016,Waltham Forest,Drugs,1042,12,1448.0,2015.0,12.0,-406.0,-0.2803867403314917
2016,Waltham Forest,Fraud or Forgery,0,12,0.0,2015.0,12.0,0.0,
2016,Waltham Forest,Other Notifiable Offences,444,12,412.0,2015.0,12.0,32.0,0.07766990291262135
2016,Waltham Forest,Robbery,602,12,643.0,2015.0,12.0,-41.0,-0.06376360808709176
2016,Waltham Forest,Sexual Offences,0,12,0.0,2015.0,12.0,0.0,
2016,Waltham Forest,Theft and Handling,7357,12,7336.0,2015.0,12.0,21.0,0.0028625954198473282
2016,Waltham Forest,Violence Against the Person,7409,12,6913.0,2015.0,12.0,496.0,0.07174887892376682
2016,Wandsworth,Burglary,2351,12,2390.0,2015.0,12.0,-39.0,-0.016317991631799162
2016,Wandsworth,Criminal Damage,1836,12,1928.0,2015.0,12.0,-92.0,-0.04771784232365145
2016,Wandsworth,Drugs,870,12,718.0,2015.0,12.0,152.0,0.2116991643454039
2016,Wandsworth,Fraud or Forgery,0,12,0.0,2015.0,12.0,0.0,
2016,Wandsworth,Other Notifiable Offences,415,12,487.0,2015.0,12.0,-72.0,-0.14784394250513347
2016,Wandsworth,Robbery,609,12,450.0,2015.0,12.0,159.0,0.35333333333333333
2016,Wandsworth,Sexual Offences,0,12,0.0,2015.0,12.0,0.0,
2016,Wandsworth,Theft and Handling,10789,12,9504.0,2015.0,12.0,1285.0,0.13520622895622897
2016,Wandsworth,Violence Against the Person,6809,12,6924.0,2015.0,12.0,-115.0,-0.01660889659156557
2016,Westminster,Burglary,3218,12,3152.0,2015.0,12.0,66.0,0.020939086294416244
2016,Westminster,Criminal Damage,2179,12,2082.0,2015.0,12.0,97.0,0.046589817483189244
2016,Westminster,Drugs,2049,12,2102.0,2015.0,12.0,-53.0,-0.02521408182683159
2016,Westminster,Fraud or Forgery,0,12,0.0,2015.0,12.0,0.0,
2016,Westminster,Other Notifiable Offences,708,12,726.0,2015.0,12.0,-18.0,-0.024793388429752067
2016,Westminster,Robbery,1822,12,1497.0,2015.0,12.0,325.0,0.21710086840347362
2016,Westminster,Sexual Offences,0,12,0.0,2015.0,12.0,0.0,
2016,Westminster,Theft and Handling,27520,12,27980.0,2015.0,12.0,-460.0,-0.016440314510364547
2016,Westminster,Violence Against the Person,10834,12,9856.0,2015.0,12.0,978.0,0.0992288961038961
